--------- beginning of main
11-23 20:56:00.066  8444  8444 I ViewInteraction: Performing 'com.wix.detox.espresso.action.detoxsingletap@f9a3f88 click' action on view (view.getTag() is "tab-pantry" and view has effective visibility <VISIBLE>)
11-23 20:56:00.074  8444  8444 I VRI[MainActivity]@8e53a52: ViewPostIme pointer 0
11-23 20:56:00.083  8444  8444 I VRI[MainActivity]@8e53a52: call setFrameRateCategory for touch hint category=high hint, reason=touch, vri=VRI[MainActivity]@8e53a52
11-23 20:56:00.103  8444  8444 I VRI[MainActivity]@8e53a52: ViewPostIme pointer 1
11-23 20:56:00.277  8444  9137 I ReactNativeJS: [ScreenTransition] PantryMain focused
11-23 20:56:00.281  8444  9137 I ReactNativeJS: [ScreenTransition] PantryMain mounted in 4.62ms
11-23 20:56:00.485  8444  9137 I ReactNativeJS: [ScreenTransition] PantryMain interactive in 209.05ms
11-23 20:56:00.706  8444  8489 I DetoxWSClient: Sending out action 'invokeResult' (ID #35)
11-23 20:56:00.707  8444  8489 I DetoxDispatcher: Done with action 'invoke'
11-23 20:56:00.711  8444  8495 D DetoxWSClient: Received action 'invoke' (ID #36, params={"target":{"type":"Class","value":"com.wix.detox.espresso.DetoxAssertion"},"method":"waitForAssertMatcher","args":[{"type":"Invocation","value":{"target":{"type":"Class","value":"androidx.test.espresso.Espresso"},"method":"onView","args":[{"type":"Invocation","value":{"target":{"type":"Class","value":"com.wix.detox.espresso.DetoxMatcher"},"method":"matcherForTestId","args":["pantry-screen",{"type":"boolean","value":false}]}}]}},{"type":"Invocation","value":{"target":{"type":"Class","value":"com.wix.detox.espresso.DetoxMatcher"},"method":"matcherForSufficientlyVisible","args":[{"type":"Integer","value":75}]}},{"type":"Double","value":10}]})
11-23 20:56:00.712  8444  8489 I DetoxDispatcher: Handling action 'invoke' (ID #36)...
11-23 20:56:00.712  8444  8489 D Detox   : class com.wix.detox.espresso.DetoxMatcher, matcherForTestId, [pantry-screen, false]
11-23 20:56:00.713  8444  8489 D Detox   : class androidx.test.espresso.Espresso, onView, [(view.getTag() is "pantry-screen" and view has effective visibility <VISIBLE>)]
11-23 20:56:00.714  8444  8489 D Detox   : class com.wix.detox.espresso.DetoxMatcher, matcherForSufficientlyVisible, [75]
11-23 20:56:00.715  8444  8489 D Detox   : class com.wix.detox.espresso.DetoxAssertion, waitForAssertMatcher, [androidx.test.espresso.ViewInteraction@83cd3ce, (view has effective visibility <VISIBLE> and view.getGlobalVisibleRect() covers at least <75> percent of the view's area), 10.0]
11-23 20:56:00.719  8444  8444 I ViewInteraction: Checking 'MatchesViewAssertion(Detox){viewMatcher=(view has effective visibility <VISIBLE> and view.getGlobalVisibleRect() covers at least <75> percent of the view's area)}' assertion on view (view.getTag() is "pantry-screen" and view has effective visibility <VISIBLE>)
11-23 20:56:00.723  8444  8489 I DetoxWSClient: Sending out action 'invokeResult' (ID #36)
11-23 20:56:00.723  8444  8489 I DetoxDispatcher: Done with action 'invoke'
11-23 20:56:00.727  8444  8495 D DetoxWSClient: Received action 'invoke' (ID #37, params={"target":{"type":"Class","value":"com.wix.detox.espresso.DetoxAssertion"},"method":"assertMatcher","args":[{"type":"Invocation","value":{"target":{"type":"Class","value":"androidx.test.espresso.Espresso"},"method":"onView","args":[{"type":"Invocation","value":{"target":{"type":"Class","value":"com.wix.detox.espresso.DetoxMatcher"},"method":"matcherForTestId","args":["pantry-screen",{"type":"boolean","value":false}]}}]}},{"type":"Invocation","value":{"target":{"type":"Class","value":"com.wix.detox.espresso.DetoxMatcher"},"method":"matcherForSufficientlyVisible","args":[{"type":"Integer","value":75}]}}]})
11-23 20:56:00.727  8444  8489 I DetoxDispatcher: Handling action 'invoke' (ID #37)...
11-23 20:56:00.728  8444  8489 D Detox   : class com.wix.detox.espresso.DetoxMatcher, matcherForTestId, [pantry-screen, false]
11-23 20:56:00.729  8444  8489 D Detox   : class androidx.test.espresso.Espresso, onView, [(view.getTag() is "pantry-screen" and view has effective visibility <VISIBLE>)]
11-23 20:56:00.730  8444  8489 D Detox   : class com.wix.detox.espresso.DetoxMatcher, matcherForSufficientlyVisible, [75]
11-23 20:56:00.730  8444  8489 D Detox   : class com.wix.detox.espresso.DetoxAssertion, assertMatcher, [androidx.test.espresso.ViewInteraction@94e1fc, (view has effective visibility <VISIBLE> and view.getGlobalVisibleRect() covers at least <75> percent of the view's area)]
11-23 20:56:00.735  8444  8444 I ViewInteraction: Checking 'MatchesViewAssertion(Detox){viewMatcher=(view has effective visibility <VISIBLE> and view.getGlobalVisibleRect() covers at least <75> percent of the view's area)}' assertion on view (view.getTag() is "pantry-screen" and view has effective visibility <VISIBLE>)
11-23 20:56:00.739  8444  8489 I DetoxWSClient: Sending out action 'invokeResult' (ID #37)
11-23 20:56:00.740  8444  8489 I DetoxDispatcher: Done with action 'invoke'
11-23 20:56:00.743  8444  8495 D DetoxWSClient: Received action 'invoke' (ID #38, params={"target":{"type":"Class","value":"com.wix.detox.espresso.DetoxAssertion"},"method":"assertMatcher","args":[{"type":"Invocation","value":{"target":{"type":"Class","value":"androidx.test.espresso.Espresso"},"method":"onView","args":[{"type":"Invocation","value":{"target":{"type":"Class","value":"com.wix.detox.espresso.DetoxMatcher"},"method":"matcherForTestId","args":["pantry-add-button",{"type":"boolean","value":false}]}}]}},{"type":"Invocation","value":{"target":{"type":"Class","value":"com.wix.detox.espresso.DetoxMatcher"},"method":"matcherForSufficientlyVisible","args":[{"type":"Integer","value":75}]}}]})
11-23 20:56:00.744  8444  8489 I DetoxDispatcher: Handling action 'invoke' (ID #38)...
11-23 20:56:00.744  8444  8489 D Detox   : class com.wix.detox.espresso.DetoxMatcher, matcherForTestId, [pantry-add-button, false]
11-23 20:56:00.745  8444  8489 D Detox   : class androidx.test.espresso.Espresso, onView, [(view.getTag() is "pantry-add-button" and view has effective visibility <VISIBLE>)]
11-23 20:56:00.746  8444  8489 D Detox   : class com.wix.detox.espresso.DetoxMatcher, matcherForSufficientlyVisible, [75]
11-23 20:56:00.747  8444  8489 D Detox   : class com.wix.detox.espresso.DetoxAssertion, assertMatcher, [androidx.test.espresso.ViewInteraction@1273085, (view has effective visibility <VISIBLE> and view.getGlobalVisibleRect() covers at least <75> percent of the view's area)]
11-23 20:56:00.750  8444  8444 I ViewInteraction: Checking 'MatchesViewAssertion(Detox){viewMatcher=(view has effective visibility <VISIBLE> and view.getGlobalVisibleRect() covers at least <75> percent of the view's area)}' assertion on view (view.getTag() is "pantry-add-button" and view has effective visibility <VISIBLE>)
11-23 20:56:00.754  8444  8489 I DetoxWSClient: Sending out action 'invokeResult' (ID #38)
11-23 20:56:00.755  8444  8489 I DetoxDispatcher: Done with action 'invoke'
11-23 20:56:00.837  8444  9137 D Detox.RNMarker: REACT_BRIDGELESS_LOADING_END (null)
11-23 20:56:00.843  8444  9137 I ReactNativeJS: '%c🚀 ✅ QUERY GetHomes 392ms', 'color: #22c55e; font-weight: bold'
11-23 20:56:01.172  8444  8495 D DetoxWSClient: Received action 'reactNativeReload' (ID #-1000, params={})
11-23 20:56:01.172  8444  8489 I DetoxDispatcher: Handling action 'reactNativeReload' (ID #-1000)...
11-23 20:56:01.173  8444  8489 I DetoxRNExt: Reloading React Native
11-23 20:56:01.175  8444  8520 W unknown:BridgelessReact: ReactHost{0}.getOrCreateReloadTask()
11-23 20:56:01.175  8444  8520 W unknown:BridgelessReact: ReactHost{0}.raiseSoftException(getOrCreateReloadTask()): Detox
11-23 20:56:01.175  8444  8520 E unknown:ReactHost: Unhandled SoftException
11-23 20:56:01.175  8444  8520 E unknown:ReactHost: com.facebook.react.bridge.ReactNoCrashSoftException: raiseSoftException(getOrCreateReloadTask()): Detox
11-23 20:56:01.175  8444  8520 E unknown:ReactHost: 	at com.facebook.react.runtime.ReactHostImpl.raiseSoftException(ReactHostImpl.kt:826)
11-23 20:56:01.175  8444  8520 E unknown:ReactHost: 	at com.facebook.react.runtime.ReactHostImpl.raiseSoftException$default(ReactHostImpl.kt:817)
11-23 20:56:01.175  8444  8520 E unknown:ReactHost: 	at com.facebook.react.runtime.ReactHostImpl.getOrCreateReloadTask(ReactHostImpl.kt:1232)
11-23 20:56:01.175  8444  8520 E unknown:ReactHost: 	at com.facebook.react.runtime.ReactHostImpl.reload$lambda$8(ReactHostImpl.kt:391)
11-23 20:56:01.175  8444  8520 E unknown:ReactHost: 	at com.facebook.react.runtime.ReactHostImpl.$r8$lambda$ZKc-OxDGoIs_vTfeqAPiROVzaQc(Unknown Source:0)
11-23 20:56:01.175  8444  8520 E unknown:ReactHost: 	at com.facebook.react.runtime.ReactHostImpl$$ExternalSyntheticLambda22.call(D8$$SyntheticClass:0)
11-23 20:56:01.175  8444  8520 E unknown:ReactHost: 	at com.facebook.react.runtime.internal.bolts.Task$Companion.call$lambda$2(Task.kt:319)
11-23 20:56:01.175  8444  8520 E unknown:ReactHost: 	at com.facebook.react.runtime.internal.bolts.Task$Companion.$r8$lambda$MFqd_-X5KhHmu0hvNE2Bec_4mJM(Unknown Source:0)
11-23 20:56:01.175  8444  8520 E unknown:ReactHost: 	at com.facebook.react.runtime.internal.bolts.Task$Companion$$ExternalSyntheticLambda1.run(D8$$SyntheticClass:0)
11-23 20:56:01.175  8444  8520 E unknown:ReactHost: 	at java.util.concurrent.ThreadPoolExecutor.runWorker(ThreadPoolExecutor.java:1156)
11-23 20:56:01.175  8444  8520 E unknown:ReactHost: 	at java.util.concurrent.ThreadPoolExecutor$Worker.run(ThreadPoolExecutor.java:651)
11-23 20:56:01.175  8444  8520 E unknown:ReactHost: 	at java.lang.Thread.run(Thread.java:1119)
11-23 20:56:01.175  8444  8520 W unknown:BridgelessReact: ReactHost{0}.getOrCreateReloadTask(): Resetting createReactInstance task ref
11-23 20:56:01.175  8444  8444 W unknown:BridgelessReact: ReactHost{0}.getOrCreateReloadTask(): Starting React Native reload
11-23 20:56:01.176  8444  8444 W unknown:BridgelessReact: ReactHost{0}.getOrCreateReloadTask(): Calling ReactContext.onHostPause()
11-23 20:56:01.177  8444  8444 W unknown:BridgelessReact: ReactHost{0}.raiseSoftException(callWithExistingReactInstance(callFunctionOnModule("RCTDeviceEventEmitter", "emit"))): Execute: reactInstance is null. Dropping work.
11-23 20:56:01.178  8444  8444 E unknown:ReactHost: Unhandled SoftException
11-23 20:56:01.178  8444  8444 E unknown:ReactHost: com.facebook.react.bridge.ReactNoCrashSoftException: raiseSoftException(callWithExistingReactInstance(callFunctionOnModule("RCTDeviceEventEmitter", "emit"))): Execute: reactInstance is null. Dropping work.
11-23 20:56:01.178  8444  8444 E unknown:ReactHost: 	at com.facebook.react.runtime.ReactHostImpl.raiseSoftException(ReactHostImpl.kt:826)
11-23 20:56:01.178  8444  8444 E unknown:ReactHost: 	at com.facebook.react.runtime.ReactHostImpl.raiseSoftException$default(ReactHostImpl.kt:817)
11-23 20:56:01.178  8444  8444 E unknown:ReactHost: 	at com.facebook.react.runtime.ReactHostImpl.callWithExistingReactInstance$lambda$29(ReactHostImpl.kt:842)
11-23 20:56:01.178  8444  8444 E unknown:ReactHost: 	at com.facebook.react.runtime.ReactHostImpl.$r8$lambda$FwZmOnLtIB7dK7-W4XUd-0shzQ0(Unknown Source:0)
11-23 20:56:01.178  8444  8444 E unknown:ReactHost: 	at com.facebook.react.runtime.ReactHostImpl$$ExternalSyntheticLambda32.then(D8$$SyntheticClass:0)
11-23 20:56:01.178  8444  8444 E unknown:ReactHost: 	at com.facebook.react.runtime.internal.bolts.Task$Companion.completeImmediately$lambda$3(Task.kt:360)
11-23 20:56:01.178  8444  8444 E unknown:ReactHost: 	at com.facebook.react.runtime.internal.bolts.Task$Companion.$r8$lambda$b7MTC0ufkn_2TjF4BGcNqGR9qK0(Unknown Source:0)
11-23 20:56:01.178  8444  8444 E unknown:ReactHost: 	at com.facebook.react.runtime.internal.bolts.Task$Companion$$ExternalSyntheticLambda3.run(D8$$SyntheticClass:0)
11-23 20:56:01.178  8444  8444 E unknown:ReactHost: 	at com.facebook.react.runtime.internal.bolts.Executors$ImmediateExecutor.execute(Executors.kt:41)
11-23 20:56:01.178  8444  8444 E unknown:ReactHost: 	at com.facebook.react.runtime.internal.bolts.Task$Companion.completeImmediately(Task.kt:358)
11-23 20:56:01.178  8444  8444 E unknown:ReactHost: 	at com.facebook.react.runtime.internal.bolts.Task$Companion.access$completeImmediately(Task.kt:254)
11-23 20:56:01.178  8444  8444 E unknown:ReactHost: 	at com.facebook.react.runtime.internal.bolts.Task.continueWith(Task.kt:133)
11-23 20:56:01.178  8444  8444 E unknown:ReactHost: 	at com.facebook.react.runtime.internal.bolts.Task.continueWith$default(Task.kt:117)
11-23 20:56:01.178  8444  8444 E unknown:ReactHost: 	at com.facebook.react.runtime.internal.bolts.Task.onSuccess$lambda$12(Task.kt:176)
11-23 20:56:01.178  8444  8444 E unknown:ReactHost: 	at com.facebook.react.runtime.internal.bolts.Task.$r8$lambda$l0wwo5AvbHxlwfI1R7CH_codxoo(Unknown Source:0)
11-23 20:56:01.178  8444  8444 E unknown:ReactHost: 	at com.facebook.react.runtime.internal.bolts.Task$$ExternalSyntheticLambda2.then(D8$$SyntheticClass:0)
11-23 20:56:01.178  8444  8444 E unknown:ReactHost: 	at com.facebook.react.runtime.internal.bolts.Task$Companion.completeAfterTask$lambda$5(Task.kt:394)
11-23 20:56:01.178  8444  8444 E unknown:ReactHost: 	at com.facebook.react.runtime.internal.bolts.Task$Companion.$r8$lambda$IPpysnehFwANEiW061YzapkMdoE(Unknown Source:0)
11-23 20:56:01.178  8444  8444 E unknown:ReactHost: 	at com.facebook.react.runtime.internal.bolts.Task$Companion$$ExternalSyntheticLambda4.run(D8$$SyntheticClass:0)
11-23 20:56:01.178  8444  8444 E unknown:ReactHost: 	at com.facebook.react.runtime.internal.bolts.Executors$ImmediateExecutor.execute(Executors.kt:41)
11-23 20:56:01.178  8444  8444 E unknown:ReactHost: 	at com.facebook.react.runtime.internal.bolts.Task$Companion.completeAfterTask(Task.kt:392)
11-23 20:56:01.178  8444  8444 E unknown:ReactHost: 	at com.facebook.react.runtime.internal.bolts.Task$Companion.access$completeAfterTask(Task.kt:254)
11-23 20:56:01.178  8444  8444 E unknown:ReactHost: 	at com.facebook.react.runtime.internal.bolts.Task.continueWithTask(Task.kt:158)
11-23 20:56:01.178  8444  8444 E unknown:ReactHost: 	at com.facebook.react.runtime.internal.bolts.Task.onSuccess(Task.kt:171)
11-23 20:56:01.178  8444  8444 E unknown:ReactHost: 	at com.facebook.react.runtime.ReactHostImpl.callWithExistingReactInstance(ReactHostImpl.kt:838)
11-23 20:56:01.178  8444  8444 E unknown:ReactHost: 	at com.facebook.react.runtime.ReactHostImpl.callWithExistingReactInstance$default(ReactHostImpl.kt:831)
11-23 20:56:01.178  8444  8444 E unknown:ReactHost: 	at com.facebook.react.runtime.ReactHostImpl.callFunctionOnModule$ReactAndroid_debug(ReactHostImpl.kt:719)
11-23 20:56:01.178  8444  8444 E unknown:ReactHost: 	at com.facebook.react.runtime.BridgelessReactContext.emitDeviceEvent(BridgelessReactContext.kt:143)
11-23 20:56:01.178  8444  8444 E unknown:ReactHost: 	at com.facebook.react.modules.appstate.AppStateModule.sendEvent(AppStateModule.kt:71)
11-23 20:56:01.178  8444  8444 E unknown:ReactHost: 	at com.facebook.react.modules.appstate.AppStateModule.sendAppStateChangeEvent(AppStateModule.kt:75)
11-23 20:56:01.178  8444  8444 E unknown:ReactHost: 	at com.facebook.react.modules.appstate.AppStateModule.onHostPause(AppStateModule.kt:48)
11-23 20:56:01.178  8444  8444 E unknown:ReactHost: 	at com.facebook.react.bridge.ReactContext.onHostPause(ReactContext.java:296)
11-23 20:56:01.178  8444  8444 E unknown:ReactHost: 	at com.facebook.react.runtime.ReactHostImpl.getOrCreateReloadTask$lambda$49(ReactHostImpl.kt:1261)
11-23 20:56:01.178  8444  8444 E unknown:ReactHost: 	at com.facebook.react.runtime.ReactHostImpl.$r8$lambda$5qPaSKaMWJBaRcQgKMWsr2cuXrE(Unknown Source:0)
11-23 20:56:01.178  8444  8444 E unknown:ReactHost: 	at com.facebook.react.runtime.ReactHostImpl$$ExternalSyntheticLambda7.then(D8$$SyntheticClass:0)
11-23 20:56:01.178  8444  8444 E unknown:ReactHost: 	at com.facebook.react.runtime.internal.bolts.Task$Companion.completeAfterTask$lambda$5(Task.kt:394)
11-23 20:56:01.178  8444  8444 E unknown:ReactHost: 	at com.facebook.react.runtime.internal.bolts.Task$Companion.$r8$lambda$IPpysnehFwANEiW061YzapkMdoE(Unknown Source:0)
11-23 20:56:01.178  8444  8444 E unknown:ReactHost: 	at com.facebook.react.runtime.internal.bolts.Task$Companion$$ExternalSyntheticLambda4.run(D8$$SyntheticClass:0)
11-23 20:56:01.179  8444  8444 E unknown:ReactHost: 	at android.os.Handler.handleCallback(Handler.java:995)
11-23 20:56:01.179  8444  8444 E unknown:ReactHost: 	at android.os.Handler.dispatchMessage(Handler.java:103)
11-23 20:56:01.179  8444  8444 E unknown:ReactHost: 	at android.os.Looper.loopOnce(Looper.java:273)
11-23 20:56:01.179  8444  8444 E unknown:ReactHost: 	at android.os.Looper.loop(Looper.java:363)
11-23 20:56:01.179  8444  8444 E unknown:ReactHost: 	at android.app.ActivityThread.main(ActivityThread.java:10060)
11-23 20:56:01.179  8444  8444 E unknown:ReactHost: 	at java.lang.reflect.Method.invoke(Native Method)
11-23 20:56:01.179  8444  8444 E unknown:ReactHost: 	at com.android.internal.os.RuntimeInit$MethodAndArgsCaller.run(RuntimeInit.java:632)
11-23 20:56:01.179  8444  8444 E unknown:ReactHost: 	at com.android.internal.os.ZygoteInit.main(ZygoteInit.java:975)
11-23 20:56:01.180  8444  8520 W unknown:BridgelessReact: ReactHost{0}.getOrCreateReloadTask(): Stopping all React Native surfaces
11-23 20:56:01.180  8444  8520 E unknown:SurfaceMountingManager: Stopping surface [1]
11-23 20:56:01.182  8444  8444 I ReactNative: [GESTURE HANDLER] Tearing down gesture handler registered for root view com.facebook.react.runtime.ReactSurfaceView{f1dc87c V.E...... ........ 0,0-1440,3088 #1}
11-23 20:56:01.188  8444  8444 E unknown:SurfaceMountingManager: Surface [1] was stopped on SurfaceMountingManager.
11-23 20:56:01.223  8444  8444 W unknown:BridgelessReact: ReactHost{0}.getOrCreateReloadTask(): Removing memory pressure listener
11-23 20:56:01.223  8444  8444 W unknown:BridgelessReact: ReactHost{0}.getOrCreateReloadTask(): Resetting ReactContext ref
11-23 20:56:01.223  8444  8444 W unknown:BridgelessReact: ReactHost{0}.getOrCreateReloadTask(): Destroying ReactContext
11-23 20:56:01.223  8444  8444 W unknown:BridgelessReact: ReactHost{0}.getOrCreateReloadTask(): Calling DevSupportManager.onReactInstanceDestroyed(reactContext)
11-23 20:56:01.223  8444  8444 W unknown:ReactNative: Packager connection already open, nooping.
11-23 20:56:01.237  8444  9137 I ReactNativeJS: '%c🚀 ✅ QUERY GetHomeBasic 766ms', 'color: #22c55e; font-weight: bold'
11-23 20:56:01.275  8444  9137 I ReactNativeJS: '   📤 Variables:', { homeId: '691f7d5e3c9c067fb5562608' }
11-23 20:56:01.304  8444  8444 I ev.souschef.app: Explicit concurrent mark compact GC freed 16MB AllocSpace bytes, 0(0B) LOS objects, 66% free, 14MB/42MB, paused 701us,3.097ms total 80.782ms
11-23 20:56:01.305  8444  8520 W unknown:BridgelessReact: ReactHost{0}.getOrCreateReloadTask(): Resetting ReactInstance ptr
11-23 20:56:01.305  8444  8520 W unknown:BridgelessReact: ReactHost{0}.getOrCreateReloadTask(): Destroying ReactInstance
11-23 20:56:01.493  8444  9137 W unknown:ReactNative: Tried to enqueue runnable on already finished thread: 'v_native... dropping Runnable.
11-23 20:56:01.495  8444  9137 W unknown:ReactNative: Tried to enqueue runnable on already finished thread: 'v_native... dropping Runnable.
11-23 20:56:01.496  8444  9137 W unknown:ReactNative: Tried to enqueue runnable on already finished thread: 'v_native... dropping Runnable.
11-23 20:56:01.498  8444  9137 W unknown:ReactNative: Tried to enqueue runnable on already finished thread: 'v_native... dropping Runnable.
11-23 20:56:01.501  8444  9137 W unknown:ReactNative: Tried to enqueue runnable on already finished thread: 'v_native... dropping Runnable.
11-23 20:56:01.502  8444  9137 W unknown:ReactNative: Tried to enqueue runnable on already finished thread: 'v_native... dropping Runnable.
11-23 20:56:01.503  8444  9137 W unknown:ReactNative: Tried to enqueue runnable on already finished thread: 'v_native... dropping Runnable.
11-23 20:56:01.505  8444  9137 W unknown:ReactNative: Tried to enqueue runnable on already finished thread: 'v_native... dropping Runnable.
11-23 20:56:01.507  8444  9137 W unknown:ReactNative: Tried to enqueue runnable on already finished thread: 'v_native... dropping Runnable.
11-23 20:56:01.509  8444  9137 W unknown:ReactNative: Tried to enqueue runnable on already finished thread: 'v_native... dropping Runnable.
11-23 20:56:01.510  8444  9137 W unknown:ReactNative: Tried to enqueue runnable on already finished thread: 'v_native... dropping Runnable.
11-23 20:56:01.520  8444  9137 W unknown:ReactNative: Tried to enqueue runnable on already finished thread: 'v_native... dropping Runnable.
11-23 20:56:01.522  8444  9137 W unknown:ReactNative: Tried to enqueue runnable on already finished thread: 'v_native... dropping Runnable.
11-23 20:56:01.523  8444  9137 W unknown:ReactNative: Tried to enqueue runnable on already finished thread: 'v_native... dropping Runnable.
11-23 20:56:01.524  8444  9137 W unknown:ReactNative: Tried to enqueue runnable on already finished thread: 'v_native... dropping Runnable.
11-23 20:56:01.527  8444  9137 W unknown:ReactNative: Tried to enqueue runnable on already finished thread: 'v_native... dropping Runnable.
11-23 20:56:01.529  8444  9137 W unknown:ReactNative: Tried to enqueue runnable on already finished thread: 'v_native... dropping Runnable.
11-23 20:56:01.531  8444  9137 W unknown:ReactNative: Tried to enqueue runnable on already finished thread: 'v_native... dropping Runnable.
11-23 20:56:01.532  8444  9137 W unknown:ReactNative: Tried to enqueue runnable on already finished thread: 'v_native... dropping Runnable.
11-23 20:56:01.533  8444  9137 W unknown:ReactNative: Tried to enqueue runnable on already finished thread: 'v_native... dropping Runnable.
11-23 20:56:01.547  8444  9137 W unknown:ReactNative: Tried to enqueue runnable on already finished thread: 'v_native... dropping Runnable.
11-23 20:56:01.555  8444  9137 W unknown:ReactNative: Tried to enqueue runnable on already finished thread: 'v_native... dropping Runnable.
11-23 20:56:01.555  8444  9137 W unknown:ReactNative: Tried to enqueue runnable on already finished thread: 'v_native... dropping Runnable.
11-23 20:56:01.555  8444  9137 W unknown:ReactNative: Tried to enqueue runnable on already finished thread: 'v_native... dropping Runnable.
11-23 20:56:01.555  8444  9137 W unknown:ReactNative: Tried to enqueue runnable on already finished thread: 'v_native... dropping Runnable.
11-23 20:56:01.556  8444  9137 W unknown:ReactNative: Tried to enqueue runnable on already finished thread: 'v_native... dropping Runnable.
11-23 20:56:01.556  8444  9137 W unknown:ReactNative: Tried to enqueue runnable on already finished thread: 'v_native... dropping Runnable.
11-23 20:56:01.556  8444  9137 W unknown:ReactNative: Tried to enqueue runnable on already finished thread: 'v_native... dropping Runnable.
11-23 20:56:01.556  8444  9137 W unknown:ReactNative: Tried to enqueue runnable on already finished thread: 'v_native... dropping Runnable.
11-23 20:56:01.557  8444  9137 W unknown:ReactNative: Tried to enqueue runnable on already finished thread: 'v_native... dropping Runnable.
11-23 20:56:01.557  8444  9137 W unknown:ReactNative: Tried to enqueue runnable on already finished thread: 'v_native... dropping Runnable.
11-23 20:56:01.557  8444  9137 W unknown:ReactNative: Tried to enqueue runnable on already finished thread: 'v_native... dropping Runnable.
11-23 20:56:01.558  8444  9137 W unknown:ReactNative: Tried to enqueue runnable on already finished thread: 'v_native... dropping Runnable.
11-23 20:56:01.558  8444  9137 W unknown:ReactNative: Tried to enqueue runnable on already finished thread: 'v_native... dropping Runnable.
11-23 20:56:01.558  8444  9137 W unknown:ReactNative: Tried to enqueue runnable on already finished thread: 'v_native... dropping Runnable.
11-23 20:56:01.558  8444  9137 W unknown:ReactNative: Tried to enqueue runnable on already finished thread: 'v_native... dropping Runnable.
11-23 20:56:01.558  8444  9137 W unknown:ReactNative: Tried to enqueue runnable on already finished thread: 'v_native... dropping Runnable.
11-23 20:56:01.569  8444  9137 W unknown:ReactNative: Tried to enqueue runnable on already finished thread: 'v_native... dropping Runnable.
11-23 20:56:01.573  8444  9137 W unknown:ReactNative: Tried to enqueue runnable on already finished thread: 'v_native... dropping Runnable.
11-23 20:56:01.574  8444  9137 W unknown:ReactNative: Tried to enqueue runnable on already finished thread: 'v_native... dropping Runnable.
11-23 20:56:01.575  8444  9137 W unknown:ReactNative: Tried to enqueue runnable on already finished thread: 'v_native... dropping Runnable.
11-23 20:56:01.580  8444  9137 W unknown:ReactNative: Tried to enqueue runnable on already finished thread: 'v_native... dropping Runnable.
11-23 20:56:01.583  8444  9137 W unknown:ReactNative: Tried to enqueue runnable on already finished thread: 'v_native... dropping Runnable.
11-23 20:56:01.583  8444  9137 W unknown:ReactNative: Tried to enqueue runnable on already finished thread: 'v_native... dropping Runnable.
11-23 20:56:01.585  8444  9137 W unknown:ReactNative: Tried to enqueue runnable on already finished thread: 'v_native... dropping Runnable.
11-23 20:56:01.589  8444  9137 W unknown:ReactNative: Tried to enqueue runnable on already finished thread: 'v_native... dropping Runnable.
11-23 20:56:01.592  8444  9137 W unknown:ReactNative: Tried to enqueue runnable on already finished thread: 'v_native... dropping Runnable.
11-23 20:56:01.593  8444  9137 W unknown:ReactNative: Tried to enqueue runnable on already finished thread: 'v_native... dropping Runnable.
11-23 20:56:01.594  8444  9137 W unknown:ReactNative: Tried to enqueue runnable on already finished thread: 'v_native... dropping Runnable.
11-23 20:56:01.598  8444  9137 W unknown:ReactNative: Tried to enqueue runnable on already finished thread: 'v_native... dropping Runnable.
11-23 20:56:01.601  8444  9137 W unknown:ReactNative: Tried to enqueue runnable on already finished thread: 'v_native... dropping Runnable.
11-23 20:56:01.602  8444  9137 W unknown:ReactNative: Tried to enqueue runnable on already finished thread: 'v_native... dropping Runnable.
11-23 20:56:01.602  8444  9137 W unknown:ReactNative: Tried to enqueue runnable on already finished thread: 'v_native... dropping Runnable.
11-23 20:56:01.607  8444  9137 W unknown:ReactNative: Tried to enqueue runnable on already finished thread: 'v_native... dropping Runnable.
11-23 20:56:01.611  8444  9137 W unknown:ReactNative: Tried to enqueue runnable on already finished thread: 'v_native... dropping Runnable.
11-23 20:56:01.627  8444  9137 W unknown:ReactNative: Tried to enqueue runnable on already finished thread: 'v_native... dropping Runnable.
11-23 20:56:01.628  8444  9137 W unknown:ReactNative: Tried to enqueue runnable on already finished thread: 'v_native... dropping Runnable.
11-23 20:56:01.628  8444  9137 W unknown:ReactNative: Tried to enqueue runnable on already finished thread: 'v_native... dropping Runnable.
11-23 20:56:01.632  8444  9137 W unknown:ReactNative: Tried to enqueue runnable on already finished thread: 'v_native... dropping Runnable.
11-23 20:56:01.632  8444  9137 W unknown:ReactNative: Tried to enqueue runnable on already finished thread: 'v_native... dropping Runnable.
11-23 20:56:01.633  8444  9137 W unknown:ReactNative: Tried to enqueue runnable on already finished thread: 'v_native... dropping Runnable.
11-23 20:56:01.633  8444  9137 W unknown:ReactNative: Tried to enqueue runnable on already finished thread: 'v_native... dropping Runnable.
11-23 20:56:01.633  8444  9137 W unknown:ReactNative: Tried to enqueue runnable on already finished thread: 'v_native... dropping Runnable.
11-23 20:56:01.633  8444  9137 W unknown:ReactNative: Tried to enqueue runnable on already finished thread: 'v_native... dropping Runnable.
11-23 20:56:01.633  8444  9137 W unknown:ReactNative: Tried to enqueue runnable on already finished thread: 'v_native... dropping Runnable.
11-23 20:56:01.633  8444  9137 W unknown:ReactNative: Tried to enqueue runnable on already finished thread: 'v_native... dropping Runnable.
11-23 20:56:01.636  8444  9137 W unknown:ReactNative: Tried to enqueue runnable on already finished thread: 'v_native... dropping Runnable.
11-23 20:56:01.637  8444  9137 I ReactNativeJS: [MemoryMonitor] Stopped
11-23 20:56:01.727  8444  8520 D ConnectivityManager: StackLog: [android.net.ConnectivityManager.unregisterNetworkCallback(ConnectivityManager.java:5571)] [com.reactnativecommunity.netinfo.NetworkCallbackConnectivityReceiver.unregister(NetworkCallbackConnectivityReceiver.java:71)] [com.reactnativecommunity.netinfo.NetInfoModule.invalidate(NetInfoModule.java:56)] [com.facebook.react.internal.turbomodule.core.TurboModuleManager.invalidate(TurboModuleManager.kt:345)] [com.facebook.react.runtime.ReactInstance.destroy(ReactInstance.kt:420)] [com.facebook.react.runtime.ReactHostImpl.getOrCreateReloadTask$lambda$53(ReactHostImpl.kt:1318)] [com.facebook.react.runtime.ReactHostImpl.$r8$lambda$mFfCh8lHgA6uurPLct5tIl3YwVQ(Unknown Source:0)] [com.facebook.react.runtime.ReactHostImpl$$ExternalSyntheticLambda10.then(D8$$SyntheticClass:0)] [com.facebook.react.runtime.internal.bolts.Task$Companion.completeAfterTask$lambda$5(Task.kt:394)] [com.facebook.react.runtime.internal.bolts.Task$Companion.$r8$lambda$IPpysnehFwANEiW061YzapkMdoE(Unknown Source:0)] [com.facebook.react.runtime.internal.bolts.Task$Companion$$ExternalSyntheticLambda4.run(D8$$SyntheticClass:0)] [java.util.concurrent.ThreadPoolExecutor.runWorker(ThreadPoolExecutor.java:1156)] [java.util.concurrent.ThreadPoolExecutor$Worker.run(ThreadPoolExecutor.java:651)] [java.lang.Thread.run(Thread.java:1119)]
11-23 20:56:01.732  8444  8520 W unknown:ReactNative: Tried to enqueue runnable on already finished thread: 'v_native... dropping Runnable.
11-23 20:56:01.732  8444  8520 E unknown:ReactNative: Tried to remove non-existent frame callback
11-23 20:56:01.742  8444  8520 W unknown:ReactNative: Tried to enqueue runnable on already finished thread: 'v_native... dropping Runnable.
11-23 20:56:01.743  8444  8520 W unknown:ReactNative: Tried to enqueue runnable on already finished thread: 'v_native... dropping Runnable.
11-23 20:56:01.743  8444  8520 W unknown:ReactNative: Tried to enqueue runnable on already finished thread: 'v_native... dropping Runnable.
11-23 20:56:01.743  8444  8520 W unknown:ReactNative: Tried to enqueue runnable on already finished thread: 'v_native... dropping Runnable.
11-23 20:56:01.743  8444  8520 W unknown:ReactNative: Tried to enqueue runnable on already finished thread: 'v_native... dropping Runnable.
11-23 20:56:01.743  8444  8520 W unknown:ReactNative: Tried to enqueue runnable on already finished thread: 'v_native... dropping Runnable.
11-23 20:56:01.744  8444  8520 W unknown:ReactNative: Tried to enqueue runnable on already finished thread: 'v_native... dropping Runnable.
11-23 20:56:01.745  8444  8520 W unknown:ReactNative: Tried to enqueue runnable on already finished thread: 'v_native... dropping Runnable.
11-23 20:56:01.745  8444  8520 W unknown:ReactNative: Tried to enqueue runnable on already finished thread: 'v_native... dropping Runnable.
11-23 20:56:01.745  8444  8520 W unknown:ReactNative: Tried to enqueue runnable on already finished thread: 'v_native... dropping Runnable.
11-23 20:56:01.746  8444  8520 W unknown:ReactNative: Tried to enqueue runnable on already finished thread: 'v_native... dropping Runnable.
11-23 20:56:01.746  8444  8520 W unknown:ReactNative: Tried to enqueue runnable on already finished thread: 'v_native... dropping Runnable.
11-23 20:56:01.746  8444  8520 W unknown:ReactNative: Tried to enqueue runnable on already finished thread: 'v_native... dropping Runnable.
11-23 20:56:01.746  8444  8520 W unknown:ReactNative: Tried to enqueue runnable on already finished thread: 'v_native... dropping Runnable.
11-23 20:56:01.746  8444  8520 W unknown:ReactNative: Tried to enqueue runnable on already finished thread: 'v_native... dropping Runnable.
11-23 20:56:01.746  8444  8520 W unknown:ReactNative: Tried to enqueue runnable on already finished thread: 'v_native... dropping Runnable.
11-23 20:56:01.746  8444  8520 W unknown:ReactNative: Tried to enqueue runnable on already finished thread: 'v_native... dropping Runnable.
11-23 20:56:01.746  8444  8520 W unknown:ReactNative: Tried to enqueue runnable on already finished thread: 'v_native... dropping Runnable.
11-23 20:56:01.747  8444  8520 I Nitro.JSICache: Destroying JSICache...
11-23 20:56:01.749  8444  8520 W unknown:ReactNative: Tried to enqueue runnable on already finished thread: 'v_native... dropping Runnable.
11-23 20:56:01.750  8444  8520 W unknown:ReactNative: Tried to enqueue runnable on already finished thread: 'v_native... dropping Runnable.
11-23 20:56:01.750  8444  8520 W unknown:ReactNative: Tried to enqueue runnable on already finished thread: 'v_native... dropping Runnable.
11-23 20:56:01.750  8444  8520 W unknown:ReactNative: Tried to enqueue runnable on already finished thread: 'v_native... dropping Runnable.
11-23 20:56:01.751  8444  8520 W unknown:ReactNative: Tried to enqueue runnable on already finished thread: 'v_native... dropping Runnable.
11-23 20:56:01.751  8444  8520 W unknown:ReactNative: Tried to enqueue runnable on already finished thread: 'v_native... dropping Runnable.
11-23 20:56:01.751  8444  8520 W unknown:ReactNative: Tried to enqueue runnable on already finished thread: 'v_native... dropping Runnable.
11-23 20:56:01.751  8444  8520 W unknown:ReactNative: Tried to enqueue runnable on already finished thread: 'v_native... dropping Runnable.
11-23 20:56:01.751  8444  8520 W unknown:ReactNative: Tried to enqueue runnable on already finished thread: 'v_native... dropping Runnable.
11-23 20:56:01.752  8444  8520 W unknown:ReactNative: Tried to enqueue runnable on already finished thread: 'v_native... dropping Runnable.
11-23 20:56:01.752  8444  8520 W unknown:ReactNative: Tried to enqueue runnable on already finished thread: 'v_native... dropping Runnable.
11-23 20:56:01.753  8444  8520 W unknown:ReactNative: Tried to enqueue runnable on already finished thread: 'v_native... dropping Runnable.
11-23 20:56:01.756  8444  8520 W System.err: java.lang.NoSuchFieldException: No field mIsFinished in class Lcom/facebook/react/bridge/queue/MessageQueueThreadImpl; (declaration of 'com.facebook.react.bridge.queue.MessageQueueThreadImpl' appears in /data/app/~~bBwPVJQFDN13MvDQ4-YyBg==/dev.souschef.app-h9nPUn9fKtcGOtyFkdyp8Q==/base.apk!classes20.dex)
11-23 20:56:01.756  8444  8520 W System.err: 	at java.lang.Class.getDeclaredField(Native Method)
11-23 20:56:01.756  8444  8520 W System.err: 	at com.swmansion.worklets.WorkletsMessageQueueThreadBase.quitSynchronous(WorkletsMessageQueueThreadBase.java:55)
11-23 20:56:01.756  8444  8520 W System.err: 	at com.facebook.jni.HybridData$Destructor.deleteNative(Native Method)
11-23 20:56:01.756  8444  8520 W System.err: 	at com.facebook.jni.HybridData$Destructor.destruct(HybridData.java:82)
11-23 20:56:01.757  8444  8520 W System.err: 	at com.facebook.jni.HybridData.resetNative(HybridData.java:48)
11-23 20:56:01.757  8444  8520 W System.err: 	at com.facebook.react.runtime.ReactInstance.destroy(ReactInstance.kt:423)
11-23 20:56:01.757  8444  8520 W System.err: 	at com.facebook.react.runtime.ReactHostImpl.getOrCreateReloadTask$lambda$53(ReactHostImpl.kt:1318)
11-23 20:56:01.757  8444  8520 W System.err: 	at com.facebook.react.runtime.ReactHostImpl.$r8$lambda$mFfCh8lHgA6uurPLct5tIl3YwVQ(Unknown Source:0)
11-23 20:56:01.757  8444  8520 W System.err: 	at com.facebook.react.runtime.ReactHostImpl$$ExternalSyntheticLambda10.then(D8$$SyntheticClass:0)
11-23 20:56:01.757  8444  8520 W System.err: 	at com.facebook.react.runtime.internal.bolts.Task$Companion.completeAfterTask$lambda$5(Task.kt:394)
11-23 20:56:01.757  8444  8520 W System.err: 	at com.facebook.react.runtime.internal.bolts.Task$Companion.$r8$lambda$IPpysnehFwANEiW061YzapkMdoE(Unknown Source:0)
11-23 20:56:01.757  8444  8520 W System.err: 	at com.facebook.react.runtime.internal.bolts.Task$Companion$$ExternalSyntheticLambda4.run(D8$$SyntheticClass:0)
11-23 20:56:01.757  8444  8520 W System.err: 	at java.util.concurrent.ThreadPoolExecutor.runWorker(ThreadPoolExecutor.java:1156)
11-23 20:56:01.757  8444  8520 W System.err: 	at java.util.concurrent.ThreadPoolExecutor$Worker.run(ThreadPoolExecutor.java:651)
11-23 20:56:01.757  8444  8520 W System.err: 	at java.lang.Thread.run(Thread.java:1119)
11-23 20:56:01.757  8444  8520 W System.err: java.lang.NoSuchFieldException: No field mIsFinished in class Lcom/facebook/react/bridge/queue/MessageQueueThreadImpl; (declaration of 'com.facebook.react.bridge.queue.MessageQueueThreadImpl' appears in /data/app/~~bBwPVJQFDN13MvDQ4-YyBg==/dev.souschef.app-h9nPUn9fKtcGOtyFkdyp8Q==/base.apk!classes20.dex)
11-23 20:56:01.757  8444  8520 W System.err: 	at java.lang.Class.getDeclaredField(Native Method)
11-23 20:56:01.757  8444  8520 W System.err: 	at com.swmansion.worklets.WorkletsMessageQueueThreadBase.quitSynchronous(WorkletsMessageQueueThreadBase.java:55)
11-23 20:56:01.757  8444  8520 W System.err: 	at com.facebook.jni.HybridData$Destructor.deleteNative(Native Method)
11-23 20:56:01.757  8444  8520 W System.err: 	at com.facebook.jni.HybridData$Destructor.destruct(HybridData.java:82)
11-23 20:56:01.757  8444  8520 W System.err: 	at com.facebook.jni.HybridData.resetNative(HybridData.java:48)
11-23 20:56:01.757  8444  8520 W System.err: 	at com.facebook.react.runtime.ReactInstance.destroy(ReactInstance.kt:423)
11-23 20:56:01.758  8444  8520 W System.err: 	at com.facebook.react.runtime.ReactHostImpl.getOrCreateReloadTask$lambda$53(ReactHostImpl.kt:1318)
11-23 20:56:01.758  8444  8520 W System.err: 	at com.facebook.react.runtime.ReactHostImpl.$r8$lambda$mFfCh8lHgA6uurPLct5tIl3YwVQ(Unknown Source:0)
11-23 20:56:01.758  8444  8520 W System.err: 	at com.facebook.react.runtime.ReactHostImpl$$ExternalSyntheticLambda10.then(D8$$SyntheticClass:0)
11-23 20:56:01.758  8444  8520 W System.err: 	at com.facebook.react.runtime.internal.bolts.Task$Companion.completeAfterTask$lambda$5(Task.kt:394)
11-23 20:56:01.758  8444  8520 W System.err: 	at com.facebook.react.runtime.internal.bolts.Task$Companion.$r8$lambda$IPpysnehFwANEiW061YzapkMdoE(Unknown Source:0)
11-23 20:56:01.758  8444  8520 W System.err: 	at com.facebook.react.runtime.internal.bolts.Task$Companion$$ExternalSyntheticLambda4.run(D8$$SyntheticClass:0)
11-23 20:56:01.758  8444  8520 W System.err: 	at java.util.concurrent.ThreadPoolExecutor.runWorker(ThreadPoolExecutor.java:1156)
11-23 20:56:01.758  8444  8520 W System.err: 	at java.util.concurrent.ThreadPoolExecutor$Worker.run(ThreadPoolExecutor.java:651)
11-23 20:56:01.758  8444  8520 W System.err: 	at java.lang.Thread.run(Thread.java:1119)
11-23 20:56:01.765  8444  8520 W unknown:ReactNative: Tried to enqueue runnable on already finished thread: 'v_native... dropping Runnable.
11-23 20:56:01.765  8444  8520 W unknown:ReactNative: Tried to enqueue runnable on already finished thread: 'v_native... dropping Runnable.
11-23 20:56:01.765  8444  8520 W unknown:ReactNative: Tried to enqueue runnable on already finished thread: 'v_native... dropping Runnable.
11-23 20:56:01.766  8444  8520 W unknown:ReactNative: Tried to enqueue runnable on already finished thread: 'v_native... dropping Runnable.
11-23 20:56:01.933  8444  8520 W unknown:BridgelessReact: ReactHost{0}.getOrCreateReloadTask(): Resetting start task ref
11-23 20:56:01.933  8444  8520 W unknown:BridgelessReact: ReactHost{0}.getOrCreateReactInstanceTask()
11-23 20:56:01.933  8444  8520 W unknown:BridgelessReact: ReactHost{0}.getOrCreateReactInstanceTask(): Start
11-23 20:56:01.933  8444  8520 D Detox.RNMarker: REACT_BRIDGELESS_LOADING_START (null)
11-23 20:56:01.933  8444  8520 W unknown:BridgelessReact: ReactHost{0}.getJSBundleLoader()
11-23 20:56:01.933  8444  8520 W unknown:BridgelessReact: ReactHost{0}.isMetroRunning()
11-23 20:56:01.948  8444  8521 W unknown:BridgelessReact: ReactHost{0}.isMetroRunning(): Async result = true
11-23 20:56:01.949  8444  8520 W unknown:BridgelessReact: ReactHost{0}.loadJSBundleFromMetro()
11-23 20:56:01.949  8444  8520 D Detox.RNMarker: DOWNLOAD_START (null)
11-23 20:56:01.954  8444  8444 I WindowManager: WindowManagerGlobal#addView, ty=1000, view=android.widget.PopupWindow$PopupDecorView{ad6940e V.E...... R.....I. 0,0-0,0}, caller=android.view.WindowManagerImpl.addView:158 android.widget.PopupWindow.invokePopup:1692 android.widget.PopupWindow.showAtLocation:1418 
11-23 20:56:01.955  8444  8444 D ViewRootImpl: desktopMode is false
11-23 20:56:01.955  8444  8444 I ViewRootImpl: dVRR is disabled
11-23 20:56:01.956  8444  8506 D NativeCustomFrequencyManager: [NativeCFMS] BpCustomFrequencyManager::BpCustomFrequencyManager()
11-23 20:56:01.963  8444  8444 D InputTransport: Input channel constructed: '84a881 ', fd=160
11-23 20:56:01.964  8444  8444 I InsetsController: onStateChanged: host=PopupWindow:f26ea09, from=android.view.ViewRootImpl.onInsetsStateChanged:3026, state=InsetsState: {mDisplayFrame=Rect(0, 0 - 1440, 3088), mDisplayCutout=DisplayCutout{insets=Rect(0, 100 - 0, 0) waterfall=Insets{left=0, top=0, right=0, bottom=0} boundingRect={Bounds=[Rect(0, 0 - 0, 0), Rect(683, 0 - 758, 100), Rect(0, 0 - 0, 0), Rect(0, 0 - 0, 0)]} cutoutPathParserInfo={CutoutPathParserInfo{displayWidth=1440 displayHeight=3088 physicalDisplayWidth=1440 physicalDisplayHeight=3088 density={3.75} cutoutSpec={M 0,0 H -10 V 26.66666666666667 H 10 V 0 H 0 Z @dp} rotation={0} scale={1.0} physicalPixelDisplaySizeRatio={1.0}}} sideOverrides={}}, mRoundedCorners=RoundedCorners{[RoundedCorner{position=TopLeft, radius=15, center=Point(15, 15)}, RoundedCorner{position=TopRight, radius=15, center=Point(1425, 15)}, RoundedCorner{position=BottomRight, radius=15, center=Point(1425, 3073)}, RoundedCorner{position=BottomLeft, radius=15, center=Point(15, 3073)}]}  mRoundedCornerFrame=Rect(0, 0 - 1440, 3088), mPrivacyIndicatorBounds=PrivacyIndicatorBounds {static bounds=Rect(1275, 0 - 1440, 100) rotation=0}, mDisplayShape=DisplayShape{ spec=-311912193 displayWidth=1440 displayHeight=3088 physicalPixelDisplaySizeRatio=1.0 rotation=0 offsetX=0 offsetY=0 scale=1.0}, mSources= { InsetsSource: {b11d0001 mType=navigationBars mFrame=[0,3032][1440,3088] mVisible=true mFlags=SUPPRESS_SCRIM mSideHint=BOTTOM mBoundingRects=null}, InsetsSource: {b11d0004 mType=systemGestures mFrame=[0,0][84,3088] mVisible=true mFlags= mSideHint=LEFT mBoundingRects=null}, InsetsSource: {b11d0005 mType=mandatorySystemGestures mFrame=[0,2968][1440,3088] mVisible=true mFlags= mSideHint=BOTTOM mBoundingRects=null}, InsetsSource: {b11d0006 mType=tappableElement mFrame=[0,0][0,0] mVisible=true mFlags= mSideHint=NONE mBoundingRects=null}, InsetsSource: {b11d0024 mType=systemGestures mFrame=[1356,0][1440,3088] mVisible=true mFlags= mSideHint=RIGHT mBoundingRects=null}, InsetsSource: {ecac0000 mType=statusBars mFrame=[0,0][1440,100] mVisible=true mFlags= mSideHint=TOP mBoundingRects=null}, InsetsSource: {ecac0005 mType=mandatorySystemGestures mFrame=[0,0][1440,145] mVisible=true mFlags= mSideHint=TOP mBoundingRects=null}, InsetsSource: {ecac0006 mType=tappableElement mFrame=[0,0][1440,100] mVisible=true mFlags= mSideHint=TOP mBoundingRects=null}, InsetsSource: {27 mType=displayCutout mFrame=[0,0][1440,100] mVisible=true mFlags= mSideHint=TOP mBoundingRects=null} }
11-23 20:56:01.964  8444  8444 I VRI[PopupWindow:f26ea09]@f4d7e2f: synced displayState. AttachInfo displayState=2
11-23 20:56:01.967  8444  8444 I VRI[PopupWindow:f26ea09]@f4d7e2f: setView = android.widget.PopupWindow$PopupDecorView@ad6940e IsHRR=false mFlingFrameRateChange=0 TM=true
11-23 20:56:01.967  8444  8506 D HWUI    : HWUI - treat SMPTE_170M as sRGB
11-23 20:56:01.976  8444  8444 W libc    : Access denied finding property "vendor.display.enable_optimal_refresh_rate"
11-23 20:56:01.976  8444  8444 I BufferQueueProducer: [](id:20fc00000005,api:0,p:497405904,c:8444) setDequeueTimeout:2077252342
11-23 20:56:01.978  8444  8444 I BLASTBufferQueue_Java: new BLASTBufferQueue, mName= VRI[PopupWindow:f26ea09]@f4d7e2f mNativeObject= 0xb400007addc491a0 caller= android.view.ViewRootImpl.updateBlastSurfaceIfNeeded:3585 android.view.ViewRootImpl.relayoutWindow:11685 android.view.ViewRootImpl.performTraversals:4804 android.view.ViewRootImpl.doTraversal:3924 android.view.ViewRootImpl$TraversalRunnable.run:12903 android.view.Choreographer$CallbackRecord.run:1901 android.view.Choreographer$CallbackRecord.run:1910 android.view.Choreographer.doCallbacks:1367 android.view.Choreographer.doFrame:1292 android.view.Choreographer$FrameDisplayEventReceiver.run:1870 
11-23 20:56:01.979  8444  8444 I BLASTBufferQueue_Java: update, w= 1440 h= 94 mName = VRI[PopupWindow:f26ea09]@f4d7e2f mNativeObject= 0xb400007addc491a0 sc.mNativeObject= 0xb400007b7daba590 format= -3 caller= android.view.ViewRootImpl.updateBlastSurfaceIfNeeded:3590 android.view.ViewRootImpl.relayoutWindow:11685 android.view.ViewRootImpl.performTraversals:4804 android.view.ViewRootImpl.doTraversal:3924 android.view.ViewRootImpl$TraversalRunnable.run:12903 android.view.Choreographer$CallbackRecord.run:1901 
11-23 20:56:01.979  8444  8444 W libc    : Access denied finding property "vendor.display.enable_optimal_refresh_rate"
11-23 20:56:01.980  8444  8444 I VRI[PopupWindow:f26ea09]@f4d7e2f: Relayout returned: old=(0,100,1440,3032) new=(0,100,1440,194) relayoutAsync=false req=(1440,94)0 dur=6 res=0x3 s={true 0xb400007bedc97cc0} ch=true seqId=0
11-23 20:56:01.981  8444  8444 I VRI[PopupWindow:f26ea09]@f4d7e2f: performConfigurationChange setNightDimText nightDimLevel=0
11-23 20:56:01.983  8444  8444 D VRI[PopupWindow:f26ea09]@f4d7e2f: mThreadedRenderer.initialize() mSurface={isValid=true 0xb400007bedc97cc0} hwInitialized=true
11-23 20:56:01.984  8444  8444 D VRI[PopupWindow:f26ea09]@f4d7e2f: reportNextDraw android.view.ViewRootImpl.performTraversals:5443 android.view.ViewRootImpl.doTraversal:3924 android.view.ViewRootImpl$TraversalRunnable.run:12903 android.view.Choreographer$CallbackRecord.run:1901 android.view.Choreographer$CallbackRecord.run:1910 
11-23 20:56:01.984  8444  8444 D VRI[PopupWindow:f26ea09]@f4d7e2f: Setup new sync=wmsSync-VRI[PopupWindow:f26ea09]@f4d7e2f#16
11-23 20:56:01.985  8444  8444 I VRI[PopupWindow:f26ea09]@f4d7e2f: Creating new active sync group VRI[PopupWindow:f26ea09]@f4d7e2f#17
11-23 20:56:01.986  8444  8444 D VRI[PopupWindow:f26ea09]@f4d7e2f: registerCallbacksForSync syncBuffer=false
11-23 20:56:01.988  8444  8526 D VRI[PopupWindow:f26ea09]@f4d7e2f: Received frameDrawingCallback syncResult=0 frameNum=1.
11-23 20:56:01.988  8444  8526 I VRI[PopupWindow:f26ea09]@f4d7e2f: mWNT: t=0xb400007c8db21290 mBlastBufferQueue=0xb400007addc491a0 fn= 1 HdrRenderState mRenderHdrSdrRatio=1.0 caller= android.view.ViewRootImpl$12.onFrameDraw:15441 android.view.ThreadedRenderer$1.onFrameDraw:718 <bottom of call stack> 
11-23 20:56:01.988  8444  8526 I VRI[PopupWindow:f26ea09]@f4d7e2f: Setting up sync and frameCommitCallback
11-23 20:56:01.989  8444  8506 I BLASTBufferQueue: [VRI[PopupWindow:f26ea09]@f4d7e2f#5](f:0,a:0,s:0) onFrameAvailable the first frame is available
11-23 20:56:01.989  8444  8506 I SurfaceComposerClient: apply transaction with the first frame. layerId: 57751, bufferData(ID: 36266703847447, frameNumber: 1)
11-23 20:56:01.989  8444  8506 I VRI[PopupWindow:f26ea09]@f4d7e2f: Received frameCommittedCallback lastAttemptedDrawFrameNum=1 didProduceBuffer=true
11-23 20:56:01.990  8444  8506 D HWUI    : CFMS:: SetUp Pid : 8444    Tid : 8506
11-23 20:56:01.990  8444  8444 D VRI[PopupWindow:f26ea09]@f4d7e2f: reportDrawFinished seqId=0
11-23 20:56:01.991  8444  8444 I VRI[PopupWindow:f26ea09]@f4d7e2f: handleResized, frames=ClientWindowFrames{frame=[0,100][1440,194] display=[0,100][1440,3032] parentFrame=[0,0][0,0] attachedFrame=[0,0][1440,3088]} displayId=0 dragResizing=false compatScale=1.0 frameChanged=false attachedFrameChanged=false configChanged=false displayChanged=false compatScaleChanged=false dragResizingChanged=false
11-23 20:56:01.991  8444  8444 I VRI[PopupWindow:f26ea09]@f4d7e2f: handleResized mSyncSeqId = 0
11-23 20:56:01.991  8444  8444 D VRI[PopupWindow:f26ea09]@f4d7e2f: reportNextDraw android.view.ViewRootImpl.handleResized:2983 android.view.ViewRootImpl.-$$Nest$mhandleResized:0 android.view.ViewRootImpl$W.resized:14082 android.app.servertransaction.WindowStateResizeItem.execute:93 android.app.servertransaction.WindowStateTransactionItem.execute:62 
11-23 20:56:01.992  8444  8444 D VRI[PopupWindow:f26ea09]@f4d7e2f: Setup new sync=wmsSync-VRI[PopupWindow:f26ea09]@f4d7e2f#18
11-23 20:56:01.992  8444  8444 I VRI[PopupWindow:f26ea09]@f4d7e2f: Creating new active sync group VRI[PopupWindow:f26ea09]@f4d7e2f#19
11-23 20:56:01.992  8444  8444 D VRI[PopupWindow:f26ea09]@f4d7e2f: registerCallbacksForSync syncBuffer=false
11-23 20:56:01.993  8444  8524 D VRI[PopupWindow:f26ea09]@f4d7e2f: Received frameDrawingCallback syncResult=0 frameNum=2.
11-23 20:56:01.993  8444  8524 I VRI[PopupWindow:f26ea09]@f4d7e2f: Setting up sync and frameCommitCallback
11-23 20:56:01.994  8444  8506 I VRI[PopupWindow:f26ea09]@f4d7e2f: Received frameCommittedCallback lastAttemptedDrawFrameNum=2 didProduceBuffer=false
11-23 20:56:01.994  8444  8506 I BLASTBufferQueue_Java: gatherPendingTransactions, mName= VRI[PopupWindow:f26ea09]@f4d7e2f mNativeObject= 0xb400007addc491a0 frameNumber= 2 caller= android.view.ViewRootImpl$12.lambda$onFrameDraw$3:15525 android.view.ViewRootImpl$12.$r8$lambda$CTo3ExVBk8akdVTGlqHPAoYLRVI:0 android.view.ViewRootImpl$12$$ExternalSyntheticLambda1.onFrameCommit:0 android.view.ThreadedRenderer$1.lambda$onFrameDraw$0:730 android.view.ThreadedRenderer$1$$ExternalSyntheticLambda0.onFrameCommit:0 <bottom of call stack> 
11-23 20:56:01.994  8444  8444 D VRI[PopupWindow:f26ea09]@f4d7e2f: reportDrawFinished seqId=0
11-23 20:56:02.746  8444  8521 D Detox.RNMarker: DOWNLOAD_END ({"url":"http:\/\/localhost:8081\/index.bundle?platform=android&dev=true&lazy=true&minify=false&app=dev.souschef.app&modulesOnly=false&runModule=true&excludeSource=true&sourcePaths=url-server","filesChangedCount":0})
11-23 20:56:02.746  8444  8521 W unknown:BridgelessReact: ReactHost{0}.loadJSBundleFromMetro(): Creating BundleLoader
11-23 20:56:02.746  8444  8444 W WindowOnBackDispatcher: sendCancelIfRunning: isInProgress=false callback=android.widget.PopupWindow$PopupDecorView$$ExternalSyntheticLambda1@e6be31a
11-23 20:56:02.746  8444  8520 W unknown:BridgelessReact: ReactHost{0}.getOrCreateReactContext(): Creating BridgelessReactContext
11-23 20:56:02.746  8444  8520 W unknown:BridgelessReact: ReactHost{0}.getOrCreateReactInstanceTask(): Creating ReactInstance
11-23 20:56:02.746  8444  8444 I WindowManager: WindowManagerGlobal#removeView, ty=1000, view=android.widget.PopupWindow$PopupDecorView{ad6940e V.E...... R....... 0,0-1440,94}, caller=android.view.WindowManagerGlobal.removeView:654 android.view.WindowManagerImpl.removeViewImmediate:216 android.widget.PopupWindow.dismissImmediate:2415 
11-23 20:56:02.748  8444  8520 W unknown:ReactNative: Inspector connection already open, nooping.
11-23 20:56:02.751  8444  8444 I VRI[PopupWindow:f26ea09]@f4d7e2f: dispatchDetachedFromWindow
11-23 20:56:02.755  8444  8444 D InputTransport: Input channel destroyed: '84a881 ', fd=160
11-23 20:56:02.763  8444  8725 I CameraDevices: Initializing ProcessCameraProvider...
11-23 20:56:02.763  8444  8725 I CameraDevices: Initializing ExtensionsManager...
11-23 20:56:02.763  8444  8725 I CameraDevices: Successfully initialized!
11-23 20:56:02.764  8444  8725 D CapabilitiesByQuality: profiles = ImmutableEncoderProfilesProxy{defaultDurationSeconds=30, recommendedFileFormat=2, audioProfiles=[AudioProfileProxy{codec=3, mediaType=audio/mp4a-latm, bitrate=256000, sampleRate=48000, channels=2, profile=1}], videoProfiles=[VideoProfileProxy{codec=2, mediaType=video/avc, bitrate=48000000, frameRate=30, width=3840, height=2160, profile=-1, bitDepth=8, chromaSubsampling=0, hdrFormat=0}]}
11-23 20:56:02.765  8444  8725 D CapabilitiesByQuality: profiles = ImmutableEncoderProfilesProxy{defaultDurationSeconds=30, recommendedFileFormat=2, audioProfiles=[AudioProfileProxy{codec=3, mediaType=audio/mp4a-latm, bitrate=256000, sampleRate=48000, channels=2, profile=1}], videoProfiles=[VideoProfileProxy{codec=2, mediaType=video/avc, bitrate=17000000, frameRate=30, width=1920, height=1080, profile=-1, bitDepth=8, chromaSubsampling=0, hdrFormat=0}]}
11-23 20:56:02.765  8444  8725 D CapabilitiesByQuality: profiles = ImmutableEncoderProfilesProxy{defaultDurationSeconds=30, recommendedFileFormat=2, audioProfiles=[AudioProfileProxy{codec=3, mediaType=audio/mp4a-latm, bitrate=256000, sampleRate=48000, channels=2, profile=1}], videoProfiles=[VideoProfileProxy{codec=2, mediaType=video/avc, bitrate=12000000, frameRate=30, width=1280, height=720, profile=-1, bitDepth=8, chromaSubsampling=0, hdrFormat=0}]}
11-23 20:56:02.765  8444  8725 D CapabilitiesByQuality: profiles = ImmutableEncoderProfilesProxy{defaultDurationSeconds=30, recommendedFileFormat=2, audioProfiles=[AudioProfileProxy{codec=3, mediaType=audio/mp4a-latm, bitrate=256000, sampleRate=48000, channels=2, profile=1}], videoProfiles=[VideoProfileProxy{codec=2, mediaType=video/avc, bitrate=3449000, frameRate=30, width=720, height=480, profile=-1, bitDepth=8, chromaSubsampling=0, hdrFormat=0}]}
11-23 20:56:02.767  8444  8725 D CameraCharacteristicsUtil: isAvailableFeature(mode 202) : true
11-23 20:56:02.767  8444  8725 D CameraCharacteristicsUtil: isAvailableDynamicShotInfo : true
11-23 20:56:02.767  8444  8725 D CameraCharacteristicsUtil: isAvailableFeature(mode 101) : true
11-23 20:56:02.767  8444  8725 I cx/HdrExt#24: isExtensionAvailable: cameraId = 0, false
11-23 20:56:02.768  8444  8725 D CameraCharacteristicsUtil: isAvailableFeature(mode 201) : true
11-23 20:56:02.771  8444  8725 D CameraCharacteristicsUtil: isAvailableDynamicShotInfo : true
11-23 20:56:02.771  8444  8725 D CameraCharacteristicsUtil: isAvailableFeature(mode 101) : true
11-23 20:56:02.771  8444  8725 I cx/NightExt#25: isExtensionAvailable: cameraId = 0, false
11-23 20:56:02.771  8444  8725 D CameraCharacteristicsUtil: isAvailableFeature(mode 203) : false
11-23 20:56:02.771  8444  8725 I cx/SuperNightExt#26: isExtensionAvailable: cameraId = 0, false
11-23 20:56:02.783  8444  9258 D InstallReferrerState: OK
11-23 20:56:02.812  8444  8725 D CapabilitiesByQuality: profiles = ImmutableEncoderProfilesProxy{defaultDurationSeconds=30, recommendedFileFormat=2, audioProfiles=[AudioProfileProxy{codec=3, mediaType=audio/mp4a-latm, bitrate=256000, sampleRate=48000, channels=2, profile=1}], videoProfiles=[VideoProfileProxy{codec=2, mediaType=video/avc, bitrate=17000000, frameRate=30, width=1920, height=1080, profile=-1, bitDepth=8, chromaSubsampling=0, hdrFormat=0}]}
11-23 20:56:02.812  8444  8725 D CapabilitiesByQuality: profiles = ImmutableEncoderProfilesProxy{defaultDurationSeconds=30, recommendedFileFormat=2, audioProfiles=[AudioProfileProxy{codec=3, mediaType=audio/mp4a-latm, bitrate=256000, sampleRate=48000, channels=2, profile=1}], videoProfiles=[VideoProfileProxy{codec=2, mediaType=video/avc, bitrate=12000000, frameRate=30, width=1280, height=720, profile=-1, bitDepth=8, chromaSubsampling=0, hdrFormat=0}]}
11-23 20:56:02.812  8444  8725 D CapabilitiesByQuality: profiles = ImmutableEncoderProfilesProxy{defaultDurationSeconds=30, recommendedFileFormat=2, audioProfiles=[AudioProfileProxy{codec=3, mediaType=audio/mp4a-latm, bitrate=256000, sampleRate=48000, channels=2, profile=1}], videoProfiles=[VideoProfileProxy{codec=2, mediaType=video/avc, bitrate=3449000, frameRate=30, width=720, height=480, profile=-1, bitDepth=8, chromaSubsampling=0, hdrFormat=0}]}
11-23 20:56:02.813  8444  8725 D CameraCharacteristicsUtil: isAvailableFeature(mode 202) : true
11-23 20:56:02.813  8444  8725 D CameraCharacteristicsUtil: isAvailableDynamicShotInfo : true
11-23 20:56:02.813  8444  8725 D CameraCharacteristicsUtil: isAvailableFeature(mode 101) : true
11-23 20:56:02.813  8444  8725 I cx/HdrExt#27: isExtensionAvailable: cameraId = 1, false
11-23 20:56:02.814  8444  8725 D CameraCharacteristicsUtil: isAvailableFeature(mode 201) : true
11-23 20:56:02.814  8444  8725 D CameraCharacteristicsUtil: isAvailableDynamicShotInfo : true
11-23 20:56:02.814  8444  8725 D CameraCharacteristicsUtil: isAvailableFeature(mode 101) : true
11-23 20:56:02.814  8444  8725 I cx/NightExt#28: isExtensionAvailable: cameraId = 1, false
11-23 20:56:02.814  8444  8725 D CameraCharacteristicsUtil: isAvailableFeature(mode 203) : false
11-23 20:56:02.814  8444  8725 I cx/SuperNightExt#29: isExtensionAvailable: cameraId = 1, false
11-23 20:56:02.836  8444  8725 D CapabilitiesByQuality: profiles = ImmutableEncoderProfilesProxy{defaultDurationSeconds=30, recommendedFileFormat=2, audioProfiles=[AudioProfileProxy{codec=3, mediaType=audio/mp4a-latm, bitrate=256000, sampleRate=48000, channels=2, profile=1}], videoProfiles=[VideoProfileProxy{codec=2, mediaType=video/avc, bitrate=17000000, frameRate=30, width=1920, height=1080, profile=-1, bitDepth=8, chromaSubsampling=0, hdrFormat=0}]}
11-23 20:56:02.836  8444  8725 D CapabilitiesByQuality: profiles = ImmutableEncoderProfilesProxy{defaultDurationSeconds=30, recommendedFileFormat=2, audioProfiles=[AudioProfileProxy{codec=3, mediaType=audio/mp4a-latm, bitrate=256000, sampleRate=48000, channels=2, profile=1}], videoProfiles=[VideoProfileProxy{codec=2, mediaType=video/avc, bitrate=12000000, frameRate=30, width=1280, height=720, profile=-1, bitDepth=8, chromaSubsampling=0, hdrFormat=0}]}
11-23 20:56:02.836  8444  8725 D CapabilitiesByQuality: profiles = ImmutableEncoderProfilesProxy{defaultDurationSeconds=30, recommendedFileFormat=2, audioProfiles=[AudioProfileProxy{codec=3, mediaType=audio/mp4a-latm, bitrate=256000, sampleRate=48000, channels=2, profile=1}], videoProfiles=[VideoProfileProxy{codec=2, mediaType=video/avc, bitrate=3449000, frameRate=30, width=720, height=480, profile=-1, bitDepth=8, chromaSubsampling=0, hdrFormat=0}]}
11-23 20:56:02.837  8444  8725 D CameraCharacteristicsUtil: isAvailableFeature(mode 202) : true
11-23 20:56:02.837  8444  8725 D CameraCharacteristicsUtil: isAvailableDynamicShotInfo : true
11-23 20:56:02.837  8444  8725 D CameraCharacteristicsUtil: isAvailableFeature(mode 101) : true
11-23 20:56:02.837  8444  8725 I cx/HdrExt#30: isExtensionAvailable: cameraId = 2, false
11-23 20:56:02.837  8444  8725 D CameraCharacteristicsUtil: isAvailableFeature(mode 201) : true
11-23 20:56:02.837  8444  8725 D CameraCharacteristicsUtil: isAvailableDynamicShotInfo : true
11-23 20:56:02.837  8444  8725 D CameraCharacteristicsUtil: isAvailableFeature(mode 101) : true
11-23 20:56:02.837  8444  8725 I cx/NightExt#31: isExtensionAvailable: cameraId = 2, false
11-23 20:56:02.837  8444  8725 D CameraCharacteristicsUtil: isAvailableFeature(mode 203) : false
11-23 20:56:02.837  8444  8725 I cx/SuperNightExt#32: isExtensionAvailable: cameraId = 2, false
11-23 20:56:02.861  8444  8725 D CapabilitiesByQuality: profiles = ImmutableEncoderProfilesProxy{defaultDurationSeconds=30, recommendedFileFormat=2, audioProfiles=[AudioProfileProxy{codec=3, mediaType=audio/mp4a-latm, bitrate=256000, sampleRate=48000, channels=2, profile=1}], videoProfiles=[VideoProfileProxy{codec=2, mediaType=video/avc, bitrate=17000000, frameRate=30, width=1920, height=1080, profile=-1, bitDepth=8, chromaSubsampling=0, hdrFormat=0}]}
11-23 20:56:02.861  8444  8725 D CapabilitiesByQuality: profiles = ImmutableEncoderProfilesProxy{defaultDurationSeconds=30, recommendedFileFormat=2, audioProfiles=[AudioProfileProxy{codec=3, mediaType=audio/mp4a-latm, bitrate=256000, sampleRate=48000, channels=2, profile=1}], videoProfiles=[VideoProfileProxy{codec=2, mediaType=video/avc, bitrate=12000000, frameRate=30, width=1280, height=720, profile=-1, bitDepth=8, chromaSubsampling=0, hdrFormat=0}]}
11-23 20:56:02.862  8444  8725 D CapabilitiesByQuality: profiles = ImmutableEncoderProfilesProxy{defaultDurationSeconds=30, recommendedFileFormat=2, audioProfiles=[AudioProfileProxy{codec=3, mediaType=audio/mp4a-latm, bitrate=256000, sampleRate=48000, channels=2, profile=1}], videoProfiles=[VideoProfileProxy{codec=2, mediaType=video/avc, bitrate=3449000, frameRate=30, width=720, height=480, profile=-1, bitDepth=8, chromaSubsampling=0, hdrFormat=0}]}
11-23 20:56:02.862  8444  8725 D CameraCharacteristicsUtil: isAvailableFeature(mode 202) : true
11-23 20:56:02.862  8444  8725 D CameraCharacteristicsUtil: isAvailableDynamicShotInfo : true
11-23 20:56:02.862  8444  8725 D CameraCharacteristicsUtil: isAvailableFeature(mode 101) : true
11-23 20:56:02.862  8444  8725 I cx/HdrExt#33: isExtensionAvailable: cameraId = 3, false
11-23 20:56:02.863  8444  8725 D CameraCharacteristicsUtil: isAvailableFeature(mode 201) : true
11-23 20:56:02.863  8444  8725 D CameraCharacteristicsUtil: isAvailableDynamicShotInfo : true
11-23 20:56:02.863  8444  8725 D CameraCharacteristicsUtil: isAvailableFeature(mode 101) : true
11-23 20:56:02.863  8444  8725 I cx/NightExt#34: isExtensionAvailable: cameraId = 3, false
11-23 20:56:02.863  8444  8725 D CameraCharacteristicsUtil: isAvailableFeature(mode 203) : false
11-23 20:56:02.863  8444  8725 I cx/SuperNightExt#35: isExtensionAvailable: cameraId = 3, false
11-23 20:56:02.874  8444  8520 W unknown:BridgelessReact: ReactHost{0}.getOrCreateReactInstanceTask(): Loading JS Bundle
11-23 20:56:02.874  8444  8520 W unknown:BridgelessReact: ReactHost{0}.getOrCreateReactInstanceTask(): Calling DevSupportManagerBase.onNewReactContextCreated(reactContext)
11-23 20:56:02.874  8444  9255 D Detox.RNMarker: RUN_JS_BUNDLE_START (/index.bundle?platform=android&dev=true&lazy=true&minify=false&app=dev.souschef.app&modulesOnly=false&runModule=true&excludeSource=true&sourcePaths=url-server)
11-23 20:56:02.876  8444  8520 W unknown:BridgelessReact: ReactHost{0}.getOrCreateReloadTask(): Restarting previously running React Native Surfaces
11-23 20:56:02.876  8444  8520 W unknown:BridgelessReact: ReactHost{0}.getOrCreateReloadTask(): Resetting reload task ref
11-23 20:56:02.877  8444  8444 W unknown:ReactNative: Packager connection already open, nooping.
11-23 20:56:02.877  8444  8444 W unknown:BridgelessReact: ReactContext.onHostResume()
11-23 20:56:02.877  8444  9256 W BridgelessReactContext: [WARNING] Bridgeless doesn't support CatalystInstance. Accessing an API that's not part of the new architecture is not encouraged usage.
11-23 20:56:02.878  8444  8444 W unknown:BridgelessReact: ReactHost{0}.getOrCreateReactInstanceTask(): Executing ReactInstanceEventListeners
11-23 20:56:02.878  8444  8444 I DetoxRNLoading: Got new RN-context through listener
11-23 20:56:02.879  8444  8489 I DetoxWSClient: Sending out action 'ready' (ID #-1000)
11-23 20:56:02.879  8444  8489 I DetoxDispatcher: Done with action 'reactNativeReload'
11-23 20:56:03.106  8444  8444 I VRI[MainActivity]@8e53a52: call setFrameRateCategory for touch hint category=no preference, reason=boost timeout, vri=VRI[MainActivity]@8e53a52
11-23 20:56:04.069  8444  9255 I ReactNativeJS: 🔧 Apollo: Memory management configured for mobile
11-23 20:56:04.085  8444  9255 I Nitro.HybridObjectRegistry: Unregistering HybridObject "UnistylesRuntime"...
11-23 20:56:04.085  8444  9255 I Nitro.HybridObjectRegistry: Unregistering HybridObject "UnistylesStyleSheet"...
11-23 20:56:04.085  8444  9255 I Nitro.HybridObjectRegistry: Unregistering HybridObject "UnistylesShadowRegistry"...
11-23 20:56:04.086  8444  9255 I Nitro.HybridObjectRegistry: Registering HybridObject "UnistylesRuntime"...
11-23 20:56:04.086  8444  9255 I Nitro.HybridObjectRegistry: Successfully registered HybridObject "UnistylesRuntime"!
11-23 20:56:04.086  8444  9255 I Nitro.HybridObjectRegistry: Registering HybridObject "UnistylesStyleSheet"...
11-23 20:56:04.086  8444  9255 I Nitro.HybridObjectRegistry: Successfully registered HybridObject "UnistylesStyleSheet"!
11-23 20:56:04.086  8444  9255 I Nitro.HybridObjectRegistry: Registering HybridObject "UnistylesShadowRegistry"...
11-23 20:56:04.086  8444  9255 I Nitro.HybridObjectRegistry: Successfully registered HybridObject "UnistylesShadowRegistry"!
11-23 20:56:04.089  8444  9255 I Nitro.Dispatcher: Installing global Dispatcher Holder into Runtime "HermesRuntime[RNBridgeless] (Thread #521165648832)"...
11-23 20:56:04.090  8444  9255 I Nitro.HybridObjectPrototype: Creating new JS prototype for C++ instance type "HybridNitroModulesProxy"...
11-23 20:56:04.090  8444  9255 I Nitro.HybridObjectPrototype: Creating new JS prototype for C++ instance type "HybridObject"...
11-23 20:56:04.090  8444  9255 I Nitro.JSICache: Creating new JSICache<T> for runtime HermesRuntime[RNBridgeless] (Thread #521165648832)..
11-23 20:56:04.105  8444  9255 W [RNScreens]: InsetObserverProxy registers on new context while it has not been invalidated on the old one. Please report this as issue at https://github.com/software-mansion/react-native-screens/issues
11-23 20:56:04.106  8444  9255 W unknown:ViewManagerPropertyUpdater: Could not find generated setter for class com.th3rdwave.safeareacontext.SafeAreaProviderManager
11-23 20:56:04.111  8444  9255 W unknown:ViewManagerPropertyUpdater: Could not find generated setter for class com.facebook.react.uimanager.LayoutShadowNode
11-23 20:56:04.114  8444  9255 W unknown:ViewManagerPropertyUpdater: Could not find generated setter for class com.swmansion.rnscreens.SearchBarManager
11-23 20:56:04.116  8444  9255 W unknown:ViewManagerPropertyUpdater: Could not find generated setter for class com.swmansion.rnscreens.ScreenFooterManager
11-23 20:56:04.117  8444  9255 W unknown:ViewManagerPropertyUpdater: Could not find generated setter for class com.swmansion.rnscreens.gamma.tabs.TabScreenViewManager
11-23 20:56:04.119  8444  9255 W unknown:ViewManagerPropertyUpdater: Could not find generated setter for class com.swmansion.rnscreens.ScreenContainerViewManager
11-23 20:56:04.120  8444  9255 W unknown:ViewManagerPropertyUpdater: Could not find generated setter for class com.swmansion.rnscreens.gamma.tabs.TabsHostViewManager
11-23 20:56:04.122  8444  9255 W unknown:ViewManagerPropertyUpdater: Could not find generated setter for class com.swmansion.rnscreens.ModalScreenViewManager
11-23 20:56:04.124  8444  9255 W unknown:ViewManagerPropertyUpdater: Could not find generated setter for class com.swmansion.rnscreens.ScreenStackHeaderConfigViewManager
11-23 20:56:04.126  8444  9255 E unknown:UIManagerModuleConstantsHelper: Direct event name for 'CameraView' doesn't correspond to the naming convention, expected 'topEventName'->'onEventName', got 'topCameraStarted'->'onStarted'
11-23 20:56:04.126  8444  9255 E unknown:UIManagerModuleConstantsHelper: Direct event name for 'CameraView' doesn't correspond to the naming convention, expected 'topEventName'->'onEventName', got 'topCameraError'->'onError'
11-23 20:56:04.126  8444  9255 E unknown:UIManagerModuleConstantsHelper: Direct event name for 'CameraView' doesn't correspond to the naming convention, expected 'topEventName'->'onEventName', got 'topCameraViewReady'->'onViewReady'
11-23 20:56:04.126  8444  9255 E unknown:UIManagerModuleConstantsHelper: Direct event name for 'CameraView' doesn't correspond to the naming convention, expected 'topEventName'->'onEventName', got 'topCameraAverageFpsChanged'->'onAverageFpsChanged'
11-23 20:56:04.126  8444  9255 E unknown:UIManagerModuleConstantsHelper: Direct event name for 'CameraView' doesn't correspond to the naming convention, expected 'topEventName'->'onEventName', got 'topCameraShutter'->'onShutter'
11-23 20:56:04.126  8444  9255 E unknown:UIManagerModuleConstantsHelper: Direct event name for 'CameraView' doesn't correspond to the naming convention, expected 'topEventName'->'onEventName', got 'topCameraOutputOrientationChanged'->'onOutputOrientationChanged'
11-23 20:56:04.126  8444  9255 E unknown:UIManagerModuleConstantsHelper: Direct event name for 'CameraView' doesn't correspond to the naming convention, expected 'topEventName'->'onEventName', got 'topCameraInitialized'->'onInitialized'
11-23 20:56:04.126  8444  9255 E unknown:UIManagerModuleConstantsHelper: Direct event name for 'CameraView' doesn't correspond to the naming convention, expected 'topEventName'->'onEventName', got 'topCameraCodeScanned'->'onCodeScanned'
11-23 20:56:04.126  8444  9255 E unknown:UIManagerModuleConstantsHelper: Direct event name for 'CameraView' doesn't correspond to the naming convention, expected 'topEventName'->'onEventName', got 'topCameraPreviewOrientationChanged'->'onPreviewOrientationChanged'
11-23 20:56:04.126  8444  9255 E unknown:UIManagerModuleConstantsHelper: Direct event name for 'CameraView' doesn't correspond to the naming convention, expected 'topEventName'->'onEventName', got 'topCameraStopped'->'onStopped'
11-23 20:56:04.126  8444  9255 E unknown:UIManagerModuleConstantsHelper: Direct event name for 'CameraView' doesn't correspond to the naming convention, expected 'topEventName'->'onEventName', got 'topCameraPreviewStarted'->'onPreviewStarted'
11-23 20:56:04.126  8444  9255 E unknown:UIManagerModuleConstantsHelper: Direct event name for 'CameraView' doesn't correspond to the naming convention, expected 'topEventName'->'onEventName', got 'topCameraPreviewStopped'->'onPreviewStopped'
11-23 20:56:04.127  8444  9255 W unknown:ViewManagerPropertyUpdater: Could not find generated setter for class com.mrousavy.camera.react.CameraViewManager
11-23 20:56:04.129  8444  9255 W unknown:ViewManagerPropertyUpdater: Could not find generated setter for class com.swmansion.rnscreens.ScreenContentWrapperManager
11-23 20:56:04.130  8444  9255 W unknown:ViewManagerPropertyUpdater: Could not find generated setter for class com.th3rdwave.safeareacontext.SafeAreaViewManager
11-23 20:56:04.133  8444  9255 W unknown:ViewManagerPropertyUpdater: Could not find generated setter for class com.th3rdwave.safeareacontext.SafeAreaViewShadowNode
11-23 20:56:04.135  8444  9255 W unknown:ViewManagerPropertyUpdater: Could not find generated setter for class com.swmansion.rnscreens.safearea.SafeAreaViewManager
11-23 20:56:04.135  8444  9255 W unknown:ViewManagerPropertyUpdater: Could not find generated setter for class com.swmansion.rnscreens.safearea.paper.SafeAreaViewShadowNode
11-23 20:56:04.137  8444  9255 W unknown:ViewManagerPropertyUpdater: Could not find generated setter for class com.swmansion.rnscreens.ScreenViewManager
11-23 20:56:04.138  8444  9255 W unknown:ViewManagerPropertyUpdater: Could not find generated setter for class com.reactnativepagerview.PagerViewViewManager
11-23 20:56:04.140  8444  9255 W unknown:ViewManagerPropertyUpdater: Could not find generated setter for class com.swmansion.rnscreens.ScreenStackHeaderSubviewManager
11-23 20:56:04.141  8444  9255 W unknown:ViewManagerPropertyUpdater: Could not find generated setter for class com.reactnativecommunity.picker.ReactDialogPickerManager
11-23 20:56:04.142  8444  9255 W unknown:ViewManagerPropertyUpdater: Could not find generated setter for class com.reactnativecommunity.picker.ReactPickerShadowNode
11-23 20:56:04.143  8444  9255 W unknown:ViewManagerPropertyUpdater: Could not find generated setter for class com.swmansion.rnscreens.ScreenStackViewManager
11-23 20:56:04.144  8444  9255 W unknown:ViewManagerPropertyUpdater: Could not find generated setter for class com.reactnativecommunity.picker.ReactDropdownPickerManager
11-23 20:56:04.278  8444  9255 W unknown:ViewManagerPropertyUpdater: Could not find generated setter for class com.horcrux.svg.RenderableViewManager$FeMergeManager
11-23 20:56:04.281  8444  9255 W unknown:ViewManagerPropertyUpdater: Could not find generated setter for class com.horcrux.svg.VirtualViewManager$RenderableShadowNode
11-23 20:56:04.290  8444  9255 W unknown:ViewManagerPropertyUpdater: Could not find generated setter for class com.facebook.react.views.safeareaview.ReactSafeAreaViewManager
11-23 20:56:04.299  8444  9255 W unknown:ViewManagerPropertyUpdater: Could not find generated setter for class com.horcrux.svg.RenderableViewManager$LinearGradientManager
11-23 20:56:04.306  8444  9255 W unknown:ViewManagerPropertyUpdater: Could not find generated setter for class com.facebook.react.views.progressbar.ReactProgressBarViewManager
11-23 20:56:04.307  8444  9255 W unknown:ViewManagerPropertyUpdater: Could not find generated setter for class com.facebook.react.views.progressbar.ProgressBarShadowNode
11-23 20:56:04.315  8444  9255 W unknown:ViewManagerPropertyUpdater: Could not find generated setter for class com.horcrux.svg.RenderableViewManager$FeColorMatrixManager
11-23 20:56:04.322  8444  9255 W unknown:ViewManagerPropertyUpdater: Could not find generated setter for class com.horcrux.svg.RenderableViewManager$SymbolManager
11-23 20:56:04.333  8444  9255 W unknown:ViewManagerPropertyUpdater: Could not find generated setter for class com.horcrux.svg.RenderableViewManager$PatternManager
11-23 20:56:04.345  8444  9255 W unknown:ViewManagerPropertyUpdater: Could not find generated setter for class com.horcrux.svg.SvgViewManager
11-23 20:56:04.355  8444  9255 W unknown:ViewManagerPropertyUpdater: Could not find generated setter for class com.facebook.react.views.switchview.ReactSwitchManager
11-23 20:56:04.357  8444  9255 W unknown:ViewManagerPropertyUpdater: Could not find generated setter for class com.facebook.react.views.switchview.ReactSwitchShadowNode
11-23 20:56:04.365  8444  9255 W unknown:ViewManagerPropertyUpdater: Could not find generated setter for class com.horcrux.svg.RenderableViewManager$UseViewManager
11-23 20:56:04.375  8444  9255 W unknown:ViewManagerPropertyUpdater: Could not find generated setter for class com.horcrux.svg.RenderableViewManager$TSpanViewManager
11-23 20:56:04.387  8444  9255 W unknown:ViewManagerPropertyUpdater: Could not find generated setter for class com.horcrux.svg.RenderableViewManager$FilterManager
11-23 20:56:04.395  8444  9255 W unknown:ViewManagerPropertyUpdater: Could not find generated setter for class com.horcrux.svg.RenderableViewManager$MarkerManager
11-23 20:56:04.406  8444  9255 W unknown:ViewManagerPropertyUpdater: Could not find generated setter for class com.swmansion.gesturehandler.react.RNGestureHandlerButtonViewManager
11-23 20:56:04.415  8444  9255 W unknown:ViewManagerPropertyUpdater: Could not find generated setter for class com.horcrux.svg.RenderableViewManager$ForeignObjectManager
11-23 20:56:04.427  8444  9255 W unknown:ViewManagerPropertyUpdater: Could not find generated setter for class com.horcrux.svg.RenderableViewManager$GroupViewManager
11-23 20:56:04.435  8444  9255 W unknown:ViewManagerPropertyUpdater: Could not find generated setter for class com.horcrux.svg.RenderableViewManager$TextViewManager
11-23 20:56:04.445  8444  9255 W unknown:ViewManagerPropertyUpdater: Could not find generated setter for class com.horcrux.svg.RenderableViewManager$ImageViewManager
11-23 20:56:04.465  8444  9255 W unknown:ViewManagerPropertyUpdater: Could not find generated setter for class com.horcrux.svg.RenderableViewManager$FeCompositeManager
11-23 20:56:04.476  8444  9255 W unknown:ViewManagerPropertyUpdater: Could not find generated setter for class com.horcrux.svg.RenderableViewManager$RadialGradientManager
11-23 20:56:04.486  8444  9255 W unknown:ViewManagerPropertyUpdater: Could not find generated setter for class com.facebook.react.views.unimplementedview.ReactUnimplementedViewManager
11-23 20:56:04.493  8444  9255 W unknown:ViewManagerPropertyUpdater: Could not find generated setter for class com.horcrux.svg.RenderableViewManager$FeOffsetManager
11-23 20:56:04.500  8444  9255 W unknown:ViewManagerPropertyUpdater: Could not find generated setter for class com.horcrux.svg.RenderableViewManager$PathViewManager
11-23 20:56:04.510  8444  9255 W unknown:ViewManagerPropertyUpdater: Could not find generated setter for class com.facebook.react.views.drawer.ReactDrawerLayoutManager
11-23 20:56:04.519  8444  9255 W unknown:ViewManagerPropertyUpdater: Could not find generated setter for class com.facebook.react.views.textinput.ReactTextInputManager
11-23 20:56:04.523  8444  9255 W unknown:ViewManagerPropertyUpdater: Could not find generated setter for class com.facebook.react.views.textinput.ReactTextInputShadowNode
11-23 20:56:04.535  8444  9255 W unknown:ViewManagerPropertyUpdater: Could not find generated setter for class com.horcrux.svg.RenderableViewManager$DefsViewManager
11-23 20:56:04.543  8444  9255 W unknown:ViewManagerPropertyUpdater: Could not find generated setter for class com.facebook.react.views.debuggingoverlay.DebuggingOverlayManager
11-23 20:56:04.551  8444  9255 W unknown:ViewManagerPropertyUpdater: Could not find generated setter for class com.horcrux.svg.RenderableViewManager$FeGaussianBlurManager
11-23 20:56:04.560  8444  9255 W unknown:ViewManagerPropertyUpdater: Could not find generated setter for class com.facebook.react.views.scroll.ReactHorizontalScrollViewManager
11-23 20:56:04.571  8444  9255 W unknown:ViewManagerPropertyUpdater: Could not find generated setter for class com.facebook.react.views.text.ReactTextViewManager
11-23 20:56:04.573  8444  9255 W unknown:ViewManagerPropertyUpdater: Could not find generated setter for class com.facebook.react.views.text.ReactTextShadowNode
11-23 20:56:04.583  8444  9255 W unknown:ViewManagerPropertyUpdater: Could not find generated setter for class com.facebook.react.views.scroll.ReactHorizontalScrollContainerViewManager
11-23 20:56:04.592  8444  9255 W unknown:ViewManagerPropertyUpdater: Could not find generated setter for class com.horcrux.svg.RenderableViewManager$ClipPathViewManager
11-23 20:56:04.602  8444  9255 W unknown:ViewManagerPropertyUpdater: Could not find generated setter for class com.horcrux.svg.RenderableViewManager$FeBlendManager
11-23 20:56:04.611  8444  9255 W unknown:ViewManagerPropertyUpdater: Could not find generated setter for class com.facebook.react.views.view.ReactViewManager
11-23 20:56:04.621  8444  9255 W unknown:ViewManagerPropertyUpdater: Could not find generated setter for class com.horcrux.svg.RenderableViewManager$CircleViewManager
11-23 20:56:04.631  8444  9255 W unknown:ViewManagerPropertyUpdater: Could not find generated setter for class com.facebook.react.views.modal.ReactModalHostManager
11-23 20:56:04.640  8444  9255 W unknown:ViewManagerPropertyUpdater: Could not find generated setter for class com.horcrux.svg.RenderableViewManager$EllipseViewManager
11-23 20:56:04.650  8444  9255 W unknown:ViewManagerPropertyUpdater: Could not find generated setter for class com.horcrux.svg.RenderableViewManager$LineViewManager
11-23 20:56:04.660  8444  9255 W unknown:ViewManagerPropertyUpdater: Could not find generated setter for class com.facebook.react.views.text.frescosupport.FrescoBasedReactTextInlineImageViewManager
11-23 20:56:04.661  8444  9255 W unknown:ViewManagerPropertyUpdater: Could not find generated setter for class com.facebook.react.views.text.frescosupport.FrescoBasedReactTextInlineImageShadowNode
11-23 20:56:04.669  8444  9255 W unknown:ViewManagerPropertyUpdater: Could not find generated setter for class com.horcrux.svg.RenderableViewManager$FeFloodManager
11-23 20:56:04.678  8444  9255 W unknown:ViewManagerPropertyUpdater: Could not find generated setter for class com.facebook.react.views.image.ReactImageManager
11-23 20:56:04.701  8444  9255 W unknown:ViewManagerPropertyUpdater: Could not find generated setter for class com.horcrux.svg.RenderableViewManager$MaskManager
11-23 20:56:04.712  8444  9255 W unknown:ViewManagerPropertyUpdater: Could not find generated setter for class com.horcrux.svg.RenderableViewManager$RectViewManager
11-23 20:56:04.723  8444  9255 W unknown:ViewManagerPropertyUpdater: Could not find generated setter for class com.horcrux.svg.RenderableViewManager$TextPathViewManager
11-23 20:56:04.734  8444  9255 W unknown:ViewManagerPropertyUpdater: Could not find generated setter for class com.facebook.react.views.scroll.ReactScrollViewManager
11-23 20:56:04.745  8444  9255 W unknown:ViewManagerPropertyUpdater: Could not find generated setter for class com.facebook.react.views.text.ReactVirtualTextViewManager
11-23 20:56:04.746  8444  9255 W unknown:ViewManagerPropertyUpdater: Could not find generated setter for class com.facebook.react.views.text.ReactVirtualTextShadowNode
11-23 20:56:04.754  8444  9255 W unknown:ViewManagerPropertyUpdater: Could not find generated setter for class com.facebook.react.views.swiperefresh.SwipeRefreshLayoutManager
11-23 20:56:04.762  8444  9255 W unknown:ViewManagerPropertyUpdater: Could not find generated setter for class com.facebook.react.views.text.ReactRawTextManager
11-23 20:56:04.762  8444  9255 W unknown:ViewManagerPropertyUpdater: Could not find generated setter for class com.facebook.react.views.text.ReactRawTextShadowNode
11-23 20:56:04.764  8444  9255 W unknown:ViewManagerPropertyUpdater: Could not find generated setter for class com.swmansion.gesturehandler.react.RNGestureHandlerRootViewManager
11-23 20:56:04.781  8444  9255 I Nitro.HybridObjectPrototype: Creating new JS prototype for C++ instance type "HybridStyleSheet"...
11-23 20:56:04.781  8444  9255 I Nitro.HybridObjectPrototype: Creating new JS prototype for C++ instance type "HybridUnistylesStyleSheetSpec"...
11-23 20:56:04.794  8444  9255 I Nitro.HybridObjectPrototype: Creating new JS prototype for C++ instance type "HybridUnistylesRuntime"...
11-23 20:56:04.795  8444  9255 I Nitro.HybridObjectPrototype: Creating new JS prototype for C++ instance type "HybridUnistylesRuntimeSpec"...
11-23 20:56:04.795  8444  9255 I Nitro.HybridObjectPrototype: Creating new JS prototype for C++ instance type "HybridUnistylesStatusBarSpec"...
11-23 20:56:04.796  8444  9255 I Nitro.HybridObjectPrototype: Creating new JS prototype for C++ instance type "HybridUnistylesNavigationBarSpec"...
11-23 20:56:04.798  8444  9255 I Nitro.HybridObjectPrototype: Creating new JS prototype for C++ instance type "HybridShadowRegistry"...
11-23 20:56:04.798  8444  9255 I Nitro.HybridObjectPrototype: Creating new JS prototype for C++ instance type "HybridUnistylesShadowRegistrySpec"...
11-23 20:56:04.885  8444  8495 D DetoxWSClient: Received action 'invoke' (ID #39, params={"target":{"type":"Class","value":"com.wix.detox.espresso.DetoxAssertion"},"method":"waitForAssertMatcher","args":[{"type":"Invocation","value":{"target":{"type":"Class","value":"androidx.test.espresso.Espresso"},"method":"onView","args":[{"type":"Invocation","value":{"target":{"type":"Class","value":"com.wix.detox.espresso.DetoxMatcher"},"method":"matcherForTestId","args":["post-login-biometric-prompt",{"type":"boolean","value":false}]}}]}},{"type":"Invocation","value":{"target":{"type":"Class","value":"com.wix.detox.espresso.DetoxMatcher"},"method":"matcherForSufficientlyVisible","args":[{"type":"Integer","value":75}]}},{"type":"Double","value":2}]})
11-23 20:56:04.886  8444  8489 I DetoxDispatcher: Handling action 'invoke' (ID #39)...
11-23 20:56:04.887  8444  8489 D Detox   : class com.wix.detox.espresso.DetoxMatcher, matcherForTestId, [post-login-biometric-prompt, false]
11-23 20:56:04.888  8444  8489 D Detox   : class androidx.test.espresso.Espresso, onView, [(view.getTag() is "post-login-biometric-prompt" and view has effective visibility <VISIBLE>)]
11-23 20:56:04.890  8444  8489 D Detox   : class com.wix.detox.espresso.DetoxMatcher, matcherForSufficientlyVisible, [75]
11-23 20:56:04.891  8444  8489 D Detox   : class com.wix.detox.espresso.DetoxAssertion, waitForAssertMatcher, [androidx.test.espresso.ViewInteraction@687b539, (view has effective visibility <VISIBLE> and view.getGlobalVisibleRect() covers at least <75> percent of the view's area), 2.0]
11-23 20:56:04.901  8444  8444 I ViewInteraction: Checking 'MatchesViewAssertion(Detox){viewMatcher=(view has effective visibility <VISIBLE> and view.getGlobalVisibleRect() covers at least <75> percent of the view's area)}' assertion on view (view.getTag() is "post-login-biometric-prompt" and view has effective visibility <VISIBLE>)
11-23 20:56:04.930  8444  8444 I ViewInteraction: Checking 'MatchesViewAssertion(Detox){viewMatcher=(view has effective visibility <VISIBLE> and view.getGlobalVisibleRect() covers at least <75> percent of the view's area)}' assertion on view (view.getTag() is "post-login-biometric-prompt" and view has effective visibility <VISIBLE>)
11-23 20:56:04.959  8444  8444 I ViewInteraction: Checking 'MatchesViewAssertion(Detox){viewMatcher=(view has effective visibility <VISIBLE> and view.getGlobalVisibleRect() covers at least <75> percent of the view's area)}' assertion on view (view.getTag() is "post-login-biometric-prompt" and view has effective visibility <VISIBLE>)
11-23 20:56:04.987  8444  8444 I ViewInteraction: Checking 'MatchesViewAssertion(Detox){viewMatcher=(view has effective visibility <VISIBLE> and view.getGlobalVisibleRect() covers at least <75> percent of the view's area)}' assertion on view (view.getTag() is "post-login-biometric-prompt" and view has effective visibility <VISIBLE>)
11-23 20:56:05.017  8444  8444 I ViewInteraction: Checking 'MatchesViewAssertion(Detox){viewMatcher=(view has effective visibility <VISIBLE> and view.getGlobalVisibleRect() covers at least <75> percent of the view's area)}' assertion on view (view.getTag() is "post-login-biometric-prompt" and view has effective visibility <VISIBLE>)
11-23 20:56:05.046  8444  8444 I ViewInteraction: Checking 'MatchesViewAssertion(Detox){viewMatcher=(view has effective visibility <VISIBLE> and view.getGlobalVisibleRect() covers at least <75> percent of the view's area)}' assertion on view (view.getTag() is "post-login-biometric-prompt" and view has effective visibility <VISIBLE>)
11-23 20:56:05.076  8444  8444 I ViewInteraction: Checking 'MatchesViewAssertion(Detox){viewMatcher=(view has effective visibility <VISIBLE> and view.getGlobalVisibleRect() covers at least <75> percent of the view's area)}' assertion on view (view.getTag() is "post-login-biometric-prompt" and view has effective visibility <VISIBLE>)
11-23 20:56:05.106  8444  8444 I ViewInteraction: Checking 'MatchesViewAssertion(Detox){viewMatcher=(view has effective visibility <VISIBLE> and view.getGlobalVisibleRect() covers at least <75> percent of the view's area)}' assertion on view (view.getTag() is "post-login-biometric-prompt" and view has effective visibility <VISIBLE>)
11-23 20:56:05.135  8444  8444 I ViewInteraction: Checking 'MatchesViewAssertion(Detox){viewMatcher=(view has effective visibility <VISIBLE> and view.getGlobalVisibleRect() covers at least <75> percent of the view's area)}' assertion on view (view.getTag() is "post-login-biometric-prompt" and view has effective visibility <VISIBLE>)
11-23 20:56:05.163  8444  8444 I ViewInteraction: Checking 'MatchesViewAssertion(Detox){viewMatcher=(view has effective visibility <VISIBLE> and view.getGlobalVisibleRect() covers at least <75> percent of the view's area)}' assertion on view (view.getTag() is "post-login-biometric-prompt" and view has effective visibility <VISIBLE>)
11-23 20:56:05.193  8444  8444 I ViewInteraction: Checking 'MatchesViewAssertion(Detox){viewMatcher=(view has effective visibility <VISIBLE> and view.getGlobalVisibleRect() covers at least <75> percent of the view's area)}' assertion on view (view.getTag() is "post-login-biometric-prompt" and view has effective visibility <VISIBLE>)
11-23 20:56:05.223  8444  8444 I ViewInteraction: Checking 'MatchesViewAssertion(Detox){viewMatcher=(view has effective visibility <VISIBLE> and view.getGlobalVisibleRect() covers at least <75> percent of the view's area)}' assertion on view (view.getTag() is "post-login-biometric-prompt" and view has effective visibility <VISIBLE>)
11-23 20:56:05.251  8444  8444 I ViewInteraction: Checking 'MatchesViewAssertion(Detox){viewMatcher=(view has effective visibility <VISIBLE> and view.getGlobalVisibleRect() covers at least <75> percent of the view's area)}' assertion on view (view.getTag() is "post-login-biometric-prompt" and view has effective visibility <VISIBLE>)
11-23 20:56:05.282  8444  8444 I ViewInteraction: Checking 'MatchesViewAssertion(Detox){viewMatcher=(view has effective visibility <VISIBLE> and view.getGlobalVisibleRect() covers at least <75> percent of the view's area)}' assertion on view (view.getTag() is "post-login-biometric-prompt" and view has effective visibility <VISIBLE>)
11-23 20:56:05.312  8444  8444 I ViewInteraction: Checking 'MatchesViewAssertion(Detox){viewMatcher=(view has effective visibility <VISIBLE> and view.getGlobalVisibleRect() covers at least <75> percent of the view's area)}' assertion on view (view.getTag() is "post-login-biometric-prompt" and view has effective visibility <VISIBLE>)
11-23 20:56:05.341  8444  8444 I ViewInteraction: Checking 'MatchesViewAssertion(Detox){viewMatcher=(view has effective visibility <VISIBLE> and view.getGlobalVisibleRect() covers at least <75> percent of the view's area)}' assertion on view (view.getTag() is "post-login-biometric-prompt" and view has effective visibility <VISIBLE>)
11-23 20:56:05.369  8444  8444 I ViewInteraction: Checking 'MatchesViewAssertion(Detox){viewMatcher=(view has effective visibility <VISIBLE> and view.getGlobalVisibleRect() covers at least <75> percent of the view's area)}' assertion on view (view.getTag() is "post-login-biometric-prompt" and view has effective visibility <VISIBLE>)
11-23 20:56:05.397  8444  8444 I ViewInteraction: Checking 'MatchesViewAssertion(Detox){viewMatcher=(view has effective visibility <VISIBLE> and view.getGlobalVisibleRect() covers at least <75> percent of the view's area)}' assertion on view (view.getTag() is "post-login-biometric-prompt" and view has effective visibility <VISIBLE>)
11-23 20:56:05.426  8444  8444 I ViewInteraction: Checking 'MatchesViewAssertion(Detox){viewMatcher=(view has effective visibility <VISIBLE> and view.getGlobalVisibleRect() covers at least <75> percent of the view's area)}' assertion on view (view.getTag() is "post-login-biometric-prompt" and view has effective visibility <VISIBLE>)
11-23 20:56:05.454  8444  8444 I ViewInteraction: Checking 'MatchesViewAssertion(Detox){viewMatcher=(view has effective visibility <VISIBLE> and view.getGlobalVisibleRect() covers at least <75> percent of the view's area)}' assertion on view (view.getTag() is "post-login-biometric-prompt" and view has effective visibility <VISIBLE>)
11-23 20:56:05.484  8444  8444 I ViewInteraction: Checking 'MatchesViewAssertion(Detox){viewMatcher=(view has effective visibility <VISIBLE> and view.getGlobalVisibleRect() covers at least <75> percent of the view's area)}' assertion on view (view.getTag() is "post-login-biometric-prompt" and view has effective visibility <VISIBLE>)
11-23 20:56:05.513  8444  8444 I ViewInteraction: Checking 'MatchesViewAssertion(Detox){viewMatcher=(view has effective visibility <VISIBLE> and view.getGlobalVisibleRect() covers at least <75> percent of the view's area)}' assertion on view (view.getTag() is "post-login-biometric-prompt" and view has effective visibility <VISIBLE>)
11-23 20:56:05.542  8444  8444 I ViewInteraction: Checking 'MatchesViewAssertion(Detox){viewMatcher=(view has effective visibility <VISIBLE> and view.getGlobalVisibleRect() covers at least <75> percent of the view's area)}' assertion on view (view.getTag() is "post-login-biometric-prompt" and view has effective visibility <VISIBLE>)
11-23 20:56:05.571  8444  8444 I ViewInteraction: Checking 'MatchesViewAssertion(Detox){viewMatcher=(view has effective visibility <VISIBLE> and view.getGlobalVisibleRect() covers at least <75> percent of the view's area)}' assertion on view (view.getTag() is "post-login-biometric-prompt" and view has effective visibility <VISIBLE>)
11-23 20:56:05.600  8444  8444 I ViewInteraction: Checking 'MatchesViewAssertion(Detox){viewMatcher=(view has effective visibility <VISIBLE> and view.getGlobalVisibleRect() covers at least <75> percent of the view's area)}' assertion on view (view.getTag() is "post-login-biometric-prompt" and view has effective visibility <VISIBLE>)
11-23 20:56:05.629  8444  8444 I ViewInteraction: Checking 'MatchesViewAssertion(Detox){viewMatcher=(view has effective visibility <VISIBLE> and view.getGlobalVisibleRect() covers at least <75> percent of the view's area)}' assertion on view (view.getTag() is "post-login-biometric-prompt" and view has effective visibility <VISIBLE>)
11-23 20:56:05.659  8444  8444 I ViewInteraction: Checking 'MatchesViewAssertion(Detox){viewMatcher=(view has effective visibility <VISIBLE> and view.getGlobalVisibleRect() covers at least <75> percent of the view's area)}' assertion on view (view.getTag() is "post-login-biometric-prompt" and view has effective visibility <VISIBLE>)
11-23 20:56:05.671  8444  9255 D Detox.RNMarker: RUN_JS_BUNDLE_END (/index.bundle?platform=android&dev=true&lazy=true&minify=false&app=dev.souschef.app&modulesOnly=false&runModule=true&excludeSource=true&sourcePaths=url-server)
11-23 20:56:05.687  8444  8444 I ViewInteraction: Checking 'MatchesViewAssertion(Detox){viewMatcher=(view has effective visibility <VISIBLE> and view.getGlobalVisibleRect() covers at least <75> percent of the view's area)}' assertion on view (view.getTag() is "post-login-biometric-prompt" and view has effective visibility <VISIBLE>)
11-23 20:56:05.694  8444  9255 I ReactNativeJS: Running "SousChef" with {"rootTag":1,"initialProps":{},"fabric":true}
11-23 20:56:05.717  8444  8444 I ViewInteraction: Checking 'MatchesViewAssertion(Detox){viewMatcher=(view has effective visibility <VISIBLE> and view.getGlobalVisibleRect() covers at least <75> percent of the view's area)}' assertion on view (view.getTag() is "post-login-biometric-prompt" and view has effective visibility <VISIBLE>)
11-23 20:56:05.747  8444  8444 I ViewInteraction: Checking 'MatchesViewAssertion(Detox){viewMatcher=(view has effective visibility <VISIBLE> and view.getGlobalVisibleRect() covers at least <75> percent of the view's area)}' assertion on view (view.getTag() is "post-login-biometric-prompt" and view has effective visibility <VISIBLE>)
11-23 20:56:05.776  8444  8444 I ViewInteraction: Checking 'MatchesViewAssertion(Detox){viewMatcher=(view has effective visibility <VISIBLE> and view.getGlobalVisibleRect() covers at least <75> percent of the view's area)}' assertion on view (view.getTag() is "post-login-biometric-prompt" and view has effective visibility <VISIBLE>)
11-23 20:56:05.806  8444  8444 I ViewInteraction: Checking 'MatchesViewAssertion(Detox){viewMatcher=(view has effective visibility <VISIBLE> and view.getGlobalVisibleRect() covers at least <75> percent of the view's area)}' assertion on view (view.getTag() is "post-login-biometric-prompt" and view has effective visibility <VISIBLE>)
11-23 20:56:05.836  8444  8444 I ViewInteraction: Checking 'MatchesViewAssertion(Detox){viewMatcher=(view has effective visibility <VISIBLE> and view.getGlobalVisibleRect() covers at least <75> percent of the view's area)}' assertion on view (view.getTag() is "post-login-biometric-prompt" and view has effective visibility <VISIBLE>)
11-23 20:56:05.865  8444  8444 I ViewInteraction: Checking 'MatchesViewAssertion(Detox){viewMatcher=(view has effective visibility <VISIBLE> and view.getGlobalVisibleRect() covers at least <75> percent of the view's area)}' assertion on view (view.getTag() is "post-login-biometric-prompt" and view has effective visibility <VISIBLE>)
11-23 20:56:05.894  8444  8444 I ViewInteraction: Checking 'MatchesViewAssertion(Detox){viewMatcher=(view has effective visibility <VISIBLE> and view.getGlobalVisibleRect() covers at least <75> percent of the view's area)}' assertion on view (view.getTag() is "post-login-biometric-prompt" and view has effective visibility <VISIBLE>)
11-23 20:56:05.923  8444  8444 I ViewInteraction: Checking 'MatchesViewAssertion(Detox){viewMatcher=(view has effective visibility <VISIBLE> and view.getGlobalVisibleRect() covers at least <75> percent of the view's area)}' assertion on view (view.getTag() is "post-login-biometric-prompt" and view has effective visibility <VISIBLE>)
11-23 20:56:05.952  8444  8444 I ViewInteraction: Checking 'MatchesViewAssertion(Detox){viewMatcher=(view has effective visibility <VISIBLE> and view.getGlobalVisibleRect() covers at least <75> percent of the view's area)}' assertion on view (view.getTag() is "post-login-biometric-prompt" and view has effective visibility <VISIBLE>)
11-23 20:56:05.981  8444  8444 I ViewInteraction: Checking 'MatchesViewAssertion(Detox){viewMatcher=(view has effective visibility <VISIBLE> and view.getGlobalVisibleRect() covers at least <75> percent of the view's area)}' assertion on view (view.getTag() is "post-login-biometric-prompt" and view has effective visibility <VISIBLE>)
11-23 20:56:06.009  8444  8444 I ViewInteraction: Checking 'MatchesViewAssertion(Detox){viewMatcher=(view has effective visibility <VISIBLE> and view.getGlobalVisibleRect() covers at least <75> percent of the view's area)}' assertion on view (view.getTag() is "post-login-biometric-prompt" and view has effective visibility <VISIBLE>)
11-23 20:56:06.038  8444  8444 I ViewInteraction: Checking 'MatchesViewAssertion(Detox){viewMatcher=(view has effective visibility <VISIBLE> and view.getGlobalVisibleRect() covers at least <75> percent of the view's area)}' assertion on view (view.getTag() is "post-login-biometric-prompt" and view has effective visibility <VISIBLE>)
11-23 20:56:06.066  8444  8444 I ViewInteraction: Checking 'MatchesViewAssertion(Detox){viewMatcher=(view has effective visibility <VISIBLE> and view.getGlobalVisibleRect() covers at least <75> percent of the view's area)}' assertion on view (view.getTag() is "post-login-biometric-prompt" and view has effective visibility <VISIBLE>)
11-23 20:56:06.085  8444  9255 I Nitro.HybridObjectPrototype: Creating new JS prototype for C++ instance type "HybridMMKVPlatformContextSpec"...
11-23 20:56:06.085  8444  9255 I Nitro.HybridObjectPrototype: Creating new JS prototype for C++ instance type "HybridMMKVFactorySpec"...
11-23 20:56:06.086  8444  9255 I Nitro.MMKVFactory: Initializing MMKV with rootPath=/data/user/0/dev.souschef.app/files/mmkv
11-23 20:56:06.086  8444  9255 I MMKV    : <MMKV.cpp:223::initializeMMKV> root dir: /data/data/dev.souschef.app/files/mmkv
11-23 20:56:06.086  8444  9255 I Nitro.MMKV: Creating MMKV instance "sous-chef-storage_temp"... (Path: , Encrypted: false)
11-23 20:56:06.086  8444  9255 I Nitro.HybridObjectPrototype: Creating new JS prototype for C++ instance type "HybridMMKVSpec"...
11-23 20:56:06.092  8444  8444 I ViewInteraction: Checking 'MatchesViewAssertion(Detox){viewMatcher=(view has effective visibility <VISIBLE> and view.getGlobalVisibleRect() covers at least <75> percent of the view's area)}' assertion on view (view.getTag() is "post-login-biometric-prompt" and view has effective visibility <VISIBLE>)
11-23 20:56:06.120  8444  8444 I ViewInteraction: Checking 'MatchesViewAssertion(Detox){viewMatcher=(view has effective visibility <VISIBLE> and view.getGlobalVisibleRect() covers at least <75> percent of the view's area)}' assertion on view (view.getTag() is "post-login-biometric-prompt" and view has effective visibility <VISIBLE>)
11-23 20:56:06.136  8444  9255 D ConnectivityManager: StackLog: [android.net.ConnectivityManager.sendRequestForNetwork(ConnectivityManager.java:4736)] [android.net.ConnectivityManager.registerDefaultNetworkCallbackForUid(ConnectivityManager.java:5461)] [android.net.ConnectivityManager.registerDefaultNetworkCallback(ConnectivityManager.java:5428)] [android.net.ConnectivityManager.registerDefaultNetworkCallback(ConnectivityManager.java:5402)] [com.reactnativecommunity.netinfo.NetworkCallbackConnectivityReceiver.register(NetworkCallbackConnectivityReceiver.java:62)] [com.reactnativecommunity.netinfo.NetInfoModule.initialize(NetInfoModule.java:40)] [com.facebook.react.internal.turbomodule.core.TurboModuleManager.getOrCreateModule(TurboModuleManager.kt:261)] [com.facebook.react.internal.turbomodule.core.TurboModuleManager.getModule(TurboModuleManager.kt:203)] [com.facebook.react.internal.turbomodule.core.TurboModuleManager.getLegacyCxxModule(TurboModuleManager.kt:128)] [com.facebook.jni.NativeRunnable.run(Native Method)]
11-23 20:56:06.149  8444  8444 I ViewInteraction: Checking 'MatchesViewAssertion(Detox){viewMatcher=(view has effective visibility <VISIBLE> and view.getGlobalVisibleRect() covers at least <75> percent of the view's area)}' assertion on view (view.getTag() is "post-login-biometric-prompt" and view has effective visibility <VISIBLE>)
11-23 20:56:06.178  8444  8444 I ViewInteraction: Checking 'MatchesViewAssertion(Detox){viewMatcher=(view has effective visibility <VISIBLE> and view.getGlobalVisibleRect() covers at least <75> percent of the view's area)}' assertion on view (view.getTag() is "post-login-biometric-prompt" and view has effective visibility <VISIBLE>)
11-23 20:56:06.206  8444  8444 I ViewInteraction: Checking 'MatchesViewAssertion(Detox){viewMatcher=(view has effective visibility <VISIBLE> and view.getGlobalVisibleRect() covers at least <75> percent of the view's area)}' assertion on view (view.getTag() is "post-login-biometric-prompt" and view has effective visibility <VISIBLE>)
11-23 20:56:06.242  8444  8444 I ViewInteraction: Checking 'MatchesViewAssertion(Detox){viewMatcher=(view has effective visibility <VISIBLE> and view.getGlobalVisibleRect() covers at least <75> percent of the view's area)}' assertion on view (view.getTag() is "post-login-biometric-prompt" and view has effective visibility <VISIBLE>)
11-23 20:56:06.273  8444  8444 I ViewInteraction: Checking 'MatchesViewAssertion(Detox){viewMatcher=(view has effective visibility <VISIBLE> and view.getGlobalVisibleRect() covers at least <75> percent of the view's area)}' assertion on view (view.getTag() is "post-login-biometric-prompt" and view has effective visibility <VISIBLE>)
11-23 20:56:06.303  8444  8444 I ViewInteraction: Checking 'MatchesViewAssertion(Detox){viewMatcher=(view has effective visibility <VISIBLE> and view.getGlobalVisibleRect() covers at least <75> percent of the view's area)}' assertion on view (view.getTag() is "post-login-biometric-prompt" and view has effective visibility <VISIBLE>)
11-23 20:56:06.332  8444  8444 I ViewInteraction: Checking 'MatchesViewAssertion(Detox){viewMatcher=(view has effective visibility <VISIBLE> and view.getGlobalVisibleRect() covers at least <75> percent of the view's area)}' assertion on view (view.getTag() is "post-login-biometric-prompt" and view has effective visibility <VISIBLE>)
11-23 20:56:06.362  8444  8444 I ViewInteraction: Checking 'MatchesViewAssertion(Detox){viewMatcher=(view has effective visibility <VISIBLE> and view.getGlobalVisibleRect() covers at least <75> percent of the view's area)}' assertion on view (view.getTag() is "post-login-biometric-prompt" and view has effective visibility <VISIBLE>)
11-23 20:56:06.400  8444  8444 I ViewInteraction: Checking 'MatchesViewAssertion(Detox){viewMatcher=(view has effective visibility <VISIBLE> and view.getGlobalVisibleRect() covers at least <75> percent of the view's area)}' assertion on view (view.getTag() is "post-login-biometric-prompt" and view has effective visibility <VISIBLE>)
11-23 20:56:06.428  8444  8444 I WindowManager: WindowManagerGlobal#addView, ty=1000, view=android.widget.PopupWindow$PopupDecorView{c635ea9 V.E...... R.....I. 0,0-0,0}, caller=android.view.WindowManagerImpl.addView:158 android.widget.PopupWindow.invokePopup:1692 android.widget.PopupWindow.showAtLocation:1418 
11-23 20:56:06.428  8444  8444 D ViewRootImpl: desktopMode is false
11-23 20:56:06.429  8444  8444 I ViewRootImpl: dVRR is disabled
11-23 20:56:06.429  8444  8506 D NativeCustomFrequencyManager: [NativeCFMS] BpCustomFrequencyManager::BpCustomFrequencyManager()
11-23 20:56:06.436  8444  8444 D InputTransport: Input channel constructed: '6b9b927', fd=278
11-23 20:56:06.437  8444  8444 I InsetsController: onStateChanged: host=PopupWindow:dd13373, from=android.view.ViewRootImpl.onInsetsStateChanged:3026, state=InsetsState: {mDisplayFrame=Rect(0, 0 - 1440, 3088), mDisplayCutout=DisplayCutout{insets=Rect(0, 100 - 0, 0) waterfall=Insets{left=0, top=0, right=0, bottom=0} boundingRect={Bounds=[Rect(0, 0 - 0, 0), Rect(683, 0 - 758, 100), Rect(0, 0 - 0, 0), Rect(0, 0 - 0, 0)]} cutoutPathParserInfo={CutoutPathParserInfo{displayWidth=1440 displayHeight=3088 physicalDisplayWidth=1440 physicalDisplayHeight=3088 density={3.75} cutoutSpec={M 0,0 H -10 V 26.66666666666667 H 10 V 0 H 0 Z @dp} rotation={0} scale={1.0} physicalPixelDisplaySizeRatio={1.0}}} sideOverrides={}}, mRoundedCorners=RoundedCorners{[RoundedCorner{position=TopLeft, radius=15, center=Point(15, 15)}, RoundedCorner{position=TopRight, radius=15, center=Point(1425, 15)}, RoundedCorner{position=BottomRight, radius=15, center=Point(1425, 3073)}, RoundedCorner{position=BottomLeft, radius=15, center=Point(15, 3073)}]}  mRoundedCornerFrame=Rect(0, 0 - 1440, 3088), mPrivacyIndicatorBounds=PrivacyIndicatorBounds {static bounds=Rect(1275, 0 - 1440, 100) rotation=0}, mDisplayShape=DisplayShape{ spec=-311912193 displayWidth=1440 displayHeight=3088 physicalPixelDisplaySizeRatio=1.0 rotation=0 offsetX=0 offsetY=0 scale=1.0}, mSources= { InsetsSource: {b11d0001 mType=navigationBars mFrame=[0,3032][1440,3088] mVisible=true mFlags=SUPPRESS_SCRIM mSideHint=BOTTOM mBoundingRects=null}, InsetsSource: {b11d0004 mType=systemGestures mFrame=[0,0][84,3088] mVisible=true mFlags= mSideHint=LEFT mBoundingRects=null}, InsetsSource: {b11d0005 mType=mandatorySystemGestures mFrame=[0,2968][1440,3088] mVisible=true mFlags= mSideHint=BOTTOM mBoundingRects=null}, InsetsSource: {b11d0006 mType=tappableElement mFrame=[0,0][0,0] mVisible=true mFlags= mSideHint=NONE mBoundingRects=null}, InsetsSource: {b11d0024 mType=systemGestures mFrame=[1356,0][1440,3088] mVisible=true mFlags= mSideHint=RIGHT mBoundingRects=null}, InsetsSource: {ecac0000 mType=statusBars mFrame=[0,0][1440,100] mVisible=true mFlags= mSideHint=TOP mBoundingRects=null}, InsetsSource: {ecac0005 mType=mandatorySystemGestures mFrame=[0,0][1440,145] mVisible=true mFlags= mSideHint=TOP mBoundingRects=null}, InsetsSource: {ecac0006 mType=tappableElement mFrame=[0,0][1440,100] mVisible=true mFlags= mSideHint=TOP mBoundingRects=null}, InsetsSource: {27 mType=displayCutout mFrame=[0,0][1440,100] mVisible=true mFlags= mSideHint=TOP mBoundingRects=null} }
11-23 20:56:06.437  8444  8444 I VRI[PopupWindow:dd13373]@cdcfc2e: synced displayState. AttachInfo displayState=2
11-23 20:56:06.437  8444  9255 I Nitro.MMKV: Creating MMKV instance "sous-chef-storage"... (Path: , Encrypted: true)
11-23 20:56:06.442  8444  8444 I VRI[PopupWindow:dd13373]@cdcfc2e: setView = android.widget.PopupWindow$PopupDecorView@c635ea9 IsHRR=false mFlingFrameRateChange=0 TM=true
11-23 20:56:06.443  8444  8506 D HWUI    : HWUI - treat SMPTE_170M as sRGB
11-23 20:56:06.457  8444  8444 W libc    : Access denied finding property "vendor.display.enable_optimal_refresh_rate"
11-23 20:56:06.457  8444  8444 I BufferQueueProducer: [](id:20fc00000006,api:0,p:499292592,c:8444) setDequeueTimeout:2077252342
11-23 20:56:06.458  8444  8444 I BLASTBufferQueue_Java: new BLASTBufferQueue, mName= VRI[PopupWindow:dd13373]@cdcfc2e mNativeObject= 0xb400007addadeb10 caller= android.view.ViewRootImpl.updateBlastSurfaceIfNeeded:3585 android.view.ViewRootImpl.relayoutWindow:11685 android.view.ViewRootImpl.performTraversals:4804 android.view.ViewRootImpl.doTraversal:3924 android.view.ViewRootImpl$TraversalRunnable.run:12903 android.view.Choreographer$CallbackRecord.run:1901 android.view.Choreographer$CallbackRecord.run:1910 android.view.Choreographer.doCallbacks:1367 android.view.Choreographer.doFrame:1292 android.view.Choreographer$FrameDisplayEventReceiver.run:1870 
11-23 20:56:06.458  8444  8444 I BLASTBufferQueue_Java: update, w= 1440 h= 94 mName = VRI[PopupWindow:dd13373]@cdcfc2e mNativeObject= 0xb400007addadeb10 sc.mNativeObject= 0xb400007b7daede90 format= -3 caller= android.view.ViewRootImpl.updateBlastSurfaceIfNeeded:3590 android.view.ViewRootImpl.relayoutWindow:11685 android.view.ViewRootImpl.performTraversals:4804 android.view.ViewRootImpl.doTraversal:3924 android.view.ViewRootImpl$TraversalRunnable.run:12903 android.view.Choreographer$CallbackRecord.run:1901 
11-23 20:56:06.459  8444  8444 W libc    : Access denied finding property "vendor.display.enable_optimal_refresh_rate"
11-23 20:56:06.460  8444  8444 I VRI[PopupWindow:dd13373]@cdcfc2e: Relayout returned: old=(0,100,1440,3032) new=(0,100,1440,194) relayoutAsync=false req=(1440,94)0 dur=11 res=0x3 s={true 0xb400007bedaa0de0} ch=true seqId=0
11-23 20:56:06.461  8444  8444 I VRI[PopupWindow:dd13373]@cdcfc2e: performConfigurationChange setNightDimText nightDimLevel=0
11-23 20:56:06.463  8444  8444 D VRI[PopupWindow:dd13373]@cdcfc2e: mThreadedRenderer.initialize() mSurface={isValid=true 0xb400007bedaa0de0} hwInitialized=true
11-23 20:56:06.467  8444  8444 D VRI[PopupWindow:dd13373]@cdcfc2e: reportNextDraw android.view.ViewRootImpl.performTraversals:5443 android.view.ViewRootImpl.doTraversal:3924 android.view.ViewRootImpl$TraversalRunnable.run:12903 android.view.Choreographer$CallbackRecord.run:1901 android.view.Choreographer$CallbackRecord.run:1910 
11-23 20:56:06.468  8444  8444 D VRI[PopupWindow:dd13373]@cdcfc2e: Setup new sync=wmsSync-VRI[PopupWindow:dd13373]@cdcfc2e#20
11-23 20:56:06.468  8444  8444 I VRI[PopupWindow:dd13373]@cdcfc2e: Creating new active sync group VRI[PopupWindow:dd13373]@cdcfc2e#21
11-23 20:56:06.469  8444  8444 D VRI[PopupWindow:dd13373]@cdcfc2e: registerCallbacksForSync syncBuffer=false
11-23 20:56:06.471  8444  8526 D VRI[PopupWindow:dd13373]@cdcfc2e: Received frameDrawingCallback syncResult=0 frameNum=1.
11-23 20:56:06.471  8444  8526 I VRI[PopupWindow:dd13373]@cdcfc2e: mWNT: t=0xb400007c8dabd4d0 mBlastBufferQueue=0xb400007addadeb10 fn= 1 HdrRenderState mRenderHdrSdrRatio=1.0 caller= android.view.ViewRootImpl$12.onFrameDraw:15441 android.view.ThreadedRenderer$1.onFrameDraw:718 <bottom of call stack> 
11-23 20:56:06.471  8444  8526 I VRI[PopupWindow:dd13373]@cdcfc2e: Setting up sync and frameCommitCallback
11-23 20:56:06.472  8444  8506 I BLASTBufferQueue: [VRI[PopupWindow:dd13373]@cdcfc2e#6](f:0,a:0,s:0) onFrameAvailable the first frame is available
11-23 20:56:06.472  8444  8506 I SurfaceComposerClient: apply transaction with the first frame. layerId: 57753, bufferData(ID: 36266703847450, frameNumber: 1)
11-23 20:56:06.474  8444  8506 I VRI[PopupWindow:dd13373]@cdcfc2e: Received frameCommittedCallback lastAttemptedDrawFrameNum=1 didProduceBuffer=true
11-23 20:56:06.476  8444  8506 D HWUI    : CFMS:: SetUp Pid : 8444    Tid : 8506
11-23 20:56:06.476  8444  8444 D VRI[PopupWindow:dd13373]@cdcfc2e: reportDrawFinished seqId=0
11-23 20:56:06.479  8444  8444 I VRI[PopupWindow:dd13373]@cdcfc2e: handleResized, frames=ClientWindowFrames{frame=[0,100][1440,194] display=[0,100][1440,3032] parentFrame=[0,0][0,0] attachedFrame=[0,0][1440,3088]} displayId=0 dragResizing=false compatScale=1.0 frameChanged=false attachedFrameChanged=false configChanged=false displayChanged=false compatScaleChanged=false dragResizingChanged=false
11-23 20:56:06.479  8444  8444 I VRI[PopupWindow:dd13373]@cdcfc2e: handleResized mSyncSeqId = 0
11-23 20:56:06.480  8444  8444 D VRI[PopupWindow:dd13373]@cdcfc2e: reportNextDraw android.view.ViewRootImpl.handleResized:2983 android.view.ViewRootImpl.-$$Nest$mhandleResized:0 android.view.ViewRootImpl$W.resized:14082 android.app.servertransaction.WindowStateResizeItem.execute:93 android.app.servertransaction.WindowStateTransactionItem.execute:62 
11-23 20:56:06.488  8444  8444 D VRI[PopupWindow:dd13373]@cdcfc2e: Setup new sync=wmsSync-VRI[PopupWindow:dd13373]@cdcfc2e#22
11-23 20:56:06.488  8444  8444 I VRI[PopupWindow:dd13373]@cdcfc2e: Creating new active sync group VRI[PopupWindow:dd13373]@cdcfc2e#23
11-23 20:56:06.489  8444  8444 D VRI[PopupWindow:dd13373]@cdcfc2e: registerCallbacksForSync syncBuffer=false
11-23 20:56:06.490  8444  8524 D VRI[PopupWindow:dd13373]@cdcfc2e: Received frameDrawingCallback syncResult=0 frameNum=2.
11-23 20:56:06.490  8444  8524 I VRI[PopupWindow:dd13373]@cdcfc2e: Setting up sync and frameCommitCallback
11-23 20:56:06.492  8444  8506 I VRI[PopupWindow:dd13373]@cdcfc2e: Received frameCommittedCallback lastAttemptedDrawFrameNum=2 didProduceBuffer=false
11-23 20:56:06.492  8444  8506 I BLASTBufferQueue_Java: gatherPendingTransactions, mName= VRI[PopupWindow:dd13373]@cdcfc2e mNativeObject= 0xb400007addadeb10 frameNumber= 2 caller= android.view.ViewRootImpl$12.lambda$onFrameDraw$3:15525 android.view.ViewRootImpl$12.$r8$lambda$CTo3ExVBk8akdVTGlqHPAoYLRVI:0 android.view.ViewRootImpl$12$$ExternalSyntheticLambda1.onFrameCommit:0 android.view.ThreadedRenderer$1.lambda$onFrameDraw$0:730 android.view.ThreadedRenderer$1$$ExternalSyntheticLambda0.onFrameCommit:0 <bottom of call stack> 
11-23 20:56:06.494  8444  8444 D VRI[PopupWindow:dd13373]@cdcfc2e: reportDrawFinished seqId=0
11-23 20:56:06.501  8444  8444 I ViewInteraction: Checking 'MatchesViewAssertion(Detox){viewMatcher=(view has effective visibility <VISIBLE> and view.getGlobalVisibleRect() covers at least <75> percent of the view's area)}' assertion on view (view.getTag() is "post-login-biometric-prompt" and view has effective visibility <VISIBLE>)
11-23 20:56:06.537  8444  8444 I ViewInteraction: Checking 'MatchesViewAssertion(Detox){viewMatcher=(view has effective visibility <VISIBLE> and view.getGlobalVisibleRect() covers at least <75> percent of the view's area)}' assertion on view (view.getTag() is "post-login-biometric-prompt" and view has effective visibility <VISIBLE>)
11-23 20:56:06.565  8444  8444 I ViewInteraction: Checking 'MatchesViewAssertion(Detox){viewMatcher=(view has effective visibility <VISIBLE> and view.getGlobalVisibleRect() covers at least <75> percent of the view's area)}' assertion on view (view.getTag() is "post-login-biometric-prompt" and view has effective visibility <VISIBLE>)
11-23 20:56:06.593  8444  8444 I ViewInteraction: Checking 'MatchesViewAssertion(Detox){viewMatcher=(view has effective visibility <VISIBLE> and view.getGlobalVisibleRect() covers at least <75> percent of the view's area)}' assertion on view (view.getTag() is "post-login-biometric-prompt" and view has effective visibility <VISIBLE>)
11-23 20:56:06.621  8444  8444 I ViewInteraction: Checking 'MatchesViewAssertion(Detox){viewMatcher=(view has effective visibility <VISIBLE> and view.getGlobalVisibleRect() covers at least <75> percent of the view's area)}' assertion on view (view.getTag() is "post-login-biometric-prompt" and view has effective visibility <VISIBLE>)
11-23 20:56:06.648  8444  8444 I ViewInteraction: Checking 'MatchesViewAssertion(Detox){viewMatcher=(view has effective visibility <VISIBLE> and view.getGlobalVisibleRect() covers at least <75> percent of the view's area)}' assertion on view (view.getTag() is "post-login-biometric-prompt" and view has effective visibility <VISIBLE>)
11-23 20:56:06.676  8444  8444 I ViewInteraction: Checking 'MatchesViewAssertion(Detox){viewMatcher=(view has effective visibility <VISIBLE> and view.getGlobalVisibleRect() covers at least <75> percent of the view's area)}' assertion on view (view.getTag() is "post-login-biometric-prompt" and view has effective visibility <VISIBLE>)
11-23 20:56:06.704  8444  8444 I ViewInteraction: Checking 'MatchesViewAssertion(Detox){viewMatcher=(view has effective visibility <VISIBLE> and view.getGlobalVisibleRect() covers at least <75> percent of the view's area)}' assertion on view (view.getTag() is "post-login-biometric-prompt" and view has effective visibility <VISIBLE>)
11-23 20:56:06.732  8444  8444 I ViewInteraction: Checking 'MatchesViewAssertion(Detox){viewMatcher=(view has effective visibility <VISIBLE> and view.getGlobalVisibleRect() covers at least <75> percent of the view's area)}' assertion on view (view.getTag() is "post-login-biometric-prompt" and view has effective visibility <VISIBLE>)
11-23 20:56:06.760  8444  8444 I ViewInteraction: Checking 'MatchesViewAssertion(Detox){viewMatcher=(view has effective visibility <VISIBLE> and view.getGlobalVisibleRect() covers at least <75> percent of the view's area)}' assertion on view (view.getTag() is "post-login-biometric-prompt" and view has effective visibility <VISIBLE>)
11-23 20:56:06.799  8444  8444 I ViewInteraction: Checking 'MatchesViewAssertion(Detox){viewMatcher=(view has effective visibility <VISIBLE> and view.getGlobalVisibleRect() covers at least <75> percent of the view's area)}' assertion on view (view.getTag() is "post-login-biometric-prompt" and view has effective visibility <VISIBLE>)
11-23 20:56:06.826  8444  8449 I ev.souschef.app: Background concurrent mark compact GC freed 22MB AllocSpace bytes, 383(8936KB) LOS objects, 66% free, 18MB/55MB, paused 1.437ms,4.328ms total 112.601ms
11-23 20:56:06.829  8444  8444 I ViewInteraction: Checking 'MatchesViewAssertion(Detox){viewMatcher=(view has effective visibility <VISIBLE> and view.getGlobalVisibleRect() covers at least <75> percent of the view's area)}' assertion on view (view.getTag() is "post-login-biometric-prompt" and view has effective visibility <VISIBLE>)
11-23 20:56:06.838  8444  9255 I ReactNativeJS: 📦 Cache: Loaded 27 entities from storage
11-23 20:56:06.841  8444  8451 W System  : A resource failed to call close. 
11-23 20:56:06.856  8444  8444 I ViewInteraction: Checking 'MatchesViewAssertion(Detox){viewMatcher=(view has effective visibility <VISIBLE> and view.getGlobalVisibleRect() covers at least <75> percent of the view's area)}' assertion on view (view.getTag() is "post-login-biometric-prompt" and view has effective visibility <VISIBLE>)
11-23 20:56:06.884  8444  8444 I ViewInteraction: Checking 'MatchesViewAssertion(Detox){viewMatcher=(view has effective visibility <VISIBLE> and view.getGlobalVisibleRect() covers at least <75> percent of the view's area)}' assertion on view (view.getTag() is "post-login-biometric-prompt" and view has effective visibility <VISIBLE>)
11-23 20:56:06.909  8444  8489 I DetoxActionHandlers: Test exception
11-23 20:56:06.909  8444  8489 I DetoxActionHandlers: java.lang.reflect.InvocationTargetException
11-23 20:56:06.909  8444  8489 I DetoxActionHandlers: 	at java.lang.reflect.Method.invoke(Native Method)
11-23 20:56:06.909  8444  8489 I DetoxActionHandlers: 	at org.apache.commons.lang3.reflect.MethodUtils.invokeStaticMethod(MethodUtils.java:443)
11-23 20:56:06.909  8444  8489 I DetoxActionHandlers: 	at org.apache.commons.lang3.reflect.MethodUtils.invokeStaticMethod(MethodUtils.java:405)
11-23 20:56:06.909  8444  8489 I DetoxActionHandlers: 	at com.wix.invoke.types.ClassTarget.execute(ClassTarget.java:23)
11-23 20:56:06.909  8444  8489 I DetoxActionHandlers: 	at com.wix.invoke.types.Target.invoke(Target.java:59)
11-23 20:56:06.909  8444  8489 I DetoxActionHandlers: 	at com.wix.invoke.MethodInvocation.invoke(MethodInvocation.java:35)
11-23 20:56:06.909  8444  8489 I DetoxActionHandlers: 	at com.wix.invoke.MethodInvocation.invoke(MethodInvocation.java:26)
11-23 20:56:06.909  8444  8489 I DetoxActionHandlers: 	at com.wix.invoke.MethodInvocation.invoke(MethodInvocation.java:20)
11-23 20:56:06.909  8444  8489 I DetoxActionHandlers: 	at com.wix.detox.adapters.server.InvokeActionHandler.handle(DetoxActionHandlers.kt:54)
11-23 20:56:06.909  8444  8489 I DetoxActionHandlers: 	at com.wix.detox.adapters.server.ActionsExecutor.executeAction$lambda$2$lambda$1(DetoxActionsDispatcher.kt:76)
11-23 20:56:06.909  8444  8489 I DetoxActionHandlers: 	at com.wix.detox.adapters.server.ActionsExecutor.$r8$lambda$GVbB7LHtBHxNHGbgYnHJ6YrwCqs(Unknown Source:0)
11-23 20:56:06.909  8444  8489 I DetoxActionHandlers: 	at com.wix.detox.adapters.server.ActionsExecutor$$ExternalSyntheticLambda0.run(D8$$SyntheticClass:0)
11-23 20:56:06.909  8444  8489 I DetoxActionHandlers: 	at android.os.Handler.handleCallback(Handler.java:995)
11-23 20:56:06.909  8444  8489 I DetoxActionHandlers: 	at android.os.Handler.dispatchMessage(Handler.java:103)
11-23 20:56:06.909  8444  8489 I DetoxActionHandlers: 	at android.os.Looper.loopOnce(Looper.java:273)
11-23 20:56:06.909  8444  8489 I DetoxActionHandlers: 	at android.os.Looper.loop(Looper.java:363)
11-23 20:56:06.909  8444  8489 I DetoxActionHandlers: 	at com.wix.detox.adapters.server.ActionsExecutor._init_$lambda$0(DetoxActionsDispatcher.kt:62)
11-23 20:56:06.909  8444  8489 I DetoxActionHandlers: 	at com.wix.detox.adapters.server.ActionsExecutor.$r8$lambda$xlgL0CQim6vNM0wWEqM8JIDgZUE(Unknown Source:0)
11-23 20:56:06.909  8444  8489 I DetoxActionHandlers: 	at com.wix.detox.adapters.server.ActionsExecutor$$ExternalSyntheticLambda1.run(D8$$SyntheticClass:0)
11-23 20:56:06.909  8444  8489 I DetoxActionHandlers: 	at java.lang.Thread.run(Thread.java:1119)
11-23 20:56:06.909  8444  8489 I DetoxActionHandlers: Caused by: com.wix.detox.common.DetoxErrors$DetoxRuntimeException: 2.0sec timeout expired without matching of given matcher: (view has effective visibility <VISIBLE> and view.getGlobalVisibleRect() covers at least <75> percent of the view's area)
11-23 20:56:06.909  8444  8489 I DetoxActionHandlers: 	at com.wix.detox.espresso.DetoxAssertion.waitForAssertMatcher(DetoxAssertion.java:72)
11-23 20:56:06.909  8444  8489 I DetoxActionHandlers: 	... 20 more
11-23 20:56:06.909  8444  8489 I DetoxWSClient: Sending out action 'testFailed' (ID #39)
11-23 20:56:06.910  8444  8489 I DetoxDispatcher: Done with action 'invoke'
11-23 20:56:06.914  8444  8495 D DetoxWSClient: Received action 'invoke' (ID #40, params={"target":{"type":"Class","value":"com.wix.detox.espresso.DetoxAssertion"},"method":"waitForAssertMatcher","args":[{"type":"Invocation","value":{"target":{"type":"Class","value":"androidx.test.espresso.Espresso"},"method":"onView","args":[{"type":"Invocation","value":{"target":{"type":"Class","value":"com.wix.detox.espresso.DetoxMatcher"},"method":"matcherForTestId","args":["biometric-setup-screen",{"type":"boolean","value":false}]}}]}},{"type":"Invocation","value":{"target":{"type":"Class","value":"com.wix.detox.espresso.DetoxMatcher"},"method":"matcherForSufficientlyVisible","args":[{"type":"Integer","value":75}]}},{"type":"Double","value":2}]})
11-23 20:56:06.914  8444  8489 I DetoxDispatcher: Handling action 'invoke' (ID #40)...
11-23 20:56:06.915  8444  8489 D Detox   : class com.wix.detox.espresso.DetoxMatcher, matcherForTestId, [biometric-setup-screen, false]
11-23 20:56:06.917  8444  8489 D Detox   : class androidx.test.espresso.Espresso, onView, [(view.getTag() is "biometric-setup-screen" and view has effective visibility <VISIBLE>)]
11-23 20:56:06.919  8444  8489 D Detox   : class com.wix.detox.espresso.DetoxMatcher, matcherForSufficientlyVisible, [75]
11-23 20:56:06.920  8444  8489 D Detox   : class com.wix.detox.espresso.DetoxAssertion, waitForAssertMatcher, [androidx.test.espresso.ViewInteraction@655d7db, (view has effective visibility <VISIBLE> and view.getGlobalVisibleRect() covers at least <75> percent of the view's area), 2.0]
11-23 20:56:06.925  8444  8444 I ViewInteraction: Checking 'MatchesViewAssertion(Detox){viewMatcher=(view has effective visibility <VISIBLE> and view.getGlobalVisibleRect() covers at least <75> percent of the view's area)}' assertion on view (view.getTag() is "biometric-setup-screen" and view has effective visibility <VISIBLE>)
11-23 20:56:06.953  8444  8444 I ViewInteraction: Checking 'MatchesViewAssertion(Detox){viewMatcher=(view has effective visibility <VISIBLE> and view.getGlobalVisibleRect() covers at least <75> percent of the view's area)}' assertion on view (view.getTag() is "biometric-setup-screen" and view has effective visibility <VISIBLE>)
11-23 20:56:06.981  8444  8444 I ViewInteraction: Checking 'MatchesViewAssertion(Detox){viewMatcher=(view has effective visibility <VISIBLE> and view.getGlobalVisibleRect() covers at least <75> percent of the view's area)}' assertion on view (view.getTag() is "biometric-setup-screen" and view has effective visibility <VISIBLE>)
11-23 20:56:07.009  8444  8444 I ViewInteraction: Checking 'MatchesViewAssertion(Detox){viewMatcher=(view has effective visibility <VISIBLE> and view.getGlobalVisibleRect() covers at least <75> percent of the view's area)}' assertion on view (view.getTag() is "biometric-setup-screen" and view has effective visibility <VISIBLE>)
11-23 20:56:07.039  8444  8444 I ViewInteraction: Checking 'MatchesViewAssertion(Detox){viewMatcher=(view has effective visibility <VISIBLE> and view.getGlobalVisibleRect() covers at least <75> percent of the view's area)}' assertion on view (view.getTag() is "biometric-setup-screen" and view has effective visibility <VISIBLE>)
11-23 20:56:07.069  8444  8444 I ViewInteraction: Checking 'MatchesViewAssertion(Detox){viewMatcher=(view has effective visibility <VISIBLE> and view.getGlobalVisibleRect() covers at least <75> percent of the view's area)}' assertion on view (view.getTag() is "biometric-setup-screen" and view has effective visibility <VISIBLE>)
11-23 20:56:07.097  8444  8444 I ViewInteraction: Checking 'MatchesViewAssertion(Detox){viewMatcher=(view has effective visibility <VISIBLE> and view.getGlobalVisibleRect() covers at least <75> percent of the view's area)}' assertion on view (view.getTag() is "biometric-setup-screen" and view has effective visibility <VISIBLE>)
11-23 20:56:07.124  8444  8444 I ViewInteraction: Checking 'MatchesViewAssertion(Detox){viewMatcher=(view has effective visibility <VISIBLE> and view.getGlobalVisibleRect() covers at least <75> percent of the view's area)}' assertion on view (view.getTag() is "biometric-setup-screen" and view has effective visibility <VISIBLE>)
11-23 20:56:07.154  8444  8444 I ViewInteraction: Checking 'MatchesViewAssertion(Detox){viewMatcher=(view has effective visibility <VISIBLE> and view.getGlobalVisibleRect() covers at least <75> percent of the view's area)}' assertion on view (view.getTag() is "biometric-setup-screen" and view has effective visibility <VISIBLE>)
11-23 20:56:07.184  8444  8444 I ViewInteraction: Checking 'MatchesViewAssertion(Detox){viewMatcher=(view has effective visibility <VISIBLE> and view.getGlobalVisibleRect() covers at least <75> percent of the view's area)}' assertion on view (view.getTag() is "biometric-setup-screen" and view has effective visibility <VISIBLE>)
11-23 20:56:07.213  8444  8444 I ViewInteraction: Checking 'MatchesViewAssertion(Detox){viewMatcher=(view has effective visibility <VISIBLE> and view.getGlobalVisibleRect() covers at least <75> percent of the view's area)}' assertion on view (view.getTag() is "biometric-setup-screen" and view has effective visibility <VISIBLE>)
11-23 20:56:07.241  8444  8444 I ViewInteraction: Checking 'MatchesViewAssertion(Detox){viewMatcher=(view has effective visibility <VISIBLE> and view.getGlobalVisibleRect() covers at least <75> percent of the view's area)}' assertion on view (view.getTag() is "biometric-setup-screen" and view has effective visibility <VISIBLE>)
11-23 20:56:07.270  8444  8444 I ViewInteraction: Checking 'MatchesViewAssertion(Detox){viewMatcher=(view has effective visibility <VISIBLE> and view.getGlobalVisibleRect() covers at least <75> percent of the view's area)}' assertion on view (view.getTag() is "biometric-setup-screen" and view has effective visibility <VISIBLE>)
11-23 20:56:07.311  8444  8444 I ViewInteraction: Checking 'MatchesViewAssertion(Detox){viewMatcher=(view has effective visibility <VISIBLE> and view.getGlobalVisibleRect() covers at least <75> percent of the view's area)}' assertion on view (view.getTag() is "biometric-setup-screen" and view has effective visibility <VISIBLE>)
11-23 20:56:07.324  8444  8449 I ev.souschef.app: Background young concurrent mark compact GC freed 24MB AllocSpace bytes, 769(17MB) LOS objects, 68% free, 17MB/55MB, paused 1.048ms,5.995ms total 59.484ms
11-23 20:56:07.340  8444  8444 I ViewInteraction: Checking 'MatchesViewAssertion(Detox){viewMatcher=(view has effective visibility <VISIBLE> and view.getGlobalVisibleRect() covers at least <75> percent of the view's area)}' assertion on view (view.getTag() is "biometric-setup-screen" and view has effective visibility <VISIBLE>)
11-23 20:56:07.370  8444  8444 I ViewInteraction: Checking 'MatchesViewAssertion(Detox){viewMatcher=(view has effective visibility <VISIBLE> and view.getGlobalVisibleRect() covers at least <75> percent of the view's area)}' assertion on view (view.getTag() is "biometric-setup-screen" and view has effective visibility <VISIBLE>)
11-23 20:56:07.402  8444  8444 I ViewInteraction: Checking 'MatchesViewAssertion(Detox){viewMatcher=(view has effective visibility <VISIBLE> and view.getGlobalVisibleRect() covers at least <75> percent of the view's area)}' assertion on view (view.getTag() is "biometric-setup-screen" and view has effective visibility <VISIBLE>)
11-23 20:56:07.431  8444  8444 I ViewInteraction: Checking 'MatchesViewAssertion(Detox){viewMatcher=(view has effective visibility <VISIBLE> and view.getGlobalVisibleRect() covers at least <75> percent of the view's area)}' assertion on view (view.getTag() is "biometric-setup-screen" and view has effective visibility <VISIBLE>)
11-23 20:56:07.463  8444  8444 I ViewInteraction: Checking 'MatchesViewAssertion(Detox){viewMatcher=(view has effective visibility <VISIBLE> and view.getGlobalVisibleRect() covers at least <75> percent of the view's area)}' assertion on view (view.getTag() is "biometric-setup-screen" and view has effective visibility <VISIBLE>)
11-23 20:56:07.493  8444  8444 I ViewInteraction: Checking 'MatchesViewAssertion(Detox){viewMatcher=(view has effective visibility <VISIBLE> and view.getGlobalVisibleRect() covers at least <75> percent of the view's area)}' assertion on view (view.getTag() is "biometric-setup-screen" and view has effective visibility <VISIBLE>)
11-23 20:56:07.524  8444  8444 I ViewInteraction: Checking 'MatchesViewAssertion(Detox){viewMatcher=(view has effective visibility <VISIBLE> and view.getGlobalVisibleRect() covers at least <75> percent of the view's area)}' assertion on view (view.getTag() is "biometric-setup-screen" and view has effective visibility <VISIBLE>)
11-23 20:56:07.557  8444  8444 I ViewInteraction: Checking 'MatchesViewAssertion(Detox){viewMatcher=(view has effective visibility <VISIBLE> and view.getGlobalVisibleRect() covers at least <75> percent of the view's area)}' assertion on view (view.getTag() is "biometric-setup-screen" and view has effective visibility <VISIBLE>)
11-23 20:56:07.588  8444  8444 I ViewInteraction: Checking 'MatchesViewAssertion(Detox){viewMatcher=(view has effective visibility <VISIBLE> and view.getGlobalVisibleRect() covers at least <75> percent of the view's area)}' assertion on view (view.getTag() is "biometric-setup-screen" and view has effective visibility <VISIBLE>)
11-23 20:56:07.618  8444  8444 I ViewInteraction: Checking 'MatchesViewAssertion(Detox){viewMatcher=(view has effective visibility <VISIBLE> and view.getGlobalVisibleRect() covers at least <75> percent of the view's area)}' assertion on view (view.getTag() is "biometric-setup-screen" and view has effective visibility <VISIBLE>)
11-23 20:56:07.649  8444  8444 I ViewInteraction: Checking 'MatchesViewAssertion(Detox){viewMatcher=(view has effective visibility <VISIBLE> and view.getGlobalVisibleRect() covers at least <75> percent of the view's area)}' assertion on view (view.getTag() is "biometric-setup-screen" and view has effective visibility <VISIBLE>)
11-23 20:56:07.678  8444  8444 I ViewInteraction: Checking 'MatchesViewAssertion(Detox){viewMatcher=(view has effective visibility <VISIBLE> and view.getGlobalVisibleRect() covers at least <75> percent of the view's area)}' assertion on view (view.getTag() is "biometric-setup-screen" and view has effective visibility <VISIBLE>)
11-23 20:56:07.708  8444  8444 I ViewInteraction: Checking 'MatchesViewAssertion(Detox){viewMatcher=(view has effective visibility <VISIBLE> and view.getGlobalVisibleRect() covers at least <75> percent of the view's area)}' assertion on view (view.getTag() is "biometric-setup-screen" and view has effective visibility <VISIBLE>)
11-23 20:56:07.739  8444  8444 I ViewInteraction: Checking 'MatchesViewAssertion(Detox){viewMatcher=(view has effective visibility <VISIBLE> and view.getGlobalVisibleRect() covers at least <75> percent of the view's area)}' assertion on view (view.getTag() is "biometric-setup-screen" and view has effective visibility <VISIBLE>)
11-23 20:56:07.768  8444  8444 I ViewInteraction: Checking 'MatchesViewAssertion(Detox){viewMatcher=(view has effective visibility <VISIBLE> and view.getGlobalVisibleRect() covers at least <75> percent of the view's area)}' assertion on view (view.getTag() is "biometric-setup-screen" and view has effective visibility <VISIBLE>)
11-23 20:56:07.798  8444  8444 I ViewInteraction: Checking 'MatchesViewAssertion(Detox){viewMatcher=(view has effective visibility <VISIBLE> and view.getGlobalVisibleRect() covers at least <75> percent of the view's area)}' assertion on view (view.getTag() is "biometric-setup-screen" and view has effective visibility <VISIBLE>)
11-23 20:56:07.827  8444  8444 I ViewInteraction: Checking 'MatchesViewAssertion(Detox){viewMatcher=(view has effective visibility <VISIBLE> and view.getGlobalVisibleRect() covers at least <75> percent of the view's area)}' assertion on view (view.getTag() is "biometric-setup-screen" and view has effective visibility <VISIBLE>)
11-23 20:56:07.858  8444  8444 I ViewInteraction: Checking 'MatchesViewAssertion(Detox){viewMatcher=(view has effective visibility <VISIBLE> and view.getGlobalVisibleRect() covers at least <75> percent of the view's area)}' assertion on view (view.getTag() is "biometric-setup-screen" and view has effective visibility <VISIBLE>)
11-23 20:56:07.886  8444  8444 I ViewInteraction: Checking 'MatchesViewAssertion(Detox){viewMatcher=(view has effective visibility <VISIBLE> and view.getGlobalVisibleRect() covers at least <75> percent of the view's area)}' assertion on view (view.getTag() is "biometric-setup-screen" and view has effective visibility <VISIBLE>)
11-23 20:56:07.918  8444  8444 I ViewInteraction: Checking 'MatchesViewAssertion(Detox){viewMatcher=(view has effective visibility <VISIBLE> and view.getGlobalVisibleRect() covers at least <75> percent of the view's area)}' assertion on view (view.getTag() is "biometric-setup-screen" and view has effective visibility <VISIBLE>)
11-23 20:56:07.948  8444  8444 I ViewInteraction: Checking 'MatchesViewAssertion(Detox){viewMatcher=(view has effective visibility <VISIBLE> and view.getGlobalVisibleRect() covers at least <75> percent of the view's area)}' assertion on view (view.getTag() is "biometric-setup-screen" and view has effective visibility <VISIBLE>)
11-23 20:56:07.978  8444  8444 I ViewInteraction: Checking 'MatchesViewAssertion(Detox){viewMatcher=(view has effective visibility <VISIBLE> and view.getGlobalVisibleRect() covers at least <75> percent of the view's area)}' assertion on view (view.getTag() is "biometric-setup-screen" and view has effective visibility <VISIBLE>)
11-23 20:56:08.007  8444  8444 I ViewInteraction: Checking 'MatchesViewAssertion(Detox){viewMatcher=(view has effective visibility <VISIBLE> and view.getGlobalVisibleRect() covers at least <75> percent of the view's area)}' assertion on view (view.getTag() is "biometric-setup-screen" and view has effective visibility <VISIBLE>)
11-23 20:56:08.039  8444  8444 I ViewInteraction: Checking 'MatchesViewAssertion(Detox){viewMatcher=(view has effective visibility <VISIBLE> and view.getGlobalVisibleRect() covers at least <75> percent of the view's area)}' assertion on view (view.getTag() is "biometric-setup-screen" and view has effective visibility <VISIBLE>)
11-23 20:56:08.068  8444  8444 I ViewInteraction: Checking 'MatchesViewAssertion(Detox){viewMatcher=(view has effective visibility <VISIBLE> and view.getGlobalVisibleRect() covers at least <75> percent of the view's area)}' assertion on view (view.getTag() is "biometric-setup-screen" and view has effective visibility <VISIBLE>)
11-23 20:56:08.097  8444  8444 I ViewInteraction: Checking 'MatchesViewAssertion(Detox){viewMatcher=(view has effective visibility <VISIBLE> and view.getGlobalVisibleRect() covers at least <75> percent of the view's area)}' assertion on view (view.getTag() is "biometric-setup-screen" and view has effective visibility <VISIBLE>)
11-23 20:56:08.126  8444  8444 I ViewInteraction: Checking 'MatchesViewAssertion(Detox){viewMatcher=(view has effective visibility <VISIBLE> and view.getGlobalVisibleRect() covers at least <75> percent of the view's area)}' assertion on view (view.getTag() is "biometric-setup-screen" and view has effective visibility <VISIBLE>)
11-23 20:56:08.131  8444  9255 I ReactNativeJS: [MemoryMonitor] Stopped
11-23 20:56:08.157  8444  8444 I ViewInteraction: Checking 'MatchesViewAssertion(Detox){viewMatcher=(view has effective visibility <VISIBLE> and view.getGlobalVisibleRect() covers at least <75> percent of the view's area)}' assertion on view (view.getTag() is "biometric-setup-screen" and view has effective visibility <VISIBLE>)
11-23 20:56:08.187  8444  8444 I ViewInteraction: Checking 'MatchesViewAssertion(Detox){viewMatcher=(view has effective visibility <VISIBLE> and view.getGlobalVisibleRect() covers at least <75> percent of the view's area)}' assertion on view (view.getTag() is "biometric-setup-screen" and view has effective visibility <VISIBLE>)
11-23 20:56:08.216  8444  8444 I ViewInteraction: Checking 'MatchesViewAssertion(Detox){viewMatcher=(view has effective visibility <VISIBLE> and view.getGlobalVisibleRect() covers at least <75> percent of the view's area)}' assertion on view (view.getTag() is "biometric-setup-screen" and view has effective visibility <VISIBLE>)
11-23 20:56:08.246  8444  8444 I ViewInteraction: Checking 'MatchesViewAssertion(Detox){viewMatcher=(view has effective visibility <VISIBLE> and view.getGlobalVisibleRect() covers at least <75> percent of the view's area)}' assertion on view (view.getTag() is "biometric-setup-screen" and view has effective visibility <VISIBLE>)
11-23 20:56:08.276  8444  8444 I ViewInteraction: Checking 'MatchesViewAssertion(Detox){viewMatcher=(view has effective visibility <VISIBLE> and view.getGlobalVisibleRect() covers at least <75> percent of the view's area)}' assertion on view (view.getTag() is "biometric-setup-screen" and view has effective visibility <VISIBLE>)
11-23 20:56:08.286  8444  9255 I ReactNativeJS: [MemoryMonitor] Started with 10000ms interval
11-23 20:56:08.294  8444  8772 E RNKeychainManager: No entry found for service: dev.souschef.app.credentials.indicator
11-23 20:56:08.306  8444  8444 I ViewInteraction: Checking 'MatchesViewAssertion(Detox){viewMatcher=(view has effective visibility <VISIBLE> and view.getGlobalVisibleRect() covers at least <75> percent of the view's area)}' assertion on view (view.getTag() is "biometric-setup-screen" and view has effective visibility <VISIBLE>)
11-23 20:56:08.335  8444  8444 I ViewInteraction: Checking 'MatchesViewAssertion(Detox){viewMatcher=(view has effective visibility <VISIBLE> and view.getGlobalVisibleRect() covers at least <75> percent of the view's area)}' assertion on view (view.getTag() is "biometric-setup-screen" and view has effective visibility <VISIBLE>)
11-23 20:56:08.357  8444  8444 W WindowOnBackDispatcher: sendCancelIfRunning: isInProgress=false callback=android.widget.PopupWindow$PopupDecorView$$ExternalSyntheticLambda1@44739e1
11-23 20:56:08.358  8444  8444 I WindowManager: WindowManagerGlobal#removeView, ty=1000, view=android.widget.PopupWindow$PopupDecorView{c635ea9 V.E...... R....... 0,0-1440,94}, caller=android.view.WindowManagerGlobal.removeView:654 android.view.WindowManagerImpl.removeViewImmediate:216 android.widget.PopupWindow.dismissImmediate:2415 
11-23 20:56:08.361  8444  8444 I VRI[PopupWindow:dd13373]@cdcfc2e: dispatchDetachedFromWindow
11-23 20:56:08.365  8444  8444 D InputTransport: Input channel destroyed: '6b9b927', fd=278
11-23 20:56:08.371  8444  8444 I ReactNative: [GESTURE HANDLER] Initialize gesture handler for root view com.facebook.react.runtime.ReactSurfaceView{f1dc87c V.E...... ......ID 0,0-1440,3088 #1}
11-23 20:56:08.394  8444  8444 I ViewInteraction: Checking 'MatchesViewAssertion(Detox){viewMatcher=(view has effective visibility <VISIBLE> and view.getGlobalVisibleRect() covers at least <75> percent of the view's area)}' assertion on view (view.getTag() is "biometric-setup-screen" and view has effective visibility <VISIBLE>)
11-23 20:56:08.429  8444  8444 I ViewInteraction: Checking 'MatchesViewAssertion(Detox){viewMatcher=(view has effective visibility <VISIBLE> and view.getGlobalVisibleRect() covers at least <75> percent of the view's area)}' assertion on view (view.getTag() is "biometric-setup-screen" and view has effective visibility <VISIBLE>)
11-23 20:56:08.474  8444  8444 I ViewInteraction: Checking 'MatchesViewAssertion(Detox){viewMatcher=(view has effective visibility <VISIBLE> and view.getGlobalVisibleRect() covers at least <75> percent of the view's area)}' assertion on view (view.getTag() is "biometric-setup-screen" and view has effective visibility <VISIBLE>)
11-23 20:56:08.505  8444  8444 I ViewInteraction: Checking 'MatchesViewAssertion(Detox){viewMatcher=(view has effective visibility <VISIBLE> and view.getGlobalVisibleRect() covers at least <75> percent of the view's area)}' assertion on view (view.getTag() is "biometric-setup-screen" and view has effective visibility <VISIBLE>)
11-23 20:56:08.539  8444  8444 I ViewInteraction: Checking 'MatchesViewAssertion(Detox){viewMatcher=(view has effective visibility <VISIBLE> and view.getGlobalVisibleRect() covers at least <75> percent of the view's area)}' assertion on view (view.getTag() is "biometric-setup-screen" and view has effective visibility <VISIBLE>)
11-23 20:56:08.571  8444  8444 I ViewInteraction: Checking 'MatchesViewAssertion(Detox){viewMatcher=(view has effective visibility <VISIBLE> and view.getGlobalVisibleRect() covers at least <75> percent of the view's area)}' assertion on view (view.getTag() is "biometric-setup-screen" and view has effective visibility <VISIBLE>)
11-23 20:56:08.605  8444  8444 I ViewInteraction: Checking 'MatchesViewAssertion(Detox){viewMatcher=(view has effective visibility <VISIBLE> and view.getGlobalVisibleRect() covers at least <75> percent of the view's area)}' assertion on view (view.getTag() is "biometric-setup-screen" and view has effective visibility <VISIBLE>)
11-23 20:56:08.635  8444  8444 I ViewInteraction: Checking 'MatchesViewAssertion(Detox){viewMatcher=(view has effective visibility <VISIBLE> and view.getGlobalVisibleRect() covers at least <75> percent of the view's area)}' assertion on view (view.getTag() is "biometric-setup-screen" and view has effective visibility <VISIBLE>)
11-23 20:56:08.666  8444  8444 I ViewInteraction: Checking 'MatchesViewAssertion(Detox){viewMatcher=(view has effective visibility <VISIBLE> and view.getGlobalVisibleRect() covers at least <75> percent of the view's area)}' assertion on view (view.getTag() is "biometric-setup-screen" and view has effective visibility <VISIBLE>)
11-23 20:56:08.698  8444  8444 I ViewInteraction: Checking 'MatchesViewAssertion(Detox){viewMatcher=(view has effective visibility <VISIBLE> and view.getGlobalVisibleRect() covers at least <75> percent of the view's area)}' assertion on view (view.getTag() is "biometric-setup-screen" and view has effective visibility <VISIBLE>)
11-23 20:56:08.729  8444  8444 I ViewInteraction: Checking 'MatchesViewAssertion(Detox){viewMatcher=(view has effective visibility <VISIBLE> and view.getGlobalVisibleRect() covers at least <75> percent of the view's area)}' assertion on view (view.getTag() is "biometric-setup-screen" and view has effective visibility <VISIBLE>)
11-23 20:56:08.760  8444  8444 I ViewInteraction: Checking 'MatchesViewAssertion(Detox){viewMatcher=(view has effective visibility <VISIBLE> and view.getGlobalVisibleRect() covers at least <75> percent of the view's area)}' assertion on view (view.getTag() is "biometric-setup-screen" and view has effective visibility <VISIBLE>)
11-23 20:56:08.791  8444  8444 I ViewInteraction: Checking 'MatchesViewAssertion(Detox){viewMatcher=(view has effective visibility <VISIBLE> and view.getGlobalVisibleRect() covers at least <75> percent of the view's area)}' assertion on view (view.getTag() is "biometric-setup-screen" and view has effective visibility <VISIBLE>)
11-23 20:56:08.822  8444  8444 I ViewInteraction: Checking 'MatchesViewAssertion(Detox){viewMatcher=(view has effective visibility <VISIBLE> and view.getGlobalVisibleRect() covers at least <75> percent of the view's area)}' assertion on view (view.getTag() is "biometric-setup-screen" and view has effective visibility <VISIBLE>)
11-23 20:56:08.854  8444  8444 I ViewInteraction: Checking 'MatchesViewAssertion(Detox){viewMatcher=(view has effective visibility <VISIBLE> and view.getGlobalVisibleRect() covers at least <75> percent of the view's area)}' assertion on view (view.getTag() is "biometric-setup-screen" and view has effective visibility <VISIBLE>)
11-23 20:56:08.885  8444  8444 I ViewInteraction: Checking 'MatchesViewAssertion(Detox){viewMatcher=(view has effective visibility <VISIBLE> and view.getGlobalVisibleRect() covers at least <75> percent of the view's area)}' assertion on view (view.getTag() is "biometric-setup-screen" and view has effective visibility <VISIBLE>)
11-23 20:56:08.916  8444  8444 I ViewInteraction: Checking 'MatchesViewAssertion(Detox){viewMatcher=(view has effective visibility <VISIBLE> and view.getGlobalVisibleRect() covers at least <75> percent of the view's area)}' assertion on view (view.getTag() is "biometric-setup-screen" and view has effective visibility <VISIBLE>)
11-23 20:56:08.942  8444  8489 I DetoxActionHandlers: Test exception
11-23 20:56:08.942  8444  8489 I DetoxActionHandlers: java.lang.reflect.InvocationTargetException
11-23 20:56:08.942  8444  8489 I DetoxActionHandlers: 	at java.lang.reflect.Method.invoke(Native Method)
11-23 20:56:08.942  8444  8489 I DetoxActionHandlers: 	at org.apache.commons.lang3.reflect.MethodUtils.invokeStaticMethod(MethodUtils.java:443)
11-23 20:56:08.942  8444  8489 I DetoxActionHandlers: 	at org.apache.commons.lang3.reflect.MethodUtils.invokeStaticMethod(MethodUtils.java:405)
11-23 20:56:08.942  8444  8489 I DetoxActionHandlers: 	at com.wix.invoke.types.ClassTarget.execute(ClassTarget.java:23)
11-23 20:56:08.942  8444  8489 I DetoxActionHandlers: 	at com.wix.invoke.types.Target.invoke(Target.java:59)
11-23 20:56:08.942  8444  8489 I DetoxActionHandlers: 	at com.wix.invoke.MethodInvocation.invoke(MethodInvocation.java:35)
11-23 20:56:08.942  8444  8489 I DetoxActionHandlers: 	at com.wix.invoke.MethodInvocation.invoke(MethodInvocation.java:26)
11-23 20:56:08.942  8444  8489 I DetoxActionHandlers: 	at com.wix.invoke.MethodInvocation.invoke(MethodInvocation.java:20)
11-23 20:56:08.942  8444  8489 I DetoxActionHandlers: 	at com.wix.detox.adapters.server.InvokeActionHandler.handle(DetoxActionHandlers.kt:54)
11-23 20:56:08.942  8444  8489 I DetoxActionHandlers: 	at com.wix.detox.adapters.server.ActionsExecutor.executeAction$lambda$2$lambda$1(DetoxActionsDispatcher.kt:76)
11-23 20:56:08.942  8444  8489 I DetoxActionHandlers: 	at com.wix.detox.adapters.server.ActionsExecutor.$r8$lambda$GVbB7LHtBHxNHGbgYnHJ6YrwCqs(Unknown Source:0)
11-23 20:56:08.942  8444  8489 I DetoxActionHandlers: 	at com.wix.detox.adapters.server.ActionsExecutor$$ExternalSyntheticLambda0.run(D8$$SyntheticClass:0)
11-23 20:56:08.942  8444  8489 I DetoxActionHandlers: 	at android.os.Handler.handleCallback(Handler.java:995)
11-23 20:56:08.942  8444  8489 I DetoxActionHandlers: 	at android.os.Handler.dispatchMessage(Handler.java:103)
11-23 20:56:08.942  8444  8489 I DetoxActionHandlers: 	at android.os.Looper.loopOnce(Looper.java:273)
11-23 20:56:08.942  8444  8489 I DetoxActionHandlers: 	at android.os.Looper.loop(Looper.java:363)
11-23 20:56:08.942  8444  8489 I DetoxActionHandlers: 	at com.wix.detox.adapters.server.ActionsExecutor._init_$lambda$0(DetoxActionsDispatcher.kt:62)
11-23 20:56:08.942  8444  8489 I DetoxActionHandlers: 	at com.wix.detox.adapters.server.ActionsExecutor.$r8$lambda$xlgL0CQim6vNM0wWEqM8JIDgZUE(Unknown Source:0)
11-23 20:56:08.942  8444  8489 I DetoxActionHandlers: 	at com.wix.detox.adapters.server.ActionsExecutor$$ExternalSyntheticLambda1.run(D8$$SyntheticClass:0)
11-23 20:56:08.942  8444  8489 I DetoxActionHandlers: 	at java.lang.Thread.run(Thread.java:1119)
11-23 20:56:08.942  8444  8489 I DetoxActionHandlers: Caused by: com.wix.detox.common.DetoxErrors$DetoxRuntimeException: 2.0sec timeout expired without matching of given matcher: (view has effective visibility <VISIBLE> and view.getGlobalVisibleRect() covers at least <75> percent of the view's area)
11-23 20:56:08.942  8444  8489 I DetoxActionHandlers: 	at com.wix.detox.espresso.DetoxAssertion.waitForAssertMatcher(DetoxAssertion.java:72)
11-23 20:56:08.942  8444  8489 I DetoxActionHandlers: 	... 20 more
11-23 20:56:08.942  8444  8489 I DetoxWSClient: Sending out action 'testFailed' (ID #40)
11-23 20:56:08.943  8444  8489 I DetoxDispatcher: Done with action 'invoke'
11-23 20:56:08.948  8444  8495 D DetoxWSClient: Received action 'invoke' (ID #41, params={"target":{"type":"Class","value":"com.wix.detox.espresso.DetoxAssertion"},"method":"waitForAssertMatcher","args":[{"type":"Invocation","value":{"target":{"type":"Class","value":"androidx.test.espresso.Espresso"},"method":"onView","args":[{"type":"Invocation","value":{"target":{"type":"Class","value":"com.wix.detox.espresso.DetoxMatcher"},"method":"matcherForTestId","args":["feature-hint-overlay-dismiss",{"type":"boolean","value":false}]}}]}},{"type":"Invocation","value":{"target":{"type":"Class","value":"com.wix.detox.espresso.DetoxMatcher"},"method":"matcherForSufficientlyVisible","args":[{"type":"Integer","value":75}]}},{"type":"Double","value":3}]})
11-23 20:56:08.949  8444  8489 I DetoxDispatcher: Handling action 'invoke' (ID #41)...
11-23 20:56:08.949  8444  8489 D Detox   : class com.wix.detox.espresso.DetoxMatcher, matcherForTestId, [feature-hint-overlay-dismiss, false]
11-23 20:56:08.950  8444  8489 D Detox   : class androidx.test.espresso.Espresso, onView, [(view.getTag() is "feature-hint-overlay-dismiss" and view has effective visibility <VISIBLE>)]
11-23 20:56:08.952  8444  8489 D Detox   : class com.wix.detox.espresso.DetoxMatcher, matcherForSufficientlyVisible, [75]
11-23 20:56:08.953  8444  8489 D Detox   : class com.wix.detox.espresso.DetoxAssertion, waitForAssertMatcher, [androidx.test.espresso.ViewInteraction@a45e3fd, (view has effective visibility <VISIBLE> and view.getGlobalVisibleRect() covers at least <75> percent of the view's area), 3.0]
11-23 20:56:08.961  8444  8444 I ViewInteraction: Checking 'MatchesViewAssertion(Detox){viewMatcher=(view has effective visibility <VISIBLE> and view.getGlobalVisibleRect() covers at least <75> percent of the view's area)}' assertion on view (view.getTag() is "feature-hint-overlay-dismiss" and view has effective visibility <VISIBLE>)
11-23 20:56:08.992  8444  8444 I ViewInteraction: Checking 'MatchesViewAssertion(Detox){viewMatcher=(view has effective visibility <VISIBLE> and view.getGlobalVisibleRect() covers at least <75> percent of the view's area)}' assertion on view (view.getTag() is "feature-hint-overlay-dismiss" and view has effective visibility <VISIBLE>)
11-23 20:56:09.025  8444  8444 I ViewInteraction: Checking 'MatchesViewAssertion(Detox){viewMatcher=(view has effective visibility <VISIBLE> and view.getGlobalVisibleRect() covers at least <75> percent of the view's area)}' assertion on view (view.getTag() is "feature-hint-overlay-dismiss" and view has effective visibility <VISIBLE>)
11-23 20:56:09.057  8444  8444 I ViewInteraction: Checking 'MatchesViewAssertion(Detox){viewMatcher=(view has effective visibility <VISIBLE> and view.getGlobalVisibleRect() covers at least <75> percent of the view's area)}' assertion on view (view.getTag() is "feature-hint-overlay-dismiss" and view has effective visibility <VISIBLE>)
11-23 20:56:09.062  8444  9255 I ReactNativeJS: 🛠️ Queue Debug Tools Available:
11-23 20:56:09.062  8444  9255 I ReactNativeJS:    Access via: __QUEUE_DEBUG__
11-23 20:56:09.062  8444  9255 I ReactNativeJS:    Commands:
11-23 20:56:09.063  8444  9255 I ReactNativeJS:      __QUEUE_DEBUG__.viewQueue()
11-23 20:56:09.063  8444  9255 I ReactNativeJS:      __QUEUE_DEBUG__.getQueueStats()
11-23 20:56:09.063  8444  9255 I ReactNativeJS:      __QUEUE_DEBUG__.processQueue()
11-23 20:56:09.064  8444  9255 I ReactNativeJS:      __QUEUE_DEBUG__.clearQueue()
11-23 20:56:09.064  8444  9255 I ReactNativeJS:      __QUEUE_DEBUG__.retryFailedMutations(userId)
11-23 20:56:09.065  8444  9255 I ReactNativeJS:      __QUEUE_DEBUG__.exportQueue()
11-23 20:56:09.065  8444  9255 I ReactNativeJS:      __QUEUE_DEBUG__.simulateOffline()
11-23 20:56:09.065  8444  9255 I ReactNativeJS:      __QUEUE_DEBUG__.simulateOnline()
11-23 20:56:09.087  8444  8444 I ViewInteraction: Checking 'MatchesViewAssertion(Detox){viewMatcher=(view has effective visibility <VISIBLE> and view.getGlobalVisibleRect() covers at least <75> percent of the view's area)}' assertion on view (view.getTag() is "feature-hint-overlay-dismiss" and view has effective visibility <VISIBLE>)
11-23 20:56:09.118  8444  8444 I ViewInteraction: Checking 'MatchesViewAssertion(Detox){viewMatcher=(view has effective visibility <VISIBLE> and view.getGlobalVisibleRect() covers at least <75> percent of the view's area)}' assertion on view (view.getTag() is "feature-hint-overlay-dismiss" and view has effective visibility <VISIBLE>)
11-23 20:56:09.147  8444  8444 I ViewInteraction: Checking 'MatchesViewAssertion(Detox){viewMatcher=(view has effective visibility <VISIBLE> and view.getGlobalVisibleRect() covers at least <75> percent of the view's area)}' assertion on view (view.getTag() is "feature-hint-overlay-dismiss" and view has effective visibility <VISIBLE>)
11-23 20:56:09.155  8444  9255 I ReactNativeJS: '%c🚀 ✅ QUERY GetMyPendingInvites 803ms', 'color: #22c55e; font-weight: bold'
11-23 20:56:09.175  8444  8444 I ViewInteraction: Checking 'MatchesViewAssertion(Detox){viewMatcher=(view has effective visibility <VISIBLE> and view.getGlobalVisibleRect() covers at least <75> percent of the view's area)}' assertion on view (view.getTag() is "feature-hint-overlay-dismiss" and view has effective visibility <VISIBLE>)
11-23 20:56:09.204  8444  8444 I ViewInteraction: Checking 'MatchesViewAssertion(Detox){viewMatcher=(view has effective visibility <VISIBLE> and view.getGlobalVisibleRect() covers at least <75> percent of the view's area)}' assertion on view (view.getTag() is "feature-hint-overlay-dismiss" and view has effective visibility <VISIBLE>)
11-23 20:56:09.234  8444  8444 I ViewInteraction: Checking 'MatchesViewAssertion(Detox){viewMatcher=(view has effective visibility <VISIBLE> and view.getGlobalVisibleRect() covers at least <75> percent of the view's area)}' assertion on view (view.getTag() is "feature-hint-overlay-dismiss" and view has effective visibility <VISIBLE>)
11-23 20:56:09.265  8444  8444 I ViewInteraction: Checking 'MatchesViewAssertion(Detox){viewMatcher=(view has effective visibility <VISIBLE> and view.getGlobalVisibleRect() covers at least <75> percent of the view's area)}' assertion on view (view.getTag() is "feature-hint-overlay-dismiss" and view has effective visibility <VISIBLE>)
11-23 20:56:09.296  8444  8444 I ViewInteraction: Checking 'MatchesViewAssertion(Detox){viewMatcher=(view has effective visibility <VISIBLE> and view.getGlobalVisibleRect() covers at least <75> percent of the view's area)}' assertion on view (view.getTag() is "feature-hint-overlay-dismiss" and view has effective visibility <VISIBLE>)
11-23 20:56:09.327  8444  8444 I ViewInteraction: Checking 'MatchesViewAssertion(Detox){viewMatcher=(view has effective visibility <VISIBLE> and view.getGlobalVisibleRect() covers at least <75> percent of the view's area)}' assertion on view (view.getTag() is "feature-hint-overlay-dismiss" and view has effective visibility <VISIBLE>)
11-23 20:56:09.340  8444  9255 I ReactNativeJS: '✅ [NotificationReceived] Subscription ACTIVE for user:', '68f41739878fd075b87c1dd1'
11-23 20:56:09.350  8444  9255 I ReactNativeJS: '%c🚀 ⚠️ QUERY MyShoppingListInvites 1003ms', 'color: #f59e0b; font-weight: bold'
11-23 20:56:09.361  8444  8444 I BLASTBufferQueue_Java: update, w= 1440 h= 3088 mName = VRI[MainActivity]@8e53a52 mNativeObject= 0xb400007adda683b0 sc.mNativeObject= 0xb400007b7da3c350 format= -1 caller= android.view.ViewRootImpl.updateBlastSurfaceIfNeeded:3574 android.view.ViewRootImpl.relayoutWindow:11685 android.view.ViewRootImpl.performTraversals:4804 android.view.ViewRootImpl.doTraversal:3924 android.view.ViewRootImpl$TraversalRunnable.run:12903 android.view.Choreographer$CallbackRecord.run:1901 
11-23 20:56:09.361  8444  8444 I VRI[MainActivity]@8e53a52: Relayout returned: old=(0,0,1440,3088) new=(0,0,1440,3088) relayoutAsync=true req=(1440,3088)0 dur=1 res=0x0 s={true 0xb400007beda57a40} ch=false seqId=0
11-23 20:56:09.364  8444  8444 I VRI[MainActivity]@8e53a52: registerCallbackForPendingTransactions
11-23 20:56:09.365  8444  8526 I VRI[MainActivity]@8e53a52: mWNT: t=0xb400007c8db01710 mBlastBufferQueue=0xb400007adda683b0 fn= 615 HdrRenderState mRenderHdrSdrRatio=1.0 caller= android.view.ViewRootImpl$10.onFrameDraw:6536 android.view.ViewRootImpl$4.onFrameDraw:2489 android.view.ThreadedRenderer$1.onFrameDraw:718 
11-23 20:56:09.366  8444  9255 I ReactNativeJS: '%c🚀 ⚠️ QUERY GetCommonUnits 1046ms', 'color: #f59e0b; font-weight: bold'
11-23 20:56:09.374  8444  8444 I ViewInteraction: Checking 'MatchesViewAssertion(Detox){viewMatcher=(view has effective visibility <VISIBLE> and view.getGlobalVisibleRect() covers at least <75> percent of the view's area)}' assertion on view (view.getTag() is "feature-hint-overlay-dismiss" and view has effective visibility <VISIBLE>)
11-23 20:56:09.407  8444  8444 I ViewInteraction: Checking 'MatchesViewAssertion(Detox){viewMatcher=(view has effective visibility <VISIBLE> and view.getGlobalVisibleRect() covers at least <75> percent of the view's area)}' assertion on view (view.getTag() is "feature-hint-overlay-dismiss" and view has effective visibility <VISIBLE>)
11-23 20:56:09.443  8444  8444 I ViewInteraction: Checking 'MatchesViewAssertion(Detox){viewMatcher=(view has effective visibility <VISIBLE> and view.getGlobalVisibleRect() covers at least <75> percent of the view's area)}' assertion on view (view.getTag() is "feature-hint-overlay-dismiss" and view has effective visibility <VISIBLE>)
11-23 20:56:09.473  8444  8444 I ViewInteraction: Checking 'MatchesViewAssertion(Detox){viewMatcher=(view has effective visibility <VISIBLE> and view.getGlobalVisibleRect() covers at least <75> percent of the view's area)}' assertion on view (view.getTag() is "feature-hint-overlay-dismiss" and view has effective visibility <VISIBLE>)
11-23 20:56:09.503  8444  8444 I ViewInteraction: Checking 'MatchesViewAssertion(Detox){viewMatcher=(view has effective visibility <VISIBLE> and view.getGlobalVisibleRect() covers at least <75> percent of the view's area)}' assertion on view (view.getTag() is "feature-hint-overlay-dismiss" and view has effective visibility <VISIBLE>)
11-23 20:56:09.534  8444  8444 I ViewInteraction: Checking 'MatchesViewAssertion(Detox){viewMatcher=(view has effective visibility <VISIBLE> and view.getGlobalVisibleRect() covers at least <75> percent of the view's area)}' assertion on view (view.getTag() is "feature-hint-overlay-dismiss" and view has effective visibility <VISIBLE>)
11-23 20:56:09.563  8444  8444 I ViewInteraction: Checking 'MatchesViewAssertion(Detox){viewMatcher=(view has effective visibility <VISIBLE> and view.getGlobalVisibleRect() covers at least <75> percent of the view's area)}' assertion on view (view.getTag() is "feature-hint-overlay-dismiss" and view has effective visibility <VISIBLE>)
11-23 20:56:09.600  8444  8444 I ViewInteraction: Checking 'MatchesViewAssertion(Detox){viewMatcher=(view has effective visibility <VISIBLE> and view.getGlobalVisibleRect() covers at least <75> percent of the view's area)}' assertion on view (view.getTag() is "feature-hint-overlay-dismiss" and view has effective visibility <VISIBLE>)
11-23 20:56:09.631  8444  8444 I ViewInteraction: Checking 'MatchesViewAssertion(Detox){viewMatcher=(view has effective visibility <VISIBLE> and view.getGlobalVisibleRect() covers at least <75> percent of the view's area)}' assertion on view (view.getTag() is "feature-hint-overlay-dismiss" and view has effective visibility <VISIBLE>)
11-23 20:56:09.663  8444  8444 I ViewInteraction: Checking 'MatchesViewAssertion(Detox){viewMatcher=(view has effective visibility <VISIBLE> and view.getGlobalVisibleRect() covers at least <75> percent of the view's area)}' assertion on view (view.getTag() is "feature-hint-overlay-dismiss" and view has effective visibility <VISIBLE>)
11-23 20:56:09.693  8444  8444 I ViewInteraction: Checking 'MatchesViewAssertion(Detox){viewMatcher=(view has effective visibility <VISIBLE> and view.getGlobalVisibleRect() covers at least <75> percent of the view's area)}' assertion on view (view.getTag() is "feature-hint-overlay-dismiss" and view has effective visibility <VISIBLE>)
11-23 20:56:09.723  8444  8444 I ViewInteraction: Checking 'MatchesViewAssertion(Detox){viewMatcher=(view has effective visibility <VISIBLE> and view.getGlobalVisibleRect() covers at least <75> percent of the view's area)}' assertion on view (view.getTag() is "feature-hint-overlay-dismiss" and view has effective visibility <VISIBLE>)
11-23 20:56:09.755  8444  8444 I ViewInteraction: Checking 'MatchesViewAssertion(Detox){viewMatcher=(view has effective visibility <VISIBLE> and view.getGlobalVisibleRect() covers at least <75> percent of the view's area)}' assertion on view (view.getTag() is "feature-hint-overlay-dismiss" and view has effective visibility <VISIBLE>)
11-23 20:56:09.786  8444  8444 I ViewInteraction: Checking 'MatchesViewAssertion(Detox){viewMatcher=(view has effective visibility <VISIBLE> and view.getGlobalVisibleRect() covers at least <75> percent of the view's area)}' assertion on view (view.getTag() is "feature-hint-overlay-dismiss" and view has effective visibility <VISIBLE>)
11-23 20:56:09.816  8444  8444 I ViewInteraction: Checking 'MatchesViewAssertion(Detox){viewMatcher=(view has effective visibility <VISIBLE> and view.getGlobalVisibleRect() covers at least <75> percent of the view's area)}' assertion on view (view.getTag() is "feature-hint-overlay-dismiss" and view has effective visibility <VISIBLE>)
11-23 20:56:09.846  8444  8444 I ViewInteraction: Checking 'MatchesViewAssertion(Detox){viewMatcher=(view has effective visibility <VISIBLE> and view.getGlobalVisibleRect() covers at least <75> percent of the view's area)}' assertion on view (view.getTag() is "feature-hint-overlay-dismiss" and view has effective visibility <VISIBLE>)
11-23 20:56:09.877  8444  8444 I ViewInteraction: Checking 'MatchesViewAssertion(Detox){viewMatcher=(view has effective visibility <VISIBLE> and view.getGlobalVisibleRect() covers at least <75> percent of the view's area)}' assertion on view (view.getTag() is "feature-hint-overlay-dismiss" and view has effective visibility <VISIBLE>)
11-23 20:56:09.909  8444  8444 I ViewInteraction: Checking 'MatchesViewAssertion(Detox){viewMatcher=(view has effective visibility <VISIBLE> and view.getGlobalVisibleRect() covers at least <75> percent of the view's area)}' assertion on view (view.getTag() is "feature-hint-overlay-dismiss" and view has effective visibility <VISIBLE>)
11-23 20:56:09.940  8444  8444 I ViewInteraction: Checking 'MatchesViewAssertion(Detox){viewMatcher=(view has effective visibility <VISIBLE> and view.getGlobalVisibleRect() covers at least <75> percent of the view's area)}' assertion on view (view.getTag() is "feature-hint-overlay-dismiss" and view has effective visibility <VISIBLE>)
11-23 20:56:09.970  8444  8444 I ViewInteraction: Checking 'MatchesViewAssertion(Detox){viewMatcher=(view has effective visibility <VISIBLE> and view.getGlobalVisibleRect() covers at least <75> percent of the view's area)}' assertion on view (view.getTag() is "feature-hint-overlay-dismiss" and view has effective visibility <VISIBLE>)
11-23 20:56:10.003  8444  8444 I ViewInteraction: Checking 'MatchesViewAssertion(Detox){viewMatcher=(view has effective visibility <VISIBLE> and view.getGlobalVisibleRect() covers at least <75> percent of the view's area)}' assertion on view (view.getTag() is "feature-hint-overlay-dismiss" and view has effective visibility <VISIBLE>)
11-23 20:56:10.033  8444  8444 I ViewInteraction: Checking 'MatchesViewAssertion(Detox){viewMatcher=(view has effective visibility <VISIBLE> and view.getGlobalVisibleRect() covers at least <75> percent of the view's area)}' assertion on view (view.getTag() is "feature-hint-overlay-dismiss" and view has effective visibility <VISIBLE>)
11-23 20:56:10.065  8444  8444 I ViewInteraction: Checking 'MatchesViewAssertion(Detox){viewMatcher=(view has effective visibility <VISIBLE> and view.getGlobalVisibleRect() covers at least <75> percent of the view's area)}' assertion on view (view.getTag() is "feature-hint-overlay-dismiss" and view has effective visibility <VISIBLE>)
11-23 20:56:10.097  8444  8444 I ViewInteraction: Checking 'MatchesViewAssertion(Detox){viewMatcher=(view has effective visibility <VISIBLE> and view.getGlobalVisibleRect() covers at least <75> percent of the view's area)}' assertion on view (view.getTag() is "feature-hint-overlay-dismiss" and view has effective visibility <VISIBLE>)
11-23 20:56:10.127  8444  8444 I ViewInteraction: Checking 'MatchesViewAssertion(Detox){viewMatcher=(view has effective visibility <VISIBLE> and view.getGlobalVisibleRect() covers at least <75> percent of the view's area)}' assertion on view (view.getTag() is "feature-hint-overlay-dismiss" and view has effective visibility <VISIBLE>)
11-23 20:56:10.158  8444  8444 I ViewInteraction: Checking 'MatchesViewAssertion(Detox){viewMatcher=(view has effective visibility <VISIBLE> and view.getGlobalVisibleRect() covers at least <75> percent of the view's area)}' assertion on view (view.getTag() is "feature-hint-overlay-dismiss" and view has effective visibility <VISIBLE>)
11-23 20:56:10.190  8444  8444 I ViewInteraction: Checking 'MatchesViewAssertion(Detox){viewMatcher=(view has effective visibility <VISIBLE> and view.getGlobalVisibleRect() covers at least <75> percent of the view's area)}' assertion on view (view.getTag() is "feature-hint-overlay-dismiss" and view has effective visibility <VISIBLE>)
11-23 20:56:10.222  8444  8444 I ViewInteraction: Checking 'MatchesViewAssertion(Detox){viewMatcher=(view has effective visibility <VISIBLE> and view.getGlobalVisibleRect() covers at least <75> percent of the view's area)}' assertion on view (view.getTag() is "feature-hint-overlay-dismiss" and view has effective visibility <VISIBLE>)
11-23 20:56:10.254  8444  8444 I ViewInteraction: Checking 'MatchesViewAssertion(Detox){viewMatcher=(view has effective visibility <VISIBLE> and view.getGlobalVisibleRect() covers at least <75> percent of the view's area)}' assertion on view (view.getTag() is "feature-hint-overlay-dismiss" and view has effective visibility <VISIBLE>)
11-23 20:56:10.285  8444  8444 I ViewInteraction: Checking 'MatchesViewAssertion(Detox){viewMatcher=(view has effective visibility <VISIBLE> and view.getGlobalVisibleRect() covers at least <75> percent of the view's area)}' assertion on view (view.getTag() is "feature-hint-overlay-dismiss" and view has effective visibility <VISIBLE>)
11-23 20:56:10.316  8444  8444 I ViewInteraction: Checking 'MatchesViewAssertion(Detox){viewMatcher=(view has effective visibility <VISIBLE> and view.getGlobalVisibleRect() covers at least <75> percent of the view's area)}' assertion on view (view.getTag() is "feature-hint-overlay-dismiss" and view has effective visibility <VISIBLE>)
11-23 20:56:10.348  8444  8444 I ViewInteraction: Checking 'MatchesViewAssertion(Detox){viewMatcher=(view has effective visibility <VISIBLE> and view.getGlobalVisibleRect() covers at least <75> percent of the view's area)}' assertion on view (view.getTag() is "feature-hint-overlay-dismiss" and view has effective visibility <VISIBLE>)
11-23 20:56:10.380  8444  8444 I ViewInteraction: Checking 'MatchesViewAssertion(Detox){viewMatcher=(view has effective visibility <VISIBLE> and view.getGlobalVisibleRect() covers at least <75> percent of the view's area)}' assertion on view (view.getTag() is "feature-hint-overlay-dismiss" and view has effective visibility <VISIBLE>)
11-23 20:56:10.409  8444  8444 I ViewInteraction: Checking 'MatchesViewAssertion(Detox){viewMatcher=(view has effective visibility <VISIBLE> and view.getGlobalVisibleRect() covers at least <75> percent of the view's area)}' assertion on view (view.getTag() is "feature-hint-overlay-dismiss" and view has effective visibility <VISIBLE>)
11-23 20:56:10.439  8444  8444 I ViewInteraction: Checking 'MatchesViewAssertion(Detox){viewMatcher=(view has effective visibility <VISIBLE> and view.getGlobalVisibleRect() covers at least <75> percent of the view's area)}' assertion on view (view.getTag() is "feature-hint-overlay-dismiss" and view has effective visibility <VISIBLE>)
11-23 20:56:10.471  8444  8444 I ViewInteraction: Checking 'MatchesViewAssertion(Detox){viewMatcher=(view has effective visibility <VISIBLE> and view.getGlobalVisibleRect() covers at least <75> percent of the view's area)}' assertion on view (view.getTag() is "feature-hint-overlay-dismiss" and view has effective visibility <VISIBLE>)
11-23 20:56:10.503  8444  8444 I ViewInteraction: Checking 'MatchesViewAssertion(Detox){viewMatcher=(view has effective visibility <VISIBLE> and view.getGlobalVisibleRect() covers at least <75> percent of the view's area)}' assertion on view (view.getTag() is "feature-hint-overlay-dismiss" and view has effective visibility <VISIBLE>)
11-23 20:56:10.534  8444  8444 I ViewInteraction: Checking 'MatchesViewAssertion(Detox){viewMatcher=(view has effective visibility <VISIBLE> and view.getGlobalVisibleRect() covers at least <75> percent of the view's area)}' assertion on view (view.getTag() is "feature-hint-overlay-dismiss" and view has effective visibility <VISIBLE>)
11-23 20:56:10.566  8444  8444 I ViewInteraction: Checking 'MatchesViewAssertion(Detox){viewMatcher=(view has effective visibility <VISIBLE> and view.getGlobalVisibleRect() covers at least <75> percent of the view's area)}' assertion on view (view.getTag() is "feature-hint-overlay-dismiss" and view has effective visibility <VISIBLE>)
11-23 20:56:10.596  8444  8444 I ViewInteraction: Checking 'MatchesViewAssertion(Detox){viewMatcher=(view has effective visibility <VISIBLE> and view.getGlobalVisibleRect() covers at least <75> percent of the view's area)}' assertion on view (view.getTag() is "feature-hint-overlay-dismiss" and view has effective visibility <VISIBLE>)
11-23 20:56:10.626  8444  8444 I ViewInteraction: Checking 'MatchesViewAssertion(Detox){viewMatcher=(view has effective visibility <VISIBLE> and view.getGlobalVisibleRect() covers at least <75> percent of the view's area)}' assertion on view (view.getTag() is "feature-hint-overlay-dismiss" and view has effective visibility <VISIBLE>)
11-23 20:56:10.656  8444  8444 I ViewInteraction: Checking 'MatchesViewAssertion(Detox){viewMatcher=(view has effective visibility <VISIBLE> and view.getGlobalVisibleRect() covers at least <75> percent of the view's area)}' assertion on view (view.getTag() is "feature-hint-overlay-dismiss" and view has effective visibility <VISIBLE>)
11-23 20:56:10.687  8444  8444 I ViewInteraction: Checking 'MatchesViewAssertion(Detox){viewMatcher=(view has effective visibility <VISIBLE> and view.getGlobalVisibleRect() covers at least <75> percent of the view's area)}' assertion on view (view.getTag() is "feature-hint-overlay-dismiss" and view has effective visibility <VISIBLE>)
11-23 20:56:10.718  8444  8444 I ViewInteraction: Checking 'MatchesViewAssertion(Detox){viewMatcher=(view has effective visibility <VISIBLE> and view.getGlobalVisibleRect() covers at least <75> percent of the view's area)}' assertion on view (view.getTag() is "feature-hint-overlay-dismiss" and view has effective visibility <VISIBLE>)
11-23 20:56:10.749  8444  8444 I ViewInteraction: Checking 'MatchesViewAssertion(Detox){viewMatcher=(view has effective visibility <VISIBLE> and view.getGlobalVisibleRect() covers at least <75> percent of the view's area)}' assertion on view (view.getTag() is "feature-hint-overlay-dismiss" and view has effective visibility <VISIBLE>)
11-23 20:56:10.781  8444  8444 I ViewInteraction: Checking 'MatchesViewAssertion(Detox){viewMatcher=(view has effective visibility <VISIBLE> and view.getGlobalVisibleRect() covers at least <75> percent of the view's area)}' assertion on view (view.getTag() is "feature-hint-overlay-dismiss" and view has effective visibility <VISIBLE>)
11-23 20:56:10.812  8444  8444 I ViewInteraction: Checking 'MatchesViewAssertion(Detox){viewMatcher=(view has effective visibility <VISIBLE> and view.getGlobalVisibleRect() covers at least <75> percent of the view's area)}' assertion on view (view.getTag() is "feature-hint-overlay-dismiss" and view has effective visibility <VISIBLE>)
11-23 20:56:10.843  8444  8444 I ViewInteraction: Checking 'MatchesViewAssertion(Detox){viewMatcher=(view has effective visibility <VISIBLE> and view.getGlobalVisibleRect() covers at least <75> percent of the view's area)}' assertion on view (view.getTag() is "feature-hint-overlay-dismiss" and view has effective visibility <VISIBLE>)
11-23 20:56:10.873  8444  8444 I ViewInteraction: Checking 'MatchesViewAssertion(Detox){viewMatcher=(view has effective visibility <VISIBLE> and view.getGlobalVisibleRect() covers at least <75> percent of the view's area)}' assertion on view (view.getTag() is "feature-hint-overlay-dismiss" and view has effective visibility <VISIBLE>)
11-23 20:56:10.903  8444  8444 I ViewInteraction: Checking 'MatchesViewAssertion(Detox){viewMatcher=(view has effective visibility <VISIBLE> and view.getGlobalVisibleRect() covers at least <75> percent of the view's area)}' assertion on view (view.getTag() is "feature-hint-overlay-dismiss" and view has effective visibility <VISIBLE>)
11-23 20:56:10.935  8444  8444 I ViewInteraction: Checking 'MatchesViewAssertion(Detox){viewMatcher=(view has effective visibility <VISIBLE> and view.getGlobalVisibleRect() covers at least <75> percent of the view's area)}' assertion on view (view.getTag() is "feature-hint-overlay-dismiss" and view has effective visibility <VISIBLE>)
11-23 20:56:10.966  8444  8444 I ViewInteraction: Checking 'MatchesViewAssertion(Detox){viewMatcher=(view has effective visibility <VISIBLE> and view.getGlobalVisibleRect() covers at least <75> percent of the view's area)}' assertion on view (view.getTag() is "feature-hint-overlay-dismiss" and view has effective visibility <VISIBLE>)
11-23 20:56:10.998  8444  8444 I ViewInteraction: Checking 'MatchesViewAssertion(Detox){viewMatcher=(view has effective visibility <VISIBLE> and view.getGlobalVisibleRect() covers at least <75> percent of the view's area)}' assertion on view (view.getTag() is "feature-hint-overlay-dismiss" and view has effective visibility <VISIBLE>)
11-23 20:56:11.032  8444  8444 I ViewInteraction: Checking 'MatchesViewAssertion(Detox){viewMatcher=(view has effective visibility <VISIBLE> and view.getGlobalVisibleRect() covers at least <75> percent of the view's area)}' assertion on view (view.getTag() is "feature-hint-overlay-dismiss" and view has effective visibility <VISIBLE>)
11-23 20:56:11.062  8444  8444 I ViewInteraction: Checking 'MatchesViewAssertion(Detox){viewMatcher=(view has effective visibility <VISIBLE> and view.getGlobalVisibleRect() covers at least <75> percent of the view's area)}' assertion on view (view.getTag() is "feature-hint-overlay-dismiss" and view has effective visibility <VISIBLE>)
11-23 20:56:11.094  8444  8444 I ViewInteraction: Checking 'MatchesViewAssertion(Detox){viewMatcher=(view has effective visibility <VISIBLE> and view.getGlobalVisibleRect() covers at least <75> percent of the view's area)}' assertion on view (view.getTag() is "feature-hint-overlay-dismiss" and view has effective visibility <VISIBLE>)
11-23 20:56:11.126  8444  8444 I ViewInteraction: Checking 'MatchesViewAssertion(Detox){viewMatcher=(view has effective visibility <VISIBLE> and view.getGlobalVisibleRect() covers at least <75> percent of the view's area)}' assertion on view (view.getTag() is "feature-hint-overlay-dismiss" and view has effective visibility <VISIBLE>)
11-23 20:56:11.158  8444  8444 I ViewInteraction: Checking 'MatchesViewAssertion(Detox){viewMatcher=(view has effective visibility <VISIBLE> and view.getGlobalVisibleRect() covers at least <75> percent of the view's area)}' assertion on view (view.getTag() is "feature-hint-overlay-dismiss" and view has effective visibility <VISIBLE>)
11-23 20:56:11.189  8444  8444 I ViewInteraction: Checking 'MatchesViewAssertion(Detox){viewMatcher=(view has effective visibility <VISIBLE> and view.getGlobalVisibleRect() covers at least <75> percent of the view's area)}' assertion on view (view.getTag() is "feature-hint-overlay-dismiss" and view has effective visibility <VISIBLE>)
11-23 20:56:11.220  8444  8444 I ViewInteraction: Checking 'MatchesViewAssertion(Detox){viewMatcher=(view has effective visibility <VISIBLE> and view.getGlobalVisibleRect() covers at least <75> percent of the view's area)}' assertion on view (view.getTag() is "feature-hint-overlay-dismiss" and view has effective visibility <VISIBLE>)
11-23 20:56:11.251  8444  8444 I ViewInteraction: Checking 'MatchesViewAssertion(Detox){viewMatcher=(view has effective visibility <VISIBLE> and view.getGlobalVisibleRect() covers at least <75> percent of the view's area)}' assertion on view (view.getTag() is "feature-hint-overlay-dismiss" and view has effective visibility <VISIBLE>)
11-23 20:56:11.291  8444  8444 I ViewInteraction: Checking 'MatchesViewAssertion(Detox){viewMatcher=(view has effective visibility <VISIBLE> and view.getGlobalVisibleRect() covers at least <75> percent of the view's area)}' assertion on view (view.getTag() is "feature-hint-overlay-dismiss" and view has effective visibility <VISIBLE>)
11-23 20:56:11.318  8444  8449 I ev.souschef.app: NativeAlloc concurrent mark compact GC freed 30MB AllocSpace bytes, 70(1604KB) LOS objects, 66% free, 14MB/42MB, paused 1.417ms,4.192ms total 104.663ms
11-23 20:56:11.325  8444  8444 I ViewInteraction: Checking 'MatchesViewAssertion(Detox){viewMatcher=(view has effective visibility <VISIBLE> and view.getGlobalVisibleRect() covers at least <75> percent of the view's area)}' assertion on view (view.getTag() is "feature-hint-overlay-dismiss" and view has effective visibility <VISIBLE>)
11-23 20:56:11.357  8444  8444 I ViewInteraction: Checking 'MatchesViewAssertion(Detox){viewMatcher=(view has effective visibility <VISIBLE> and view.getGlobalVisibleRect() covers at least <75> percent of the view's area)}' assertion on view (view.getTag() is "feature-hint-overlay-dismiss" and view has effective visibility <VISIBLE>)
11-23 20:56:11.386  8444  8444 I ViewInteraction: Checking 'MatchesViewAssertion(Detox){viewMatcher=(view has effective visibility <VISIBLE> and view.getGlobalVisibleRect() covers at least <75> percent of the view's area)}' assertion on view (view.getTag() is "feature-hint-overlay-dismiss" and view has effective visibility <VISIBLE>)
11-23 20:56:11.417  8444  8444 I ViewInteraction: Checking 'MatchesViewAssertion(Detox){viewMatcher=(view has effective visibility <VISIBLE> and view.getGlobalVisibleRect() covers at least <75> percent of the view's area)}' assertion on view (view.getTag() is "feature-hint-overlay-dismiss" and view has effective visibility <VISIBLE>)
11-23 20:56:11.447  8444  8444 I ViewInteraction: Checking 'MatchesViewAssertion(Detox){viewMatcher=(view has effective visibility <VISIBLE> and view.getGlobalVisibleRect() covers at least <75> percent of the view's area)}' assertion on view (view.getTag() is "feature-hint-overlay-dismiss" and view has effective visibility <VISIBLE>)
11-23 20:56:11.475  8444  8444 I ViewInteraction: Checking 'MatchesViewAssertion(Detox){viewMatcher=(view has effective visibility <VISIBLE> and view.getGlobalVisibleRect() covers at least <75> percent of the view's area)}' assertion on view (view.getTag() is "feature-hint-overlay-dismiss" and view has effective visibility <VISIBLE>)
11-23 20:56:11.507  8444  8444 I ViewInteraction: Checking 'MatchesViewAssertion(Detox){viewMatcher=(view has effective visibility <VISIBLE> and view.getGlobalVisibleRect() covers at least <75> percent of the view's area)}' assertion on view (view.getTag() is "feature-hint-overlay-dismiss" and view has effective visibility <VISIBLE>)
11-23 20:56:11.541  8444  8444 I ViewInteraction: Checking 'MatchesViewAssertion(Detox){viewMatcher=(view has effective visibility <VISIBLE> and view.getGlobalVisibleRect() covers at least <75> percent of the view's area)}' assertion on view (view.getTag() is "feature-hint-overlay-dismiss" and view has effective visibility <VISIBLE>)
11-23 20:56:11.570  8444  8444 I ViewInteraction: Checking 'MatchesViewAssertion(Detox){viewMatcher=(view has effective visibility <VISIBLE> and view.getGlobalVisibleRect() covers at least <75> percent of the view's area)}' assertion on view (view.getTag() is "feature-hint-overlay-dismiss" and view has effective visibility <VISIBLE>)
11-23 20:56:11.607  8444  8444 I ViewInteraction: Checking 'MatchesViewAssertion(Detox){viewMatcher=(view has effective visibility <VISIBLE> and view.getGlobalVisibleRect() covers at least <75> percent of the view's area)}' assertion on view (view.getTag() is "feature-hint-overlay-dismiss" and view has effective visibility <VISIBLE>)
11-23 20:56:11.635  8444  8444 I ViewInteraction: Checking 'MatchesViewAssertion(Detox){viewMatcher=(view has effective visibility <VISIBLE> and view.getGlobalVisibleRect() covers at least <75> percent of the view's area)}' assertion on view (view.getTag() is "feature-hint-overlay-dismiss" and view has effective visibility <VISIBLE>)
11-23 20:56:11.670  8444  8444 I ViewInteraction: Checking 'MatchesViewAssertion(Detox){viewMatcher=(view has effective visibility <VISIBLE> and view.getGlobalVisibleRect() covers at least <75> percent of the view's area)}' assertion on view (view.getTag() is "feature-hint-overlay-dismiss" and view has effective visibility <VISIBLE>)
11-23 20:56:11.704  8444  8444 I ViewInteraction: Checking 'MatchesViewAssertion(Detox){viewMatcher=(view has effective visibility <VISIBLE> and view.getGlobalVisibleRect() covers at least <75> percent of the view's area)}' assertion on view (view.getTag() is "feature-hint-overlay-dismiss" and view has effective visibility <VISIBLE>)
11-23 20:56:11.738  8444  8444 I ViewInteraction: Checking 'MatchesViewAssertion(Detox){viewMatcher=(view has effective visibility <VISIBLE> and view.getGlobalVisibleRect() covers at least <75> percent of the view's area)}' assertion on view (view.getTag() is "feature-hint-overlay-dismiss" and view has effective visibility <VISIBLE>)
11-23 20:56:11.775  8444  8444 I ViewInteraction: Checking 'MatchesViewAssertion(Detox){viewMatcher=(view has effective visibility <VISIBLE> and view.getGlobalVisibleRect() covers at least <75> percent of the view's area)}' assertion on view (view.getTag() is "feature-hint-overlay-dismiss" and view has effective visibility <VISIBLE>)
11-23 20:56:11.794  8444  8444 D ScrollView: initGoToTop
11-23 20:56:11.803  8444  8444 I ViewInteraction: Checking 'MatchesViewAssertion(Detox){viewMatcher=(view has effective visibility <VISIBLE> and view.getGlobalVisibleRect() covers at least <75> percent of the view's area)}' assertion on view (view.getTag() is "feature-hint-overlay-dismiss" and view has effective visibility <VISIBLE>)
11-23 20:56:11.869  8444  8444 I ViewInteraction: Checking 'MatchesViewAssertion(Detox){viewMatcher=(view has effective visibility <VISIBLE> and view.getGlobalVisibleRect() covers at least <75> percent of the view's area)}' assertion on view (view.getTag() is "feature-hint-overlay-dismiss" and view has effective visibility <VISIBLE>)
11-23 20:56:11.890  8444  8444 W [RNScreens]: backTitleVisible prop is not available on Android
11-23 20:56:11.890  8444  8444 W [RNScreens]: backTitleFontFamily prop is not available on Android
11-23 20:56:11.890  8444  8444 W [RNScreens]: disableBackButtonMenu prop is not available on Android
11-23 20:56:11.890  8444  8444 W [RNScreens]: largeTitleFontFamily prop is not available on Android
11-23 20:56:11.890  8444  8444 W [RNScreens]: topInsetEnabled prop is not available on Android
11-23 20:56:11.890  8444  8444 W [RNScreens]: largeTitleFontWeight prop is not available on Android
11-23 20:56:11.891  8444  8444 W [RNScreens]: largeTitleHideShadow prop is not available on Android
11-23 20:56:11.905  8444  8444 I ViewInteraction: Checking 'MatchesViewAssertion(Detox){viewMatcher=(view has effective visibility <VISIBLE> and view.getGlobalVisibleRect() covers at least <75> percent of the view's area)}' assertion on view (view.getTag() is "feature-hint-overlay-dismiss" and view has effective visibility <VISIBLE>)
11-23 20:56:11.958  8444  8444 W [RNScreens]: backTitleVisible prop is not available on Android
11-23 20:56:11.958  8444  8444 W [RNScreens]: backTitleFontFamily prop is not available on Android
11-23 20:56:11.959  8444  8444 W [RNScreens]: disableBackButtonMenu prop is not available on Android
11-23 20:56:11.959  8444  8444 W [RNScreens]: largeTitleFontFamily prop is not available on Android
11-23 20:56:11.959  8444  8444 W [RNScreens]: topInsetEnabled prop is not available on Android
11-23 20:56:11.959  8444  8444 W [RNScreens]: largeTitleFontWeight prop is not available on Android
11-23 20:56:11.959  8444  8444 W [RNScreens]: largeTitleHideShadow prop is not available on Android
11-23 20:56:12.310  8444  8489 I DetoxActionHandlers: Test exception
11-23 20:56:12.310  8444  8489 I DetoxActionHandlers: java.lang.reflect.InvocationTargetException
11-23 20:56:12.310  8444  8489 I DetoxActionHandlers: 	at java.lang.reflect.Method.invoke(Native Method)
11-23 20:56:12.310  8444  8489 I DetoxActionHandlers: 	at org.apache.commons.lang3.reflect.MethodUtils.invokeStaticMethod(MethodUtils.java:443)
11-23 20:56:12.310  8444  8489 I DetoxActionHandlers: 	at org.apache.commons.lang3.reflect.MethodUtils.invokeStaticMethod(MethodUtils.java:405)
11-23 20:56:12.310  8444  8489 I DetoxActionHandlers: 	at com.wix.invoke.types.ClassTarget.execute(ClassTarget.java:23)
11-23 20:56:12.310  8444  8489 I DetoxActionHandlers: 	at com.wix.invoke.types.Target.invoke(Target.java:59)
11-23 20:56:12.310  8444  8489 I DetoxActionHandlers: 	at com.wix.invoke.MethodInvocation.invoke(MethodInvocation.java:35)
11-23 20:56:12.310  8444  8489 I DetoxActionHandlers: 	at com.wix.invoke.MethodInvocation.invoke(MethodInvocation.java:26)
11-23 20:56:12.310  8444  8489 I DetoxActionHandlers: 	at com.wix.invoke.MethodInvocation.invoke(MethodInvocation.java:20)
11-23 20:56:12.310  8444  8489 I DetoxActionHandlers: 	at com.wix.detox.adapters.server.InvokeActionHandler.handle(DetoxActionHandlers.kt:54)
11-23 20:56:12.310  8444  8489 I DetoxActionHandlers: 	at com.wix.detox.adapters.server.ActionsExecutor.executeAction$lambda$2$lambda$1(DetoxActionsDispatcher.kt:76)
11-23 20:56:12.310  8444  8489 I DetoxActionHandlers: 	at com.wix.detox.adapters.server.ActionsExecutor.$r8$lambda$GVbB7LHtBHxNHGbgYnHJ6YrwCqs(Unknown Source:0)
11-23 20:56:12.310  8444  8489 I DetoxActionHandlers: 	at com.wix.detox.adapters.server.ActionsExecutor$$ExternalSyntheticLambda0.run(D8$$SyntheticClass:0)
11-23 20:56:12.310  8444  8489 I DetoxActionHandlers: 	at android.os.Handler.handleCallback(Handler.java:995)
11-23 20:56:12.310  8444  8489 I DetoxActionHandlers: 	at android.os.Handler.dispatchMessage(Handler.java:103)
11-23 20:56:12.310  8444  8489 I DetoxActionHandlers: 	at android.os.Looper.loopOnce(Looper.java:273)
11-23 20:56:12.310  8444  8489 I DetoxActionHandlers: 	at android.os.Looper.loop(Looper.java:363)
11-23 20:56:12.310  8444  8489 I DetoxActionHandlers: 	at com.wix.detox.adapters.server.ActionsExecutor._init_$lambda$0(DetoxActionsDispatcher.kt:62)
11-23 20:56:12.310  8444  8489 I DetoxActionHandlers: 	at com.wix.detox.adapters.server.ActionsExecutor.$r8$lambda$xlgL0CQim6vNM0wWEqM8JIDgZUE(Unknown Source:0)
11-23 20:56:12.310  8444  8489 I DetoxActionHandlers: 	at com.wix.detox.adapters.server.ActionsExecutor$$ExternalSyntheticLambda1.run(D8$$SyntheticClass:0)
11-23 20:56:12.310  8444  8489 I DetoxActionHandlers: 	at java.lang.Thread.run(Thread.java:1119)
11-23 20:56:12.310  8444  8489 I DetoxActionHandlers: Caused by: com.wix.detox.common.DetoxErrors$DetoxRuntimeException: 3.0sec timeout expired without matching of given matcher: (view has effective visibility <VISIBLE> and view.getGlobalVisibleRect() covers at least <75> percent of the view's area)
11-23 20:56:12.310  8444  8489 I DetoxActionHandlers: 	at com.wix.detox.espresso.DetoxAssertion.waitForAssertMatcher(DetoxAssertion.java:72)
11-23 20:56:12.310  8444  8489 I DetoxActionHandlers: 	... 20 more
11-23 20:56:12.311  8444  8489 I DetoxWSClient: Sending out action 'testFailed' (ID #41)
11-23 20:56:12.311  8444  8489 I DetoxDispatcher: Done with action 'invoke'
11-23 20:56:12.319  8444  8495 D DetoxWSClient: Received action 'invoke' (ID #42, params={"target":{"type":"Class","value":"com.wix.detox.espresso.EspressoDetox"},"method":"perform","args":[{"type":"Invocation","value":{"target":{"type":"Class","value":"com.wix.detox.espresso.DetoxMatcher"},"method":"matcherForTestId","args":["tab-pantry",{"type":"boolean","value":false}]}},{"type":"Invocation","value":{"target":{"type":"Class","value":"com.wix.detox.espresso.DetoxViewActions"},"method":"click","args":[]}}]})
11-23 20:56:12.319  8444  8489 I DetoxDispatcher: Handling action 'invoke' (ID #42)...
11-23 20:56:12.322  8444  8489 D Detox   : class com.wix.detox.espresso.DetoxMatcher, matcherForTestId, [tab-pantry, false]
11-23 20:56:12.323  8444  8489 D Detox   : class com.wix.detox.espresso.DetoxViewActions, click, []
11-23 20:56:12.324  8444  8489 D Detox   : class com.wix.detox.espresso.EspressoDetox, perform, [(view.getTag() is "tab-pantry" and view has effective visibility <VISIBLE>), com.wix.detox.espresso.action.RNClickAction@b630cb8]
11-23 20:56:12.400  8444  8444 I ViewInteraction: Performing 'com.wix.detox.espresso.action.detoxsingletap@55caa91 click' action on view (view.getTag() is "tab-pantry" and view has effective visibility <VISIBLE>)
11-23 20:56:12.401  8444  9255 I ReactNativeJS: [ScreenTransition] PantryMain focused
11-23 20:56:12.404  8444  9255 I ReactNativeJS: [ScreenTransition] PantryMain mounted in 3.33ms
11-23 20:56:12.410  8444  8444 I VRI[MainActivity]@8e53a52: ViewPostIme pointer 0
11-23 20:56:12.417  8444  8444 I VRI[MainActivity]@8e53a52: call setFrameRateCategory for touch hint category=high hint, reason=touch, vri=VRI[MainActivity]@8e53a52
11-23 20:56:12.436  8444  8444 I VRI[MainActivity]@8e53a52: ViewPostIme pointer 1
11-23 20:56:12.609  8444  9255 I ReactNativeJS: [ScreenTransition] PantryMain interactive in 206.86ms
11-23 20:56:12.924  8444  8489 I DetoxWSClient: Sending out action 'invokeResult' (ID #42)
11-23 20:56:12.924  8444  8489 I DetoxDispatcher: Done with action 'invoke'
11-23 20:56:12.928  8444  8495 D DetoxWSClient: Received action 'invoke' (ID #43, params={"target":{"type":"Class","value":"com.wix.detox.espresso.DetoxAssertion"},"method":"waitForAssertMatcher","args":[{"type":"Invocation","value":{"target":{"type":"Class","value":"androidx.test.espresso.Espresso"},"method":"onView","args":[{"type":"Invocation","value":{"target":{"type":"Class","value":"com.wix.detox.espresso.DetoxMatcher"},"method":"matcherForTestId","args":["pantry-screen",{"type":"boolean","value":false}]}}]}},{"type":"Invocation","value":{"target":{"type":"Class","value":"com.wix.detox.espresso.DetoxMatcher"},"method":"matcherForSufficientlyVisible","args":[{"type":"Integer","value":75}]}},{"type":"Double","value":10}]})
11-23 20:56:12.929  8444  8489 I DetoxDispatcher: Handling action 'invoke' (ID #43)...
11-23 20:56:12.930  8444  8489 D Detox   : class com.wix.detox.espresso.DetoxMatcher, matcherForTestId, [pantry-screen, false]
11-23 20:56:12.931  8444  8489 D Detox   : class androidx.test.espresso.Espresso, onView, [(view.getTag() is "pantry-screen" and view has effective visibility <VISIBLE>)]
11-23 20:56:12.932  8444  8489 D Detox   : class com.wix.detox.espresso.DetoxMatcher, matcherForSufficientlyVisible, [75]
11-23 20:56:12.933  8444  8489 D Detox   : class com.wix.detox.espresso.DetoxAssertion, waitForAssertMatcher, [androidx.test.espresso.ViewInteraction@77effdf, (view has effective visibility <VISIBLE> and view.getGlobalVisibleRect() covers at least <75> percent of the view's area), 10.0]
11-23 20:56:12.936  8444  8444 I ViewInteraction: Checking 'MatchesViewAssertion(Detox){viewMatcher=(view has effective visibility <VISIBLE> and view.getGlobalVisibleRect() covers at least <75> percent of the view's area)}' assertion on view (view.getTag() is "pantry-screen" and view has effective visibility <VISIBLE>)
11-23 20:56:12.940  8444  8489 I DetoxWSClient: Sending out action 'invokeResult' (ID #43)
11-23 20:56:12.941  8444  8489 I DetoxDispatcher: Done with action 'invoke'
11-23 20:56:12.946  8444  8495 D DetoxWSClient: Received action 'invoke' (ID #44, params={"target":{"type":"Class","value":"com.wix.detox.espresso.DetoxAssertion"},"method":"waitForAssertMatcher","args":[{"type":"Invocation","value":{"target":{"type":"Class","value":"androidx.test.espresso.Espresso"},"method":"onView","args":[{"type":"Invocation","value":{"target":{"type":"Class","value":"com.wix.detox.espresso.DetoxMatcher"},"method":"matcherForTestId","args":["feature-hint-overlay-dismiss",{"type":"boolean","value":false}]}}]}},{"type":"Invocation","value":{"target":{"type":"Class","value":"com.wix.detox.espresso.DetoxMatcher"},"method":"matcherForSufficientlyVisible","args":[{"type":"Integer","value":75}]}},{"type":"Double","value":1}]})
11-23 20:56:12.947  8444  8489 I DetoxDispatcher: Handling action 'invoke' (ID #44)...
11-23 20:56:12.947  8444  8489 D Detox   : class com.wix.detox.espresso.DetoxMatcher, matcherForTestId, [feature-hint-overlay-dismiss, false]
11-23 20:56:12.948  8444  8489 D Detox   : class androidx.test.espresso.Espresso, onView, [(view.getTag() is "feature-hint-overlay-dismiss" and view has effective visibility <VISIBLE>)]
11-23 20:56:12.949  8444  8489 D Detox   : class com.wix.detox.espresso.DetoxMatcher, matcherForSufficientlyVisible, [75]
11-23 20:56:12.950  8444  8489 D Detox   : class com.wix.detox.espresso.DetoxAssertion, waitForAssertMatcher, [androidx.test.espresso.ViewInteraction@5fd2ef5, (view has effective visibility <VISIBLE> and view.getGlobalVisibleRect() covers at least <75> percent of the view's area), 1.0]
11-23 20:56:12.988  8444  8444 I ViewInteraction: Checking 'MatchesViewAssertion(Detox){viewMatcher=(view has effective visibility <VISIBLE> and view.getGlobalVisibleRect() covers at least <75> percent of the view's area)}' assertion on view (view.getTag() is "feature-hint-overlay-dismiss" and view has effective visibility <VISIBLE>)
11-23 20:56:13.000  8444  9255 D Detox.RNMarker: REACT_BRIDGELESS_LOADING_END (null)
11-23 20:56:13.034  8444  9255 I ReactNativeJS: '%c🚀 ✅ QUERY GetHomes 459ms', 'color: #22c55e; font-weight: bold'
11-23 20:56:13.331  8444  8444 I ViewInteraction: Checking 'MatchesViewAssertion(Detox){viewMatcher=(view has effective visibility <VISIBLE> and view.getGlobalVisibleRect() covers at least <75> percent of the view's area)}' assertion on view (view.getTag() is "feature-hint-overlay-dismiss" and view has effective visibility <VISIBLE>)
11-23 20:56:13.393  8444  8444 I ViewInteraction: Checking 'MatchesViewAssertion(Detox){viewMatcher=(view has effective visibility <VISIBLE> and view.getGlobalVisibleRect() covers at least <75> percent of the view's area)}' assertion on view (view.getTag() is "feature-hint-overlay-dismiss" and view has effective visibility <VISIBLE>)
11-23 20:56:13.428  8444  9255 I ReactNativeJS: '%c🚀 ✅ QUERY GetHomeBasic 834ms', 'color: #22c55e; font-weight: bold'
11-23 20:56:13.438  8444  8444 I ViewInteraction: Checking 'MatchesViewAssertion(Detox){viewMatcher=(view has effective visibility <VISIBLE> and view.getGlobalVisibleRect() covers at least <75> percent of the view's area)}' assertion on view (view.getTag() is "feature-hint-overlay-dismiss" and view has effective visibility <VISIBLE>)
11-23 20:56:13.456  8444  9255 I ReactNativeJS: '   📤 Variables:', { homeId: '691f7d5e3c9c067fb5562608' }
11-23 20:56:13.662  8444  8444 I ViewInteraction: Checking 'MatchesViewAssertion(Detox){viewMatcher=(view has effective visibility <VISIBLE> and view.getGlobalVisibleRect() covers at least <75> percent of the view's area)}' assertion on view (view.getTag() is "feature-hint-overlay-dismiss" and view has effective visibility <VISIBLE>)
11-23 20:56:13.716  8444  9255 I ReactNativeJS: '%c🚀 ⚠️ QUERY GetPantry 1118ms', 'color: #f59e0b; font-weight: bold'
11-23 20:56:13.717  8444  9255 I ReactNativeJS: '   📤 Variables:', { itemsFirst: 25,
11-23 20:56:13.717  8444  9255 I ReactNativeJS:   storageLocationsFirst: 50,
11-23 20:56:13.717  8444  9255 I ReactNativeJS:   id: '691f7d5e3c9c067fb556260b' }
11-23 20:56:13.728  8444  8444 I ViewInteraction: Checking 'MatchesViewAssertion(Detox){viewMatcher=(view has effective visibility <VISIBLE> and view.getGlobalVisibleRect() covers at least <75> percent of the view's area)}' assertion on view (view.getTag() is "feature-hint-overlay-dismiss" and view has effective visibility <VISIBLE>)
11-23 20:56:13.980  8444  8444 D ScrollView: initGoToTop
11-23 20:56:14.003  8444  8489 I DetoxActionHandlers: Test exception
11-23 20:56:14.003  8444  8489 I DetoxActionHandlers: java.lang.reflect.InvocationTargetException
11-23 20:56:14.003  8444  8489 I DetoxActionHandlers: 	at java.lang.reflect.Method.invoke(Native Method)
11-23 20:56:14.003  8444  8489 I DetoxActionHandlers: 	at org.apache.commons.lang3.reflect.MethodUtils.invokeStaticMethod(MethodUtils.java:443)
11-23 20:56:14.003  8444  8489 I DetoxActionHandlers: 	at org.apache.commons.lang3.reflect.MethodUtils.invokeStaticMethod(MethodUtils.java:405)
11-23 20:56:14.003  8444  8489 I DetoxActionHandlers: 	at com.wix.invoke.types.ClassTarget.execute(ClassTarget.java:23)
11-23 20:56:14.003  8444  8489 I DetoxActionHandlers: 	at com.wix.invoke.types.Target.invoke(Target.java:59)
11-23 20:56:14.003  8444  8489 I DetoxActionHandlers: 	at com.wix.invoke.MethodInvocation.invoke(MethodInvocation.java:35)
11-23 20:56:14.003  8444  8489 I DetoxActionHandlers: 	at com.wix.invoke.MethodInvocation.invoke(MethodInvocation.java:26)
11-23 20:56:14.003  8444  8489 I DetoxActionHandlers: 	at com.wix.invoke.MethodInvocation.invoke(MethodInvocation.java:20)
11-23 20:56:14.003  8444  8489 I DetoxActionHandlers: 	at com.wix.detox.adapters.server.InvokeActionHandler.handle(DetoxActionHandlers.kt:54)
11-23 20:56:14.003  8444  8489 I DetoxActionHandlers: 	at com.wix.detox.adapters.server.ActionsExecutor.executeAction$lambda$2$lambda$1(DetoxActionsDispatcher.kt:76)
11-23 20:56:14.003  8444  8489 I DetoxActionHandlers: 	at com.wix.detox.adapters.server.ActionsExecutor.$r8$lambda$GVbB7LHtBHxNHGbgYnHJ6YrwCqs(Unknown Source:0)
11-23 20:56:14.003  8444  8489 I DetoxActionHandlers: 	at com.wix.detox.adapters.server.ActionsExecutor$$ExternalSyntheticLambda0.run(D8$$SyntheticClass:0)
11-23 20:56:14.003  8444  8489 I DetoxActionHandlers: 	at android.os.Handler.handleCallback(Handler.java:995)
11-23 20:56:14.003  8444  8489 I DetoxActionHandlers: 	at android.os.Handler.dispatchMessage(Handler.java:103)
11-23 20:56:14.003  8444  8489 I DetoxActionHandlers: 	at android.os.Looper.loopOnce(Looper.java:273)
11-23 20:56:14.003  8444  8489 I DetoxActionHandlers: 	at android.os.Looper.loop(Looper.java:363)
11-23 20:56:14.003  8444  8489 I DetoxActionHandlers: 	at com.wix.detox.adapters.server.ActionsExecutor._init_$lambda$0(DetoxActionsDispatcher.kt:62)
11-23 20:56:14.003  8444  8489 I DetoxActionHandlers: 	at com.wix.detox.adapters.server.ActionsExecutor.$r8$lambda$xlgL0CQim6vNM0wWEqM8JIDgZUE(Unknown Source:0)
11-23 20:56:14.003  8444  8489 I DetoxActionHandlers: 	at com.wix.detox.adapters.server.ActionsExecutor$$ExternalSyntheticLambda1.run(D8$$SyntheticClass:0)
11-23 20:56:14.003  8444  8489 I DetoxActionHandlers: 	at java.lang.Thread.run(Thread.java:1119)
11-23 20:56:14.003  8444  8489 I DetoxActionHandlers: Caused by: com.wix.detox.common.DetoxErrors$DetoxRuntimeException: 1.0sec timeout expired without matching of given matcher: (view has effective visibility <VISIBLE> and view.getGlobalVisibleRect() covers at least <75> percent of the view's area)
11-23 20:56:14.003  8444  8489 I DetoxActionHandlers: 	at com.wix.detox.espresso.DetoxAssertion.waitForAssertMatcher(DetoxAssertion.java:72)
11-23 20:56:14.003  8444  8489 I DetoxActionHandlers: 	... 20 more
11-23 20:56:14.004  8444  8489 I DetoxWSClient: Sending out action 'testFailed' (ID #44)
11-23 20:56:14.004  8444  8489 I DetoxDispatcher: Done with action 'invoke'
11-23 20:56:14.008  8444  8495 D DetoxWSClient: Received action 'invoke' (ID #45, params={"target":{"type":"Class","value":"com.wix.detox.espresso.EspressoDetox"},"method":"perform","args":[{"type":"Invocation","value":{"target":{"type":"Class","value":"com.wix.detox.espresso.DetoxMatcher"},"method":"matcherForTestId","args":["pantry-add-button",{"type":"boolean","value":false}]}},{"type":"Invocation","value":{"target":{"type":"Class","value":"com.wix.detox.espresso.DetoxViewActions"},"method":"click","args":[]}}]})
11-23 20:56:14.009  8444  8489 I DetoxDispatcher: Handling action 'invoke' (ID #45)...
11-23 20:56:14.009  8444  8489 D Detox   : class com.wix.detox.espresso.DetoxMatcher, matcherForTestId, [pantry-add-button, false]
11-23 20:56:14.010  8444  8489 D Detox   : class com.wix.detox.espresso.DetoxViewActions, click, []
11-23 20:56:14.010  8444  8489 D Detox   : class com.wix.detox.espresso.EspressoDetox, perform, [(view.getTag() is "pantry-add-button" and view has effective visibility <VISIBLE>), com.wix.detox.espresso.action.RNClickAction@57efc95]
11-23 20:56:14.014  8444  8444 I ViewInteraction: Performing 'com.wix.detox.espresso.action.detoxsingletap@84521aa click' action on view (view.getTag() is "pantry-add-button" and view has effective visibility <VISIBLE>)
11-23 20:56:14.034  8444  8444 I VRI[MainActivity]@8e53a52: ViewPostIme pointer 0
11-23 20:56:14.074  8444  8444 I VRI[MainActivity]@8e53a52: ViewPostIme pointer 1
11-23 20:56:14.110  8444  9255 I ReactNativeJS: '%c🚀 ⚠️ QUERY GetDefaultHome 1524ms', 'color: #f59e0b; font-weight: bold'
11-23 20:56:15.063  8444  8444 D ScrollView: initGoToTop
11-23 20:56:15.067  8444  8444 W [RNScreens]: backTitleVisible prop is not available on Android
11-23 20:56:15.067  8444  8444 W [RNScreens]: backTitleFontFamily prop is not available on Android
11-23 20:56:15.067  8444  8444 W [RNScreens]: disableBackButtonMenu prop is not available on Android
11-23 20:56:15.067  8444  8444 W [RNScreens]: largeTitleFontFamily prop is not available on Android
11-23 20:56:15.067  8444  8444 W [RNScreens]: topInsetEnabled prop is not available on Android
11-23 20:56:15.067  8444  8444 W [RNScreens]: largeTitleFontWeight prop is not available on Android
11-23 20:56:15.068  8444  8444 W [RNScreens]: largeTitleHideShadow prop is not available on Android
11-23 20:56:15.422  8444  8489 I DetoxWSClient: Sending out action 'invokeResult' (ID #45)
11-23 20:56:15.422  8444  8489 I DetoxDispatcher: Done with action 'invoke'
11-23 20:56:15.426  8444  8495 D DetoxWSClient: Received action 'invoke' (ID #46, params={"target":{"type":"Class","value":"com.wix.detox.espresso.DetoxAssertion"},"method":"waitForAssertMatcher","args":[{"type":"Invocation","value":{"target":{"type":"Class","value":"androidx.test.espresso.Espresso"},"method":"onView","args":[{"type":"Invocation","value":{"target":{"type":"Class","value":"com.wix.detox.espresso.DetoxMatcher"},"method":"matcherForTestId","args":["add-pantry-item-modal",{"type":"boolean","value":false}]}}]}},{"type":"Invocation","value":{"target":{"type":"Class","value":"com.wix.detox.espresso.DetoxMatcher"},"method":"matcherForSufficientlyVisible","args":[{"type":"Integer","value":75}]}},{"type":"Double","value":3}]})
11-23 20:56:15.426  8444  8489 I DetoxDispatcher: Handling action 'invoke' (ID #46)...
11-23 20:56:15.427  8444  8489 D Detox   : class com.wix.detox.espresso.DetoxMatcher, matcherForTestId, [add-pantry-item-modal, false]
11-23 20:56:15.428  8444  8489 D Detox   : class androidx.test.espresso.Espresso, onView, [(view.getTag() is "add-pantry-item-modal" and view has effective visibility <VISIBLE>)]
11-23 20:56:15.429  8444  8489 D Detox   : class com.wix.detox.espresso.DetoxMatcher, matcherForSufficientlyVisible, [75]
11-23 20:56:15.430  8444  8489 D Detox   : class com.wix.detox.espresso.DetoxAssertion, waitForAssertMatcher, [androidx.test.espresso.ViewInteraction@a896ee6, (view has effective visibility <VISIBLE> and view.getGlobalVisibleRect() covers at least <75> percent of the view's area), 3.0]
11-23 20:56:15.476  8444  8444 I ViewInteraction: Checking 'MatchesViewAssertion(Detox){viewMatcher=(view has effective visibility <VISIBLE> and view.getGlobalVisibleRect() covers at least <75> percent of the view's area)}' assertion on view (view.getTag() is "add-pantry-item-modal" and view has effective visibility <VISIBLE>)
11-23 20:56:15.552  8444  8444 I ViewInteraction: Checking 'MatchesViewAssertion(Detox){viewMatcher=(view has effective visibility <VISIBLE> and view.getGlobalVisibleRect() covers at least <75> percent of the view's area)}' assertion on view (view.getTag() is "add-pantry-item-modal" and view has effective visibility <VISIBLE>)
11-23 20:56:15.622  8444  8444 I ViewInteraction: Checking 'MatchesViewAssertion(Detox){viewMatcher=(view has effective visibility <VISIBLE> and view.getGlobalVisibleRect() covers at least <75> percent of the view's area)}' assertion on view (view.getTag() is "add-pantry-item-modal" and view has effective visibility <VISIBLE>)
11-23 20:56:15.664  8444  9255 I ReactNativeJS: 💾 Cache: Persisted cache (14 KB)
11-23 20:56:15.769  8444  8444 D AutofillManager: view not autofillable - has multiline input type
11-23 20:56:15.769  8444  8444 D AutofillManager: view not autofillable - has multiline input type
11-23 20:56:15.774  8444  8444 D AutofillManager: view not autofillable - has multiline input type
11-23 20:56:15.776  8444  8444 D AutofillManager: view not autofillable - has multiline input type
11-23 20:56:15.824  8444  9255 I ReactNativeJS: '%c🚀 ✅ QUERY GetHomes 238ms', 'color: #22c55e; font-weight: bold'
11-23 20:56:15.982  8444  9255 I ReactNativeJS: '%c🚀 ✅ QUERY GetDefaultHome 387ms', 'color: #22c55e; font-weight: bold'
11-23 20:56:16.131  8444  9255 I ReactNativeJS: '%c🚀 ✅ QUERY GetPantry 520ms', 'color: #22c55e; font-weight: bold'
11-23 20:56:16.132  8444  9255 I ReactNativeJS: '   📤 Variables:', { itemsFirst: 25,
11-23 20:56:16.132  8444  9255 I ReactNativeJS:   storageLocationsFirst: 50,
11-23 20:56:16.132  8444  9255 I ReactNativeJS:   id: '691f7d5e3c9c067fb556260b' }
11-23 20:56:16.312  8444  8444 I ViewInteraction: Checking 'MatchesViewAssertion(Detox){viewMatcher=(view has effective visibility <VISIBLE> and view.getGlobalVisibleRect() covers at least <75> percent of the view's area)}' assertion on view (view.getTag() is "add-pantry-item-modal" and view has effective visibility <VISIBLE>)
11-23 20:56:16.315  8444  8489 I DetoxWSClient: Sending out action 'invokeResult' (ID #46)
11-23 20:56:16.316  8444  8489 I DetoxDispatcher: Done with action 'invoke'
11-23 20:56:16.319  8444  8495 D DetoxWSClient: Received action 'invoke' (ID #47, params={"target":{"type":"Class","value":"com.wix.detox.espresso.EspressoDetox"},"method":"perform","args":[{"type":"Invocation","value":{"target":{"type":"Class","value":"com.wix.detox.espresso.DetoxMatcher"},"method":"matcherForTestId","args":["add-pantry-item-name-input",{"type":"boolean","value":false}]}},{"type":"Invocation","value":{"target":{"type":"Class","value":"androidx.test.espresso.action.ViewActions"},"method":"clearText","args":[]}}]})
11-23 20:56:16.319  8444  8489 I DetoxDispatcher: Handling action 'invoke' (ID #47)...
11-23 20:56:16.320  8444  8489 D Detox   : class com.wix.detox.espresso.DetoxMatcher, matcherForTestId, [add-pantry-item-name-input, false]
11-23 20:56:16.320  8444  8489 D Detox   : class androidx.test.espresso.action.ViewActions, clearText, []
11-23 20:56:16.321  8444  8489 D Detox   : class com.wix.detox.espresso.EspressoDetox, perform, [(view.getTag() is "add-pantry-item-name-input" and view has effective visibility <VISIBLE>), androidx.test.espresso.action.ReplaceTextAction@e11e8ba]
11-23 20:56:16.323  8444  8444 I ViewInteraction: Performing 'replace text()' action on view (view.getTag() is "add-pantry-item-name-input" and view has effective visibility <VISIBLE>)
11-23 20:56:16.331  8444  9255 I ReactNativeJS: '%c🚀 ✅ QUERY GetHome 728ms', 'color: #22c55e; font-weight: bold'
11-23 20:56:16.331  8444  9255 I ReactNativeJS: '   📤 Variables:', { homeId: '691f7d5e3c9c067fb5562608' }
11-23 20:56:16.333  8444  8489 I DetoxWSClient: Sending out action 'invokeResult' (ID #47)
11-23 20:56:16.333  8444  8489 I DetoxDispatcher: Done with action 'invoke'
11-23 20:56:16.336  8444  8495 D DetoxWSClient: Received action 'invoke' (ID #48, params={"target":{"type":"Class","value":"com.wix.detox.espresso.EspressoDetox"},"method":"perform","args":[{"type":"Invocation","value":{"target":{"type":"Class","value":"com.wix.detox.espresso.DetoxMatcher"},"method":"matcherForTestId","args":["add-pantry-item-name-input",{"type":"boolean","value":false}]}},{"type":"Invocation","value":{"target":{"type":"Class","value":"com.wix.detox.espresso.DetoxViewActions"},"method":"typeText","args":["E2E Pantry Item 1763949372812"]}}]})
11-23 20:56:16.336  8444  8489 I DetoxDispatcher: Handling action 'invoke' (ID #48)...
11-23 20:56:16.337  8444  8489 D Detox   : class com.wix.detox.espresso.DetoxMatcher, matcherForTestId, [add-pantry-item-name-input, false]
11-23 20:56:16.338  8444  8489 D Detox   : class com.wix.detox.espresso.DetoxViewActions, typeText, [E2E Pantry Item 1763949372812]
11-23 20:56:16.338  8444  8489 D Detox   : class com.wix.detox.espresso.EspressoDetox, perform, [(view.getTag() is "add-pantry-item-name-input" and view has effective visibility <VISIBLE>), com.wix.detox.espresso.action.DetoxTypeTextAction@c1cf61f]
11-23 20:56:16.506  8444  8444 I ViewInteraction: Performing 'Click to focus & type text (E2E Pantry Item 1763949372812)' action on view (view.getTag() is "add-pantry-item-name-input" and view has effective visibility <VISIBLE>)
11-23 20:56:16.518  8444  8444 I VRI[MainActivity]@8e53a52: ViewPostIme pointer 0
11-23 20:56:16.583  8444  8444 I VRI[MainActivity]@8e53a52: ViewPostIme pointer 1
11-23 20:56:16.594  8444  8444 D InputMethodManagerUtils: startInputInner - Id : 0
11-23 20:56:16.594  8444  8444 I InputMethodManager: startInputInner - IInputMethodManagerGlobalInvoker.startInputOrWindowGainedFocus
11-23 20:56:16.599  8444  8444 I AutofillManager: showAutofillDialog() return false due to improve fill dialog
11-23 20:56:16.599  8444  8444 I InputMethodManager_LC: showSoftInput(View,I)
11-23 20:56:16.600  8444  8444 I ImeTracker: dev.souschef.app:ab2dba02: onRequestShow at ORIGIN_CLIENT reason SHOW_SOFT_INPUT fromUser true
11-23 20:56:16.600  8444  8444 I InputMethodManager_LC: ssi(): flags=0 view=dev.souschef.app reason=SHOW_SOFT_INPUT
11-23 20:56:16.600  8444  8444 D InsetsController: show(ime(), fromIme=false)
--------- beginning of system
11-23 20:56:16.601  8444  8444 D InsetsController: Setting requestedVisibleTypes to -1 (was -9)
11-23 20:56:16.601  8444  8444 I InsetsController: setRequestedVisibleTypes: visible=true, mask=ime, host=dev.souschef.app/dev.souschef.app.MainActivity, from=android.view.InsetsController.controlAnimationUnchecked:1604 android.view.InsetsController.applyAnimation:2416 android.view.InsetsController.applyAnimation:2343 android.view.InsetsController.show:1422 android.view.inputmethod.InputMethodManager.showSoftInput:2659 android.view.inputmethod.InputMethodManager.showSoftInput:2571 android.view.inputmethod.InputMethodManager.showSoftInput:2563 android.view.inputmethod.InputMethodManager.showSoftInput:2491 android.widget.TextView.onTouchEvent:14078 com.facebook.react.views.textinput.ReactEditText.onTouchEvent:323 
11-23 20:56:16.605  8444  8455 D InputTransport: Input channel constructed: 'ClientS', fd=162
11-23 20:56:16.662  8444  8444 I VRI[MainActivity]@8e53a52: handleResized, frames=ClientWindowFrames{frame=[0,0][1440,3088] display=[0,0][1440,3088] parentFrame=[0,0][0,0]} displayId=0 dragResizing=false compatScale=1.0 frameChanged=false attachedFrameChanged=false configChanged=false displayChanged=false compatScaleChanged=false dragResizingChanged=false
11-23 20:56:16.718  8444  8444 I InputMethodManager_LC: showSoftInput(View,I)
11-23 20:56:16.718  8444  8444 I ImeTracker: dev.souschef.app:139110de: onRequestShow at ORIGIN_CLIENT reason SHOW_SOFT_INPUT fromUser false
11-23 20:56:16.718  8444  8444 I InputMethodManager_LC: ssi(): flags=0 view=dev.souschef.app reason=SHOW_SOFT_INPUT
11-23 20:56:16.718  8444  8444 D InsetsController: show(ime(), fromIme=false)
11-23 20:56:16.719  8444  8444 I ImeTracker: dev.souschef.app:139110de: onCancelled at PHASE_CLIENT_REPORT_REQUESTED_VISIBLE_TYPES
11-23 20:56:16.752  8444  8444 I InsetsController: onStateChanged: host=dev.souschef.app/dev.souschef.app.MainActivity, from=android.view.ViewRootImpl.onInsetsStateChanged:3026, state=InsetsState: {mDisplayFrame=Rect(0, 0 - 1440, 3088), mDisplayCutout=DisplayCutout{insets=Rect(0, 100 - 0, 0) waterfall=Insets{left=0, top=0, right=0, bottom=0} boundingRect={Bounds=[Rect(0, 0 - 0, 0), Rect(683, 0 - 758, 100), Rect(0, 0 - 0, 0), Rect(0, 0 - 0, 0)]} cutoutPathParserInfo={CutoutPathParserInfo{displayWidth=1440 displayHeight=3088 physicalDisplayWidth=1440 physicalDisplayHeight=3088 density={3.75} cutoutSpec={M 0,0 H -10 V 26.66666666666667 H 10 V 0 H 0 Z @dp} rotation={0} scale={1.0} physicalPixelDisplaySizeRatio={1.0}}} sideOverrides={}}, mRoundedCorners=RoundedCorners{[RoundedCorner{position=TopLeft, radius=15, center=Point(15, 15)}, RoundedCorner{position=TopRight, radius=15, center=Point(1425, 15)}, RoundedCorner{position=BottomRight, radius=15, center=Point(1425, 3073)}, RoundedCorner{position=BottomLeft, radius=15, center=Point(15, 3073)}]}  mRoundedCornerFrame=Rect(0, 0 - 1440, 3088), mPrivacyIndicatorBounds=PrivacyIndicatorBounds {static bounds=Rect(1275, 0 - 1440, 100) rotation=0}, mDisplayShape=DisplayShape{ spec=-311912193 displayWidth=1440 displayHeight=3088 physicalPixelDisplaySizeRatio=1.0 rotation=0 offsetX=0 offsetY=0 scale=1.0}, mSources= { InsetsSource: {b11d0001 mType=navigationBars mFrame=[0,3032][1440,3088] mVisible=true mFlags=SUPPRESS_SCRIM mSideHint=BOTTOM mBoundingRects=null}, InsetsSource: {b11d0004 mType=systemGestures mFrame=[0,0][84,3088] mVisible=true mFlags= mSideHint=LEFT mBoundingRects=null}, InsetsSource: {b11d0005 mType=mandatorySystemGestures mFrame=[0,2968][1440,3088] mVisible=true mFlags= mSideHint=BOTTOM mBoundingRects=null}, InsetsSource: {b11d0006 mType=tappableElement mFrame=[0,0][0,0] mVisible=true mFlags= mSideHint=NONE mBoundingRects=null}, InsetsSource: {b11d0024 mType=systemGestures mFrame=[1356,0][1440,3088] mVisible=true mFlags= mSideHint=RIGHT mBoundingRects=null}, InsetsSource: {ecac0000 mType=statusBars mFrame=[0,0][1440,100] mVisible=true mFlags= mSideHint=TOP mBoundingRects=null}, InsetsSource: {ecac0005 mType=mandatorySystemGestures mFrame=[0,0][1440,145] mVisible=true mFlags= mSideHint=TOP mBoundingRects=null}, InsetsSource: {ecac0006 mType=tappableElement mFrame=[0,0][1440,100] mVisible=true mFlags= mSideHint=TOP mBoundingRects=null}, InsetsSource: {3 mType=ime mFrame=[0,0][0,0] mVisible=false mFlags= mSideHint=NONE mBoundingRects=null}, InsetsSource: {27 mType=displayCutout mFrame=[0,0][1440,100] mVisible=true mFlags= mSideHint=TOP mBoundingRects=null} }
11-23 20:56:16.753  8444  8444 I VRI[MainActivity]@8e53a52: handleResized, frames=ClientWindowFrames{frame=[0,0][1440,3088] display=[0,0][1440,3088] parentFrame=[0,0][0,0]} displayId=0 dragResizing=false compatScale=1.0 frameChanged=false attachedFrameChanged=false configChanged=false displayChanged=false compatScaleChanged=false dragResizingChanged=false
11-23 20:56:16.755  8444  9255 I ReactNativeJS: 💾 Cache: Persisted cache (14 KB)
11-23 20:56:16.766  8444  8444 I InsetsController: onStateChanged: host=dev.souschef.app/dev.souschef.app.MainActivity, from=android.view.ViewRootImpl.onInsetsStateChanged:3026, state=InsetsState: {mDisplayFrame=Rect(0, 0 - 1440, 3088), mDisplayCutout=DisplayCutout{insets=Rect(0, 100 - 0, 0) waterfall=Insets{left=0, top=0, right=0, bottom=0} boundingRect={Bounds=[Rect(0, 0 - 0, 0), Rect(683, 0 - 758, 100), Rect(0, 0 - 0, 0), Rect(0, 0 - 0, 0)]} cutoutPathParserInfo={CutoutPathParserInfo{displayWidth=1440 displayHeight=3088 physicalDisplayWidth=1440 physicalDisplayHeight=3088 density={3.75} cutoutSpec={M 0,0 H -10 V 26.66666666666667 H 10 V 0 H 0 Z @dp} rotation={0} scale={1.0} physicalPixelDisplaySizeRatio={1.0}}} sideOverrides={}}, mRoundedCorners=RoundedCorners{[RoundedCorner{position=TopLeft, radius=15, center=Point(15, 15)}, RoundedCorner{position=TopRight, radius=15, center=Point(1425, 15)}, RoundedCorner{position=BottomRight, radius=15, center=Point(1425, 3073)}, RoundedCorner{position=BottomLeft, radius=15, center=Point(15, 3073)}]}  mRoundedCornerFrame=Rect(0, 0 - 1440, 3088), mPrivacyIndicatorBounds=PrivacyIndicatorBounds {static bounds=Rect(1275, 0 - 1440, 100) rotation=0}, mDisplayShape=DisplayShape{ spec=-311912193 displayWidth=1440 displayHeight=3088 physicalPixelDisplaySizeRatio=1.0 rotation=0 offsetX=0 offsetY=0 scale=1.0}, mSources= { InsetsSource: {b11d0001 mType=navigationBars mFrame=[0,3032][1440,3088] mVisible=true mFlags=SUPPRESS_SCRIM mSideHint=BOTTOM mBoundingRects=null}, InsetsSource: {b11d0004 mType=systemGestures mFrame=[0,0][84,3088] mVisible=true mFlags= mSideHint=LEFT mBoundingRects=null}, InsetsSource: {b11d0005 mType=mandatorySystemGestures mFrame=[0,2968][1440,3088] mVisible=true mFlags= mSideHint=BOTTOM mBoundingRects=null}, InsetsSource: {b11d0006 mType=tappableElement mFrame=[0,0][0,0] mVisible=true mFlags= mSideHint=NONE mBoundingRects=null}, InsetsSource: {b11d0024 mType=systemGestures mFrame=[1356,0][1440,3088] mVisible=true mFlags= mSideHint=RIGHT mBoundingRects=null}, InsetsSource: {ecac0000 mType=statusBars mFrame=[0,0][1440,100] mVisible=true mFlags= mSideHint=TOP mBoundingRects=null}, InsetsSource: {ecac0005 mType=mandatorySystemGestures mFrame=[0,0][1440,145] mVisible=true mFlags= mSideHint=TOP mBoundingRects=null}, InsetsSource: {ecac0006 mType=tappableElement mFrame=[0,0][1440,100] mVisible=true mFlags= mSideHint=TOP mBoundingRects=null}, InsetsSource: {3 mType=ime mFrame=[0,2076][1440,3088] mVisible=true mFlags= mSideHint=BOTTOM mBoundingRects=null}, InsetsSource: {27 mType=displayCutout mFrame=[0,0][1440,100] mVisible=true mFlags= mSideHint=TOP mBoundingRects=null} }
11-23 20:56:16.767  8444  8444 I VRI[MainActivity]@8e53a52: handleResized, frames=ClientWindowFrames{frame=[0,0][1440,3088] display=[0,0][1440,3088] parentFrame=[0,0][0,0]} displayId=0 dragResizing=false compatScale=1.0 frameChanged=false attachedFrameChanged=false configChanged=false displayChanged=false compatScaleChanged=false dragResizingChanged=false
11-23 20:56:16.792  8444  9255 I ReactNativeJS: '%c🚀 ✅ QUERY GetPantry 117ms', 'color: #22c55e; font-weight: bold'
11-23 20:56:16.794  8444  9255 I ReactNativeJS: '   📤 Variables:', { itemsFirst: 25,
11-23 20:56:16.794  8444  9255 I ReactNativeJS:   storageLocationsFirst: 50,
11-23 20:56:16.794  8444  9255 I ReactNativeJS:   id: '691f7d5e3c9c067fb556260b' }
11-23 20:56:16.798  8444  8444 I InsetsController: onStateChanged: host=dev.souschef.app/dev.souschef.app.MainActivity, from=android.view.ViewRootImpl.onInsetsStateChanged:3026, state=InsetsState: {mDisplayFrame=Rect(0, 0 - 1440, 3088), mDisplayCutout=DisplayCutout{insets=Rect(0, 100 - 0, 0) waterfall=Insets{left=0, top=0, right=0, bottom=0} boundingRect={Bounds=[Rect(0, 0 - 0, 0), Rect(683, 0 - 758, 100), Rect(0, 0 - 0, 0), Rect(0, 0 - 0, 0)]} cutoutPathParserInfo={CutoutPathParserInfo{displayWidth=1440 displayHeight=3088 physicalDisplayWidth=1440 physicalDisplayHeight=3088 density={3.75} cutoutSpec={M 0,0 H -10 V 26.66666666666667 H 10 V 0 H 0 Z @dp} rotation={0} scale={1.0} physicalPixelDisplaySizeRatio={1.0}}} sideOverrides={}}, mRoundedCorners=RoundedCorners{[RoundedCorner{position=TopLeft, radius=15, center=Point(15, 15)}, RoundedCorner{position=TopRight, radius=15, center=Point(1425, 15)}, RoundedCorner{position=BottomRight, radius=15, center=Point(1425, 3073)}, RoundedCorner{position=BottomLeft, radius=15, center=Point(15, 3073)}]}  mRoundedCornerFrame=Rect(0, 0 - 1440, 3088), mPrivacyIndicatorBounds=PrivacyIndicatorBounds {static bounds=Rect(1275, 0 - 1440, 100) rotation=0}, mDisplayShape=DisplayShape{ spec=-311912193 displayWidth=1440 displayHeight=3088 physicalPixelDisplaySizeRatio=1.0 rotation=0 offsetX=0 offsetY=0 scale=1.0}, mSources= { InsetsSource: {b11d0001 mType=navigationBars mFrame=[0,3032][1440,3088] mVisible=true mFlags=SUPPRESS_SCRIM mSideHint=BOTTOM mBoundingRects=null}, InsetsSource: {b11d0004 mType=systemGestures mFrame=[0,0][84,3088] mVisible=true mFlags= mSideHint=LEFT mBoundingRects=null}, InsetsSource: {b11d0005 mType=mandatorySystemGestures mFrame=[0,2968][1440,3088] mVisible=true mFlags= mSideHint=BOTTOM mBoundingRects=null}, InsetsSource: {b11d0006 mType=tappableElement mFrame=[0,0][0,0] mVisible=true mFlags= mSideHint=NONE mBoundingRects=null}, InsetsSource: {b11d0024 mType=systemGestures mFrame=[1356,0][1440,3088] mVisible=true mFlags= mSideHint=RIGHT mBoundingRects=null}, InsetsSource: {ecac0000 mType=statusBars mFrame=[0,0][1440,100] mVisible=true mFlags= mSideHint=TOP mBoundingRects=null}, InsetsSource: {ecac0005 mType=mandatorySystemGestures mFrame=[0,0][1440,145] mVisible=true mFlags= mSideHint=TOP mBoundingRects=null}, InsetsSource: {ecac0006 mType=tappableElement mFrame=[0,0][1440,100] mVisible=true mFlags= mSideHint=TOP mBoundingRects=null}, InsetsSource: {3 mType=ime mFrame=[0,2076][1440,3088] mVisible=true mFlags= mSideHint=BOTTOM mBoundingRects=null}, InsetsSource: {27 mType=displayCutout mFrame=[0,0][1440,100] mVisible=true mFlags= mSideHint=TOP mBoundingRects=null} }
11-23 20:56:16.801  8444  8444 I InsetsController: controlAnimationUncheckedInner: Added types=ime, animType=0, host=dev.souschef.app/dev.souschef.app.MainActivity, from=android.view.InsetsController.controlAnimationUnchecked:1608 android.view.InsetsController.applyAnimation:2416 android.view.InsetsController.applyAnimation:2343 
11-23 20:56:16.818  8444  8444 I BLASTBufferQueue_Java: update, w= 1440 h= 3088 mName = VRI[MainActivity]@8e53a52 mNativeObject= 0xb400007adda683b0 sc.mNativeObject= 0xb400007b7da3c350 format= -1 caller= android.view.ViewRootImpl.updateBlastSurfaceIfNeeded:3574 android.view.ViewRootImpl.relayoutWindow:11685 android.view.ViewRootImpl.performTraversals:4804 android.view.ViewRootImpl.doTraversal:3924 android.view.ViewRootImpl$TraversalRunnable.run:12903 android.view.Choreographer$CallbackRecord.run:1901 
11-23 20:56:16.818  8444  8444 I VRI[MainActivity]@8e53a52: Relayout returned: old=(0,0,1440,3088) new=(0,0,1440,3088) relayoutAsync=true req=(1440,3088)0 dur=0 res=0x0 s={true 0xb400007beda57a40} ch=false seqId=0
11-23 20:56:16.825  8444  8444 I VRI[MainActivity]@8e53a52: registerCallbackForPendingTransactions
11-23 20:56:16.827  8444  8524 I VRI[MainActivity]@8e53a52: mWNT: t=0xb400007c8dcc1390 mBlastBufferQueue=0xb400007adda683b0 fn= 777 HdrRenderState mRenderHdrSdrRatio=1.0 caller= android.view.SyncRtSurfaceTransactionApplier.applyTransaction:100 android.view.SyncRtSurfaceTransactionApplier.lambda$scheduleApply$0:73 android.view.SyncRtSurfaceTransactionApplier.$r8$lambda$afI4fXg3U3-nBZQEDQMiNy-B06s:0 
11-23 20:56:16.827  8444  8524 I VRI[MainActivity]@8e53a52: mWNT: t=0xb400007c8dcc3150 mBlastBufferQueue=0xb400007adda683b0 fn= 777 HdrRenderState mRenderHdrSdrRatio=1.0 caller= android.view.ViewRootImpl$10.onFrameDraw:6536 android.view.ViewRootImpl$4.onFrameDraw:2489 android.view.ThreadedRenderer$1.onFrameDraw:718 
11-23 20:56:16.849  8444  8526 I VRI[MainActivity]@8e53a52: mWNT: t=0xb400007c8dcd06d0 mBlastBufferQueue=0xb400007adda683b0 fn= 778 HdrRenderState mRenderHdrSdrRatio=1.0 caller= android.view.SyncRtSurfaceTransactionApplier.applyTransaction:100 android.view.SyncRtSurfaceTransactionApplier.lambda$scheduleApply$0:73 android.view.SyncRtSurfaceTransactionApplier.$r8$lambda$afI4fXg3U3-nBZQEDQMiNy-B06s:0 
11-23 20:56:16.881  8444  8524 I VRI[MainActivity]@8e53a52: mWNT: t=0xb400007c8dcc8e10 mBlastBufferQueue=0xb400007adda683b0 fn= 779 HdrRenderState mRenderHdrSdrRatio=1.0 caller= android.view.SyncRtSurfaceTransactionApplier.applyTransaction:100 android.view.SyncRtSurfaceTransactionApplier.lambda$scheduleApply$0:73 android.view.SyncRtSurfaceTransactionApplier.$r8$lambda$afI4fXg3U3-nBZQEDQMiNy-B06s:0 
11-23 20:56:16.895  8444  8526 I VRI[MainActivity]@8e53a52: mWNT: t=0xb400007c8dcccb50 mBlastBufferQueue=0xb400007adda683b0 fn= 780 HdrRenderState mRenderHdrSdrRatio=1.0 caller= android.view.SyncRtSurfaceTransactionApplier.applyTransaction:100 android.view.SyncRtSurfaceTransactionApplier.lambda$scheduleApply$0:73 android.view.SyncRtSurfaceTransactionApplier.$r8$lambda$afI4fXg3U3-nBZQEDQMiNy-B06s:0 
11-23 20:56:16.914  8444  8524 I VRI[MainActivity]@8e53a52: mWNT: t=0xb400007c8dccc290 mBlastBufferQueue=0xb400007adda683b0 fn= 781 HdrRenderState mRenderHdrSdrRatio=1.0 caller= android.view.SyncRtSurfaceTransactionApplier.applyTransaction:100 android.view.SyncRtSurfaceTransactionApplier.lambda$scheduleApply$0:73 android.view.SyncRtSurfaceTransactionApplier.$r8$lambda$afI4fXg3U3-nBZQEDQMiNy-B06s:0 
11-23 20:56:16.929  8444  8526 I VRI[MainActivity]@8e53a52: mWNT: t=0xb400007c8dccc990 mBlastBufferQueue=0xb400007adda683b0 fn= 782 HdrRenderState mRenderHdrSdrRatio=1.0 caller= android.view.SyncRtSurfaceTransactionApplier.applyTransaction:100 android.view.SyncRtSurfaceTransactionApplier.lambda$scheduleApply$0:73 android.view.SyncRtSurfaceTransactionApplier.$r8$lambda$afI4fXg3U3-nBZQEDQMiNy-B06s:0 
11-23 20:56:16.996  8444  8524 I VRI[MainActivity]@8e53a52: mWNT: t=0xb400007c8dd03810 mBlastBufferQueue=0xb400007adda683b0 fn= 783 HdrRenderState mRenderHdrSdrRatio=1.0 caller= android.view.SyncRtSurfaceTransactionApplier.applyTransaction:100 android.view.SyncRtSurfaceTransactionApplier.lambda$scheduleApply$0:73 android.view.SyncRtSurfaceTransactionApplier.$r8$lambda$afI4fXg3U3-nBZQEDQMiNy-B06s:0 
11-23 20:56:17.024  8444  8526 I VRI[MainActivity]@8e53a52: mWNT: t=0xb400007c8dd10d90 mBlastBufferQueue=0xb400007adda683b0 fn= 784 HdrRenderState mRenderHdrSdrRatio=1.0 caller= android.view.SyncRtSurfaceTransactionApplier.applyTransaction:100 android.view.SyncRtSurfaceTransactionApplier.lambda$scheduleApply$0:73 android.view.SyncRtSurfaceTransactionApplier.$r8$lambda$afI4fXg3U3-nBZQEDQMiNy-B06s:0 
11-23 20:56:17.033  8444  8524 I VRI[MainActivity]@8e53a52: mWNT: t=0xb400007c8dd12ed0 mBlastBufferQueue=0xb400007adda683b0 fn= 785 HdrRenderState mRenderHdrSdrRatio=1.0 caller= android.view.SyncRtSurfaceTransactionApplier.applyTransaction:100 android.view.SyncRtSurfaceTransactionApplier.lambda$scheduleApply$0:73 android.view.SyncRtSurfaceTransactionApplier.$r8$lambda$afI4fXg3U3-nBZQEDQMiNy-B06s:0 
11-23 20:56:17.043  8444  8526 I VRI[MainActivity]@8e53a52: mWNT: t=0xb400007c8dd01a50 mBlastBufferQueue=0xb400007adda683b0 fn= 786 HdrRenderState mRenderHdrSdrRatio=1.0 caller= android.view.SyncRtSurfaceTransactionApplier.applyTransaction:100 android.view.SyncRtSurfaceTransactionApplier.lambda$scheduleApply$0:73 android.view.SyncRtSurfaceTransactionApplier.$r8$lambda$afI4fXg3U3-nBZQEDQMiNy-B06s:0 
11-23 20:56:17.049  8444  8524 I VRI[MainActivity]@8e53a52: mWNT: t=0xb400007c8dd16890 mBlastBufferQueue=0xb400007adda683b0 fn= 787 HdrRenderState mRenderHdrSdrRatio=1.0 caller= android.view.SyncRtSurfaceTransactionApplier.applyTransaction:100 android.view.SyncRtSurfaceTransactionApplier.lambda$scheduleApply$0:73 android.view.SyncRtSurfaceTransactionApplier.$r8$lambda$afI4fXg3U3-nBZQEDQMiNy-B06s:0 
11-23 20:56:17.060  8444  8526 I VRI[MainActivity]@8e53a52: mWNT: t=0xb400007c8dd18b90 mBlastBufferQueue=0xb400007adda683b0 fn= 788 HdrRenderState mRenderHdrSdrRatio=1.0 caller= android.view.SyncRtSurfaceTransactionApplier.applyTransaction:100 android.view.SyncRtSurfaceTransactionApplier.lambda$scheduleApply$0:73 android.view.SyncRtSurfaceTransactionApplier.$r8$lambda$afI4fXg3U3-nBZQEDQMiNy-B06s:0 
11-23 20:56:17.077  8444  8524 I VRI[MainActivity]@8e53a52: mWNT: t=0xb400007c8dd1b050 mBlastBufferQueue=0xb400007adda683b0 fn= 789 HdrRenderState mRenderHdrSdrRatio=1.0 caller= android.view.SyncRtSurfaceTransactionApplier.applyTransaction:100 android.view.SyncRtSurfaceTransactionApplier.lambda$scheduleApply$0:73 android.view.SyncRtSurfaceTransactionApplier.$r8$lambda$afI4fXg3U3-nBZQEDQMiNy-B06s:0 
11-23 20:56:17.084  8444  8526 I VRI[MainActivity]@8e53a52: mWNT: t=0xb400007c8dd1acd0 mBlastBufferQueue=0xb400007adda683b0 fn= 790 HdrRenderState mRenderHdrSdrRatio=1.0 caller= android.view.SyncRtSurfaceTransactionApplier.applyTransaction:100 android.view.SyncRtSurfaceTransactionApplier.lambda$scheduleApply$0:73 android.view.SyncRtSurfaceTransactionApplier.$r8$lambda$afI4fXg3U3-nBZQEDQMiNy-B06s:0 
11-23 20:56:17.093  8444  8524 I VRI[MainActivity]@8e53a52: mWNT: t=0xb400007c8dd16dd0 mBlastBufferQueue=0xb400007adda683b0 fn= 791 HdrRenderState mRenderHdrSdrRatio=1.0 caller= android.view.SyncRtSurfaceTransactionApplier.applyTransaction:100 android.view.SyncRtSurfaceTransactionApplier.lambda$scheduleApply$0:73 android.view.SyncRtSurfaceTransactionApplier.$r8$lambda$afI4fXg3U3-nBZQEDQMiNy-B06s:0 
11-23 20:56:17.104  8444  8526 I VRI[MainActivity]@8e53a52: mWNT: t=0xb400007c8dd15fd0 mBlastBufferQueue=0xb400007adda683b0 fn= 792 HdrRenderState mRenderHdrSdrRatio=1.0 caller= android.view.SyncRtSurfaceTransactionApplier.applyTransaction:100 android.view.SyncRtSurfaceTransactionApplier.lambda$scheduleApply$0:73 android.view.SyncRtSurfaceTransactionApplier.$r8$lambda$afI4fXg3U3-nBZQEDQMiNy-B06s:0 
11-23 20:56:17.112  8444  8524 I VRI[MainActivity]@8e53a52: mWNT: t=0xb400007c8dd18490 mBlastBufferQueue=0xb400007adda683b0 fn= 793 HdrRenderState mRenderHdrSdrRatio=1.0 caller= android.view.SyncRtSurfaceTransactionApplier.applyTransaction:100 android.view.SyncRtSurfaceTransactionApplier.lambda$scheduleApply$0:73 android.view.SyncRtSurfaceTransactionApplier.$r8$lambda$afI4fXg3U3-nBZQEDQMiNy-B06s:0 
11-23 20:56:17.121  8444  8526 I VRI[MainActivity]@8e53a52: mWNT: t=0xb400007c8da7dc10 mBlastBufferQueue=0xb400007adda683b0 fn= 794 HdrRenderState mRenderHdrSdrRatio=1.0 caller= android.view.SyncRtSurfaceTransactionApplier.applyTransaction:100 android.view.SyncRtSurfaceTransactionApplier.lambda$scheduleApply$0:73 android.view.SyncRtSurfaceTransactionApplier.$r8$lambda$afI4fXg3U3-nBZQEDQMiNy-B06s:0 
11-23 20:56:17.137  8444  8524 I VRI[MainActivity]@8e53a52: mWNT: t=0xb400007c8db677d0 mBlastBufferQueue=0xb400007adda683b0 fn= 795 HdrRenderState mRenderHdrSdrRatio=1.0 caller= android.view.SyncRtSurfaceTransactionApplier.applyTransaction:100 android.view.SyncRtSurfaceTransactionApplier.lambda$scheduleApply$0:73 android.view.SyncRtSurfaceTransactionApplier.$r8$lambda$afI4fXg3U3-nBZQEDQMiNy-B06s:0 
11-23 20:56:17.151  8444  8526 I VRI[MainActivity]@8e53a52: mWNT: t=0xb400007c8dbe6950 mBlastBufferQueue=0xb400007adda683b0 fn= 796 HdrRenderState mRenderHdrSdrRatio=1.0 caller= android.view.SyncRtSurfaceTransactionApplier.applyTransaction:100 android.view.SyncRtSurfaceTransactionApplier.lambda$scheduleApply$0:73 android.view.SyncRtSurfaceTransactionApplier.$r8$lambda$afI4fXg3U3-nBZQEDQMiNy-B06s:0 
11-23 20:56:17.166  8444  8524 I VRI[MainActivity]@8e53a52: mWNT: t=0xb400007c8dbe6950 mBlastBufferQueue=0xb400007adda683b0 fn= 797 HdrRenderState mRenderHdrSdrRatio=1.0 caller= android.view.SyncRtSurfaceTransactionApplier.applyTransaction:100 android.view.SyncRtSurfaceTransactionApplier.lambda$scheduleApply$0:73 android.view.SyncRtSurfaceTransactionApplier.$r8$lambda$afI4fXg3U3-nBZQEDQMiNy-B06s:0 
11-23 20:56:17.175  8444  8526 I VRI[MainActivity]@8e53a52: mWNT: t=0xb400007c8dd1acd0 mBlastBufferQueue=0xb400007adda683b0 fn= 798 HdrRenderState mRenderHdrSdrRatio=1.0 caller= android.view.SyncRtSurfaceTransactionApplier.applyTransaction:100 android.view.SyncRtSurfaceTransactionApplier.lambda$scheduleApply$0:73 android.view.SyncRtSurfaceTransactionApplier.$r8$lambda$afI4fXg3U3-nBZQEDQMiNy-B06s:0 
11-23 20:56:17.185  8444  8524 I VRI[MainActivity]@8e53a52: mWNT: t=0xb400007c8dd1acd0 mBlastBufferQueue=0xb400007adda683b0 fn= 799 HdrRenderState mRenderHdrSdrRatio=1.0 caller= android.view.SyncRtSurfaceTransactionApplier.applyTransaction:100 android.view.SyncRtSurfaceTransactionApplier.lambda$scheduleApply$0:73 android.view.SyncRtSurfaceTransactionApplier.$r8$lambda$afI4fXg3U3-nBZQEDQMiNy-B06s:0 
11-23 20:56:17.190  8444  8444 I InsetsController: cancelAnimation: types=ime, animType=0, host=dev.souschef.app/dev.souschef.app.MainActivity, from=android.view.InsetsController.notifyFinished:2006 android.view.InsetsAnimationControlImpl.applyChangeInsets:335 android.view.InsetsController.lambda$new$3:957 
11-23 20:56:17.190  8444  8444 I ImeTracker: dev.souschef.app:ab2dba02: onShown
11-23 20:56:17.196  8444  8526 I VRI[MainActivity]@8e53a52: mWNT: t=0xb400007c8dd18b90 mBlastBufferQueue=0xb400007adda683b0 fn= 800 HdrRenderState mRenderHdrSdrRatio=1.0 caller= android.view.SyncRtSurfaceTransactionApplier.applyTransaction:100 android.view.SyncRtSurfaceTransactionApplier.lambda$scheduleApply$0:73 android.view.SyncRtSurfaceTransactionApplier.$r8$lambda$afI4fXg3U3-nBZQEDQMiNy-B06s:0 
11-23 20:56:17.302  8444  8444 D UiControllerImpl: Injecting string: "E2E Pantry Item 1763949372812"
11-23 20:56:17.320  8444  8444 I VRI[MainActivity]@8e53a52: ViewPostIme key 0
11-23 20:56:17.361  8444  8444 I VRI[MainActivity]@8e53a52: The input has been finished in ImeInputStage.
11-23 20:56:17.394  8444  8444 I VRI[MainActivity]@8e53a52: ViewPostIme key 1
11-23 20:56:17.550  8444  8444 I VRI[MainActivity]@8e53a52: ViewPostIme key 1
11-23 20:56:17.625  8444  8444 I VRI[MainActivity]@8e53a52: The input has been finished in ImeInputStage.
11-23 20:56:17.653  8444  8444 I VRI[MainActivity]@8e53a52: ViewPostIme key 1
11-23 20:56:17.683  8444  8444 I VRI[MainActivity]@8e53a52: ViewPostIme key 0
11-23 20:56:17.746  8444  8444 I VRI[MainActivity]@8e53a52: The input has been finished in ImeInputStage.
11-23 20:56:18.036  8444  8444 I VRI[MainActivity]@8e53a52: ViewPostIme key 1
11-23 20:56:18.089  8444  8444 I VRI[MainActivity]@8e53a52: ViewPostIme key 1
11-23 20:56:18.200  8444  8444 D ScrollView: initGoToTop
11-23 20:56:18.206  8444  8444 I VRI[MainActivity]@8e53a52: The input has been finished in ImeInputStage.
11-23 20:56:18.228  8444  8444 I VRI[MainActivity]@8e53a52: ViewPostIme key 1
11-23 20:56:18.243  8444  8444 I VRI[MainActivity]@8e53a52: ViewPostIme key 0
11-23 20:56:18.313  8444  8444 I InputMethodManager_LC: showSoftInput(View,I)
11-23 20:56:18.314  8444  8444 I ImeTracker: dev.souschef.app:ffe53116: onRequestShow at ORIGIN_CLIENT reason SHOW_SOFT_INPUT fromUser false
11-23 20:56:18.314  8444  8444 I InputMethodManager_LC: ssi(): flags=0 view=dev.souschef.app reason=SHOW_SOFT_INPUT
11-23 20:56:18.318  8444  8444 D InputMethodManagerUtils: startInputInner - Id : 0
11-23 20:56:18.319  8444  8444 I InputMethodManager: startInputInner - IInputMethodManagerGlobalInvoker.startInputOrWindowGainedFocus
11-23 20:56:18.323  8444  8444 D InsetsController: show(ime(), fromIme=false)
11-23 20:56:18.323  8444  8444 I ImeTracker: dev.souschef.app:ffe53116: onCancelled at PHASE_CLIENT_APPLY_ANIMATION
11-23 20:56:18.330  8444  8454 D InputTransport: Input channel constructed: 'ClientS', fd=197
11-23 20:56:18.373  8444  8444 W RemoteInputConnectionImpl: requestCursorUpdates on inactive InputConnection
11-23 20:56:18.435  8444  8444 W WindowOnBackDispatcher: sendCancelIfRunning: isInProgress=false callback=android.view.ImeBackAnimationController@b720f9a
11-23 20:56:18.551  8444  8444 I VRI[MainActivity]@8e53a52: The input has been finished in ImeInputStage.
11-23 20:56:18.815  8444  8444 I VRI[MainActivity]@8e53a52: ViewPostIme key 1
11-23 20:56:18.825  8444  8444 I VRI[MainActivity]@8e53a52: ViewPostIme key 1
11-23 20:56:18.837  8444  8444 I VRI[MainActivity]@8e53a52: The input has been finished in ImeInputStage.
11-23 20:56:18.868  8444  8444 I VRI[MainActivity]@8e53a52: ViewPostIme key 1
11-23 20:56:18.880  8444  9255 I ReactNativeJS: 💾 Cache: Persisted cache (14 KB)
11-23 20:56:18.900  8444  9255 I ReactNativeJS: '%c🚀 ✅ QUERY AutocompleteItems 552ms', 'color: #22c55e; font-weight: bold'
11-23 20:56:18.901  8444  9255 I ReactNativeJS: '   📤 Variables:', { input: { query: 'E2E' } }
11-23 20:56:18.909  8444  8444 I VRI[MainActivity]@8e53a52: The input has been finished in ImeInputStage.
11-23 20:56:19.023  8444  8444 I VRI[MainActivity]@8e53a52: ViewPostIme key 1
11-23 20:56:19.031  8444  8444 I VRI[MainActivity]@8e53a52: The input has been finished in ImeInputStage.
11-23 20:56:19.059  8444  8444 I VRI[MainActivity]@8e53a52: ViewPostIme key 1
11-23 20:56:19.069  8444  8444 I VRI[MainActivity]@8e53a52: The input has been finished in ImeInputStage.
11-23 20:56:19.097  8444  8444 I VRI[MainActivity]@8e53a52: ViewPostIme key 1
11-23 20:56:19.109  8444  8444 I VRI[MainActivity]@8e53a52: The input has been finished in ImeInputStage.
11-23 20:56:19.236  8444  8444 I VRI[MainActivity]@8e53a52: ViewPostIme key 1
11-23 20:56:19.264  8444  8444 I VRI[MainActivity]@8e53a52: The input has been finished in ImeInputStage.
11-23 20:56:19.286  8444  8444 I VRI[MainActivity]@8e53a52: ViewPostIme key 1
11-23 20:56:19.298  8444  8444 I VRI[MainActivity]@8e53a52: ViewPostIme key 0
11-23 20:56:19.321  8444  8444 I VRI[MainActivity]@8e53a52: The input has been finished in ImeInputStage.
11-23 20:56:19.452  8444  8444 I VRI[MainActivity]@8e53a52: ViewPostIme key 1
11-23 20:56:19.621  8444  8444 I VRI[MainActivity]@8e53a52: call setFrameRateCategory for touch hint category=no preference, reason=boost timeout, vri=VRI[MainActivity]@8e53a52
11-23 20:56:19.679  8444  8444 I VRI[MainActivity]@8e53a52: ViewPostIme key 1
11-23 20:56:19.716  8444  8444 I VRI[MainActivity]@8e53a52: The input has been finished in ImeInputStage.
11-23 20:56:19.757  8444  8444 I VRI[MainActivity]@8e53a52: ViewPostIme key 1
11-23 20:56:19.767  8444  8444 I VRI[MainActivity]@8e53a52: The input has been finished in ImeInputStage.
11-23 20:56:19.902  8444  8444 I VRI[MainActivity]@8e53a52: ViewPostIme key 1
11-23 20:56:19.909  8444  8444 I VRI[MainActivity]@8e53a52: The input has been finished in ImeInputStage.
11-23 20:56:19.930  8444  8444 I VRI[MainActivity]@8e53a52: ViewPostIme key 1
11-23 20:56:19.936  8444  8444 I VRI[MainActivity]@8e53a52: The input has been finished in ImeInputStage.
11-23 20:56:19.958  8444  8444 I VRI[MainActivity]@8e53a52: ViewPostIme key 1
11-23 20:56:19.967  8444  8444 I VRI[MainActivity]@8e53a52: The input has been finished in ImeInputStage.
11-23 20:56:19.989  8444  8444 I VRI[MainActivity]@8e53a52: ViewPostIme key 1
11-23 20:56:19.997  8444  8444 I VRI[MainActivity]@8e53a52: The input has been finished in ImeInputStage.
11-23 20:56:20.019  8444  8444 I VRI[MainActivity]@8e53a52: ViewPostIme key 1
11-23 20:56:20.029  8444  8444 I VRI[MainActivity]@8e53a52: The input has been finished in ImeInputStage.
11-23 20:56:20.148  8444  8444 I VRI[MainActivity]@8e53a52: ViewPostIme key 1
11-23 20:56:20.164  8444  8444 I VRI[MainActivity]@8e53a52: The input has been finished in ImeInputStage.
11-23 20:56:20.198  8444  8444 I VRI[MainActivity]@8e53a52: ViewPostIme key 1
11-23 20:56:20.206  8444  8444 I VRI[MainActivity]@8e53a52: The input has been finished in ImeInputStage.
11-23 20:56:20.233  8444  8444 I VRI[MainActivity]@8e53a52: ViewPostIme key 1
11-23 20:56:20.240  8444  8444 I VRI[MainActivity]@8e53a52: The input has been finished in ImeInputStage.
11-23 20:56:20.285  8444  9255 I ReactNativeJS: '%c🚀 ✅ QUERY AutocompleteItems 514ms', 'color: #22c55e; font-weight: bold'
11-23 20:56:20.286  8444  9255 I ReactNativeJS: '   📤 Variables:', { input: { query: 'E2E antry I' } }
11-23 20:56:20.407  8444  8444 I VRI[MainActivity]@8e53a52: ViewPostIme key 1
11-23 20:56:20.414  8444  8444 I VRI[MainActivity]@8e53a52: The input has been finished in ImeInputStage.
11-23 20:56:20.445  8444  8444 I VRI[MainActivity]@8e53a52: ViewPostIme key 1
11-23 20:56:20.452  8444  8444 I VRI[MainActivity]@8e53a52: The input has been finished in ImeInputStage.
11-23 20:56:20.474  8444  8444 I VRI[MainActivity]@8e53a52: ViewPostIme key 1
11-23 20:56:20.482  8444  8444 I VRI[MainActivity]@8e53a52: The input has been finished in ImeInputStage.
11-23 20:56:20.505  8444  8444 I VRI[MainActivity]@8e53a52: ViewPostIme key 1
11-23 20:56:20.531  8444  8444 I VRI[MainActivity]@8e53a52: The input has been finished in ImeInputStage.
11-23 20:56:20.551  8444  8444 I VRI[MainActivity]@8e53a52: ViewPostIme key 1
11-23 20:56:20.568  8444  8444 I VRI[MainActivity]@8e53a52: The input has been finished in ImeInputStage.
11-23 20:56:20.795  8444  8444 I VRI[MainActivity]@8e53a52: ViewPostIme key 1
11-23 20:56:20.852  8444  8444 I VRI[MainActivity]@8e53a52: The input has been finished in ImeInputStage.
11-23 20:56:20.934  8444  8444 I VRI[MainActivity]@8e53a52: ViewPostIme key 1
11-23 20:56:20.988  8444  8444 I VRI[MainActivity]@8e53a52: The input has been finished in ImeInputStage.
11-23 20:56:21.101  8444  8444 I VRI[MainActivity]@8e53a52: ViewPostIme key 1
11-23 20:56:21.103  8444  8489 I DetoxWSClient: Sending out action 'invokeResult' (ID #48)
11-23 20:56:21.103  8444  8489 I DetoxDispatcher: Done with action 'invoke'
11-23 20:56:21.409  8444  9255 I MMKV    : <MMKV_IO.cpp:545::writeActualSize> [sous-chef-storage_temp] increase sequence to 3, crc 2627196063, actualSize 14486
11-23 20:56:21.409  8444  9255 I MMKV    : <MMKV.cpp:1182::sync> MMKV::sync, SyncFlag = 1
11-23 20:56:21.412  8444  9255 I ReactNativeJS: 💾 Cache: Persisted cache (14 KB)
11-23 20:56:21.609  8444  8495 D DetoxWSClient: Received action 'invoke' (ID #49, params={"target":{"type":"Class","value":"com.wix.detox.espresso.EspressoDetox"},"method":"perform","args":[{"type":"Invocation","value":{"target":{"type":"Class","value":"com.wix.detox.espresso.DetoxMatcher"},"method":"matcherForTestId","args":["add-pantry-item-name-input",{"type":"boolean","value":false}]}},{"type":"Invocation","value":{"target":{"type":"Class","value":"com.wix.detox.espresso.DetoxViewActions"},"method":"typeText","args":["\n"]}}]})
11-23 20:56:21.610  8444  8489 I DetoxDispatcher: Handling action 'invoke' (ID #49)...
11-23 20:56:21.611  8444  8489 D Detox   : class com.wix.detox.espresso.DetoxMatcher, matcherForTestId, [add-pantry-item-name-input, false]
11-23 20:56:21.612  8444  8489 D Detox   : class com.wix.detox.espresso.DetoxViewActions, typeText, [
11-23 20:56:21.612  8444  8489 D Detox   : ]
11-23 20:56:21.612  8444  8489 D Detox   : class com.wix.detox.espresso.EspressoDetox, perform, [(view.getTag() is "add-pantry-item-name-input" and view has effective visibility <VISIBLE>), com.wix.detox.espresso.action.DetoxTypeTextAction@77791c]
11-23 20:56:21.616  8444  8444 I ViewInteraction: Performing 'Click to focus & type text (
11-23 20:56:21.616  8444  8444 I ViewInteraction: )' action on view (view.getTag() is "add-pantry-item-name-input" and view has effective visibility <VISIBLE>)
11-23 20:56:21.632  8444  8444 I VRI[MainActivity]@8e53a52: ViewPostIme pointer 0
11-23 20:56:21.653  8444  8444 I VRI[MainActivity]@8e53a52: call setFrameRateCategory for touch hint category=high hint, reason=touch, vri=VRI[MainActivity]@8e53a52
11-23 20:56:21.669  8444  8444 I VRI[MainActivity]@8e53a52: ViewPostIme pointer 1
11-23 20:56:21.673  8444  8444 W unknown:ReactNative: Can't cancel already finished gesture. Is a child View trying to start a gesture from an UP/CANCEL event?
11-23 20:56:21.811  8444  9255 I ReactNativeJS: '%c🚀 ✅ QUERY AutocompleteItems 183ms', 'color: #22c55e; font-weight: bold'
11-23 20:56:21.813  8444  9255 I ReactNativeJS: '   📤 Variables:', { input: { query: 'E2E antry Item 1763949372812' } }
11-23 20:56:22.044  8444  8444 I ImeTracker: dev.souschef.app:677ece30: onRequestHide at ORIGIN_CLIENT reason HIDE_SOFT_INPUT fromUser false
11-23 20:56:22.044  8444  8444 I InputMethodManager_LC: hsifw() - flag : 0
11-23 20:56:22.044  8444  8444 I InputMethodManager_LC: hsifw() - mService.hideSoftInput
11-23 20:56:22.045  8444  8444 D InsetsController: hide(ime(), fromIme=false)
11-23 20:56:22.045  8444  8444 W WindowOnBackDispatcher: sendCancelIfRunning: isInProgress=false callback=android.view.ImeBackAnimationController@b720f9a
11-23 20:56:22.048  8444  8444 D InsetsController: Setting requestedVisibleTypes to -9 (was -1)
11-23 20:56:22.048  8444  8444 I InsetsController: setRequestedVisibleTypes: visible=false, mask=ime, host=dev.souschef.app/dev.souschef.app.MainActivity, from=android.view.InsetsController.controlAnimationUnchecked:1604 android.view.InsetsController.applyAnimation:2416 android.view.InsetsController.applyAnimation:2343 android.view.InsetsController.hide:1540 android.view.inputmethod.InputMethodManager.hideSoftInputFromWindow:2889 android.view.inputmethod.InputMethodManager.hideSoftInputFromWindow:2812 android.view.inputmethod.InputMethodManager.hideSoftInputFromWindow:2773 com.facebook.react.views.textinput.ReactEditText.hideSoftKeyboard:865 com.facebook.react.views.textinput.ReactEditText.clearFocusAndMaybeRefocus$ReactAndroid_debug:388 com.facebook.react.views.textinput.ReactEditText.clearFocusFromJS$ReactAndroid_debug:392 
11-23 20:56:22.049  8444  8444 I InsetsController: controlAnimationUncheckedInner: Added types=ime, animType=1, host=dev.souschef.app/dev.souschef.app.MainActivity, from=android.view.InsetsController.controlAnimationUnchecked:1608 android.view.InsetsController.applyAnimation:2416 android.view.InsetsController.applyAnimation:2343 
11-23 20:56:22.059  8444  8444 I BLASTBufferQueue_Java: update, w= 1440 h= 3088 mName = VRI[MainActivity]@8e53a52 mNativeObject= 0xb400007adda683b0 sc.mNativeObject= 0xb400007b7da3c350 format= -1 caller= android.view.ViewRootImpl.updateBlastSurfaceIfNeeded:3574 android.view.ViewRootImpl.relayoutWindow:11685 android.view.ViewRootImpl.performTraversals:4804 android.view.ViewRootImpl.doTraversal:3924 android.view.ViewRootImpl$TraversalRunnable.run:12903 android.view.Choreographer$CallbackRecord.run:1901 
11-23 20:56:22.059  8444  8444 I VRI[MainActivity]@8e53a52: Relayout returned: old=(0,0,1440,3088) new=(0,0,1440,3088) relayoutAsync=true req=(1440,3088)0 dur=1 res=0x0 s={true 0xb400007beda57a40} ch=false seqId=0
11-23 20:56:22.064  8444  8444 I VRI[MainActivity]@8e53a52: registerCallbackForPendingTransactions
11-23 20:56:22.066  8444  8524 I VRI[MainActivity]@8e53a52: mWNT: t=0xb400007c8dd2e290 mBlastBufferQueue=0xb400007adda683b0 fn= 897 HdrRenderState mRenderHdrSdrRatio=1.0 caller= android.view.SyncRtSurfaceTransactionApplier.applyTransaction:100 android.view.SyncRtSurfaceTransactionApplier.lambda$scheduleApply$0:73 android.view.SyncRtSurfaceTransactionApplier.$r8$lambda$afI4fXg3U3-nBZQEDQMiNy-B06s:0 
11-23 20:56:22.066  8444  8524 I VRI[MainActivity]@8e53a52: mWNT: t=0xb400007c8dcc4490 mBlastBufferQueue=0xb400007adda683b0 fn= 897 HdrRenderState mRenderHdrSdrRatio=1.0 caller= android.view.ViewRootImpl$10.onFrameDraw:6536 android.view.ViewRootImpl$4.onFrameDraw:2489 android.view.ThreadedRenderer$1.onFrameDraw:718 
11-23 20:56:22.068  8444  8444 I ImeTracker: dev.souschef.app:f2be3e7f: onRequestHide at ORIGIN_CLIENT reason HIDE_SOFT_INPUT_CLOSE_CURRENT_SESSION fromUser false
11-23 20:56:22.068  8444  8444 D InsetsController: hide(ime(), fromIme=false)
11-23 20:56:22.069  8444  8444 I ImeTracker: dev.souschef.app:f2be3e7f: onCancelled at PHASE_CLIENT_ALREADY_HIDDEN
11-23 20:56:22.076  8444  8526 I VRI[MainActivity]@8e53a52: mWNT: t=0xb400007c8dd2e290 mBlastBufferQueue=0xb400007adda683b0 fn= 898 HdrRenderState mRenderHdrSdrRatio=1.0 caller= android.view.SyncRtSurfaceTransactionApplier.applyTransaction:100 android.view.SyncRtSurfaceTransactionApplier.lambda$scheduleApply$0:73 android.view.SyncRtSurfaceTransactionApplier.$r8$lambda$afI4fXg3U3-nBZQEDQMiNy-B06s:0 
11-23 20:56:22.089  8444  8524 I VRI[MainActivity]@8e53a52: mWNT: t=0xb400007c8dd1e4d0 mBlastBufferQueue=0xb400007adda683b0 fn= 899 HdrRenderState mRenderHdrSdrRatio=1.0 caller= android.view.SyncRtSurfaceTransactionApplier.applyTransaction:100 android.view.SyncRtSurfaceTransactionApplier.lambda$scheduleApply$0:73 android.view.SyncRtSurfaceTransactionApplier.$r8$lambda$afI4fXg3U3-nBZQEDQMiNy-B06s:0 
11-23 20:56:22.093  8444  8526 I VRI[MainActivity]@8e53a52: mWNT: t=0xb400007c8dc94450 mBlastBufferQueue=0xb400007adda683b0 fn= 900 HdrRenderState mRenderHdrSdrRatio=1.0 caller= android.view.SyncRtSurfaceTransactionApplier.applyTransaction:100 android.view.SyncRtSurfaceTransactionApplier.lambda$scheduleApply$0:73 android.view.SyncRtSurfaceTransactionApplier.$r8$lambda$afI4fXg3U3-nBZQEDQMiNy-B06s:0 
11-23 20:56:22.101  8444  8524 I VRI[MainActivity]@8e53a52: mWNT: t=0xb400007c8dd3c0d0 mBlastBufferQueue=0xb400007adda683b0 fn= 901 HdrRenderState mRenderHdrSdrRatio=1.0 caller= android.view.SyncRtSurfaceTransactionApplier.applyTransaction:100 android.view.SyncRtSurfaceTransactionApplier.lambda$scheduleApply$0:73 android.view.SyncRtSurfaceTransactionApplier.$r8$lambda$afI4fXg3U3-nBZQEDQMiNy-B06s:0 
11-23 20:56:22.109  8444  8526 I VRI[MainActivity]@8e53a52: mWNT: t=0xb400007c8dd39a50 mBlastBufferQueue=0xb400007adda683b0 fn= 902 HdrRenderState mRenderHdrSdrRatio=1.0 caller= android.view.SyncRtSurfaceTransactionApplier.applyTransaction:100 android.view.SyncRtSurfaceTransactionApplier.lambda$scheduleApply$0:73 android.view.SyncRtSurfaceTransactionApplier.$r8$lambda$afI4fXg3U3-nBZQEDQMiNy-B06s:0 
11-23 20:56:22.131  8444  8524 I VRI[MainActivity]@8e53a52: mWNT: t=0xb400007c8dd2d110 mBlastBufferQueue=0xb400007adda683b0 fn= 903 HdrRenderState mRenderHdrSdrRatio=1.0 caller= android.view.SyncRtSurfaceTransactionApplier.applyTransaction:100 android.view.SyncRtSurfaceTransactionApplier.lambda$scheduleApply$0:73 android.view.SyncRtSurfaceTransactionApplier.$r8$lambda$afI4fXg3U3-nBZQEDQMiNy-B06s:0 
11-23 20:56:22.149  8444  8526 I VRI[MainActivity]@8e53a52: mWNT: t=0xb400007c8dd3f1d0 mBlastBufferQueue=0xb400007adda683b0 fn= 904 HdrRenderState mRenderHdrSdrRatio=1.0 caller= android.view.SyncRtSurfaceTransactionApplier.applyTransaction:100 android.view.SyncRtSurfaceTransactionApplier.lambda$scheduleApply$0:73 android.view.SyncRtSurfaceTransactionApplier.$r8$lambda$afI4fXg3U3-nBZQEDQMiNy-B06s:0 
11-23 20:56:22.158  8444  8524 I VRI[MainActivity]@8e53a52: mWNT: t=0xb400007c8dd42f10 mBlastBufferQueue=0xb400007adda683b0 fn= 905 HdrRenderState mRenderHdrSdrRatio=1.0 caller= android.view.SyncRtSurfaceTransactionApplier.applyTransaction:100 android.view.SyncRtSurfaceTransactionApplier.lambda$scheduleApply$0:73 android.view.SyncRtSurfaceTransactionApplier.$r8$lambda$afI4fXg3U3-nBZQEDQMiNy-B06s:0 
11-23 20:56:22.167  8444  8526 I VRI[MainActivity]@8e53a52: mWNT: t=0xb400007c8dd437d0 mBlastBufferQueue=0xb400007adda683b0 fn= 906 HdrRenderState mRenderHdrSdrRatio=1.0 caller= android.view.SyncRtSurfaceTransactionApplier.applyTransaction:100 android.view.SyncRtSurfaceTransactionApplier.lambda$scheduleApply$0:73 android.view.SyncRtSurfaceTransactionApplier.$r8$lambda$afI4fXg3U3-nBZQEDQMiNy-B06s:0 
11-23 20:56:22.175  8444  8524 I VRI[MainActivity]@8e53a52: mWNT: t=0xb400007c8dd3fc50 mBlastBufferQueue=0xb400007adda683b0 fn= 907 HdrRenderState mRenderHdrSdrRatio=1.0 caller= android.view.SyncRtSurfaceTransactionApplier.applyTransaction:100 android.view.SyncRtSurfaceTransactionApplier.lambda$scheduleApply$0:73 android.view.SyncRtSurfaceTransactionApplier.$r8$lambda$afI4fXg3U3-nBZQEDQMiNy-B06s:0 
11-23 20:56:22.185  8444  8526 I VRI[MainActivity]@8e53a52: mWNT: t=0xb400007c8dd40dd0 mBlastBufferQueue=0xb400007adda683b0 fn= 908 HdrRenderState mRenderHdrSdrRatio=1.0 caller= android.view.SyncRtSurfaceTransactionApplier.applyTransaction:100 android.view.SyncRtSurfaceTransactionApplier.lambda$scheduleApply$0:73 android.view.SyncRtSurfaceTransactionApplier.$r8$lambda$afI4fXg3U3-nBZQEDQMiNy-B06s:0 
11-23 20:56:22.195  8444  8524 I VRI[MainActivity]@8e53a52: mWNT: t=0xb400007c8dd3f710 mBlastBufferQueue=0xb400007adda683b0 fn= 909 HdrRenderState mRenderHdrSdrRatio=1.0 caller= android.view.SyncRtSurfaceTransactionApplier.applyTransaction:100 android.view.SyncRtSurfaceTransactionApplier.lambda$scheduleApply$0:73 android.view.SyncRtSurfaceTransactionApplier.$r8$lambda$afI4fXg3U3-nBZQEDQMiNy-B06s:0 
11-23 20:56:22.202  8444  8526 I VRI[MainActivity]@8e53a52: mWNT: t=0xb400007c8dd43d10 mBlastBufferQueue=0xb400007adda683b0 fn= 910 HdrRenderState mRenderHdrSdrRatio=1.0 caller= android.view.SyncRtSurfaceTransactionApplier.applyTransaction:100 android.view.SyncRtSurfaceTransactionApplier.lambda$scheduleApply$0:73 android.view.SyncRtSurfaceTransactionApplier.$r8$lambda$afI4fXg3U3-nBZQEDQMiNy-B06s:0 
11-23 20:56:22.215  8444  8524 I VRI[MainActivity]@8e53a52: mWNT: t=0xb400007c8dd44410 mBlastBufferQueue=0xb400007adda683b0 fn= 911 HdrRenderState mRenderHdrSdrRatio=1.0 caller= android.view.SyncRtSurfaceTransactionApplier.applyTransaction:100 android.view.SyncRtSurfaceTransactionApplier.lambda$scheduleApply$0:73 android.view.SyncRtSurfaceTransactionApplier.$r8$lambda$afI4fXg3U3-nBZQEDQMiNy-B06s:0 
11-23 20:56:22.221  8444  8526 I VRI[MainActivity]@8e53a52: mWNT: t=0xb400007c8dd414d0 mBlastBufferQueue=0xb400007adda683b0 fn= 912 HdrRenderState mRenderHdrSdrRatio=1.0 caller= android.view.SyncRtSurfaceTransactionApplier.applyTransaction:100 android.view.SyncRtSurfaceTransactionApplier.lambda$scheduleApply$0:73 android.view.SyncRtSurfaceTransactionApplier.$r8$lambda$afI4fXg3U3-nBZQEDQMiNy-B06s:0 
11-23 20:56:22.230  8444  8524 I VRI[MainActivity]@8e53a52: mWNT: t=0xb400007c8dd38390 mBlastBufferQueue=0xb400007adda683b0 fn= 913 HdrRenderState mRenderHdrSdrRatio=1.0 caller= android.view.SyncRtSurfaceTransactionApplier.applyTransaction:100 android.view.SyncRtSurfaceTransactionApplier.lambda$scheduleApply$0:73 android.view.SyncRtSurfaceTransactionApplier.$r8$lambda$afI4fXg3U3-nBZQEDQMiNy-B06s:0 
11-23 20:56:22.240  8444  8526 I VRI[MainActivity]@8e53a52: mWNT: t=0xb400007c8dd36b10 mBlastBufferQueue=0xb400007adda683b0 fn= 914 HdrRenderState mRenderHdrSdrRatio=1.0 caller= android.view.SyncRtSurfaceTransactionApplier.applyTransaction:100 android.view.SyncRtSurfaceTransactionApplier.lambda$scheduleApply$0:73 android.view.SyncRtSurfaceTransactionApplier.$r8$lambda$afI4fXg3U3-nBZQEDQMiNy-B06s:0 
11-23 20:56:22.253  8444  8524 I VRI[MainActivity]@8e53a52: mWNT: t=0xb400007c8dd349d0 mBlastBufferQueue=0xb400007adda683b0 fn= 915 HdrRenderState mRenderHdrSdrRatio=1.0 caller= android.view.SyncRtSurfaceTransactionApplier.applyTransaction:100 android.view.SyncRtSurfaceTransactionApplier.lambda$scheduleApply$0:73 android.view.SyncRtSurfaceTransactionApplier.$r8$lambda$afI4fXg3U3-nBZQEDQMiNy-B06s:0 
11-23 20:56:22.260  8444  8526 I VRI[MainActivity]@8e53a52: mWNT: t=0xb400007c8dd32350 mBlastBufferQueue=0xb400007adda683b0 fn= 916 HdrRenderState mRenderHdrSdrRatio=1.0 caller= android.view.SyncRtSurfaceTransactionApplier.applyTransaction:100 android.view.SyncRtSurfaceTransactionApplier.lambda$scheduleApply$0:73 android.view.SyncRtSurfaceTransactionApplier.$r8$lambda$afI4fXg3U3-nBZQEDQMiNy-B06s:0 
11-23 20:56:22.268  8444  8524 I VRI[MainActivity]@8e53a52: mWNT: t=0xb400007c8dc17250 mBlastBufferQueue=0xb400007adda683b0 fn= 917 HdrRenderState mRenderHdrSdrRatio=1.0 caller= android.view.SyncRtSurfaceTransactionApplier.applyTransaction:100 android.view.SyncRtSurfaceTransactionApplier.lambda$scheduleApply$0:73 android.view.SyncRtSurfaceTransactionApplier.$r8$lambda$afI4fXg3U3-nBZQEDQMiNy-B06s:0 
11-23 20:56:22.277  8444  8526 I VRI[MainActivity]@8e53a52: mWNT: t=0xb400007c8db8a610 mBlastBufferQueue=0xb400007adda683b0 fn= 918 HdrRenderState mRenderHdrSdrRatio=1.0 caller= android.view.SyncRtSurfaceTransactionApplier.applyTransaction:100 android.view.SyncRtSurfaceTransactionApplier.lambda$scheduleApply$0:73 android.view.SyncRtSurfaceTransactionApplier.$r8$lambda$afI4fXg3U3-nBZQEDQMiNy-B06s:0 
11-23 20:56:22.283  8444  8524 I VRI[MainActivity]@8e53a52: mWNT: t=0xb400007c8dbf8690 mBlastBufferQueue=0xb400007adda683b0 fn= 919 HdrRenderState mRenderHdrSdrRatio=1.0 caller= android.view.SyncRtSurfaceTransactionApplier.applyTransaction:100 android.view.SyncRtSurfaceTransactionApplier.lambda$scheduleApply$0:73 android.view.SyncRtSurfaceTransactionApplier.$r8$lambda$afI4fXg3U3-nBZQEDQMiNy-B06s:0 
11-23 20:56:22.291  8444  8526 I VRI[MainActivity]@8e53a52: mWNT: t=0xb400007c8db84090 mBlastBufferQueue=0xb400007adda683b0 fn= 920 HdrRenderState mRenderHdrSdrRatio=1.0 caller= android.view.SyncRtSurfaceTransactionApplier.applyTransaction:100 android.view.SyncRtSurfaceTransactionApplier.lambda$scheduleApply$0:73 android.view.SyncRtSurfaceTransactionApplier.$r8$lambda$afI4fXg3U3-nBZQEDQMiNy-B06s:0 
11-23 20:56:22.301  8444  8524 I VRI[MainActivity]@8e53a52: mWNT: t=0xb400007c8dbe6e90 mBlastBufferQueue=0xb400007adda683b0 fn= 921 HdrRenderState mRenderHdrSdrRatio=1.0 caller= android.view.SyncRtSurfaceTransactionApplier.applyTransaction:100 android.view.SyncRtSurfaceTransactionApplier.lambda$scheduleApply$0:73 android.view.SyncRtSurfaceTransactionApplier.$r8$lambda$afI4fXg3U3-nBZQEDQMiNy-B06s:0 
11-23 20:56:22.309  8444  8526 I VRI[MainActivity]@8e53a52: mWNT: t=0xb400007c8dbb9150 mBlastBufferQueue=0xb400007adda683b0 fn= 922 HdrRenderState mRenderHdrSdrRatio=1.0 caller= android.view.SyncRtSurfaceTransactionApplier.applyTransaction:100 android.view.SyncRtSurfaceTransactionApplier.lambda$scheduleApply$0:73 android.view.SyncRtSurfaceTransactionApplier.$r8$lambda$afI4fXg3U3-nBZQEDQMiNy-B06s:0 
11-23 20:56:22.320  8444  8524 I VRI[MainActivity]@8e53a52: mWNT: t=0xb400007c8dbae5d0 mBlastBufferQueue=0xb400007adda683b0 fn= 923 HdrRenderState mRenderHdrSdrRatio=1.0 caller= android.view.SyncRtSurfaceTransactionApplier.applyTransaction:100 android.view.SyncRtSurfaceTransactionApplier.lambda$scheduleApply$0:73 android.view.SyncRtSurfaceTransactionApplier.$r8$lambda$afI4fXg3U3-nBZQEDQMiNy-B06s:0 
11-23 20:56:22.327  8444  8526 I VRI[MainActivity]@8e53a52: mWNT: t=0xb400007c8db76410 mBlastBufferQueue=0xb400007adda683b0 fn= 924 HdrRenderState mRenderHdrSdrRatio=1.0 caller= android.view.SyncRtSurfaceTransactionApplier.applyTransaction:100 android.view.SyncRtSurfaceTransactionApplier.lambda$scheduleApply$0:73 android.view.SyncRtSurfaceTransactionApplier.$r8$lambda$afI4fXg3U3-nBZQEDQMiNy-B06s:0 
11-23 20:56:22.334  8444  8524 I VRI[MainActivity]@8e53a52: mWNT: t=0xb400007c8dbb6ad0 mBlastBufferQueue=0xb400007adda683b0 fn= 925 HdrRenderState mRenderHdrSdrRatio=1.0 caller= android.view.SyncRtSurfaceTransactionApplier.applyTransaction:100 android.view.SyncRtSurfaceTransactionApplier.lambda$scheduleApply$0:73 android.view.SyncRtSurfaceTransactionApplier.$r8$lambda$afI4fXg3U3-nBZQEDQMiNy-B06s:0 
11-23 20:56:22.343  8444  8526 I VRI[MainActivity]@8e53a52: mWNT: t=0xb400007c8dbdc850 mBlastBufferQueue=0xb400007adda683b0 fn= 926 HdrRenderState mRenderHdrSdrRatio=1.0 caller= android.view.SyncRtSurfaceTransactionApplier.applyTransaction:100 android.view.SyncRtSurfaceTransactionApplier.lambda$scheduleApply$0:73 android.view.SyncRtSurfaceTransactionApplier.$r8$lambda$afI4fXg3U3-nBZQEDQMiNy-B06s:0 
11-23 20:56:22.353  8444  8524 I VRI[MainActivity]@8e53a52: mWNT: t=0xb400007c8db2ba90 mBlastBufferQueue=0xb400007adda683b0 fn= 927 HdrRenderState mRenderHdrSdrRatio=1.0 caller= android.view.SyncRtSurfaceTransactionApplier.applyTransaction:100 android.view.SyncRtSurfaceTransactionApplier.lambda$scheduleApply$0:73 android.view.SyncRtSurfaceTransactionApplier.$r8$lambda$afI4fXg3U3-nBZQEDQMiNy-B06s:0 
11-23 20:56:22.360  8444  8526 I VRI[MainActivity]@8e53a52: mWNT: t=0xb400007c8dbcacd0 mBlastBufferQueue=0xb400007adda683b0 fn= 928 HdrRenderState mRenderHdrSdrRatio=1.0 caller= android.view.SyncRtSurfaceTransactionApplier.applyTransaction:100 android.view.SyncRtSurfaceTransactionApplier.lambda$scheduleApply$0:73 android.view.SyncRtSurfaceTransactionApplier.$r8$lambda$afI4fXg3U3-nBZQEDQMiNy-B06s:0 
11-23 20:56:22.371  8444  8524 I VRI[MainActivity]@8e53a52: mWNT: t=0xb400007c8db40e10 mBlastBufferQueue=0xb400007adda683b0 fn= 929 HdrRenderState mRenderHdrSdrRatio=1.0 caller= android.view.SyncRtSurfaceTransactionApplier.applyTransaction:100 android.view.SyncRtSurfaceTransactionApplier.lambda$scheduleApply$0:73 android.view.SyncRtSurfaceTransactionApplier.$r8$lambda$afI4fXg3U3-nBZQEDQMiNy-B06s:0 
11-23 20:56:22.377  8444  8444 I InsetsController: cancelAnimation: types=ime, animType=1, host=dev.souschef.app/dev.souschef.app.MainActivity, from=android.view.InsetsController.notifyFinished:2006 android.view.InsetsAnimationControlImpl.applyChangeInsets:335 android.view.InsetsController.lambda$new$3:957 
11-23 20:56:22.380  8444  8526 I VRI[MainActivity]@8e53a52: mWNT: t=0xb400007c8dac6ed0 mBlastBufferQueue=0xb400007adda683b0 fn= 930 HdrRenderState mRenderHdrSdrRatio=1.0 caller= android.view.SyncRtSurfaceTransactionApplier.applyTransaction:100 android.view.SyncRtSurfaceTransactionApplier.lambda$scheduleApply$0:73 android.view.SyncRtSurfaceTransactionApplier.$r8$lambda$afI4fXg3U3-nBZQEDQMiNy-B06s:0 
11-23 20:56:22.405  8444  8444 I InsetsController: onStateChanged: host=dev.souschef.app/dev.souschef.app.MainActivity, from=android.view.ViewRootImpl.onInsetsStateChanged:3026, state=InsetsState: {mDisplayFrame=Rect(0, 0 - 1440, 3088), mDisplayCutout=DisplayCutout{insets=Rect(0, 100 - 0, 0) waterfall=Insets{left=0, top=0, right=0, bottom=0} boundingRect={Bounds=[Rect(0, 0 - 0, 0), Rect(683, 0 - 758, 100), Rect(0, 0 - 0, 0), Rect(0, 0 - 0, 0)]} cutoutPathParserInfo={CutoutPathParserInfo{displayWidth=1440 displayHeight=3088 physicalDisplayWidth=1440 physicalDisplayHeight=3088 density={3.75} cutoutSpec={M 0,0 H -10 V 26.66666666666667 H 10 V 0 H 0 Z @dp} rotation={0} scale={1.0} physicalPixelDisplaySizeRatio={1.0}}} sideOverrides={}}, mRoundedCorners=RoundedCorners{[RoundedCorner{position=TopLeft, radius=15, center=Point(15, 15)}, RoundedCorner{position=TopRight, radius=15, center=Point(1425, 15)}, RoundedCorner{position=BottomRight, radius=15, center=Point(1425, 3073)}, RoundedCorner{position=BottomLeft, radius=15, center=Point(15, 3073)}]}  mRoundedCornerFrame=Rect(0, 0 - 1440, 3088), mPrivacyIndicatorBounds=PrivacyIndicatorBounds {static bounds=Rect(1275, 0 - 1440, 100) rotation=0}, mDisplayShape=DisplayShape{ spec=-311912193 displayWidth=1440 displayHeight=3088 physicalPixelDisplaySizeRatio=1.0 rotation=0 offsetX=0 offsetY=0 scale=1.0}, mSources= { InsetsSource: {b11d0001 mType=navigationBars mFrame=[0,3032][1440,3088] mVisible=true mFlags=SUPPRESS_SCRIM mSideHint=BOTTOM mBoundingRects=null}, InsetsSource: {b11d0004 mType=systemGestures mFrame=[0,0][84,3088] mVisible=true mFlags= mSideHint=LEFT mBoundingRects=null}, InsetsSource: {b11d0005 mType=mandatorySystemGestures mFrame=[0,2968][1440,3088] mVisible=true mFlags= mSideHint=BOTTOM mBoundingRects=null}, InsetsSource: {b11d0006 mType=tappableElement mFrame=[0,0][0,0] mVisible=true mFlags= mSideHint=NONE mBoundingRects=null}, InsetsSource: {b11d0024 mType=systemGestures mFrame=[1356,0][1440,3088] mVisible=true mFlags= mSideHint=RIGHT mBoundingRects=null}, InsetsSource: {ecac0000 mType=statusBars mFrame=[0,0][1440,100] mVisible=true mFlags= mSideHint=TOP mBoundingRects=null}, InsetsSource: {ecac0005 mType=mandatorySystemGestures mFrame=[0,0][1440,145] mVisible=true mFlags= mSideHint=TOP mBoundingRects=null}, InsetsSource: {ecac0006 mType=tappableElement mFrame=[0,0][1440,100] mVisible=true mFlags= mSideHint=TOP mBoundingRects=null}, InsetsSource: {3 mType=ime mFrame=[0,2076][1440,3088] mVisible=false mFlags= mSideHint=BOTTOM mBoundingRects=null}, InsetsSource: {27 mType=displayCutout mFrame=[0,0][1440,100] mVisible=true mFlags= mSideHint=TOP mBoundingRects=null} }
11-23 20:56:22.405  8444  8444 I VRI[MainActivity]@8e53a52: handleResized, frames=ClientWindowFrames{frame=[0,0][1440,3088] display=[0,0][1440,3088] parentFrame=[0,0][0,0]} displayId=0 dragResizing=false compatScale=1.0 frameChanged=false attachedFrameChanged=false configChanged=false displayChanged=false compatScaleChanged=false dragResizingChanged=false
11-23 20:56:22.415  8444  8444 W RemoteInputConnectionImpl: requestCursorUpdates on inactive InputConnection
11-23 20:56:22.416  8444  8444 I InsetsSourceConsumer: applyRequestedVisibilityToControl: visible=true, type=navigationBars, host=dev.souschef.app/dev.souschef.app.MainActivity
11-23 20:56:22.416  8444  8444 I ImeTracker: system_server:a776c08f: onCancelled at PHASE_CLIENT_ON_CONTROLS_CHANGED
11-23 20:56:22.417  8444  8444 E ImeBackDispatcher: Ime callback not found. Ignoring unregisterReceivedCallback. callbackId: 215426280
11-23 20:56:22.456  8444  9255 I ReactNativeJS: 💾 Cache: Persisted cache (14 KB)
11-23 20:56:22.462  8444  8444 D UiControllerImpl: Injecting string: "
11-23 20:56:22.462  8444  8444 D UiControllerImpl: "
11-23 20:56:22.469  8444  8444 I VRI[MainActivity]@8e53a52: setInTouchMode(false), android.view.ViewRootImpl.checkForLeavingTouchModeAndConsume:10965 android.view.ViewRootImpl.-$$Nest$mcheckForLeavingTouchModeAndConsume:0 android.view.ViewRootImpl$EarlyPostImeInputStage.processKeyEvent:9438 android.view.ViewRootImpl$EarlyPostImeInputStage.onProcess:9422 android.view.ViewRootImpl$InputStage.deliver:8901 android.view.ViewRootImpl$InputStage.onDeliverToNext:8958 android.view.ViewRootImpl$InputStage.forward:8924 android.view.ViewRootImpl$AsyncInputStage.forward:9157 android.view.ViewRootImpl$ImeInputStage.onFinishedInputEvent:9407 android.view.inputmethod.InputMethodManager$PendingEvent.run:5545 
11-23 20:56:22.479  8444  8444 D InputMethodManagerUtils: startInputInner - Id : 0
11-23 20:56:22.479  8444  8444 I InputMethodManager: startInputInner - IInputMethodManagerGlobalInvoker.startInputOrWindowGainedFocus
11-23 20:56:22.484  8444  8880 D InputTransport: Input channel constructed: 'ClientS', fd=203
11-23 20:56:22.535  8444  8444 I VRI[MainActivity]@8e53a52: ViewPostIme key 1
11-23 20:56:22.555  8444  8489 I DetoxWSClient: Sending out action 'invokeResult' (ID #49)
11-23 20:56:22.557  8444  8489 I DetoxDispatcher: Done with action 'invoke'
11-23 20:56:22.958  8444  8444 I InsetsController: onStateChanged: host=dev.souschef.app/dev.souschef.app.MainActivity, from=android.view.ViewRootImpl.onInsetsStateChanged:3026, state=InsetsState: {mDisplayFrame=Rect(0, 0 - 1440, 3088), mDisplayCutout=DisplayCutout{insets=Rect(0, 100 - 0, 0) waterfall=Insets{left=0, top=0, right=0, bottom=0} boundingRect={Bounds=[Rect(0, 0 - 0, 0), Rect(683, 0 - 758, 100), Rect(0, 0 - 0, 0), Rect(0, 0 - 0, 0)]} cutoutPathParserInfo={CutoutPathParserInfo{displayWidth=1440 displayHeight=3088 physicalDisplayWidth=1440 physicalDisplayHeight=3088 density={3.75} cutoutSpec={M 0,0 H -10 V 26.66666666666667 H 10 V 0 H 0 Z @dp} rotation={0} scale={1.0} physicalPixelDisplaySizeRatio={1.0}}} sideOverrides={}}, mRoundedCorners=RoundedCorners{[RoundedCorner{position=TopLeft, radius=15, center=Point(15, 15)}, RoundedCorner{position=TopRight, radius=15, center=Point(1425, 15)}, RoundedCorner{position=BottomRight, radius=15, center=Point(1425, 3073)}, RoundedCorner{position=BottomLeft, radius=15, center=Point(15, 3073)}]}  mRoundedCornerFrame=Rect(0, 0 - 1440, 3088), mPrivacyIndicatorBounds=PrivacyIndicatorBounds {static bounds=Rect(1275, 0 - 1440, 100) rotation=0}, mDisplayShape=DisplayShape{ spec=-311912193 displayWidth=1440 displayHeight=3088 physicalPixelDisplaySizeRatio=1.0 rotation=0 offsetX=0 offsetY=0 scale=1.0}, mSources= { InsetsSource: {b11d0001 mType=navigationBars mFrame=[0,3032][1440,3088] mVisible=true mFlags=SUPPRESS_SCRIM mSideHint=BOTTOM mBoundingRects=null}, InsetsSource: {b11d0004 mType=systemGestures mFrame=[0,0][84,3088] mVisible=true mFlags= mSideHint=LEFT mBoundingRects=null}, InsetsSource: {b11d0005 mType=mandatorySystemGestures mFrame=[0,2968][1440,3088] mVisible=true mFlags= mSideHint=BOTTOM mBoundingRects=null}, InsetsSource: {b11d0006 mType=tappableElement mFrame=[0,0][0,0] mVisible=true mFlags= mSideHint=NONE mBoundingRects=null}, InsetsSource: {b11d0024 mType=systemGestures mFrame=[1356,0][1440,3088] mVisible=true mFlags= mSideHint=RIGHT mBoundingRects=null}, InsetsSource: {ecac0000 mType=statusBars mFrame=[0,0][1440,100] mVisible=true mFlags= mSideHint=TOP mBoundingRects=null}, InsetsSource: {ecac0005 mType=mandatorySystemGestures mFrame=[0,0][1440,145] mVisible=true mFlags= mSideHint=TOP mBoundingRects=null}, InsetsSource: {ecac0006 mType=tappableElement mFrame=[0,0][1440,100] mVisible=true mFlags= mSideHint=TOP mBoundingRects=null}, InsetsSource: {3 mType=ime mFrame=[0,0][0,0] mVisible=false mFlags= mSideHint=NONE mBoundingRects=null}, InsetsSource: {27 mType=displayCutout mFrame=[0,0][1440,100] mVisible=true mFlags= mSideHint=TOP mBoundingRects=null} }
11-23 20:56:22.958  8444  8444 I VRI[MainActivity]@8e53a52: handleResized, frames=ClientWindowFrames{frame=[0,0][1440,3088] display=[0,0][1440,3088] parentFrame=[0,0][0,0]} displayId=0 dragResizing=false compatScale=1.0 frameChanged=false attachedFrameChanged=false configChanged=false displayChanged=false compatScaleChanged=false dragResizingChanged=false
11-23 20:56:22.977  8444  8444 I InsetsController: onStateChanged: host=dev.souschef.app/dev.souschef.app.MainActivity, from=android.view.ViewRootImpl.onInsetsStateChanged:3026, state=InsetsState: {mDisplayFrame=Rect(0, 0 - 1440, 3088), mDisplayCutout=DisplayCutout{insets=Rect(0, 100 - 0, 0) waterfall=Insets{left=0, top=0, right=0, bottom=0} boundingRect={Bounds=[Rect(0, 0 - 0, 0), Rect(683, 0 - 758, 100), Rect(0, 0 - 0, 0), Rect(0, 0 - 0, 0)]} cutoutPathParserInfo={CutoutPathParserInfo{displayWidth=1440 displayHeight=3088 physicalDisplayWidth=1440 physicalDisplayHeight=3088 density={3.75} cutoutSpec={M 0,0 H -10 V 26.66666666666667 H 10 V 0 H 0 Z @dp} rotation={0} scale={1.0} physicalPixelDisplaySizeRatio={1.0}}} sideOverrides={}}, mRoundedCorners=RoundedCorners{[RoundedCorner{position=TopLeft, radius=15, center=Point(15, 15)}, RoundedCorner{position=TopRight, radius=15, center=Point(1425, 15)}, RoundedCorner{position=BottomRight, radius=15, center=Point(1425, 3073)}, RoundedCorner{position=BottomLeft, radius=15, center=Point(15, 3073)}]}  mRoundedCornerFrame=Rect(0, 0 - 1440, 3088), mPrivacyIndicatorBounds=PrivacyIndicatorBounds {static bounds=Rect(1275, 0 - 1440, 100) rotation=0}, mDisplayShape=DisplayShape{ spec=-311912193 displayWidth=1440 displayHeight=3088 physicalPixelDisplaySizeRatio=1.0 rotation=0 offsetX=0 offsetY=0 scale=1.0}, mSources= { InsetsSource: {b11d0001 mType=navigationBars mFrame=[0,3032][1440,3088] mVisible=true mFlags=SUPPRESS_SCRIM mSideHint=BOTTOM mBoundingRects=null}, InsetsSource: {b11d0004 mType=systemGestures mFrame=[0,0][84,3088] mVisible=true mFlags= mSideHint=LEFT mBoundingRects=null}, InsetsSource: {b11d0005 mType=mandatorySystemGestures mFrame=[0,2968][1440,3088] mVisible=true mFlags= mSideHint=BOTTOM mBoundingRects=null}, InsetsSource: {b11d0006 mType=tappableElement mFrame=[0,0][0,0] mVisible=true mFlags= mSideHint=NONE mBoundingRects=null}, InsetsSource: {b11d0024 mType=systemGestures mFrame=[1356,0][1440,3088] mVisible=true mFlags= mSideHint=RIGHT mBoundingRects=null}, InsetsSource: {ecac0000 mType=statusBars mFrame=[0,0][1440,100] mVisible=true mFlags= mSideHint=TOP mBoundingRects=null}, InsetsSource: {ecac0005 mType=mandatorySystemGestures mFrame=[0,0][1440,145] mVisible=true mFlags= mSideHint=TOP mBoundingRects=null}, InsetsSource: {ecac0006 mType=tappableElement mFrame=[0,0][1440,100] mVisible=true mFlags= mSideHint=TOP mBoundingRects=null}, InsetsSource: {3 mType=ime mFrame=[0,0][0,0] mVisible=false mFlags= mSideHint=NONE mBoundingRects=null}, InsetsSource: {27 mType=displayCutout mFrame=[0,0][1440,100] mVisible=true mFlags= mSideHint=TOP mBoundingRects=null} }
11-23 20:56:22.977  8444  8444 I VRI[MainActivity]@8e53a52: handleResized, frames=ClientWindowFrames{frame=[0,0][1440,3088] display=[0,0][1440,3088] parentFrame=[0,0][0,0]} displayId=0 dragResizing=false compatScale=1.0 frameChanged=false attachedFrameChanged=false configChanged=false displayChanged=false compatScaleChanged=false dragResizingChanged=false
11-23 20:56:23.362  8444  8495 D DetoxWSClient: Received action 'invoke' (ID #50, params={"target":{"type":"Class","value":"com.wix.detox.espresso.EspressoDetox"},"method":"perform","args":[{"type":"Invocation","value":{"target":{"type":"Class","value":"com.wix.detox.espresso.DetoxMatcher"},"method":"matcherForTestId","args":["add-pantry-item-quantity-input",{"type":"boolean","value":false}]}},{"type":"Invocation","value":{"target":{"type":"Class","value":"com.wix.detox.espresso.DetoxViewActions"},"method":"click","args":[]}}]})
11-23 20:56:23.363  8444  8489 I DetoxDispatcher: Handling action 'invoke' (ID #50)...
11-23 20:56:23.364  8444  8489 D Detox   : class com.wix.detox.espresso.DetoxMatcher, matcherForTestId, [add-pantry-item-quantity-input, false]
11-23 20:56:23.365  8444  8489 D Detox   : class com.wix.detox.espresso.DetoxViewActions, click, []
11-23 20:56:23.365  8444  8489 D Detox   : class com.wix.detox.espresso.EspressoDetox, perform, [(view.getTag() is "add-pantry-item-quantity-input" and view has effective visibility <VISIBLE>), com.wix.detox.espresso.action.RNClickAction@bbc595]
11-23 20:56:23.369  8444  8444 I ViewInteraction: Performing 'com.wix.detox.espresso.action.detoxsingletap@c64b6aa click' action on view (view.getTag() is "add-pantry-item-quantity-input" and view has effective visibility <VISIBLE>)
11-23 20:56:23.381  8444  8444 I VRI[MainActivity]@8e53a52: ViewPostIme pointer 0
11-23 20:56:23.409  8444  8444 I VRI[MainActivity]@8e53a52: ViewPostIme pointer 1
11-23 20:56:23.419  8444  8444 D InputMethodManagerUtils: startInputInner - Id : 0
11-23 20:56:23.419  8444  8444 I InputMethodManager: startInputInner - IInputMethodManagerGlobalInvoker.startInputOrWindowGainedFocus
11-23 20:56:23.424  8444  8444 I AutofillManager: showAutofillDialog() return false due to improve fill dialog
11-23 20:56:23.424  8444  8444 I InputMethodManager_LC: showSoftInput(View,I)
11-23 20:56:23.425  8444  8444 I ImeTracker: dev.souschef.app:a0f54636: onRequestShow at ORIGIN_CLIENT reason SHOW_SOFT_INPUT fromUser true
11-23 20:56:23.425  8444  8444 I InputMethodManager_LC: ssi(): flags=0 view=dev.souschef.app reason=SHOW_SOFT_INPUT
11-23 20:56:23.425  8444  8444 D InsetsController: show(ime(), fromIme=false)
11-23 20:56:23.425  8444  8444 D InsetsController: Setting requestedVisibleTypes to -1 (was -9)
11-23 20:56:23.426  8444  8444 I InsetsController: setRequestedVisibleTypes: visible=true, mask=ime, host=dev.souschef.app/dev.souschef.app.MainActivity, from=android.view.InsetsController.controlAnimationUnchecked:1604 android.view.InsetsController.applyAnimation:2416 android.view.InsetsController.applyAnimation:2343 android.view.InsetsController.show:1422 android.view.inputmethod.InputMethodManager.showSoftInput:2659 android.view.inputmethod.InputMethodManager.showSoftInput:2571 android.view.inputmethod.InputMethodManager.showSoftInput:2563 android.view.inputmethod.InputMethodManager.showSoftInput:2491 android.widget.TextView.onTouchEvent:14078 com.facebook.react.views.textinput.ReactEditText.onTouchEvent:323 
11-23 20:56:23.427  8444  8454 D InputTransport: Input channel constructed: 'ClientS', fd=200
11-23 20:56:23.446  8444  8444 I AssistStructure: Flattened final assist data: 6036 bytes, containing 1 windows, 39 views
11-23 20:56:23.457  8444  8444 I VRI[MainActivity]@8e53a52: handleResized, frames=ClientWindowFrames{frame=[0,0][1440,3088] display=[0,0][1440,3088] parentFrame=[0,0][0,0]} displayId=0 dragResizing=false compatScale=1.0 frameChanged=false attachedFrameChanged=false configChanged=false displayChanged=false compatScaleChanged=false dragResizingChanged=false
11-23 20:56:23.489  8444  8444 I InputMethodManager_LC: showSoftInput(View,I)
11-23 20:56:23.491  8444  8444 I ImeTracker: dev.souschef.app:c413de82: onRequestShow at ORIGIN_CLIENT reason SHOW_SOFT_INPUT fromUser false
11-23 20:56:23.491  8444  8444 I InputMethodManager_LC: ssi(): flags=0 view=dev.souschef.app reason=SHOW_SOFT_INPUT
11-23 20:56:23.491  8444  8444 D InsetsController: show(ime(), fromIme=false)
11-23 20:56:23.491  8444  8444 I ImeTracker: dev.souschef.app:c413de82: onCancelled at PHASE_CLIENT_REPORT_REQUESTED_VISIBLE_TYPES
11-23 20:56:23.540  8444  8444 I InsetsController: onStateChanged: host=dev.souschef.app/dev.souschef.app.MainActivity, from=android.view.ViewRootImpl.onInsetsStateChanged:3026, state=InsetsState: {mDisplayFrame=Rect(0, 0 - 1440, 3088), mDisplayCutout=DisplayCutout{insets=Rect(0, 100 - 0, 0) waterfall=Insets{left=0, top=0, right=0, bottom=0} boundingRect={Bounds=[Rect(0, 0 - 0, 0), Rect(683, 0 - 758, 100), Rect(0, 0 - 0, 0), Rect(0, 0 - 0, 0)]} cutoutPathParserInfo={CutoutPathParserInfo{displayWidth=1440 displayHeight=3088 physicalDisplayWidth=1440 physicalDisplayHeight=3088 density={3.75} cutoutSpec={M 0,0 H -10 V 26.66666666666667 H 10 V 0 H 0 Z @dp} rotation={0} scale={1.0} physicalPixelDisplaySizeRatio={1.0}}} sideOverrides={}}, mRoundedCorners=RoundedCorners{[RoundedCorner{position=TopLeft, radius=15, center=Point(15, 15)}, RoundedCorner{position=TopRight, radius=15, center=Point(1425, 15)}, RoundedCorner{position=BottomRight, radius=15, center=Point(1425, 3073)}, RoundedCorner{position=BottomLeft, radius=15, center=Point(15, 3073)}]}  mRoundedCornerFrame=Rect(0, 0 - 1440, 3088), mPrivacyIndicatorBounds=PrivacyIndicatorBounds {static bounds=Rect(1275, 0 - 1440, 100) rotation=0}, mDisplayShape=DisplayShape{ spec=-311912193 displayWidth=1440 displayHeight=3088 physicalPixelDisplaySizeRatio=1.0 rotation=0 offsetX=0 offsetY=0 scale=1.0}, mSources= { InsetsSource: {b11d0001 mType=navigationBars mFrame=[0,3032][1440,3088] mVisible=true mFlags=SUPPRESS_SCRIM mSideHint=BOTTOM mBoundingRects=null}, InsetsSource: {b11d0004 mType=systemGestures mFrame=[0,0][84,3088] mVisible=true mFlags= mSideHint=LEFT mBoundingRects=null}, InsetsSource: {b11d0005 mType=mandatorySystemGestures mFrame=[0,2968][1440,3088] mVisible=true mFlags= mSideHint=BOTTOM mBoundingRects=null}, InsetsSource: {b11d0006 mType=tappableElement mFrame=[0,0][0,0] mVisible=true mFlags= mSideHint=NONE mBoundingRects=null}, InsetsSource: {b11d0024 mType=systemGestures mFrame=[1356,0][1440,3088] mVisible=true mFlags= mSideHint=RIGHT mBoundingRects=null}, InsetsSource: {ecac0000 mType=statusBars mFrame=[0,0][1440,100] mVisible=true mFlags= mSideHint=TOP mBoundingRects=null}, InsetsSource: {ecac0005 mType=mandatorySystemGestures mFrame=[0,0][1440,145] mVisible=true mFlags= mSideHint=TOP mBoundingRects=null}, InsetsSource: {ecac0006 mType=tappableElement mFrame=[0,0][1440,100] mVisible=true mFlags= mSideHint=TOP mBoundingRects=null}, InsetsSource: {3 mType=ime mFrame=[0,0][0,0] mVisible=false mFlags= mSideHint=NONE mBoundingRects=null}, InsetsSource: {27 mType=displayCutout mFrame=[0,0][1440,100] mVisible=true mFlags= mSideHint=TOP mBoundingRects=null} }
11-23 20:56:23.541  8444  8444 I VRI[MainActivity]@8e53a52: handleResized, frames=ClientWindowFrames{frame=[0,0][1440,3088] display=[0,0][1440,3088] parentFrame=[0,0][0,0]} displayId=0 dragResizing=false compatScale=1.0 frameChanged=false attachedFrameChanged=false configChanged=false displayChanged=false compatScaleChanged=false dragResizingChanged=false
11-23 20:56:23.573  8444  8444 I InsetsController: onStateChanged: host=dev.souschef.app/dev.souschef.app.MainActivity, from=android.view.ViewRootImpl.onInsetsStateChanged:3026, state=InsetsState: {mDisplayFrame=Rect(0, 0 - 1440, 3088), mDisplayCutout=DisplayCutout{insets=Rect(0, 100 - 0, 0) waterfall=Insets{left=0, top=0, right=0, bottom=0} boundingRect={Bounds=[Rect(0, 0 - 0, 0), Rect(683, 0 - 758, 100), Rect(0, 0 - 0, 0), Rect(0, 0 - 0, 0)]} cutoutPathParserInfo={CutoutPathParserInfo{displayWidth=1440 displayHeight=3088 physicalDisplayWidth=1440 physicalDisplayHeight=3088 density={3.75} cutoutSpec={M 0,0 H -10 V 26.66666666666667 H 10 V 0 H 0 Z @dp} rotation={0} scale={1.0} physicalPixelDisplaySizeRatio={1.0}}} sideOverrides={}}, mRoundedCorners=RoundedCorners{[RoundedCorner{position=TopLeft, radius=15, center=Point(15, 15)}, RoundedCorner{position=TopRight, radius=15, center=Point(1425, 15)}, RoundedCorner{position=BottomRight, radius=15, center=Point(1425, 3073)}, RoundedCorner{position=BottomLeft, radius=15, center=Point(15, 3073)}]}  mRoundedCornerFrame=Rect(0, 0 - 1440, 3088), mPrivacyIndicatorBounds=PrivacyIndicatorBounds {static bounds=Rect(1275, 0 - 1440, 100) rotation=0}, mDisplayShape=DisplayShape{ spec=-311912193 displayWidth=1440 displayHeight=3088 physicalPixelDisplaySizeRatio=1.0 rotation=0 offsetX=0 offsetY=0 scale=1.0}, mSources= { InsetsSource: {b11d0001 mType=navigationBars mFrame=[0,3032][1440,3088] mVisible=true mFlags=SUPPRESS_SCRIM mSideHint=BOTTOM mBoundingRects=null}, InsetsSource: {b11d0004 mType=systemGestures mFrame=[0,0][84,3088] mVisible=true mFlags= mSideHint=LEFT mBoundingRects=null}, InsetsSource: {b11d0005 mType=mandatorySystemGestures mFrame=[0,2968][1440,3088] mVisible=true mFlags= mSideHint=BOTTOM mBoundingRects=null}, InsetsSource: {b11d0006 mType=tappableElement mFrame=[0,0][0,0] mVisible=true mFlags= mSideHint=NONE mBoundingRects=null}, InsetsSource: {b11d0024 mType=systemGestures mFrame=[1356,0][1440,3088] mVisible=true mFlags= mSideHint=RIGHT mBoundingRects=null}, InsetsSource: {ecac0000 mType=statusBars mFrame=[0,0][1440,100] mVisible=true mFlags= mSideHint=TOP mBoundingRects=null}, InsetsSource: {ecac0005 mType=mandatorySystemGestures mFrame=[0,0][1440,145] mVisible=true mFlags= mSideHint=TOP mBoundingRects=null}, InsetsSource: {ecac0006 mType=tappableElement mFrame=[0,0][1440,100] mVisible=true mFlags= mSideHint=TOP mBoundingRects=null}, InsetsSource: {3 mType=ime mFrame=[0,2076][1440,3088] mVisible=true mFlags= mSideHint=BOTTOM mBoundingRects=null}, InsetsSource: {27 mType=displayCutout mFrame=[0,0][1440,100] mVisible=true mFlags= mSideHint=TOP mBoundingRects=null} }
11-23 20:56:23.573  8444  8444 I VRI[MainActivity]@8e53a52: handleResized, frames=ClientWindowFrames{frame=[0,0][1440,3088] display=[0,0][1440,3088] parentFrame=[0,0][0,0]} displayId=0 dragResizing=false compatScale=1.0 frameChanged=false attachedFrameChanged=false configChanged=false displayChanged=false compatScaleChanged=false dragResizingChanged=false
11-23 20:56:23.585  8444  8444 I InsetsController: onStateChanged: host=dev.souschef.app/dev.souschef.app.MainActivity, from=android.view.ViewRootImpl.onInsetsStateChanged:3026, state=InsetsState: {mDisplayFrame=Rect(0, 0 - 1440, 3088), mDisplayCutout=DisplayCutout{insets=Rect(0, 100 - 0, 0) waterfall=Insets{left=0, top=0, right=0, bottom=0} boundingRect={Bounds=[Rect(0, 0 - 0, 0), Rect(683, 0 - 758, 100), Rect(0, 0 - 0, 0), Rect(0, 0 - 0, 0)]} cutoutPathParserInfo={CutoutPathParserInfo{displayWidth=1440 displayHeight=3088 physicalDisplayWidth=1440 physicalDisplayHeight=3088 density={3.75} cutoutSpec={M 0,0 H -10 V 26.66666666666667 H 10 V 0 H 0 Z @dp} rotation={0} scale={1.0} physicalPixelDisplaySizeRatio={1.0}}} sideOverrides={}}, mRoundedCorners=RoundedCorners{[RoundedCorner{position=TopLeft, radius=15, center=Point(15, 15)}, RoundedCorner{position=TopRight, radius=15, center=Point(1425, 15)}, RoundedCorner{position=BottomRight, radius=15, center=Point(1425, 3073)}, RoundedCorner{position=BottomLeft, radius=15, center=Point(15, 3073)}]}  mRoundedCornerFrame=Rect(0, 0 - 1440, 3088), mPrivacyIndicatorBounds=PrivacyIndicatorBounds {static bounds=Rect(1275, 0 - 1440, 100) rotation=0}, mDisplayShape=DisplayShape{ spec=-311912193 displayWidth=1440 displayHeight=3088 physicalPixelDisplaySizeRatio=1.0 rotation=0 offsetX=0 offsetY=0 scale=1.0}, mSources= { InsetsSource: {b11d0001 mType=navigationBars mFrame=[0,3032][1440,3088] mVisible=true mFlags=SUPPRESS_SCRIM mSideHint=BOTTOM mBoundingRects=null}, InsetsSource: {b11d0004 mType=systemGestures mFrame=[0,0][84,3088] mVisible=true mFlags= mSideHint=LEFT mBoundingRects=null}, InsetsSource: {b11d0005 mType=mandatorySystemGestures mFrame=[0,2968][1440,3088] mVisible=true mFlags= mSideHint=BOTTOM mBoundingRects=null}, InsetsSource: {b11d0006 mType=tappableElement mFrame=[0,0][0,0] mVisible=true mFlags= mSideHint=NONE mBoundingRects=null}, InsetsSource: {b11d0024 mType=systemGestures mFrame=[1356,0][1440,3088] mVisible=true mFlags= mSideHint=RIGHT mBoundingRects=null}, InsetsSource: {ecac0000 mType=statusBars mFrame=[0,0][1440,100] mVisible=true mFlags= mSideHint=TOP mBoundingRects=null}, InsetsSource: {ecac0005 mType=mandatorySystemGestures mFrame=[0,0][1440,145] mVisible=true mFlags= mSideHint=TOP mBoundingRects=null}, InsetsSource: {ecac0006 mType=tappableElement mFrame=[0,0][1440,100] mVisible=true mFlags= mSideHint=TOP mBoundingRects=null}, InsetsSource: {3 mType=ime mFrame=[0,2076][1440,3088] mVisible=true mFlags= mSideHint=BOTTOM mBoundingRects=null}, InsetsSource: {27 mType=displayCutout mFrame=[0,0][1440,100] mVisible=true mFlags= mSideHint=TOP mBoundingRects=null} }
11-23 20:56:23.587  8444  8444 I InsetsController: controlAnimationUncheckedInner: Added types=ime, animType=0, host=dev.souschef.app/dev.souschef.app.MainActivity, from=android.view.InsetsController.controlAnimationUnchecked:1608 android.view.InsetsController.applyAnimation:2416 android.view.InsetsController.applyAnimation:2343 
11-23 20:56:23.592  8444  8444 I BLASTBufferQueue_Java: update, w= 1440 h= 3088 mName = VRI[MainActivity]@8e53a52 mNativeObject= 0xb400007adda683b0 sc.mNativeObject= 0xb400007b7da3c350 format= -1 caller= android.view.ViewRootImpl.updateBlastSurfaceIfNeeded:3574 android.view.ViewRootImpl.relayoutWindow:11685 android.view.ViewRootImpl.performTraversals:4804 android.view.ViewRootImpl.doTraversal:3924 android.view.ViewRootImpl$TraversalRunnable.run:12903 android.view.Choreographer$CallbackRecord.run:1901 
11-23 20:56:23.592  8444  8444 I VRI[MainActivity]@8e53a52: Relayout returned: old=(0,0,1440,3088) new=(0,0,1440,3088) relayoutAsync=true req=(1440,3088)0 dur=1 res=0x0 s={true 0xb400007beda57a40} ch=false seqId=0
11-23 20:56:23.599  8444  8444 I VRI[MainActivity]@8e53a52: registerCallbackForPendingTransactions
11-23 20:56:23.602  8444  8524 I VRI[MainActivity]@8e53a52: mWNT: t=0xb400007c8dd166d0 mBlastBufferQueue=0xb400007adda683b0 fn= 951 HdrRenderState mRenderHdrSdrRatio=1.0 caller= android.view.SyncRtSurfaceTransactionApplier.applyTransaction:100 android.view.SyncRtSurfaceTransactionApplier.lambda$scheduleApply$0:73 android.view.SyncRtSurfaceTransactionApplier.$r8$lambda$afI4fXg3U3-nBZQEDQMiNy-B06s:0 
11-23 20:56:23.602  8444  8524 I VRI[MainActivity]@8e53a52: mWNT: t=0xb400007c8dc73e50 mBlastBufferQueue=0xb400007adda683b0 fn= 951 HdrRenderState mRenderHdrSdrRatio=1.0 caller= android.view.ViewRootImpl$10.onFrameDraw:6536 android.view.ViewRootImpl$4.onFrameDraw:2489 android.view.ThreadedRenderer$1.onFrameDraw:718 
11-23 20:56:23.610  8444  8526 I VRI[MainActivity]@8e53a52: mWNT: t=0xb400007c8da87ed0 mBlastBufferQueue=0xb400007adda683b0 fn= 952 HdrRenderState mRenderHdrSdrRatio=1.0 caller= android.view.SyncRtSurfaceTransactionApplier.applyTransaction:100 android.view.SyncRtSurfaceTransactionApplier.lambda$scheduleApply$0:73 android.view.SyncRtSurfaceTransactionApplier.$r8$lambda$afI4fXg3U3-nBZQEDQMiNy-B06s:0 
11-23 20:56:23.619  8444  8524 I VRI[MainActivity]@8e53a52: mWNT: t=0xb400007c8dd05410 mBlastBufferQueue=0xb400007adda683b0 fn= 953 HdrRenderState mRenderHdrSdrRatio=1.0 caller= android.view.SyncRtSurfaceTransactionApplier.applyTransaction:100 android.view.SyncRtSurfaceTransactionApplier.lambda$scheduleApply$0:73 android.view.SyncRtSurfaceTransactionApplier.$r8$lambda$afI4fXg3U3-nBZQEDQMiNy-B06s:0 
11-23 20:56:23.627  8444  8526 I VRI[MainActivity]@8e53a52: mWNT: t=0xb400007c8dd41150 mBlastBufferQueue=0xb400007adda683b0 fn= 954 HdrRenderState mRenderHdrSdrRatio=1.0 caller= android.view.SyncRtSurfaceTransactionApplier.applyTransaction:100 android.view.SyncRtSurfaceTransactionApplier.lambda$scheduleApply$0:73 android.view.SyncRtSurfaceTransactionApplier.$r8$lambda$afI4fXg3U3-nBZQEDQMiNy-B06s:0 
11-23 20:56:23.638  8444  8524 I VRI[MainActivity]@8e53a52: mWNT: t=0xb400007c8dd44250 mBlastBufferQueue=0xb400007adda683b0 fn= 955 HdrRenderState mRenderHdrSdrRatio=1.0 caller= android.view.SyncRtSurfaceTransactionApplier.applyTransaction:100 android.view.SyncRtSurfaceTransactionApplier.lambda$scheduleApply$0:73 android.view.SyncRtSurfaceTransactionApplier.$r8$lambda$afI4fXg3U3-nBZQEDQMiNy-B06s:0 
11-23 20:56:23.647  8444  8526 I VRI[MainActivity]@8e53a52: mWNT: t=0xb400007c8dd87850 mBlastBufferQueue=0xb400007adda683b0 fn= 956 HdrRenderState mRenderHdrSdrRatio=1.0 caller= android.view.SyncRtSurfaceTransactionApplier.applyTransaction:100 android.view.SyncRtSurfaceTransactionApplier.lambda$scheduleApply$0:73 android.view.SyncRtSurfaceTransactionApplier.$r8$lambda$afI4fXg3U3-nBZQEDQMiNy-B06s:0 
11-23 20:56:23.653  8444  8524 I VRI[MainActivity]@8e53a52: mWNT: t=0xb400007c8dd882d0 mBlastBufferQueue=0xb400007adda683b0 fn= 957 HdrRenderState mRenderHdrSdrRatio=1.0 caller= android.view.SyncRtSurfaceTransactionApplier.applyTransaction:100 android.view.SyncRtSurfaceTransactionApplier.lambda$scheduleApply$0:73 android.view.SyncRtSurfaceTransactionApplier.$r8$lambda$afI4fXg3U3-nBZQEDQMiNy-B06s:0 
11-23 20:56:23.672  8444  8526 I VRI[MainActivity]@8e53a52: mWNT: t=0xb400007c8dd86f90 mBlastBufferQueue=0xb400007adda683b0 fn= 958 HdrRenderState mRenderHdrSdrRatio=1.0 caller= android.view.SyncRtSurfaceTransactionApplier.applyTransaction:100 android.view.SyncRtSurfaceTransactionApplier.lambda$scheduleApply$0:73 android.view.SyncRtSurfaceTransactionApplier.$r8$lambda$afI4fXg3U3-nBZQEDQMiNy-B06s:0 
11-23 20:56:23.677  8444  8524 I VRI[MainActivity]@8e53a52: mWNT: t=0xb400007c8daa7a50 mBlastBufferQueue=0xb400007adda683b0 fn= 959 HdrRenderState mRenderHdrSdrRatio=1.0 caller= android.view.SyncRtSurfaceTransactionApplier.applyTransaction:100 android.view.SyncRtSurfaceTransactionApplier.lambda$scheduleApply$0:73 android.view.SyncRtSurfaceTransactionApplier.$r8$lambda$afI4fXg3U3-nBZQEDQMiNy-B06s:0 
11-23 20:56:23.684  8444  8526 I VRI[MainActivity]@8e53a52: mWNT: t=0xb400007c8dd786d0 mBlastBufferQueue=0xb400007adda683b0 fn= 960 HdrRenderState mRenderHdrSdrRatio=1.0 caller= android.view.SyncRtSurfaceTransactionApplier.applyTransaction:100 android.view.SyncRtSurfaceTransactionApplier.lambda$scheduleApply$0:73 android.view.SyncRtSurfaceTransactionApplier.$r8$lambda$afI4fXg3U3-nBZQEDQMiNy-B06s:0 
11-23 20:56:23.694  8444  8524 I VRI[MainActivity]@8e53a52: mWNT: t=0xb400007c8db26850 mBlastBufferQueue=0xb400007adda683b0 fn= 961 HdrRenderState mRenderHdrSdrRatio=1.0 caller= android.view.SyncRtSurfaceTransactionApplier.applyTransaction:100 android.view.SyncRtSurfaceTransactionApplier.lambda$scheduleApply$0:73 android.view.SyncRtSurfaceTransactionApplier.$r8$lambda$afI4fXg3U3-nBZQEDQMiNy-B06s:0 
11-23 20:56:23.704  8444  8526 I VRI[MainActivity]@8e53a52: mWNT: t=0xb400007c8dd45050 mBlastBufferQueue=0xb400007adda683b0 fn= 962 HdrRenderState mRenderHdrSdrRatio=1.0 caller= android.view.SyncRtSurfaceTransactionApplier.applyTransaction:100 android.view.SyncRtSurfaceTransactionApplier.lambda$scheduleApply$0:73 android.view.SyncRtSurfaceTransactionApplier.$r8$lambda$afI4fXg3U3-nBZQEDQMiNy-B06s:0 
11-23 20:56:23.713  8444  8524 I VRI[MainActivity]@8e53a52: mWNT: t=0xb400007c8dd44950 mBlastBufferQueue=0xb400007adda683b0 fn= 963 HdrRenderState mRenderHdrSdrRatio=1.0 caller= android.view.SyncRtSurfaceTransactionApplier.applyTransaction:100 android.view.SyncRtSurfaceTransactionApplier.lambda$scheduleApply$0:73 android.view.SyncRtSurfaceTransactionApplier.$r8$lambda$afI4fXg3U3-nBZQEDQMiNy-B06s:0 
11-23 20:56:23.721  8444  8526 I VRI[MainActivity]@8e53a52: mWNT: t=0xb400007c8dd90450 mBlastBufferQueue=0xb400007adda683b0 fn= 964 HdrRenderState mRenderHdrSdrRatio=1.0 caller= android.view.SyncRtSurfaceTransactionApplier.applyTransaction:100 android.view.SyncRtSurfaceTransactionApplier.lambda$scheduleApply$0:73 android.view.SyncRtSurfaceTransactionApplier.$r8$lambda$afI4fXg3U3-nBZQEDQMiNy-B06s:0 
11-23 20:56:23.729  8444  8524 I VRI[MainActivity]@8e53a52: mWNT: t=0xb400007c8ddac290 mBlastBufferQueue=0xb400007adda683b0 fn= 965 HdrRenderState mRenderHdrSdrRatio=1.0 caller= android.view.SyncRtSurfaceTransactionApplier.applyTransaction:100 android.view.SyncRtSurfaceTransactionApplier.lambda$scheduleApply$0:73 android.view.SyncRtSurfaceTransactionApplier.$r8$lambda$afI4fXg3U3-nBZQEDQMiNy-B06s:0 
11-23 20:56:23.734  8444  8526 I VRI[MainActivity]@8e53a52: mWNT: t=0xb400007c8dda8e10 mBlastBufferQueue=0xb400007adda683b0 fn= 966 HdrRenderState mRenderHdrSdrRatio=1.0 caller= android.view.SyncRtSurfaceTransactionApplier.applyTransaction:100 android.view.SyncRtSurfaceTransactionApplier.lambda$scheduleApply$0:73 android.view.SyncRtSurfaceTransactionApplier.$r8$lambda$afI4fXg3U3-nBZQEDQMiNy-B06s:0 
11-23 20:56:23.747  8444  8524 I VRI[MainActivity]@8e53a52: mWNT: t=0xb400007c8dd24190 mBlastBufferQueue=0xb400007adda683b0 fn= 967 HdrRenderState mRenderHdrSdrRatio=1.0 caller= android.view.SyncRtSurfaceTransactionApplier.applyTransaction:100 android.view.SyncRtSurfaceTransactionApplier.lambda$scheduleApply$0:73 android.view.SyncRtSurfaceTransactionApplier.$r8$lambda$afI4fXg3U3-nBZQEDQMiNy-B06s:0 
11-23 20:56:23.752  8444  8526 I VRI[MainActivity]@8e53a52: mWNT: t=0xb400007c8dc48b10 mBlastBufferQueue=0xb400007adda683b0 fn= 968 HdrRenderState mRenderHdrSdrRatio=1.0 caller= android.view.SyncRtSurfaceTransactionApplier.applyTransaction:100 android.view.SyncRtSurfaceTransactionApplier.lambda$scheduleApply$0:73 android.view.SyncRtSurfaceTransactionApplier.$r8$lambda$afI4fXg3U3-nBZQEDQMiNy-B06s:0 
11-23 20:56:23.763  8444  8524 I VRI[MainActivity]@8e53a52: mWNT: t=0xb400007c8dc98f90 mBlastBufferQueue=0xb400007adda683b0 fn= 969 HdrRenderState mRenderHdrSdrRatio=1.0 caller= android.view.SyncRtSurfaceTransactionApplier.applyTransaction:100 android.view.SyncRtSurfaceTransactionApplier.lambda$scheduleApply$0:73 android.view.SyncRtSurfaceTransactionApplier.$r8$lambda$afI4fXg3U3-nBZQEDQMiNy-B06s:0 
11-23 20:56:23.769  8444  8526 I VRI[MainActivity]@8e53a52: mWNT: t=0xb400007c8dc787d0 mBlastBufferQueue=0xb400007adda683b0 fn= 970 HdrRenderState mRenderHdrSdrRatio=1.0 caller= android.view.SyncRtSurfaceTransactionApplier.applyTransaction:100 android.view.SyncRtSurfaceTransactionApplier.lambda$scheduleApply$0:73 android.view.SyncRtSurfaceTransactionApplier.$r8$lambda$afI4fXg3U3-nBZQEDQMiNy-B06s:0 
11-23 20:56:23.779  8444  8524 I VRI[MainActivity]@8e53a52: mWNT: t=0xb400007c8dc47450 mBlastBufferQueue=0xb400007adda683b0 fn= 971 HdrRenderState mRenderHdrSdrRatio=1.0 caller= android.view.SyncRtSurfaceTransactionApplier.applyTransaction:100 android.view.SyncRtSurfaceTransactionApplier.lambda$scheduleApply$0:73 android.view.SyncRtSurfaceTransactionApplier.$r8$lambda$afI4fXg3U3-nBZQEDQMiNy-B06s:0 
11-23 20:56:23.790  8444  8526 I VRI[MainActivity]@8e53a52: mWNT: t=0xb400007c8dc72cd0 mBlastBufferQueue=0xb400007adda683b0 fn= 972 HdrRenderState mRenderHdrSdrRatio=1.0 caller= android.view.SyncRtSurfaceTransactionApplier.applyTransaction:100 android.view.SyncRtSurfaceTransactionApplier.lambda$scheduleApply$0:73 android.view.SyncRtSurfaceTransactionApplier.$r8$lambda$afI4fXg3U3-nBZQEDQMiNy-B06s:0 
11-23 20:56:23.793  8444  8524 I VRI[MainActivity]@8e53a52: mWNT: t=0xb400007c8dc48e90 mBlastBufferQueue=0xb400007adda683b0 fn= 973 HdrRenderState mRenderHdrSdrRatio=1.0 caller= android.view.SyncRtSurfaceTransactionApplier.applyTransaction:100 android.view.SyncRtSurfaceTransactionApplier.lambda$scheduleApply$0:73 android.view.SyncRtSurfaceTransactionApplier.$r8$lambda$afI4fXg3U3-nBZQEDQMiNy-B06s:0 
11-23 20:56:23.806  8444  8526 I VRI[MainActivity]@8e53a52: mWNT: t=0xb400007c8dd3c0d0 mBlastBufferQueue=0xb400007adda683b0 fn= 974 HdrRenderState mRenderHdrSdrRatio=1.0 caller= android.view.SyncRtSurfaceTransactionApplier.applyTransaction:100 android.view.SyncRtSurfaceTransactionApplier.lambda$scheduleApply$0:73 android.view.SyncRtSurfaceTransactionApplier.$r8$lambda$afI4fXg3U3-nBZQEDQMiNy-B06s:0 
11-23 20:56:23.819  8444  8524 I VRI[MainActivity]@8e53a52: mWNT: t=0xb400007c8dda5610 mBlastBufferQueue=0xb400007adda683b0 fn= 975 HdrRenderState mRenderHdrSdrRatio=1.0 caller= android.view.SyncRtSurfaceTransactionApplier.applyTransaction:100 android.view.SyncRtSurfaceTransactionApplier.lambda$scheduleApply$0:73 android.view.SyncRtSurfaceTransactionApplier.$r8$lambda$afI4fXg3U3-nBZQEDQMiNy-B06s:0 
11-23 20:56:23.824  8444  8526 I VRI[MainActivity]@8e53a52: mWNT: t=0xb400007c8dda50d0 mBlastBufferQueue=0xb400007adda683b0 fn= 976 HdrRenderState mRenderHdrSdrRatio=1.0 caller= android.view.SyncRtSurfaceTransactionApplier.applyTransaction:100 android.view.SyncRtSurfaceTransactionApplier.lambda$scheduleApply$0:73 android.view.SyncRtSurfaceTransactionApplier.$r8$lambda$afI4fXg3U3-nBZQEDQMiNy-B06s:0 
11-23 20:56:23.829  8444  8524 I VRI[MainActivity]@8e53a52: mWNT: t=0xb400007c8dda18d0 mBlastBufferQueue=0xb400007adda683b0 fn= 977 HdrRenderState mRenderHdrSdrRatio=1.0 caller= android.view.SyncRtSurfaceTransactionApplier.applyTransaction:100 android.view.SyncRtSurfaceTransactionApplier.lambda$scheduleApply$0:73 android.view.SyncRtSurfaceTransactionApplier.$r8$lambda$afI4fXg3U3-nBZQEDQMiNy-B06s:0 
11-23 20:56:23.837  8444  8526 I VRI[MainActivity]@8e53a52: mWNT: t=0xb400007c8dda2dd0 mBlastBufferQueue=0xb400007adda683b0 fn= 978 HdrRenderState mRenderHdrSdrRatio=1.0 caller= android.view.SyncRtSurfaceTransactionApplier.applyTransaction:100 android.view.SyncRtSurfaceTransactionApplier.lambda$scheduleApply$0:73 android.view.SyncRtSurfaceTransactionApplier.$r8$lambda$afI4fXg3U3-nBZQEDQMiNy-B06s:0 
11-23 20:56:23.841  8444  8489 I DetoxWSClient: Sending out action 'invokeResult' (ID #50)
11-23 20:56:23.841  8444  8489 I DetoxDispatcher: Done with action 'invoke'
11-23 20:56:23.843  8444  9255 I ReactNativeJS: 💾 Cache: Persisted cache (14 KB)
11-23 20:56:23.843  8444  8524 I VRI[MainActivity]@8e53a52: mWNT: t=0xb400007c8dda1390 mBlastBufferQueue=0xb400007adda683b0 fn= 979 HdrRenderState mRenderHdrSdrRatio=1.0 caller= android.view.SyncRtSurfaceTransactionApplier.applyTransaction:100 android.view.SyncRtSurfaceTransactionApplier.lambda$scheduleApply$0:73 android.view.SyncRtSurfaceTransactionApplier.$r8$lambda$afI4fXg3U3-nBZQEDQMiNy-B06s:0 
11-23 20:56:23.853  8444  8526 I VRI[MainActivity]@8e53a52: mWNT: t=0xb400007c8db2ba90 mBlastBufferQueue=0xb400007adda683b0 fn= 980 HdrRenderState mRenderHdrSdrRatio=1.0 caller= android.view.SyncRtSurfaceTransactionApplier.applyTransaction:100 android.view.SyncRtSurfaceTransactionApplier.lambda$scheduleApply$0:73 android.view.SyncRtSurfaceTransactionApplier.$r8$lambda$afI4fXg3U3-nBZQEDQMiNy-B06s:0 
11-23 20:56:23.862  8444  8524 I VRI[MainActivity]@8e53a52: mWNT: t=0xb400007c8dbb6ad0 mBlastBufferQueue=0xb400007adda683b0 fn= 981 HdrRenderState mRenderHdrSdrRatio=1.0 caller= android.view.SyncRtSurfaceTransactionApplier.applyTransaction:100 android.view.SyncRtSurfaceTransactionApplier.lambda$scheduleApply$0:73 android.view.SyncRtSurfaceTransactionApplier.$r8$lambda$afI4fXg3U3-nBZQEDQMiNy-B06s:0 
11-23 20:56:23.873  8444  8526 I VRI[MainActivity]@8e53a52: mWNT: t=0xb400007c8dbae5d0 mBlastBufferQueue=0xb400007adda683b0 fn= 982 HdrRenderState mRenderHdrSdrRatio=1.0 caller= android.view.SyncRtSurfaceTransactionApplier.applyTransaction:100 android.view.SyncRtSurfaceTransactionApplier.lambda$scheduleApply$0:73 android.view.SyncRtSurfaceTransactionApplier.$r8$lambda$afI4fXg3U3-nBZQEDQMiNy-B06s:0 
11-23 20:56:23.886  8444  8524 I VRI[MainActivity]@8e53a52: mWNT: t=0xb400007c8dbe6e90 mBlastBufferQueue=0xb400007adda683b0 fn= 983 HdrRenderState mRenderHdrSdrRatio=1.0 caller= android.view.SyncRtSurfaceTransactionApplier.applyTransaction:100 android.view.SyncRtSurfaceTransactionApplier.lambda$scheduleApply$0:73 android.view.SyncRtSurfaceTransactionApplier.$r8$lambda$afI4fXg3U3-nBZQEDQMiNy-B06s:0 
11-23 20:56:23.897  8444  8526 I VRI[MainActivity]@8e53a52: mWNT: t=0xb400007c8dbf8690 mBlastBufferQueue=0xb400007adda683b0 fn= 984 HdrRenderState mRenderHdrSdrRatio=1.0 caller= android.view.SyncRtSurfaceTransactionApplier.applyTransaction:100 android.view.SyncRtSurfaceTransactionApplier.lambda$scheduleApply$0:73 android.view.SyncRtSurfaceTransactionApplier.$r8$lambda$afI4fXg3U3-nBZQEDQMiNy-B06s:0 
11-23 20:56:23.905  8444  8524 I VRI[MainActivity]@8e53a52: mWNT: t=0xb400007c8dc17250 mBlastBufferQueue=0xb400007adda683b0 fn= 985 HdrRenderState mRenderHdrSdrRatio=1.0 caller= android.view.SyncRtSurfaceTransactionApplier.applyTransaction:100 android.view.SyncRtSurfaceTransactionApplier.lambda$scheduleApply$0:73 android.view.SyncRtSurfaceTransactionApplier.$r8$lambda$afI4fXg3U3-nBZQEDQMiNy-B06s:0 
11-23 20:56:23.912  8444  8526 I VRI[MainActivity]@8e53a52: mWNT: t=0xb400007c8da87ed0 mBlastBufferQueue=0xb400007adda683b0 fn= 986 HdrRenderState mRenderHdrSdrRatio=1.0 caller= android.view.SyncRtSurfaceTransactionApplier.applyTransaction:100 android.view.SyncRtSurfaceTransactionApplier.lambda$scheduleApply$0:73 android.view.SyncRtSurfaceTransactionApplier.$r8$lambda$afI4fXg3U3-nBZQEDQMiNy-B06s:0 
11-23 20:56:23.916  8444  8524 I VRI[MainActivity]@8e53a52: mWNT: t=0xb400007c8dac6ed0 mBlastBufferQueue=0xb400007adda683b0 fn= 987 HdrRenderState mRenderHdrSdrRatio=1.0 caller= android.view.SyncRtSurfaceTransactionApplier.applyTransaction:100 android.view.SyncRtSurfaceTransactionApplier.lambda$scheduleApply$0:73 android.view.SyncRtSurfaceTransactionApplier.$r8$lambda$afI4fXg3U3-nBZQEDQMiNy-B06s:0 
11-23 20:56:23.923  8444  8526 I VRI[MainActivity]@8e53a52: mWNT: t=0xb400007c8dbcacd0 mBlastBufferQueue=0xb400007adda683b0 fn= 988 HdrRenderState mRenderHdrSdrRatio=1.0 caller= android.view.SyncRtSurfaceTransactionApplier.applyTransaction:100 android.view.SyncRtSurfaceTransactionApplier.lambda$scheduleApply$0:73 android.view.SyncRtSurfaceTransactionApplier.$r8$lambda$afI4fXg3U3-nBZQEDQMiNy-B06s:0 
11-23 20:56:23.931  8444  8524 I VRI[MainActivity]@8e53a52: mWNT: t=0xb400007c8dbdc850 mBlastBufferQueue=0xb400007adda683b0 fn= 989 HdrRenderState mRenderHdrSdrRatio=1.0 caller= android.view.SyncRtSurfaceTransactionApplier.applyTransaction:100 android.view.SyncRtSurfaceTransactionApplier.lambda$scheduleApply$0:73 android.view.SyncRtSurfaceTransactionApplier.$r8$lambda$afI4fXg3U3-nBZQEDQMiNy-B06s:0 
11-23 20:56:23.941  8444  8526 I VRI[MainActivity]@8e53a52: mWNT: t=0xb400007c8db76410 mBlastBufferQueue=0xb400007adda683b0 fn= 990 HdrRenderState mRenderHdrSdrRatio=1.0 caller= android.view.SyncRtSurfaceTransactionApplier.applyTransaction:100 android.view.SyncRtSurfaceTransactionApplier.lambda$scheduleApply$0:73 android.view.SyncRtSurfaceTransactionApplier.$r8$lambda$afI4fXg3U3-nBZQEDQMiNy-B06s:0 
11-23 20:56:23.945  8444  8524 I VRI[MainActivity]@8e53a52: mWNT: t=0xb400007c8dbb9150 mBlastBufferQueue=0xb400007adda683b0 fn= 991 HdrRenderState mRenderHdrSdrRatio=1.0 caller= android.view.SyncRtSurfaceTransactionApplier.applyTransaction:100 android.view.SyncRtSurfaceTransactionApplier.lambda$scheduleApply$0:73 android.view.SyncRtSurfaceTransactionApplier.$r8$lambda$afI4fXg3U3-nBZQEDQMiNy-B06s:0 
11-23 20:56:23.947  8444  8444 I InsetsController: cancelAnimation: types=ime, animType=0, host=dev.souschef.app/dev.souschef.app.MainActivity, from=android.view.InsetsController.notifyFinished:2006 android.view.InsetsAnimationControlImpl.applyChangeInsets:335 android.view.InsetsController.lambda$new$3:957 
11-23 20:56:23.947  8444  8444 I ImeTracker: dev.souschef.app:a0f54636: onShown
11-23 20:56:23.954  8444  8526 I VRI[MainActivity]@8e53a52: mWNT: t=0xb400007c8db84090 mBlastBufferQueue=0xb400007adda683b0 fn= 992 HdrRenderState mRenderHdrSdrRatio=1.0 caller= android.view.SyncRtSurfaceTransactionApplier.applyTransaction:100 android.view.SyncRtSurfaceTransactionApplier.lambda$scheduleApply$0:73 android.view.SyncRtSurfaceTransactionApplier.$r8$lambda$afI4fXg3U3-nBZQEDQMiNy-B06s:0 
11-23 20:56:24.050  8444  8495 D DetoxWSClient: Received action 'invoke' (ID #51, params={"target":{"type":"Class","value":"com.wix.detox.espresso.EspressoDetox"},"method":"perform","args":[{"type":"Invocation","value":{"target":{"type":"Class","value":"com.wix.detox.espresso.DetoxMatcher"},"method":"matcherForTestId","args":["add-pantry-item-quantity-input",{"type":"boolean","value":false}]}},{"type":"Invocation","value":{"target":{"type":"Class","value":"androidx.test.espresso.action.ViewActions"},"method":"clearText","args":[]}}]})
11-23 20:56:24.050  8444  8489 I DetoxDispatcher: Handling action 'invoke' (ID #51)...
11-23 20:56:24.051  8444  8489 D Detox   : class com.wix.detox.espresso.DetoxMatcher, matcherForTestId, [add-pantry-item-quantity-input, false]
11-23 20:56:24.053  8444  8489 D Detox   : class androidx.test.espresso.action.ViewActions, clearText, []
11-23 20:56:24.053  8444  8489 D Detox   : class com.wix.detox.espresso.EspressoDetox, perform, [(view.getTag() is "add-pantry-item-quantity-input" and view has effective visibility <VISIBLE>), androidx.test.espresso.action.ReplaceTextAction@33bc99d]
11-23 20:56:24.058  8444  8444 I ViewInteraction: Performing 'replace text()' action on view (view.getTag() is "add-pantry-item-quantity-input" and view has effective visibility <VISIBLE>)
11-23 20:56:24.070  8444  8444 I InputMethodManager: invalidateInput: scheduleInvalidateInput isRestartingfalse
11-23 20:56:24.071  8444  8489 I DetoxWSClient: Sending out action 'invokeResult' (ID #51)
11-23 20:56:24.071  8444  8489 I DetoxDispatcher: Done with action 'invoke'
11-23 20:56:24.076  8444  8495 D DetoxWSClient: Received action 'invoke' (ID #52, params={"target":{"type":"Class","value":"com.wix.detox.espresso.EspressoDetox"},"method":"perform","args":[{"type":"Invocation","value":{"target":{"type":"Class","value":"com.wix.detox.espresso.DetoxMatcher"},"method":"matcherForTestId","args":["add-pantry-item-quantity-input",{"type":"boolean","value":false}]}},{"type":"Invocation","value":{"target":{"type":"Class","value":"com.wix.detox.espresso.DetoxViewActions"},"method":"typeText","args":["1"]}}]})
11-23 20:56:24.077  8444  8489 I DetoxDispatcher: Handling action 'invoke' (ID #52)...
11-23 20:56:24.077  8444  8489 D Detox   : class com.wix.detox.espresso.DetoxMatcher, matcherForTestId, [add-pantry-item-quantity-input, false]
11-23 20:56:24.078  8444  8489 D Detox   : class com.wix.detox.espresso.DetoxViewActions, typeText, [1]
11-23 20:56:24.078  8444  8489 D Detox   : class com.wix.detox.espresso.EspressoDetox, perform, [(view.getTag() is "add-pantry-item-quantity-input" and view has effective visibility <VISIBLE>), com.wix.detox.espresso.action.DetoxTypeTextAction@d025b]
11-23 20:56:24.080  8444  8444 D InputMethodManagerUtils: doInvalidateInput - Id : 0
11-23 20:56:24.083  8444  8444 I ViewInteraction: Performing 'Click to focus & type text (1)' action on view (view.getTag() is "add-pantry-item-quantity-input" and view has effective visibility <VISIBLE>)
11-23 20:56:24.094  8444  8444 I VRI[MainActivity]@8e53a52: ViewPostIme pointer 0
11-23 20:56:24.122  8444  8444 I VRI[MainActivity]@8e53a52: ViewPostIme pointer 1
11-23 20:56:24.131  8444  8444 I AutofillManager: showAutofillDialog() return false due to improve fill dialog
11-23 20:56:24.131  8444  8444 I InputMethodManager_LC: showSoftInput(View,I)
11-23 20:56:24.131  8444  8444 I ImeTracker: dev.souschef.app:a146d64c: onRequestShow at ORIGIN_CLIENT reason SHOW_SOFT_INPUT fromUser true
11-23 20:56:24.132  8444  8444 I InputMethodManager_LC: ssi(): flags=0 view=dev.souschef.app reason=SHOW_SOFT_INPUT
11-23 20:56:24.132  8444  8444 D InsetsController: show(ime(), fromIme=false)
11-23 20:56:24.133  8444  8444 I ImeTracker: dev.souschef.app:a146d64c: onCancelled at PHASE_CLIENT_APPLY_ANIMATION
11-23 20:56:24.224  8444  8444 D TextView: defaultIME is not com.samsung.android.honeyboard/.service.HoneyBoardService
11-23 20:56:24.267  8444  8444 I WindowManager: WindowManagerGlobal#addView, ty=1005, view=android.widget.PopupWindow$PopupDecorView{b9245ea V.E...... R.....I. 0,0-0,0}, caller=android.view.WindowManagerImpl.addView:158 android.widget.PopupWindow.invokePopup:1692 android.widget.PopupWindow.showAtLocation:1418 
11-23 20:56:24.267  8444  8444 D ViewRootImpl: desktopMode is false
11-23 20:56:24.268  8444  8444 I ViewRootImpl: dVRR is disabled
11-23 20:56:24.270  8444  8506 D NativeCustomFrequencyManager: [NativeCFMS] BpCustomFrequencyManager::BpCustomFrequencyManager()
11-23 20:56:24.286  8444  8444 D InputTransport: Input channel constructed: 'a19d1d6', fd=291
11-23 20:56:24.288  8444  8444 I InsetsController: onStateChanged: host=PopupWindow:57509d5, from=android.view.ViewRootImpl.onInsetsStateChanged:3026, state=InsetsState: {mDisplayFrame=Rect(0, 0 - 1440, 3088), mDisplayCutout=DisplayCutout{insets=Rect(0, 100 - 0, 0) waterfall=Insets{left=0, top=0, right=0, bottom=0} boundingRect={Bounds=[Rect(0, 0 - 0, 0), Rect(683, 0 - 758, 100), Rect(0, 0 - 0, 0), Rect(0, 0 - 0, 0)]} cutoutPathParserInfo={CutoutPathParserInfo{displayWidth=1440 displayHeight=3088 physicalDisplayWidth=1440 physicalDisplayHeight=3088 density={3.75} cutoutSpec={M 0,0 H -10 V 26.66666666666667 H 10 V 0 H 0 Z @dp} rotation={0} scale={1.0} physicalPixelDisplaySizeRatio={1.0}}} sideOverrides={}}, mRoundedCorners=RoundedCorners{[RoundedCorner{position=TopLeft, radius=15, center=Point(15, 15)}, RoundedCorner{position=TopRight, radius=15, center=Point(1425, 15)}, RoundedCorner{position=BottomRight, radius=15, center=Point(1425, 3073)}, RoundedCorner{position=BottomLeft, radius=15, center=Point(15, 3073)}]}  mRoundedCornerFrame=Rect(0, 0 - 1440, 3088), mPrivacyIndicatorBounds=PrivacyIndicatorBounds {static bounds=Rect(1275, 0 - 1440, 100) rotation=0}, mDisplayShape=DisplayShape{ spec=-311912193 displayWidth=1440 displayHeight=3088 physicalPixelDisplaySizeRatio=1.0 rotation=0 offsetX=0 offsetY=0 scale=1.0}, mSources= { InsetsSource: {b11d0001 mType=navigationBars mFrame=[0,3032][1440,3088] mVisible=true mFlags=SUPPRESS_SCRIM mSideHint=BOTTOM mBoundingRects=null}, InsetsSource: {b11d0004 mType=systemGestures mFrame=[0,0][84,3088] mVisible=true mFlags= mSideHint=LEFT mBoundingRects=null}, InsetsSource: {b11d0005 mType=mandatorySystemGestures mFrame=[0,2968][1440,3088] mVisible=true mFlags= mSideHint=BOTTOM mBoundingRects=null}, InsetsSource: {b11d0006 mType=tappableElement mFrame=[0,0][0,0] mVisible=true mFlags= mSideHint=NONE mBoundingRects=null}, InsetsSource: {b11d0024 mType=systemGestures mFrame=[1356,0][1440,3088] mVisible=true mFlags= mSideHint=RIGHT mBoundingRects=null}, InsetsSource: {ecac0000 mType=statusBars mFrame=[0,0][1440,100] mVisible=true mFlags= mSideHint=TOP mBoundingRects=null}, InsetsSource: {ecac0005 mType=mandatorySystemGestures mFrame=[0,0][1440,145] mVisible=true mFlags= mSideHint=TOP mBoundingRects=null}, InsetsSource: {ecac0006 mType=tappableElement mFrame=[0,0][1440,100] mVisible=true mFlags= mSideHint=TOP mBoundingRects=null}, InsetsSource: {27 mType=displayCutout mFrame=[0,0][1440,100] mVisible=true mFlags= mSideHint=TOP mBoundingRects=null} }
11-23 20:56:24.289  8444  8444 I VRI[PopupWindow:57509d5]@b9140db: synced displayState. AttachInfo displayState=2
11-23 20:56:24.294  8444  8444 I VRI[PopupWindow:57509d5]@b9140db: setView = android.widget.PopupWindow$PopupDecorView@b9245ea IsHRR=false mFlingFrameRateChange=0 TM=true
11-23 20:56:24.313  8444  8444 W WindowOnBackDispatcher: sendCancelIfRunning: isInProgress=false callback=android.widget.Editor$$ExternalSyntheticLambda0@b46d6b6
11-23 20:56:24.321  8444  8444 I ImeTracker: dev.souschef.app:9572f3af: onRequestHide at ORIGIN_CLIENT reason HIDE_SOFT_INPUT fromUser false
11-23 20:56:24.321  8444  8444 I InputMethodManager_LC: hsifw() - flag : 0
11-23 20:56:24.321  8444  8449 I ev.souschef.app: Background concurrent mark compact GC freed 23MB AllocSpace bytes, 31(3404KB) LOS objects, 66% free, 16MB/48MB, paused 1.594ms,4.818ms total 112.246ms
11-23 20:56:24.321  8444  8444 I InputMethodManager_LC: hsifw() - mService.hideSoftInput
11-23 20:56:24.321  8444  8444 D InsetsController: hide(ime(), fromIme=false)
11-23 20:56:24.322  8444  8444 W WindowOnBackDispatcher: sendCancelIfRunning: isInProgress=false callback=android.view.ImeBackAnimationController@b720f9a
11-23 20:56:24.324  8444  8444 D InsetsController: Setting requestedVisibleTypes to -9 (was -1)
11-23 20:56:24.325  8444  8444 I InsetsController: setRequestedVisibleTypes: visible=false, mask=ime, host=dev.souschef.app/dev.souschef.app.MainActivity, from=android.view.InsetsController.controlAnimationUnchecked:1604 android.view.InsetsController.applyAnimation:2416 android.view.InsetsController.applyAnimation:2343 android.view.InsetsController.hide:1540 android.view.inputmethod.InputMethodManager.hideSoftInputFromWindow:2889 android.view.inputmethod.InputMethodManager.hideSoftInputFromWindow:2812 android.view.inputmethod.InputMethodManager.hideSoftInputFromWindow:2773 com.facebook.react.views.textinput.ReactEditText.hideSoftKeyboard:865 com.facebook.react.views.textinput.ReactEditText.clearFocusAndMaybeRefocus$ReactAndroid_debug:388 com.facebook.react.views.textinput.ReactEditText.clearFocusFromJS$ReactAndroid_debug:392 
11-23 20:56:24.326  8444  8444 I InsetsController: controlAnimationUncheckedInner: Added types=ime, animType=1, host=dev.souschef.app/dev.souschef.app.MainActivity, from=android.view.InsetsController.controlAnimationUnchecked:1608 android.view.InsetsController.applyAnimation:2416 android.view.InsetsController.applyAnimation:2343 
11-23 20:56:24.327  8444  8450 D InputTransport: Input channel destroyed: 'ClientS', fd=162
11-23 20:56:24.330  8444  8450 D InputTransport: Input channel destroyed: 'ClientS', fd=197
11-23 20:56:24.336  8444  8450 D InputTransport: Input channel destroyed: 'ClientS', fd=203
11-23 20:56:24.336  8444  8444 I ImeTracker: dev.souschef.app:b460e4dc: onRequestHide at ORIGIN_CLIENT reason HIDE_SOFT_INPUT_CLOSE_CURRENT_SESSION fromUser false
11-23 20:56:24.336  8444  8444 D InsetsController: hide(ime(), fromIme=false)
11-23 20:56:24.336  8444  8450 D InputTransport: Input channel destroyed: 'ClientS', fd=200
11-23 20:56:24.337  8444  8444 I ImeTracker: dev.souschef.app:b460e4dc: onCancelled at PHASE_CLIENT_ALREADY_HIDDEN
11-23 20:56:24.375  8444  8444 I BLASTBufferQueue_Java: update, w= 1440 h= 3088 mName = VRI[MainActivity]@8e53a52 mNativeObject= 0xb400007adda683b0 sc.mNativeObject= 0xb400007b7da3c350 format= -1 caller= android.view.ViewRootImpl.updateBlastSurfaceIfNeeded:3574 android.view.ViewRootImpl.relayoutWindow:11685 android.view.ViewRootImpl.performTraversals:4804 android.view.ViewRootImpl.doTraversal:3924 android.view.ViewRootImpl$TraversalRunnable.run:12903 android.view.Choreographer$CallbackRecord.run:1901 
11-23 20:56:24.375  8444  8444 I VRI[MainActivity]@8e53a52: Relayout returned: old=(0,0,1440,3088) new=(0,0,1440,3088) relayoutAsync=true req=(1440,3088)0 dur=0 res=0x0 s={true 0xb400007beda57a40} ch=false seqId=0
11-23 20:56:24.379  8444  8444 I VRI[MainActivity]@8e53a52: registerCallbackForPendingTransactions
11-23 20:56:24.385  8444  8524 I VRI[MainActivity]@8e53a52: mWNT: t=0xb400007c8da70310 mBlastBufferQueue=0xb400007adda683b0 fn= 995 HdrRenderState mRenderHdrSdrRatio=1.0 caller= android.view.SyncRtSurfaceTransactionApplier.applyTransaction:100 android.view.SyncRtSurfaceTransactionApplier.lambda$scheduleApply$0:73 android.view.SyncRtSurfaceTransactionApplier.$r8$lambda$afI4fXg3U3-nBZQEDQMiNy-B06s:0 
11-23 20:56:24.385  8444  8524 I VRI[MainActivity]@8e53a52: mWNT: t=0xb400007c8db1bb10 mBlastBufferQueue=0xb400007adda683b0 fn= 995 HdrRenderState mRenderHdrSdrRatio=1.0 caller= android.view.ViewRootImpl$10.onFrameDraw:6536 android.view.ViewRootImpl$4.onFrameDraw:2489 android.view.ThreadedRenderer$1.onFrameDraw:718 
11-23 20:56:24.402  8444  8444 W libc    : Access denied finding property "vendor.display.enable_optimal_refresh_rate"
11-23 20:56:24.402  8444  8444 I BufferQueueProducer: [](id:20fc00000007,api:0,p:499854192,c:8444) setDequeueTimeout:2077252342
11-23 20:56:24.403  8444  8444 I BLASTBufferQueue_Java: new BLASTBufferQueue, mName= VRI[PopupWindow:57509d5]@b9140db mNativeObject= 0xb400007addd55250 caller= android.view.ViewRootImpl.updateBlastSurfaceIfNeeded:3585 android.view.ViewRootImpl.relayoutWindow:11685 android.view.ViewRootImpl.performTraversals:4804 android.view.ViewRootImpl.doTraversal:3924 android.view.ViewRootImpl$TraversalRunnable.run:12903 android.view.Choreographer$CallbackRecord.run:1901 android.view.Choreographer$CallbackRecord.run:1910 android.view.Choreographer.doCallbacks:1367 android.view.Choreographer.doFrame:1292 android.view.Choreographer$FrameDisplayEventReceiver.run:1870 
11-23 20:56:24.403  8444  8444 I BLASTBufferQueue_Java: update, w= 567 h= 240 mName = VRI[PopupWindow:57509d5]@b9140db mNativeObject= 0xb400007addd55250 sc.mNativeObject= 0xb400007b7daf6ad0 format= -2 caller= android.view.ViewRootImpl.updateBlastSurfaceIfNeeded:3590 android.view.ViewRootImpl.relayoutWindow:11685 android.view.ViewRootImpl.performTraversals:4804 android.view.ViewRootImpl.doTraversal:3924 android.view.ViewRootImpl$TraversalRunnable.run:12903 android.view.Choreographer$CallbackRecord.run:1901 
11-23 20:56:24.404  8444  8444 W libc    : Access denied finding property "vendor.display.enable_optimal_refresh_rate"
11-23 20:56:24.406  8444  8444 I VRI[PopupWindow:57509d5]@b9140db: Relayout returned: old=(0,1431,567,1671) new=(0,1431,567,1671) relayoutAsync=false req=(567,240)0 dur=12 res=0x3 s={true 0xb400007bedde1b80} ch=true seqId=0
11-23 20:56:24.407  8444  8444 I VRI[PopupWindow:57509d5]@b9140db: performConfigurationChange setNightDimText nightDimLevel=0
11-23 20:56:24.408  8444  8444 D VRI[PopupWindow:57509d5]@b9140db: mThreadedRenderer.initialize() mSurface={isValid=true 0xb400007bedde1b80} hwInitialized=true
11-23 20:56:24.414  8444  8444 D VRI[PopupWindow:57509d5]@b9140db: reportNextDraw android.view.ViewRootImpl.performTraversals:5443 android.view.ViewRootImpl.doTraversal:3924 android.view.ViewRootImpl$TraversalRunnable.run:12903 android.view.Choreographer$CallbackRecord.run:1901 android.view.Choreographer$CallbackRecord.run:1910 
11-23 20:56:24.415  8444  8444 D VRI[PopupWindow:57509d5]@b9140db: Setup new sync=wmsSync-VRI[PopupWindow:57509d5]@b9140db#24
11-23 20:56:24.415  8444  8444 I VRI[PopupWindow:57509d5]@b9140db: Creating new active sync group VRI[PopupWindow:57509d5]@b9140db#25
11-23 20:56:24.416  8444  8444 D VRI[PopupWindow:57509d5]@b9140db: registerCallbacksForSync syncBuffer=false
11-23 20:56:24.422  8444  8526 D VRI[PopupWindow:57509d5]@b9140db: Received frameDrawingCallback syncResult=0 frameNum=1.
11-23 20:56:24.423  8444  8526 I VRI[PopupWindow:57509d5]@b9140db: mWNT: t=0xb400007c8dbe4f10 mBlastBufferQueue=0xb400007addd55250 fn= 1 HdrRenderState mRenderHdrSdrRatio=1.0 caller= android.view.ViewRootImpl$12.onFrameDraw:15441 android.view.ThreadedRenderer$1.onFrameDraw:718 <bottom of call stack> 
11-23 20:56:24.423  8444  8526 I VRI[PopupWindow:57509d5]@b9140db: Setting up sync and frameCommitCallback
11-23 20:56:24.423  8444  8506 I BLASTBufferQueue: [VRI[PopupWindow:57509d5]@b9140db#7](f:0,a:0,s:0) onFrameAvailable the first frame is available
11-23 20:56:24.424  8444  8506 I SurfaceComposerClient: apply transaction with the first frame. layerId: 57761, bufferData(ID: 36266703847455, frameNumber: 1)
11-23 20:56:24.424  8444  8506 I VRI[PopupWindow:57509d5]@b9140db: Received frameCommittedCallback lastAttemptedDrawFrameNum=1 didProduceBuffer=true
11-23 20:56:24.425  8444  8506 D HWUI    : CFMS:: SetUp Pid : 8444    Tid : 8506
11-23 20:56:24.425  8444  8444 D VRI[PopupWindow:57509d5]@b9140db: reportDrawFinished seqId=0
11-23 20:56:24.428  8444  8506 D HWUI    : HWUI - treat SMPTE_170M as sRGB
11-23 20:56:24.466  8444  8524 I VRI[MainActivity]@8e53a52: mWNT: t=0xb400007c8dbfff50 mBlastBufferQueue=0xb400007adda683b0 fn= 996 HdrRenderState mRenderHdrSdrRatio=1.0 caller= android.view.SyncRtSurfaceTransactionApplier.applyTransaction:100 android.view.SyncRtSurfaceTransactionApplier.lambda$scheduleApply$0:73 android.view.SyncRtSurfaceTransactionApplier.$r8$lambda$afI4fXg3U3-nBZQEDQMiNy-B06s:0 
11-23 20:56:24.485  8444  8526 I VRI[MainActivity]@8e53a52: mWNT: t=0xb400007c8db4e710 mBlastBufferQueue=0xb400007adda683b0 fn= 997 HdrRenderState mRenderHdrSdrRatio=1.0 caller= android.view.SyncRtSurfaceTransactionApplier.applyTransaction:100 android.view.SyncRtSurfaceTransactionApplier.lambda$scheduleApply$0:73 android.view.SyncRtSurfaceTransactionApplier.$r8$lambda$afI4fXg3U3-nBZQEDQMiNy-B06s:0 
11-23 20:56:24.493  8444  8524 I VRI[MainActivity]@8e53a52: mWNT: t=0xb400007c8db5a090 mBlastBufferQueue=0xb400007adda683b0 fn= 998 HdrRenderState mRenderHdrSdrRatio=1.0 caller= android.view.SyncRtSurfaceTransactionApplier.applyTransaction:100 android.view.SyncRtSurfaceTransactionApplier.lambda$scheduleApply$0:73 android.view.SyncRtSurfaceTransactionApplier.$r8$lambda$afI4fXg3U3-nBZQEDQMiNy-B06s:0 
11-23 20:56:24.505  8444  8526 I VRI[MainActivity]@8e53a52: mWNT: t=0xb400007c8dc22150 mBlastBufferQueue=0xb400007adda683b0 fn= 999 HdrRenderState mRenderHdrSdrRatio=1.0 caller= android.view.SyncRtSurfaceTransactionApplier.applyTransaction:100 android.view.SyncRtSurfaceTransactionApplier.lambda$scheduleApply$0:73 android.view.SyncRtSurfaceTransactionApplier.$r8$lambda$afI4fXg3U3-nBZQEDQMiNy-B06s:0 
11-23 20:56:24.512  8444  8524 I VRI[MainActivity]@8e53a52: mWNT: t=0xb400007c8dba9710 mBlastBufferQueue=0xb400007adda683b0 fn= 1000 HdrRenderState mRenderHdrSdrRatio=1.0 caller= android.view.SyncRtSurfaceTransactionApplier.applyTransaction:100 android.view.SyncRtSurfaceTransactionApplier.lambda$scheduleApply$0:73 android.view.SyncRtSurfaceTransactionApplier.$r8$lambda$afI4fXg3U3-nBZQEDQMiNy-B06s:0 
11-23 20:56:24.519  8444  8526 I VRI[MainActivity]@8e53a52: mWNT: t=0xb400007c8dc7f7d0 mBlastBufferQueue=0xb400007adda683b0 fn= 1001 HdrRenderState mRenderHdrSdrRatio=1.0 caller= android.view.SyncRtSurfaceTransactionApplier.applyTransaction:100 android.view.SyncRtSurfaceTransactionApplier.lambda$scheduleApply$0:73 android.view.SyncRtSurfaceTransactionApplier.$r8$lambda$afI4fXg3U3-nBZQEDQMiNy-B06s:0 
11-23 20:56:24.529  8444  8524 I VRI[MainActivity]@8e53a52: mWNT: t=0xb400007c8dd27450 mBlastBufferQueue=0xb400007adda683b0 fn= 1002 HdrRenderState mRenderHdrSdrRatio=1.0 caller= android.view.SyncRtSurfaceTransactionApplier.applyTransaction:100 android.view.SyncRtSurfaceTransactionApplier.lambda$scheduleApply$0:73 android.view.SyncRtSurfaceTransactionApplier.$r8$lambda$afI4fXg3U3-nBZQEDQMiNy-B06s:0 
11-23 20:56:24.539  8444  8526 I VRI[MainActivity]@8e53a52: mWNT: t=0xb400007c8dc55290 mBlastBufferQueue=0xb400007adda683b0 fn= 1003 HdrRenderState mRenderHdrSdrRatio=1.0 caller= android.view.SyncRtSurfaceTransactionApplier.applyTransaction:100 android.view.SyncRtSurfaceTransactionApplier.lambda$scheduleApply$0:73 android.view.SyncRtSurfaceTransactionApplier.$r8$lambda$afI4fXg3U3-nBZQEDQMiNy-B06s:0 
11-23 20:56:24.545  8444  8524 I VRI[MainActivity]@8e53a52: mWNT: t=0xb400007c8dc97390 mBlastBufferQueue=0xb400007adda683b0 fn= 1004 HdrRenderState mRenderHdrSdrRatio=1.0 caller= android.view.SyncRtSurfaceTransactionApplier.applyTransaction:100 android.view.SyncRtSurfaceTransactionApplier.lambda$scheduleApply$0:73 android.view.SyncRtSurfaceTransactionApplier.$r8$lambda$afI4fXg3U3-nBZQEDQMiNy-B06s:0 
11-23 20:56:24.556  8444  8526 I VRI[MainActivity]@8e53a52: mWNT: t=0xb400007c8dc73e50 mBlastBufferQueue=0xb400007adda683b0 fn= 1005 HdrRenderState mRenderHdrSdrRatio=1.0 caller= android.view.SyncRtSurfaceTransactionApplier.applyTransaction:100 android.view.SyncRtSurfaceTransactionApplier.lambda$scheduleApply$0:73 android.view.SyncRtSurfaceTransactionApplier.$r8$lambda$afI4fXg3U3-nBZQEDQMiNy-B06s:0 
11-23 20:56:24.556  8444  8444 W WindowOnBackDispatcher: sendCancelIfRunning: isInProgress=false callback=android.widget.PopupWindow$PopupDecorView$$ExternalSyntheticLambda1@7bd44a4
11-23 20:56:24.558  8444  8444 I WindowManager: WindowManagerGlobal#removeView, ty=1005, view=android.widget.PopupWindow$PopupDecorView{b9245ea V.E...... R......D 0,0-567,240}, caller=android.view.WindowManagerGlobal.removeView:654 android.view.WindowManagerImpl.removeViewImmediate:216 android.widget.PopupWindow.dismissImmediate:2415 
11-23 20:56:24.562  8444  8444 I VRI[PopupWindow:57509d5]@b9140db: dispatchDetachedFromWindow
11-23 20:56:24.565  8444  8444 D InputTransport: Input channel destroyed: 'a19d1d6', fd=291
11-23 20:56:24.570  8444  8524 I VRI[MainActivity]@8e53a52: mWNT: t=0xb400007c8dbb1350 mBlastBufferQueue=0xb400007adda683b0 fn= 1006 HdrRenderState mRenderHdrSdrRatio=1.0 caller= android.view.SyncRtSurfaceTransactionApplier.applyTransaction:100 android.view.SyncRtSurfaceTransactionApplier.lambda$scheduleApply$0:73 android.view.SyncRtSurfaceTransactionApplier.$r8$lambda$afI4fXg3U3-nBZQEDQMiNy-B06s:0 
11-23 20:56:24.576  8444  8526 I VRI[MainActivity]@8e53a52: mWNT: t=0xb400007c8dc9c950 mBlastBufferQueue=0xb400007adda683b0 fn= 1007 HdrRenderState mRenderHdrSdrRatio=1.0 caller= android.view.SyncRtSurfaceTransactionApplier.applyTransaction:100 android.view.SyncRtSurfaceTransactionApplier.lambda$scheduleApply$0:73 android.view.SyncRtSurfaceTransactionApplier.$r8$lambda$afI4fXg3U3-nBZQEDQMiNy-B06s:0 
11-23 20:56:24.581  8444  8524 I VRI[MainActivity]@8e53a52: mWNT: t=0xb400007c8dc2b290 mBlastBufferQueue=0xb400007adda683b0 fn= 1008 HdrRenderState mRenderHdrSdrRatio=1.0 caller= android.view.SyncRtSurfaceTransactionApplier.applyTransaction:100 android.view.SyncRtSurfaceTransactionApplier.lambda$scheduleApply$0:73 android.view.SyncRtSurfaceTransactionApplier.$r8$lambda$afI4fXg3U3-nBZQEDQMiNy-B06s:0 
11-23 20:56:24.586  8444  8526 I VRI[MainActivity]@8e53a52: mWNT: t=0xb400007c8dc99a10 mBlastBufferQueue=0xb400007adda683b0 fn= 1009 HdrRenderState mRenderHdrSdrRatio=1.0 caller= android.view.SyncRtSurfaceTransactionApplier.applyTransaction:100 android.view.SyncRtSurfaceTransactionApplier.lambda$scheduleApply$0:73 android.view.SyncRtSurfaceTransactionApplier.$r8$lambda$afI4fXg3U3-nBZQEDQMiNy-B06s:0 
11-23 20:56:24.596  8444  8524 I VRI[MainActivity]@8e53a52: mWNT: t=0xb400007c8dcc4490 mBlastBufferQueue=0xb400007adda683b0 fn= 1010 HdrRenderState mRenderHdrSdrRatio=1.0 caller= android.view.SyncRtSurfaceTransactionApplier.applyTransaction:100 android.view.SyncRtSurfaceTransactionApplier.lambda$scheduleApply$0:73 android.view.SyncRtSurfaceTransactionApplier.$r8$lambda$afI4fXg3U3-nBZQEDQMiNy-B06s:0 
11-23 20:56:24.604  8444  8526 I VRI[MainActivity]@8e53a52: mWNT: t=0xb400007c8dcc81d0 mBlastBufferQueue=0xb400007adda683b0 fn= 1011 HdrRenderState mRenderHdrSdrRatio=1.0 caller= android.view.SyncRtSurfaceTransactionApplier.applyTransaction:100 android.view.SyncRtSurfaceTransactionApplier.lambda$scheduleApply$0:73 android.view.SyncRtSurfaceTransactionApplier.$r8$lambda$afI4fXg3U3-nBZQEDQMiNy-B06s:0 
11-23 20:56:24.616  8444  8524 I VRI[MainActivity]@8e53a52: mWNT: t=0xb400007c8db26850 mBlastBufferQueue=0xb400007adda683b0 fn= 1012 HdrRenderState mRenderHdrSdrRatio=1.0 caller= android.view.SyncRtSurfaceTransactionApplier.applyTransaction:100 android.view.SyncRtSurfaceTransactionApplier.lambda$scheduleApply$0:73 android.view.SyncRtSurfaceTransactionApplier.$r8$lambda$afI4fXg3U3-nBZQEDQMiNy-B06s:0 
11-23 20:56:24.621  8444  8526 I VRI[MainActivity]@8e53a52: mWNT: t=0xb400007c8daa7a50 mBlastBufferQueue=0xb400007adda683b0 fn= 1013 HdrRenderState mRenderHdrSdrRatio=1.0 caller= android.view.SyncRtSurfaceTransactionApplier.applyTransaction:100 android.view.SyncRtSurfaceTransactionApplier.lambda$scheduleApply$0:73 android.view.SyncRtSurfaceTransactionApplier.$r8$lambda$afI4fXg3U3-nBZQEDQMiNy-B06s:0 
11-23 20:56:24.628  8444  8524 I VRI[MainActivity]@8e53a52: mWNT: t=0xb400007c8dc00b90 mBlastBufferQueue=0xb400007adda683b0 fn= 1014 HdrRenderState mRenderHdrSdrRatio=1.0 caller= android.view.SyncRtSurfaceTransactionApplier.applyTransaction:100 android.view.SyncRtSurfaceTransactionApplier.lambda$scheduleApply$0:73 android.view.SyncRtSurfaceTransactionApplier.$r8$lambda$afI4fXg3U3-nBZQEDQMiNy-B06s:0 
11-23 20:56:24.638  8444  8526 I VRI[MainActivity]@8e53a52: mWNT: t=0xb400007c8db40e10 mBlastBufferQueue=0xb400007adda683b0 fn= 1015 HdrRenderState mRenderHdrSdrRatio=1.0 caller= android.view.SyncRtSurfaceTransactionApplier.applyTransaction:100 android.view.SyncRtSurfaceTransactionApplier.lambda$scheduleApply$0:73 android.view.SyncRtSurfaceTransactionApplier.$r8$lambda$afI4fXg3U3-nBZQEDQMiNy-B06s:0 
11-23 20:56:24.645  8444  8524 I VRI[MainActivity]@8e53a52: mWNT: t=0xb400007c8dc72cd0 mBlastBufferQueue=0xb400007adda683b0 fn= 1016 HdrRenderState mRenderHdrSdrRatio=1.0 caller= android.view.SyncRtSurfaceTransactionApplier.applyTransaction:100 android.view.SyncRtSurfaceTransactionApplier.lambda$scheduleApply$0:73 android.view.SyncRtSurfaceTransactionApplier.$r8$lambda$afI4fXg3U3-nBZQEDQMiNy-B06s:0 
11-23 20:56:24.659  8444  8526 I VRI[MainActivity]@8e53a52: mWNT: t=0xb400007c8dc787d0 mBlastBufferQueue=0xb400007adda683b0 fn= 1017 HdrRenderState mRenderHdrSdrRatio=1.0 caller= android.view.SyncRtSurfaceTransactionApplier.applyTransaction:100 android.view.SyncRtSurfaceTransactionApplier.lambda$scheduleApply$0:73 android.view.SyncRtSurfaceTransactionApplier.$r8$lambda$afI4fXg3U3-nBZQEDQMiNy-B06s:0 
11-23 20:56:24.665  8444  8524 I VRI[MainActivity]@8e53a52: mWNT: t=0xb400007c8dc48b10 mBlastBufferQueue=0xb400007adda683b0 fn= 1018 HdrRenderState mRenderHdrSdrRatio=1.0 caller= android.view.SyncRtSurfaceTransactionApplier.applyTransaction:100 android.view.SyncRtSurfaceTransactionApplier.lambda$scheduleApply$0:73 android.view.SyncRtSurfaceTransactionApplier.$r8$lambda$afI4fXg3U3-nBZQEDQMiNy-B06s:0 
11-23 20:56:24.673  8444  8526 I VRI[MainActivity]@8e53a52: mWNT: t=0xb400007c8dd03d50 mBlastBufferQueue=0xb400007adda683b0 fn= 1019 HdrRenderState mRenderHdrSdrRatio=1.0 caller= android.view.SyncRtSurfaceTransactionApplier.applyTransaction:100 android.view.SyncRtSurfaceTransactionApplier.lambda$scheduleApply$0:73 android.view.SyncRtSurfaceTransactionApplier.$r8$lambda$afI4fXg3U3-nBZQEDQMiNy-B06s:0 
11-23 20:56:24.681  8444  8524 I VRI[MainActivity]@8e53a52: mWNT: t=0xb400007c8dd00c50 mBlastBufferQueue=0xb400007adda683b0 fn= 1020 HdrRenderState mRenderHdrSdrRatio=1.0 caller= android.view.SyncRtSurfaceTransactionApplier.applyTransaction:100 android.view.SyncRtSurfaceTransactionApplier.lambda$scheduleApply$0:73 android.view.SyncRtSurfaceTransactionApplier.$r8$lambda$afI4fXg3U3-nBZQEDQMiNy-B06s:0 
11-23 20:56:24.687  8444  8526 I VRI[MainActivity]@8e53a52: mWNT: t=0xb400007c8dc83dd0 mBlastBufferQueue=0xb400007adda683b0 fn= 1021 HdrRenderState mRenderHdrSdrRatio=1.0 caller= android.view.SyncRtSurfaceTransactionApplier.applyTransaction:100 android.view.SyncRtSurfaceTransactionApplier.lambda$scheduleApply$0:73 android.view.SyncRtSurfaceTransactionApplier.$r8$lambda$afI4fXg3U3-nBZQEDQMiNy-B06s:0 
11-23 20:56:24.699  8444  8524 I VRI[MainActivity]@8e53a52: mWNT: t=0xb400007c8dcc5990 mBlastBufferQueue=0xb400007adda683b0 fn= 1022 HdrRenderState mRenderHdrSdrRatio=1.0 caller= android.view.SyncRtSurfaceTransactionApplier.applyTransaction:100 android.view.SyncRtSurfaceTransactionApplier.lambda$scheduleApply$0:73 android.view.SyncRtSurfaceTransactionApplier.$r8$lambda$afI4fXg3U3-nBZQEDQMiNy-B06s:0 
11-23 20:56:24.704  8444  8526 I VRI[MainActivity]@8e53a52: mWNT: t=0xb400007c8dcd0350 mBlastBufferQueue=0xb400007adda683b0 fn= 1023 HdrRenderState mRenderHdrSdrRatio=1.0 caller= android.view.SyncRtSurfaceTransactionApplier.applyTransaction:100 android.view.SyncRtSurfaceTransactionApplier.lambda$scheduleApply$0:73 android.view.SyncRtSurfaceTransactionApplier.$r8$lambda$afI4fXg3U3-nBZQEDQMiNy-B06s:0 
11-23 20:56:24.718  8444  8524 I VRI[MainActivity]@8e53a52: mWNT: t=0xb400007c8dc859d0 mBlastBufferQueue=0xb400007adda683b0 fn= 1024 HdrRenderState mRenderHdrSdrRatio=1.0 caller= android.view.SyncRtSurfaceTransactionApplier.applyTransaction:100 android.view.SyncRtSurfaceTransactionApplier.lambda$scheduleApply$0:73 android.view.SyncRtSurfaceTransactionApplier.$r8$lambda$afI4fXg3U3-nBZQEDQMiNy-B06s:0 
11-23 20:56:24.723  8444  8526 I VRI[MainActivity]@8e53a52: mWNT: t=0xb400007c8dd269d0 mBlastBufferQueue=0xb400007adda683b0 fn= 1025 HdrRenderState mRenderHdrSdrRatio=1.0 caller= android.view.SyncRtSurfaceTransactionApplier.applyTransaction:100 android.view.SyncRtSurfaceTransactionApplier.lambda$scheduleApply$0:73 android.view.SyncRtSurfaceTransactionApplier.$r8$lambda$afI4fXg3U3-nBZQEDQMiNy-B06s:0 
11-23 20:56:24.732  8444  8524 I VRI[MainActivity]@8e53a52: mWNT: t=0xb400007c8dcb0290 mBlastBufferQueue=0xb400007adda683b0 fn= 1026 HdrRenderState mRenderHdrSdrRatio=1.0 caller= android.view.SyncRtSurfaceTransactionApplier.applyTransaction:100 android.view.SyncRtSurfaceTransactionApplier.lambda$scheduleApply$0:73 android.view.SyncRtSurfaceTransactionApplier.$r8$lambda$afI4fXg3U3-nBZQEDQMiNy-B06s:0 
11-23 20:56:24.735  8444  8444 I InsetsController: cancelAnimation: types=ime, animType=1, host=dev.souschef.app/dev.souschef.app.MainActivity, from=android.view.InsetsController.notifyFinished:2006 android.view.InsetsAnimationControlImpl.applyChangeInsets:335 android.view.InsetsController.lambda$new$3:957 
11-23 20:56:24.743  8444  8526 I VRI[MainActivity]@8e53a52: mWNT: t=0xb400007c8dc81910 mBlastBufferQueue=0xb400007adda683b0 fn= 1027 HdrRenderState mRenderHdrSdrRatio=1.0 caller= android.view.SyncRtSurfaceTransactionApplier.applyTransaction:100 android.view.SyncRtSurfaceTransactionApplier.lambda$scheduleApply$0:73 android.view.SyncRtSurfaceTransactionApplier.$r8$lambda$afI4fXg3U3-nBZQEDQMiNy-B06s:0 
11-23 20:56:24.754  8444  8444 I InsetsController: onStateChanged: host=dev.souschef.app/dev.souschef.app.MainActivity, from=android.view.ViewRootImpl.onInsetsStateChanged:3026, state=InsetsState: {mDisplayFrame=Rect(0, 0 - 1440, 3088), mDisplayCutout=DisplayCutout{insets=Rect(0, 100 - 0, 0) waterfall=Insets{left=0, top=0, right=0, bottom=0} boundingRect={Bounds=[Rect(0, 0 - 0, 0), Rect(683, 0 - 758, 100), Rect(0, 0 - 0, 0), Rect(0, 0 - 0, 0)]} cutoutPathParserInfo={CutoutPathParserInfo{displayWidth=1440 displayHeight=3088 physicalDisplayWidth=1440 physicalDisplayHeight=3088 density={3.75} cutoutSpec={M 0,0 H -10 V 26.66666666666667 H 10 V 0 H 0 Z @dp} rotation={0} scale={1.0} physicalPixelDisplaySizeRatio={1.0}}} sideOverrides={}}, mRoundedCorners=RoundedCorners{[RoundedCorner{position=TopLeft, radius=15, center=Point(15, 15)}, RoundedCorner{position=TopRight, radius=15, center=Point(1425, 15)}, RoundedCorner{position=BottomRight, radius=15, center=Point(1425, 3073)}, RoundedCorner{position=BottomLeft, radius=15, center=Point(15, 3073)}]}  mRoundedCornerFrame=Rect(0, 0 - 1440, 3088), mPrivacyIndicatorBounds=PrivacyIndicatorBounds {static bounds=Rect(1275, 0 - 1440, 100) rotation=0}, mDisplayShape=DisplayShape{ spec=-311912193 displayWidth=1440 displayHeight=3088 physicalPixelDisplaySizeRatio=1.0 rotation=0 offsetX=0 offsetY=0 scale=1.0}, mSources= { InsetsSource: {b11d0001 mType=navigationBars mFrame=[0,3032][1440,3088] mVisible=true mFlags=SUPPRESS_SCRIM mSideHint=BOTTOM mBoundingRects=null}, InsetsSource: {b11d0004 mType=systemGestures mFrame=[0,0][84,3088] mVisible=true mFlags= mSideHint=LEFT mBoundingRects=null}, InsetsSource: {b11d0005 mType=mandatorySystemGestures mFrame=[0,2968][1440,3088] mVisible=true mFlags= mSideHint=BOTTOM mBoundingRects=null}, InsetsSource: {b11d0006 mType=tappableElement mFrame=[0,0][0,0] mVisible=true mFlags= mSideHint=NONE mBoundingRects=null}, InsetsSource: {b11d0024 mType=systemGestures mFrame=[1356,0][1440,3088] mVisible=true mFlags= mSideHint=RIGHT mBoundingRects=null}, InsetsSource: {ecac0000 mType=statusBars mFrame=[0,0][1440,100] mVisible=true mFlags= mSideHint=TOP mBoundingRects=null}, InsetsSource: {ecac0005 mType=mandatorySystemGestures mFrame=[0,0][1440,145] mVisible=true mFlags= mSideHint=TOP mBoundingRects=null}, InsetsSource: {ecac0006 mType=tappableElement mFrame=[0,0][1440,100] mVisible=true mFlags= mSideHint=TOP mBoundingRects=null}, InsetsSource: {3 mType=ime mFrame=[0,2076][1440,3088] mVisible=false mFlags= mSideHint=BOTTOM mBoundingRects=null}, InsetsSource: {27 mType=displayCutout mFrame=[0,0][1440,100] mVisible=true mFlags= mSideHint=TOP mBoundingRects=null} }
11-23 20:56:24.755  8444  8444 I VRI[MainActivity]@8e53a52: handleResized, frames=ClientWindowFrames{frame=[0,0][1440,3088] display=[0,0][1440,3088] parentFrame=[0,0][0,0]} displayId=0 dragResizing=false compatScale=1.0 frameChanged=false attachedFrameChanged=false configChanged=false displayChanged=false compatScaleChanged=false dragResizingChanged=false
11-23 20:56:24.766  8444  8444 W RemoteInputConnectionImpl: requestCursorUpdates on inactive InputConnection
11-23 20:56:24.769  8444  8444 E ImeBackDispatcher: Ime callback not found. Ignoring unregisterReceivedCallback. callbackId: 215426280
11-23 20:56:24.777  8444  8444 I InsetsSourceConsumer: applyRequestedVisibilityToControl: visible=true, type=navigationBars, host=dev.souschef.app/dev.souschef.app.MainActivity
11-23 20:56:24.781  8444  8444 I ImeTracker: system_server:80b85246: onCancelled at PHASE_CLIENT_ON_CONTROLS_CHANGED
11-23 20:56:24.864  8444  8444 D UiControllerImpl: Injecting string: "1"
11-23 20:56:24.880  8444  8444 I VRI[MainActivity]@8e53a52: The input has been finished in ImeInputStage.
11-23 20:56:24.881  8444  8444 I InputMethodManager: handleMessage: setImeVisibility visible=true
11-23 20:56:24.881  8444  8444 D InsetsController: show(ime(), fromIme=false)
11-23 20:56:24.881  8444  8444 D InsetsController: Setting requestedVisibleTypes to -1 (was -9)
11-23 20:56:24.882  8444  8444 I InsetsController: setRequestedVisibleTypes: visible=true, mask=ime, host=dev.souschef.app/dev.souschef.app.MainActivity, from=android.view.InsetsController.controlAnimationUnchecked:1604 android.view.InsetsController.applyAnimation:2416 android.view.InsetsController.applyAnimation:2343 android.view.InsetsController.show:1422 android.view.inputmethod.InputMethodManager$H.handleMessage:1566 android.os.Handler.dispatchMessage:110 androidx.test.espresso.base.Interrogator.loopAndInterrogate:156 androidx.test.espresso.base.UiControllerImpl.loopUntil:510 androidx.test.espresso.base.UiControllerImpl.loopUntil:468 androidx.test.espresso.base.UiControllerImpl.injectKeyEvent:201 
11-23 20:56:24.883  8444  8444 I InsetsController: controlAnimationUncheckedInner: Added types=ime, animType=0, host=dev.souschef.app/dev.souschef.app.MainActivity, from=android.view.InsetsController.controlAnimationUnchecked:1608 android.view.InsetsController.applyAnimation:2416 android.view.InsetsController.applyAnimation:2343 
11-23 20:56:24.889  8444  8444 I BLASTBufferQueue_Java: update, w= 1440 h= 3088 mName = VRI[MainActivity]@8e53a52 mNativeObject= 0xb400007adda683b0 sc.mNativeObject= 0xb400007b7da3c350 format= -1 caller= android.view.ViewRootImpl.updateBlastSurfaceIfNeeded:3574 android.view.ViewRootImpl.relayoutWindow:11685 android.view.ViewRootImpl.performTraversals:4804 android.view.ViewRootImpl.doTraversal:3924 android.view.ViewRootImpl$TraversalRunnable.run:12903 android.view.Choreographer$CallbackRecord.run:1901 
11-23 20:56:24.889  8444  8444 I VRI[MainActivity]@8e53a52: Relayout returned: old=(0,0,1440,3088) new=(0,0,1440,3088) relayoutAsync=true req=(1440,3088)0 dur=1 res=0x0 s={true 0xb400007beda57a40} ch=false seqId=0
11-23 20:56:24.895  8444  8444 I VRI[MainActivity]@8e53a52: registerCallbackForPendingTransactions
11-23 20:56:24.896  8444  8444 I InputMethodManager: handleMessage: setImeVisibility visible=true
11-23 20:56:24.897  8444  8444 D InsetsController: show(ime(), fromIme=false)
11-23 20:56:24.897  8444  8444 I ImeTracker: com.google.android.inputmethod.latin:e69cb1: onCancelled at PHASE_CLIENT_APPLY_ANIMATION
11-23 20:56:24.899  8444  8524 I VRI[MainActivity]@8e53a52: mWNT: t=0xb400007c8dc83890 mBlastBufferQueue=0xb400007adda683b0 fn= 1028 HdrRenderState mRenderHdrSdrRatio=1.0 caller= android.view.SyncRtSurfaceTransactionApplier.applyTransaction:100 android.view.SyncRtSurfaceTransactionApplier.lambda$scheduleApply$0:73 android.view.SyncRtSurfaceTransactionApplier.$r8$lambda$afI4fXg3U3-nBZQEDQMiNy-B06s:0 
11-23 20:56:24.900  8444  8524 I VRI[MainActivity]@8e53a52: mWNT: t=0xb400007c8dc48e90 mBlastBufferQueue=0xb400007adda683b0 fn= 1028 HdrRenderState mRenderHdrSdrRatio=1.0 caller= android.view.ViewRootImpl$10.onFrameDraw:6536 android.view.ViewRootImpl$4.onFrameDraw:2489 android.view.ThreadedRenderer$1.onFrameDraw:718 
11-23 20:56:24.905  8444  8444 I InsetsController: onStateChanged: host=dev.souschef.app/dev.souschef.app.MainActivity, from=android.view.ViewRootImpl.onInsetsStateChanged:3026, state=InsetsState: {mDisplayFrame=Rect(0, 0 - 1440, 3088), mDisplayCutout=DisplayCutout{insets=Rect(0, 100 - 0, 0) waterfall=Insets{left=0, top=0, right=0, bottom=0} boundingRect={Bounds=[Rect(0, 0 - 0, 0), Rect(683, 0 - 758, 100), Rect(0, 0 - 0, 0), Rect(0, 0 - 0, 0)]} cutoutPathParserInfo={CutoutPathParserInfo{displayWidth=1440 displayHeight=3088 physicalDisplayWidth=1440 physicalDisplayHeight=3088 density={3.75} cutoutSpec={M 0,0 H -10 V 26.66666666666667 H 10 V 0 H 0 Z @dp} rotation={0} scale={1.0} physicalPixelDisplaySizeRatio={1.0}}} sideOverrides={}}, mRoundedCorners=RoundedCorners{[RoundedCorner{position=TopLeft, radius=15, center=Point(15, 15)}, RoundedCorner{position=TopRight, radius=15, center=Point(1425, 15)}, RoundedCorner{position=BottomRight, radius=15, center=Point(1425, 3073)}, RoundedCorner{position=BottomLeft, radius=15, center=Point(15, 3073)}]}  mRoundedCornerFrame=Rect(0, 0 - 1440, 3088), mPrivacyIndicatorBounds=PrivacyIndicatorBounds {static bounds=Rect(1275, 0 - 1440, 100) rotation=0}, mDisplayShape=DisplayShape{ spec=-311912193 displayWidth=1440 displayHeight=3088 physicalPixelDisplaySizeRatio=1.0 rotation=0 offsetX=0 offsetY=0 scale=1.0}, mSources= { InsetsSource: {b11d0001 mType=navigationBars mFrame=[0,3032][1440,3088] mVisible=true mFlags=SUPPRESS_SCRIM mSideHint=BOTTOM mBoundingRects=null}, InsetsSource: {b11d0004 mType=systemGestures mFrame=[0,0][84,3088] mVisible=true mFlags= mSideHint=LEFT mBoundingRects=null}, InsetsSource: {b11d0005 mType=mandatorySystemGestures mFrame=[0,2968][1440,3088] mVisible=true mFlags= mSideHint=BOTTOM mBoundingRects=null}, InsetsSource: {b11d0006 mType=tappableElement mFrame=[0,0][0,0] mVisible=true mFlags= mSideHint=NONE mBoundingRects=null}, InsetsSource: {b11d0024 mType=systemGestures mFrame=[1356,0][1440,3088] mVisible=true mFlags= mSideHint=RIGHT mBoundingRects=null}, InsetsSource: {ecac0000 mType=statusBars mFrame=[0,0][1440,100] mVisible=true mFlags= mSideHint=TOP mBoundingRects=null}, InsetsSource: {ecac0005 mType=mandatorySystemGestures mFrame=[0,0][1440,145] mVisible=true mFlags= mSideHint=TOP mBoundingRects=null}, InsetsSource: {ecac0006 mType=tappableElement mFrame=[0,0][1440,100] mVisible=true mFlags= mSideHint=TOP mBoundingRects=null}, InsetsSource: {3 mType=ime mFrame=[0,2076][1440,3088] mVisible=true mFlags= mSideHint=BOTTOM mBoundingRects=null}, InsetsSource: {27 mType=displayCutout mFrame=[0,0][1440,100] mVisible=true mFlags= mSideHint=TOP mBoundingRects=null} }
11-23 20:56:24.906  8444  8444 I VRI[MainActivity]@8e53a52: handleResized, frames=ClientWindowFrames{frame=[0,0][1440,3088] display=[0,0][1440,3088] parentFrame=[0,0][0,0]} displayId=0 dragResizing=false compatScale=1.0 frameChanged=false attachedFrameChanged=false configChanged=false displayChanged=false compatScaleChanged=false dragResizingChanged=false
11-23 20:56:24.909  8444  8526 I VRI[MainActivity]@8e53a52: mWNT: t=0xb400007c8dc47450 mBlastBufferQueue=0xb400007adda683b0 fn= 1029 HdrRenderState mRenderHdrSdrRatio=1.0 caller= android.view.SyncRtSurfaceTransactionApplier.applyTransaction:100 android.view.SyncRtSurfaceTransactionApplier.lambda$scheduleApply$0:73 android.view.SyncRtSurfaceTransactionApplier.$r8$lambda$afI4fXg3U3-nBZQEDQMiNy-B06s:0 
11-23 20:56:24.918  8444  8524 I VRI[MainActivity]@8e53a52: mWNT: t=0xb400007c8dc98f90 mBlastBufferQueue=0xb400007adda683b0 fn= 1030 HdrRenderState mRenderHdrSdrRatio=1.0 caller= android.view.SyncRtSurfaceTransactionApplier.applyTransaction:100 android.view.SyncRtSurfaceTransactionApplier.lambda$scheduleApply$0:73 android.view.SyncRtSurfaceTransactionApplier.$r8$lambda$afI4fXg3U3-nBZQEDQMiNy-B06s:0 
11-23 20:56:24.926  8444  8526 I VRI[MainActivity]@8e53a52: mWNT: t=0xb400007c8dd24190 mBlastBufferQueue=0xb400007adda683b0 fn= 1031 HdrRenderState mRenderHdrSdrRatio=1.0 caller= android.view.SyncRtSurfaceTransactionApplier.applyTransaction:100 android.view.SyncRtSurfaceTransactionApplier.lambda$scheduleApply$0:73 android.view.SyncRtSurfaceTransactionApplier.$r8$lambda$afI4fXg3U3-nBZQEDQMiNy-B06s:0 
11-23 20:56:24.929  8444  8444 I ImeTracker: system_server:f5354d34: onCancelled at PHASE_CLIENT_ON_CONTROLS_CHANGED
11-23 20:56:24.936  8444  8524 I VRI[MainActivity]@8e53a52: mWNT: t=0xb400007c8dd05410 mBlastBufferQueue=0xb400007adda683b0 fn= 1032 HdrRenderState mRenderHdrSdrRatio=1.0 caller= android.view.SyncRtSurfaceTransactionApplier.applyTransaction:100 android.view.SyncRtSurfaceTransactionApplier.lambda$scheduleApply$0:73 android.view.SyncRtSurfaceTransactionApplier.$r8$lambda$afI4fXg3U3-nBZQEDQMiNy-B06s:0 
11-23 20:56:24.936  8444  8444 W RemoteInputConnectionImpl: getSurroundingText on inactive InputConnection
11-23 20:56:24.942  8444  8526 I VRI[MainActivity]@8e53a52: mWNT: t=0xb400007c8dd166d0 mBlastBufferQueue=0xb400007adda683b0 fn= 1033 HdrRenderState mRenderHdrSdrRatio=1.0 caller= android.view.SyncRtSurfaceTransactionApplier.applyTransaction:100 android.view.SyncRtSurfaceTransactionApplier.lambda$scheduleApply$0:73 android.view.SyncRtSurfaceTransactionApplier.$r8$lambda$afI4fXg3U3-nBZQEDQMiNy-B06s:0 
11-23 20:56:24.947  8444  8524 I VRI[MainActivity]@8e53a52: mWNT: t=0xb400007c8dc9c950 mBlastBufferQueue=0xb400007adda683b0 fn= 1034 HdrRenderState mRenderHdrSdrRatio=1.0 caller= android.view.SyncRtSurfaceTransactionApplier.applyTransaction:100 android.view.SyncRtSurfaceTransactionApplier.lambda$scheduleApply$0:73 android.view.SyncRtSurfaceTransactionApplier.$r8$lambda$afI4fXg3U3-nBZQEDQMiNy-B06s:0 
11-23 20:56:24.976  8444  8526 I VRI[MainActivity]@8e53a52: mWNT: t=0xb400007c8dc73e50 mBlastBufferQueue=0xb400007adda683b0 fn= 1035 HdrRenderState mRenderHdrSdrRatio=1.0 caller= android.view.SyncRtSurfaceTransactionApplier.applyTransaction:100 android.view.SyncRtSurfaceTransactionApplier.lambda$scheduleApply$0:73 android.view.SyncRtSurfaceTransactionApplier.$r8$lambda$afI4fXg3U3-nBZQEDQMiNy-B06s:0 
11-23 20:56:24.981  8444  8524 I VRI[MainActivity]@8e53a52: mWNT: t=0xb400007c8db5be50 mBlastBufferQueue=0xb400007adda683b0 fn= 1036 HdrRenderState mRenderHdrSdrRatio=1.0 caller= android.view.SyncRtSurfaceTransactionApplier.applyTransaction:100 android.view.SyncRtSurfaceTransactionApplier.lambda$scheduleApply$0:73 android.view.SyncRtSurfaceTransactionApplier.$r8$lambda$afI4fXg3U3-nBZQEDQMiNy-B06s:0 
11-23 20:56:24.982  8444  8444 I VRI[MainActivity]@8e53a52: ViewPostIme key 1
11-23 20:56:24.983  8444  8444 W RemoteInputConnectionImpl: requestCursorUpdates on inactive InputConnection
11-23 20:56:24.988  8444  8526 I VRI[MainActivity]@8e53a52: mWNT: t=0xb400007c8dc55290 mBlastBufferQueue=0xb400007adda683b0 fn= 1037 HdrRenderState mRenderHdrSdrRatio=1.0 caller= android.view.SyncRtSurfaceTransactionApplier.applyTransaction:100 android.view.SyncRtSurfaceTransactionApplier.lambda$scheduleApply$0:73 android.view.SyncRtSurfaceTransactionApplier.$r8$lambda$afI4fXg3U3-nBZQEDQMiNy-B06s:0 
11-23 20:56:24.997  8444  8444 W RemoteInputConnectionImpl: commitText on inactive InputConnection
11-23 20:56:25.001  8444  8524 I VRI[MainActivity]@8e53a52: mWNT: t=0xb400007c8dc6bcd0 mBlastBufferQueue=0xb400007adda683b0 fn= 1038 HdrRenderState mRenderHdrSdrRatio=1.0 caller= android.view.SyncRtSurfaceTransactionApplier.applyTransaction:100 android.view.SyncRtSurfaceTransactionApplier.lambda$scheduleApply$0:73 android.view.SyncRtSurfaceTransactionApplier.$r8$lambda$afI4fXg3U3-nBZQEDQMiNy-B06s:0 
11-23 20:56:25.001  8444  8489 I DetoxWSClient: Sending out action 'invokeResult' (ID #52)
11-23 20:56:25.002  8444  8489 I DetoxDispatcher: Done with action 'invoke'
11-23 20:56:25.011  8444  8526 I VRI[MainActivity]@8e53a52: mWNT: t=0xb400007c8dc82010 mBlastBufferQueue=0xb400007adda683b0 fn= 1039 HdrRenderState mRenderHdrSdrRatio=1.0 caller= android.view.SyncRtSurfaceTransactionApplier.applyTransaction:100 android.view.SyncRtSurfaceTransactionApplier.lambda$scheduleApply$0:73 android.view.SyncRtSurfaceTransactionApplier.$r8$lambda$afI4fXg3U3-nBZQEDQMiNy-B06s:0 
11-23 20:56:25.017  8444  8524 I VRI[MainActivity]@8e53a52: mWNT: t=0xb400007c8dc7ef10 mBlastBufferQueue=0xb400007adda683b0 fn= 1040 HdrRenderState mRenderHdrSdrRatio=1.0 caller= android.view.SyncRtSurfaceTransactionApplier.applyTransaction:100 android.view.SyncRtSurfaceTransactionApplier.lambda$scheduleApply$0:73 android.view.SyncRtSurfaceTransactionApplier.$r8$lambda$afI4fXg3U3-nBZQEDQMiNy-B06s:0 
11-23 20:56:25.027  8444  8526 I VRI[MainActivity]@8e53a52: mWNT: t=0xb400007c8dc83510 mBlastBufferQueue=0xb400007adda683b0 fn= 1041 HdrRenderState mRenderHdrSdrRatio=1.0 caller= android.view.SyncRtSurfaceTransactionApplier.applyTransaction:100 android.view.SyncRtSurfaceTransactionApplier.lambda$scheduleApply$0:73 android.view.SyncRtSurfaceTransactionApplier.$r8$lambda$afI4fXg3U3-nBZQEDQMiNy-B06s:0 
11-23 20:56:25.037  8444  8524 I VRI[MainActivity]@8e53a52: mWNT: t=0xb400007c8dc80b10 mBlastBufferQueue=0xb400007adda683b0 fn= 1042 HdrRenderState mRenderHdrSdrRatio=1.0 caller= android.view.SyncRtSurfaceTransactionApplier.applyTransaction:100 android.view.SyncRtSurfaceTransactionApplier.lambda$scheduleApply$0:73 android.view.SyncRtSurfaceTransactionApplier.$r8$lambda$afI4fXg3U3-nBZQEDQMiNy-B06s:0 
11-23 20:56:25.042  8444  8526 I VRI[MainActivity]@8e53a52: mWNT: t=0xb400007c8dc779d0 mBlastBufferQueue=0xb400007adda683b0 fn= 1043 HdrRenderState mRenderHdrSdrRatio=1.0 caller= android.view.SyncRtSurfaceTransactionApplier.applyTransaction:100 android.view.SyncRtSurfaceTransactionApplier.lambda$scheduleApply$0:73 android.view.SyncRtSurfaceTransactionApplier.$r8$lambda$afI4fXg3U3-nBZQEDQMiNy-B06s:0 
11-23 20:56:25.054  8444  8524 I VRI[MainActivity]@8e53a52: mWNT: t=0xb400007c8dac6ed0 mBlastBufferQueue=0xb400007adda683b0 fn= 1044 HdrRenderState mRenderHdrSdrRatio=1.0 caller= android.view.SyncRtSurfaceTransactionApplier.applyTransaction:100 android.view.SyncRtSurfaceTransactionApplier.lambda$scheduleApply$0:73 android.view.SyncRtSurfaceTransactionApplier.$r8$lambda$afI4fXg3U3-nBZQEDQMiNy-B06s:0 
11-23 20:56:25.061  8444  8526 I VRI[MainActivity]@8e53a52: mWNT: t=0xb400007c8dba9710 mBlastBufferQueue=0xb400007adda683b0 fn= 1045 HdrRenderState mRenderHdrSdrRatio=1.0 caller= android.view.SyncRtSurfaceTransactionApplier.applyTransaction:100 android.view.SyncRtSurfaceTransactionApplier.lambda$scheduleApply$0:73 android.view.SyncRtSurfaceTransactionApplier.$r8$lambda$afI4fXg3U3-nBZQEDQMiNy-B06s:0 
11-23 20:56:25.070  8444  8524 I VRI[MainActivity]@8e53a52: mWNT: t=0xb400007c8db5a090 mBlastBufferQueue=0xb400007adda683b0 fn= 1046 HdrRenderState mRenderHdrSdrRatio=1.0 caller= android.view.SyncRtSurfaceTransactionApplier.applyTransaction:100 android.view.SyncRtSurfaceTransactionApplier.lambda$scheduleApply$0:73 android.view.SyncRtSurfaceTransactionApplier.$r8$lambda$afI4fXg3U3-nBZQEDQMiNy-B06s:0 
11-23 20:56:25.079  8444  8526 I VRI[MainActivity]@8e53a52: mWNT: t=0xb400007c8dbfff50 mBlastBufferQueue=0xb400007adda683b0 fn= 1047 HdrRenderState mRenderHdrSdrRatio=1.0 caller= android.view.SyncRtSurfaceTransactionApplier.applyTransaction:100 android.view.SyncRtSurfaceTransactionApplier.lambda$scheduleApply$0:73 android.view.SyncRtSurfaceTransactionApplier.$r8$lambda$afI4fXg3U3-nBZQEDQMiNy-B06s:0 
11-23 20:56:25.088  8444  8524 I VRI[MainActivity]@8e53a52: mWNT: t=0xb400007c8dbb9150 mBlastBufferQueue=0xb400007adda683b0 fn= 1048 HdrRenderState mRenderHdrSdrRatio=1.0 caller= android.view.SyncRtSurfaceTransactionApplier.applyTransaction:100 android.view.SyncRtSurfaceTransactionApplier.lambda$scheduleApply$0:73 android.view.SyncRtSurfaceTransactionApplier.$r8$lambda$afI4fXg3U3-nBZQEDQMiNy-B06s:0 
11-23 20:56:25.092  8444  8526 I VRI[MainActivity]@8e53a52: mWNT: t=0xb400007c8dbdc850 mBlastBufferQueue=0xb400007adda683b0 fn= 1049 HdrRenderState mRenderHdrSdrRatio=1.0 caller= android.view.SyncRtSurfaceTransactionApplier.applyTransaction:100 android.view.SyncRtSurfaceTransactionApplier.lambda$scheduleApply$0:73 android.view.SyncRtSurfaceTransactionApplier.$r8$lambda$afI4fXg3U3-nBZQEDQMiNy-B06s:0 
11-23 20:56:25.102  8444  8524 I VRI[MainActivity]@8e53a52: mWNT: t=0xb400007c8dbb6ad0 mBlastBufferQueue=0xb400007adda683b0 fn= 1050 HdrRenderState mRenderHdrSdrRatio=1.0 caller= android.view.SyncRtSurfaceTransactionApplier.applyTransaction:100 android.view.SyncRtSurfaceTransactionApplier.lambda$scheduleApply$0:73 android.view.SyncRtSurfaceTransactionApplier.$r8$lambda$afI4fXg3U3-nBZQEDQMiNy-B06s:0 
11-23 20:56:25.111  8444  8526 I VRI[MainActivity]@8e53a52: mWNT: t=0xb400007c8dc17250 mBlastBufferQueue=0xb400007adda683b0 fn= 1051 HdrRenderState mRenderHdrSdrRatio=1.0 caller= android.view.SyncRtSurfaceTransactionApplier.applyTransaction:100 android.view.SyncRtSurfaceTransactionApplier.lambda$scheduleApply$0:73 android.view.SyncRtSurfaceTransactionApplier.$r8$lambda$afI4fXg3U3-nBZQEDQMiNy-B06s:0 
11-23 20:56:25.119  8444  8524 I VRI[MainActivity]@8e53a52: mWNT: t=0xb400007c8dc3a090 mBlastBufferQueue=0xb400007adda683b0 fn= 1052 HdrRenderState mRenderHdrSdrRatio=1.0 caller= android.view.SyncRtSurfaceTransactionApplier.applyTransaction:100 android.view.SyncRtSurfaceTransactionApplier.lambda$scheduleApply$0:73 android.view.SyncRtSurfaceTransactionApplier.$r8$lambda$afI4fXg3U3-nBZQEDQMiNy-B06s:0 
11-23 20:56:25.127  8444  8526 I VRI[MainActivity]@8e53a52: mWNT: t=0xb400007c8dc73050 mBlastBufferQueue=0xb400007adda683b0 fn= 1053 HdrRenderState mRenderHdrSdrRatio=1.0 caller= android.view.SyncRtSurfaceTransactionApplier.applyTransaction:100 android.view.SyncRtSurfaceTransactionApplier.lambda$scheduleApply$0:73 android.view.SyncRtSurfaceTransactionApplier.$r8$lambda$afI4fXg3U3-nBZQEDQMiNy-B06s:0 
11-23 20:56:25.135  8444  8524 I VRI[MainActivity]@8e53a52: mWNT: t=0xb400007c8dc9a650 mBlastBufferQueue=0xb400007adda683b0 fn= 1054 HdrRenderState mRenderHdrSdrRatio=1.0 caller= android.view.SyncRtSurfaceTransactionApplier.applyTransaction:100 android.view.SyncRtSurfaceTransactionApplier.lambda$scheduleApply$0:73 android.view.SyncRtSurfaceTransactionApplier.$r8$lambda$afI4fXg3U3-nBZQEDQMiNy-B06s:0 
11-23 20:56:25.145  8444  8526 I VRI[MainActivity]@8e53a52: mWNT: t=0xb400007c8dc74fd0 mBlastBufferQueue=0xb400007adda683b0 fn= 1055 HdrRenderState mRenderHdrSdrRatio=1.0 caller= android.view.SyncRtSurfaceTransactionApplier.applyTransaction:100 android.view.SyncRtSurfaceTransactionApplier.lambda$scheduleApply$0:73 android.view.SyncRtSurfaceTransactionApplier.$r8$lambda$afI4fXg3U3-nBZQEDQMiNy-B06s:0 
11-23 20:56:25.152  8444  8524 I VRI[MainActivity]@8e53a52: mWNT: t=0xb400007c8db26850 mBlastBufferQueue=0xb400007adda683b0 fn= 1056 HdrRenderState mRenderHdrSdrRatio=1.0 caller= android.view.SyncRtSurfaceTransactionApplier.applyTransaction:100 android.view.SyncRtSurfaceTransactionApplier.lambda$scheduleApply$0:73 android.view.SyncRtSurfaceTransactionApplier.$r8$lambda$afI4fXg3U3-nBZQEDQMiNy-B06s:0 
11-23 20:56:25.162  8444  8526 I VRI[MainActivity]@8e53a52: mWNT: t=0xb400007c8dc00b90 mBlastBufferQueue=0xb400007adda683b0 fn= 1057 HdrRenderState mRenderHdrSdrRatio=1.0 caller= android.view.SyncRtSurfaceTransactionApplier.applyTransaction:100 android.view.SyncRtSurfaceTransactionApplier.lambda$scheduleApply$0:73 android.view.SyncRtSurfaceTransactionApplier.$r8$lambda$afI4fXg3U3-nBZQEDQMiNy-B06s:0 
11-23 20:56:25.171  8444  8524 I VRI[MainActivity]@8e53a52: mWNT: t=0xb400007c8dbb1350 mBlastBufferQueue=0xb400007adda683b0 fn= 1058 HdrRenderState mRenderHdrSdrRatio=1.0 caller= android.view.SyncRtSurfaceTransactionApplier.applyTransaction:100 android.view.SyncRtSurfaceTransactionApplier.lambda$scheduleApply$0:73 android.view.SyncRtSurfaceTransactionApplier.$r8$lambda$afI4fXg3U3-nBZQEDQMiNy-B06s:0 
11-23 20:56:25.177  8444  8526 I VRI[MainActivity]@8e53a52: mWNT: t=0xb400007c8dcb0290 mBlastBufferQueue=0xb400007adda683b0 fn= 1059 HdrRenderState mRenderHdrSdrRatio=1.0 caller= android.view.SyncRtSurfaceTransactionApplier.applyTransaction:100 android.view.SyncRtSurfaceTransactionApplier.lambda$scheduleApply$0:73 android.view.SyncRtSurfaceTransactionApplier.$r8$lambda$afI4fXg3U3-nBZQEDQMiNy-B06s:0 
11-23 20:56:25.187  8444  8524 I VRI[MainActivity]@8e53a52: mWNT: t=0xb400007c8dc859d0 mBlastBufferQueue=0xb400007adda683b0 fn= 1060 HdrRenderState mRenderHdrSdrRatio=1.0 caller= android.view.SyncRtSurfaceTransactionApplier.applyTransaction:100 android.view.SyncRtSurfaceTransactionApplier.lambda$scheduleApply$0:73 android.view.SyncRtSurfaceTransactionApplier.$r8$lambda$afI4fXg3U3-nBZQEDQMiNy-B06s:0 
11-23 20:56:25.195  8444  8526 I VRI[MainActivity]@8e53a52: mWNT: t=0xb400007c8dcc5990 mBlastBufferQueue=0xb400007adda683b0 fn= 1061 HdrRenderState mRenderHdrSdrRatio=1.0 caller= android.view.SyncRtSurfaceTransactionApplier.applyTransaction:100 android.view.SyncRtSurfaceTransactionApplier.lambda$scheduleApply$0:73 android.view.SyncRtSurfaceTransactionApplier.$r8$lambda$afI4fXg3U3-nBZQEDQMiNy-B06s:0 
11-23 20:56:25.207  8444  8524 I VRI[MainActivity]@8e53a52: mWNT: t=0xb400007c8dd00c50 mBlastBufferQueue=0xb400007adda683b0 fn= 1062 HdrRenderState mRenderHdrSdrRatio=1.0 caller= android.view.SyncRtSurfaceTransactionApplier.applyTransaction:100 android.view.SyncRtSurfaceTransactionApplier.lambda$scheduleApply$0:73 android.view.SyncRtSurfaceTransactionApplier.$r8$lambda$afI4fXg3U3-nBZQEDQMiNy-B06s:0 
11-23 20:56:25.211  8444  8526 I VRI[MainActivity]@8e53a52: mWNT: t=0xb400007c8dc48b10 mBlastBufferQueue=0xb400007adda683b0 fn= 1063 HdrRenderState mRenderHdrSdrRatio=1.0 caller= android.view.SyncRtSurfaceTransactionApplier.applyTransaction:100 android.view.SyncRtSurfaceTransactionApplier.lambda$scheduleApply$0:73 android.view.SyncRtSurfaceTransactionApplier.$r8$lambda$afI4fXg3U3-nBZQEDQMiNy-B06s:0 
11-23 20:56:25.220  8444  8524 I VRI[MainActivity]@8e53a52: mWNT: t=0xb400007c8dc72cd0 mBlastBufferQueue=0xb400007adda683b0 fn= 1064 HdrRenderState mRenderHdrSdrRatio=1.0 caller= android.view.SyncRtSurfaceTransactionApplier.applyTransaction:100 android.view.SyncRtSurfaceTransactionApplier.lambda$scheduleApply$0:73 android.view.SyncRtSurfaceTransactionApplier.$r8$lambda$afI4fXg3U3-nBZQEDQMiNy-B06s:0 
11-23 20:56:25.228  8444  8526 I VRI[MainActivity]@8e53a52: mWNT: t=0xb400007c8dcc4490 mBlastBufferQueue=0xb400007adda683b0 fn= 1065 HdrRenderState mRenderHdrSdrRatio=1.0 caller= android.view.SyncRtSurfaceTransactionApplier.applyTransaction:100 android.view.SyncRtSurfaceTransactionApplier.lambda$scheduleApply$0:73 android.view.SyncRtSurfaceTransactionApplier.$r8$lambda$afI4fXg3U3-nBZQEDQMiNy-B06s:0 
11-23 20:56:25.236  8444  8524 I VRI[MainActivity]@8e53a52: mWNT: t=0xb400007c8dc2b290 mBlastBufferQueue=0xb400007adda683b0 fn= 1066 HdrRenderState mRenderHdrSdrRatio=1.0 caller= android.view.SyncRtSurfaceTransactionApplier.applyTransaction:100 android.view.SyncRtSurfaceTransactionApplier.lambda$scheduleApply$0:73 android.view.SyncRtSurfaceTransactionApplier.$r8$lambda$afI4fXg3U3-nBZQEDQMiNy-B06s:0 
11-23 20:56:25.245  8444  8526 I VRI[MainActivity]@8e53a52: mWNT: t=0xb400007c8dc97390 mBlastBufferQueue=0xb400007adda683b0 fn= 1067 HdrRenderState mRenderHdrSdrRatio=1.0 caller= android.view.SyncRtSurfaceTransactionApplier.applyTransaction:100 android.view.SyncRtSurfaceTransactionApplier.lambda$scheduleApply$0:73 android.view.SyncRtSurfaceTransactionApplier.$r8$lambda$afI4fXg3U3-nBZQEDQMiNy-B06s:0 
11-23 20:56:25.249  8444  8444 I InsetsController: cancelAnimation: types=ime, animType=0, host=dev.souschef.app/dev.souschef.app.MainActivity, from=android.view.InsetsController.notifyFinished:2006 android.view.InsetsAnimationControlImpl.applyChangeInsets:335 android.view.InsetsController.lambda$new$3:957 
11-23 20:56:25.250  8444  8444 I ImeTracker: com.google.android.inputmethod.latin:e69cb1: onShown
11-23 20:56:25.254  8444  8524 I VRI[MainActivity]@8e53a52: mWNT: t=0xb400007c8dd27450 mBlastBufferQueue=0xb400007adda683b0 fn= 1068 HdrRenderState mRenderHdrSdrRatio=1.0 caller= android.view.SyncRtSurfaceTransactionApplier.applyTransaction:100 android.view.SyncRtSurfaceTransactionApplier.lambda$scheduleApply$0:73 android.view.SyncRtSurfaceTransactionApplier.$r8$lambda$afI4fXg3U3-nBZQEDQMiNy-B06s:0 
11-23 20:56:25.511  8444  8495 D DetoxWSClient: Received action 'invoke' (ID #53, params={"target":{"type":"Class","value":"com.wix.detox.espresso.EspressoDetox"},"method":"perform","args":[{"type":"Invocation","value":{"target":{"type":"Class","value":"com.wix.detox.espresso.DetoxMatcher"},"method":"matcherForTestId","args":["add-pantry-item-unit-picker",{"type":"boolean","value":false}]}},{"type":"Invocation","value":{"target":{"type":"Class","value":"androidx.test.espresso.action.ViewActions"},"method":"clearText","args":[]}}]})
11-23 20:56:25.511  8444  8489 I DetoxDispatcher: Handling action 'invoke' (ID #53)...
11-23 20:56:25.512  8444  8489 D Detox   : class com.wix.detox.espresso.DetoxMatcher, matcherForTestId, [add-pantry-item-unit-picker, false]
11-23 20:56:25.514  8444  8489 D Detox   : class androidx.test.espresso.action.ViewActions, clearText, []
11-23 20:56:25.514  8444  8489 D Detox   : class com.wix.detox.espresso.EspressoDetox, perform, [(view.getTag() is "add-pantry-item-unit-picker" and view has effective visibility <VISIBLE>), androidx.test.espresso.action.ReplaceTextAction@a11b91f]
11-23 20:56:25.519  8444  8444 I ViewInteraction: Performing 'replace text()' action on view (view.getTag() is "add-pantry-item-unit-picker" and view has effective visibility <VISIBLE>)
11-23 20:56:25.527  8444  8489 I DetoxWSClient: Sending out action 'invokeResult' (ID #53)
11-23 20:56:25.529  8444  8489 I DetoxDispatcher: Done with action 'invoke'
11-23 20:56:25.531  8444  8495 D DetoxWSClient: Received action 'invoke' (ID #54, params={"target":{"type":"Class","value":"com.wix.detox.espresso.EspressoDetox"},"method":"perform","args":[{"type":"Invocation","value":{"target":{"type":"Class","value":"com.wix.detox.espresso.DetoxMatcher"},"method":"matcherForTestId","args":["add-pantry-item-unit-picker",{"type":"boolean","value":false}]}},{"type":"Invocation","value":{"target":{"type":"Class","value":"com.wix.detox.espresso.DetoxViewActions"},"method":"typeText","args":["ct"]}}]})
11-23 20:56:25.532  8444  8489 I DetoxDispatcher: Handling action 'invoke' (ID #54)...
11-23 20:56:25.532  8444  8489 D Detox   : class com.wix.detox.espresso.DetoxMatcher, matcherForTestId, [add-pantry-item-unit-picker, false]
11-23 20:56:25.533  8444  8489 D Detox   : class com.wix.detox.espresso.DetoxViewActions, typeText, [ct]
11-23 20:56:25.534  8444  8489 D Detox   : class com.wix.detox.espresso.EspressoDetox, perform, [(view.getTag() is "add-pantry-item-unit-picker" and view has effective visibility <VISIBLE>), com.wix.detox.espresso.action.DetoxTypeTextAction@c7d6d22]
11-23 20:56:25.538  8444  8444 I ViewInteraction: Performing 'Click to focus & type text (ct)' action on view (view.getTag() is "add-pantry-item-unit-picker" and view has effective visibility <VISIBLE>)
11-23 20:56:25.688  8444  8444 W RemoteInputConnectionImpl: commitText on inactive InputConnection
11-23 20:56:26.057  8444  8444 D UiControllerImpl: Injecting string: "ct"
11-23 20:56:26.083  8444  8444 I VRI[MainActivity]@8e53a52: The input has been finished in ImeInputStage.
11-23 20:56:26.083  8444  8444 W RemoteInputConnectionImpl: commitText on inactive InputConnection
11-23 20:56:26.088  8444  8444 I VRI[MainActivity]@8e53a52: ViewPostIme key 1
11-23 20:56:26.095  8444  8444 I VRI[MainActivity]@8e53a52: The input has been finished in ImeInputStage.
11-23 20:56:26.096  8444  8444 W RemoteInputConnectionImpl: commitText on inactive InputConnection
11-23 20:56:26.100  8444  8444 I VRI[MainActivity]@8e53a52: ViewPostIme key 1
11-23 20:56:26.102  8444  8489 I DetoxWSClient: Sending out action 'invokeResult' (ID #54)
11-23 20:56:26.102  8444  8489 I DetoxDispatcher: Done with action 'invoke'
11-23 20:56:26.610  8444  8495 D DetoxWSClient: Received action 'invoke' (ID #55, params={"target":{"type":"Class","value":"com.wix.detox.espresso.EspressoDetox"},"method":"perform","args":[{"type":"Invocation","value":{"target":{"type":"Class","value":"com.wix.detox.espresso.DetoxMatcher"},"method":"matcherForTestId","args":["add-pantry-item-unit-picker",{"type":"boolean","value":false}]}},{"type":"Invocation","value":{"target":{"type":"Class","value":"com.wix.detox.espresso.DetoxViewActions"},"method":"typeText","args":["\n"]}}]})
11-23 20:56:26.610  8444  8489 I DetoxDispatcher: Handling action 'invoke' (ID #55)...
11-23 20:56:26.611  8444  8489 D Detox   : class com.wix.detox.espresso.DetoxMatcher, matcherForTestId, [add-pantry-item-unit-picker, false]
11-23 20:56:26.613  8444  8489 D Detox   : class com.wix.detox.espresso.DetoxViewActions, typeText, [
11-23 20:56:26.613  8444  8489 D Detox   : ]
11-23 20:56:26.613  8444  8489 D Detox   : class com.wix.detox.espresso.EspressoDetox, perform, [(view.getTag() is "add-pantry-item-unit-picker" and view has effective visibility <VISIBLE>), com.wix.detox.espresso.action.DetoxTypeTextAction@2f403b3]
11-23 20:56:26.619  8444  8444 I ViewInteraction: Performing 'Click to focus & type text (
11-23 20:56:26.619  8444  8444 I ViewInteraction: )' action on view (view.getTag() is "add-pantry-item-unit-picker" and view has effective visibility <VISIBLE>)
11-23 20:56:26.783  8444  8444 W RemoteInputConnectionImpl: commitText on inactive InputConnection
11-23 20:56:27.151  8444  8444 D UiControllerImpl: Injecting string: "
11-23 20:56:27.151  8444  8444 D UiControllerImpl: "
11-23 20:56:27.301  8444  8444 I VRI[MainActivity]@8e53a52: The input has been finished in ImeInputStage.
11-23 20:56:27.301  8444  8444 W RemoteInputConnectionImpl: sendKeyEvent on inactive InputConnection
11-23 20:56:27.308  8444  8444 I VRI[MainActivity]@8e53a52: call setFrameRateCategory for touch hint category=no preference, reason=boost timeout, vri=VRI[MainActivity]@8e53a52
11-23 20:56:27.316  8444  8444 I VRI[MainActivity]@8e53a52: ViewPostIme key 1
11-23 20:56:27.320  8444  8489 I DetoxWSClient: Sending out action 'invokeResult' (ID #55)
11-23 20:56:27.321  8444  8489 I DetoxDispatcher: Done with action 'invoke'
11-23 20:56:27.829  8444  8495 D DetoxWSClient: Received action 'invoke' (ID #56, params={"target":{"type":"Class","value":"com.wix.detox.espresso.EspressoDetox"},"method":"perform","args":[{"type":"Invocation","value":{"target":{"type":"Class","value":"com.wix.detox.espresso.DetoxMatcher"},"method":"matcherForTestId","args":["add-pantry-item-submit-button",{"type":"boolean","value":false}]}},{"type":"Invocation","value":{"target":{"type":"Class","value":"com.wix.detox.espresso.DetoxViewActions"},"method":"click","args":[]}}]})
11-23 20:56:27.831  8444  8489 I DetoxDispatcher: Handling action 'invoke' (ID #56)...
11-23 20:56:27.831  8444  8489 D Detox   : class com.wix.detox.espresso.DetoxMatcher, matcherForTestId, [add-pantry-item-submit-button, false]
11-23 20:56:27.833  8444  8489 D Detox   : class com.wix.detox.espresso.DetoxViewActions, click, []
11-23 20:56:27.833  8444  8489 D Detox   : class com.wix.detox.espresso.EspressoDetox, perform, [(view.getTag() is "add-pantry-item-submit-button" and view has effective visibility <VISIBLE>), com.wix.detox.espresso.action.RNClickAction@a784d70]
11-23 20:56:27.838  8444  8444 I ViewInteraction: Performing 'com.wix.detox.espresso.action.detoxsingletap@17148e9 click' action on view (view.getTag() is "add-pantry-item-submit-button" and view has effective visibility <VISIBLE>)
11-23 20:56:27.844  8444  8444 I VRI[MainActivity]@8e53a52: ViewPostIme pointer 0
11-23 20:56:27.856  8444  8444 I VRI[MainActivity]@8e53a52: call setFrameRateCategory for touch hint category=high hint, reason=touch, vri=VRI[MainActivity]@8e53a52
11-23 20:56:27.877  8444  8444 I VRI[MainActivity]@8e53a52: ViewPostIme pointer 1
11-23 20:56:27.960  8444  8444 I Dialog  : mIsDeviceDefault = false, mIsSamsungBasicInteraction = false, isMetaDataInActivity = false
11-23 20:56:27.968  8444  8444 I DecorView: setWindowBackground: isPopOver=false color=fff1f1f3 d=android.graphics.drawable.InsetDrawable@d287a2a
11-23 20:56:27.992  8444  8444 D ScrollView: initGoToTop
11-23 20:56:28.003  8444  8444 I WindowManager: WindowManagerGlobal#addView, ty=2, view=com.android.internal.policy.DecorView{59fbce8 V.E...... R.....I. 0,0-0,0}[MainActivity], caller=android.view.WindowManagerImpl.addView:158 android.app.Dialog.show:540 androidx.fragment.app.DialogFragment.onStart:988 
11-23 20:56:28.004  8444  8444 D ViewRootImpl: desktopMode is false
11-23 20:56:28.005  8444  8444 I ViewRootImpl: dVRR is disabled
11-23 20:56:28.005  8444  8506 D NativeCustomFrequencyManager: [NativeCFMS] BpCustomFrequencyManager::BpCustomFrequencyManager()
11-23 20:56:28.019  8444  8444 D InputTransport: Input channel constructed: '3dd88c5', fd=206
11-23 20:56:28.020  8444  8444 I InsetsController: onStateChanged: host=dev.souschef.app/dev.souschef.app.MainActivity, from=android.view.ViewRootImpl.onInsetsStateChanged:3026, state=InsetsState: {mDisplayFrame=Rect(0, 0 - 1440, 3088), mDisplayCutout=DisplayCutout{insets=Rect(0, 100 - 0, 0) waterfall=Insets{left=0, top=0, right=0, bottom=0} boundingRect={Bounds=[Rect(0, 0 - 0, 0), Rect(683, 0 - 758, 100), Rect(0, 0 - 0, 0), Rect(0, 0 - 0, 0)]} cutoutPathParserInfo={CutoutPathParserInfo{displayWidth=1440 displayHeight=3088 physicalDisplayWidth=1440 physicalDisplayHeight=3088 density={3.75} cutoutSpec={M 0,0 H -10 V 26.66666666666667 H 10 V 0 H 0 Z @dp} rotation={0} scale={1.0} physicalPixelDisplaySizeRatio={1.0}}} sideOverrides={}}, mRoundedCorners=RoundedCorners{[RoundedCorner{position=TopLeft, radius=15, center=Point(15, 15)}, RoundedCorner{position=TopRight, radius=15, center=Point(1425, 15)}, RoundedCorner{position=BottomRight, radius=15, center=Point(1425, 3073)}, RoundedCorner{position=BottomLeft, radius=15, center=Point(15, 3073)}]}  mRoundedCornerFrame=Rect(0, 0 - 1440, 3088), mPrivacyIndicatorBounds=PrivacyIndicatorBounds {static bounds=Rect(1275, 0 - 1440, 100) rotation=0}, mDisplayShape=DisplayShape{ spec=-311912193 displayWidth=1440 displayHeight=3088 physicalPixelDisplaySizeRatio=1.0 rotation=0 offsetX=0 offsetY=0 scale=1.0}, mSources= { InsetsSource: {b11d0001 mType=navigationBars mFrame=[0,3032][1440,3088] mVisible=true mFlags=SUPPRESS_SCRIM mSideHint=BOTTOM mBoundingRects=null}, InsetsSource: {b11d0004 mType=systemGestures mFrame=[0,0][84,3088] mVisible=true mFlags= mSideHint=LEFT mBoundingRects=null}, InsetsSource: {b11d0005 mType=mandatorySystemGestures mFrame=[0,2968][1440,3088] mVisible=true mFlags= mSideHint=BOTTOM mBoundingRects=null}, InsetsSource: {b11d0006 mType=tappableElement mFrame=[0,0][0,0] mVisible=true mFlags= mSideHint=NONE mBoundingRects=null}, InsetsSource: {b11d0024 mType=systemGestures mFrame=[1356,0][1440,3088] mVisible=true mFlags= mSideHint=RIGHT mBoundingRects=null}, InsetsSource: {ecac0000 mType=statusBars mFrame=[0,0][1440,100] mVisible=true mFlags= mSideHint=TOP mBoundingRects=null}, InsetsSource: {ecac0005 mType=mandatorySystemGestures mFrame=[0,0][1440,145] mVisible=true mFlags= mSideHint=TOP mBoundingRects=null}, InsetsSource: {ecac0006 mType=tappableElement mFrame=[0,0][1440,100] mVisible=true mFlags= mSideHint=TOP mBoundingRects=null}, InsetsSource: {27 mType=displayCutout mFrame=[0,0][1440,100] mVisible=true mFlags= mSideHint=TOP mBoundingRects=null} }
11-23 20:56:28.020  8444  8444 I VRI[MainActivity]@4024f01: synced displayState. AttachInfo displayState=2
11-23 20:56:28.028  8444  8444 I VRI[MainActivity]@4024f01: setView = com.android.internal.policy.DecorView@59fbce8 IsHRR=false mFlingFrameRateChange=0 TM=true
11-23 20:56:28.084  8444  8444 I InsetsSourceConsumer: applyRequestedVisibilityToControl: visible=true, type=statusBars, host=dev.souschef.app/dev.souschef.app.MainActivity
11-23 20:56:28.085  8444  8444 W libc    : Access denied finding property "vendor.display.enable_optimal_refresh_rate"
11-23 20:56:28.085  8444  8444 I BufferQueueProducer: [](id:20fc00000008,api:0,p:0,c:8444) setDequeueTimeout:2077252342
11-23 20:56:28.086  8444  8444 I BLASTBufferQueue_Java: new BLASTBufferQueue, mName= VRI[MainActivity]@4024f01 mNativeObject= 0xb400007addd60300 caller= android.view.ViewRootImpl.updateBlastSurfaceIfNeeded:3585 android.view.ViewRootImpl.relayoutWindow:11685 android.view.ViewRootImpl.performTraversals:4804 android.view.ViewRootImpl.doTraversal:3924 android.view.ViewRootImpl$TraversalRunnable.run:12903 android.view.Choreographer$CallbackRecord.run:1901 android.view.Choreographer$CallbackRecord.run:1910 android.view.Choreographer.doCallbacks:1367 android.view.Choreographer.doFrame:1292 android.view.Choreographer$FrameDisplayEventReceiver.run:1870 
11-23 20:56:28.086  8444  8444 I BLASTBufferQueue_Java: update, w= 1608 h= 962 mName = VRI[MainActivity]@4024f01 mNativeObject= 0xb400007addd60300 sc.mNativeObject= 0xb400007b7dac8f90 format= -3 caller= android.view.ViewRootImpl.updateBlastSurfaceIfNeeded:3590 android.view.ViewRootImpl.relayoutWindow:11685 android.view.ViewRootImpl.performTraversals:4804 android.view.ViewRootImpl.doTraversal:3924 android.view.ViewRootImpl$TraversalRunnable.run:12903 android.view.Choreographer$CallbackRecord.run:1901 
11-23 20:56:28.086  8444  8444 W libc    : Access denied finding property "vendor.display.enable_optimal_refresh_rate"
11-23 20:56:28.087  8444  8444 I VRI[MainActivity]@4024f01: Relayout returned: old=(0,100,1440,3032) new=(36,1205,1404,1927) relayoutAsync=false req=(1368,722)0 dur=12 res=0x3 s={true 0xb400007beddab670} ch=true seqId=0
11-23 20:56:28.087  8444  8444 I VRI[MainActivity]@4024f01: performConfigurationChange setNightDimText nightDimLevel=0
11-23 20:56:28.089  8444  8444 D VRI[MainActivity]@4024f01: mThreadedRenderer.initialize() mSurface={isValid=true 0xb400007beddab670} hwInitialized=true
11-23 20:56:28.091  8444  8444 D ScrollView:  onsize change changed 
11-23 20:56:28.092  8444  8444 D VRI[MainActivity]@4024f01: reportNextDraw android.view.ViewRootImpl.performTraversals:5443 android.view.ViewRootImpl.doTraversal:3924 android.view.ViewRootImpl$TraversalRunnable.run:12903 android.view.Choreographer$CallbackRecord.run:1901 android.view.Choreographer$CallbackRecord.run:1910 
11-23 20:56:28.092  8444  8444 D VRI[MainActivity]@4024f01: Setup new sync=wmsSync-VRI[MainActivity]@4024f01#26
11-23 20:56:28.092  8444  8444 I VRI[MainActivity]@4024f01: Creating new active sync group VRI[MainActivity]@4024f01#27
11-23 20:56:28.094  8444  8444 D VRI[MainActivity]@4024f01: registerCallbacksForSync syncBuffer=false
11-23 20:56:28.099  8444  8526 D VRI[MainActivity]@4024f01: Received frameDrawingCallback syncResult=0 frameNum=1.
11-23 20:56:28.102  8444  8526 I VRI[MainActivity]@4024f01: mWNT: t=0xb400007c8dc75dd0 mBlastBufferQueue=0xb400007addd60300 fn= 1 HdrRenderState mRenderHdrSdrRatio=1.0 caller= android.view.ViewRootImpl$12.onFrameDraw:15441 android.view.ThreadedRenderer$1.onFrameDraw:718 <bottom of call stack> 
11-23 20:56:28.102  8444  8526 I VRI[MainActivity]@4024f01: Setting up sync and frameCommitCallback
11-23 20:56:28.104  8444  8506 I BLASTBufferQueue: [VRI[MainActivity]@4024f01#8](f:0,a:0,s:0) onFrameAvailable the first frame is available
11-23 20:56:28.104  8444  8506 I SurfaceComposerClient: apply transaction with the first frame. layerId: 57766, bufferData(ID: 36266703847457, frameNumber: 1)
11-23 20:56:28.105  8444  8506 I VRI[MainActivity]@4024f01: Received frameCommittedCallback lastAttemptedDrawFrameNum=1 didProduceBuffer=true
11-23 20:56:28.106  8444  8506 D HWUI    : CFMS:: SetUp Pid : 8444    Tid : 8506
11-23 20:56:28.107  8444  8444 D VRI[MainActivity]@4024f01: reportDrawFinished seqId=0
11-23 20:56:28.113  8444  8506 D HWUI    : HWUI - treat SMPTE_170M as sRGB
11-23 20:56:28.118  8444  8444 I ImeTracker: system_server:b7257ba: onCancelled at PHASE_CLIENT_ON_CONTROLS_CHANGED
11-23 20:56:28.153  8444  8444 I ImeFocusController: onPreWindowFocus: skipped hasWindowFocus=false mHasImeFocus=true
11-23 20:56:28.154  8444  8444 I ImeFocusController: onPostWindowFocus: skipped hasWindowFocus=false mHasImeFocus=true
11-23 20:56:28.163  8444  8444 D VRI[MainActivity]@4024f01: mThreadedRenderer.initializeIfNeeded()#2 mSurface={isValid=true 0xb400007beddab670}
11-23 20:56:28.163  8444  8444 I ImeFocusController: onPreWindowFocus: skipped hasWindowFocus=true mHasImeFocus=false
11-23 20:56:28.163  8444  8444 I ImeFocusController: onPostWindowFocus: skipped hasWindowFocus=true mHasImeFocus=false
11-23 20:56:28.257  8444  8489 I DetoxWSClient: Sending out action 'invokeResult' (ID #56)
11-23 20:56:28.257  8444  8489 I DetoxDispatcher: Done with action 'invoke'
11-23 20:56:28.264  8444  8495 D DetoxWSClient: Received action 'invoke' (ID #57, params={"target":{"type":"Class","value":"com.wix.detox.espresso.DetoxAssertion"},"method":"assertMatcher","args":[{"type":"Invocation","value":{"target":{"type":"Class","value":"androidx.test.espresso.Espresso"},"method":"onView","args":[{"type":"Invocation","value":{"target":{"type":"Class","value":"com.wix.detox.espresso.DetoxMatcher"},"method":"matcherForTestId","args":["add-pantry-item-submit-button",{"type":"boolean","value":false}]}}]}},{"type":"Invocation","value":{"target":{"type":"Class","value":"com.wix.detox.espresso.DetoxMatcher"},"method":"matcherForSufficientlyVisible","args":[{"type":"Integer","value":75}]}}]})
11-23 20:56:28.265  8444  8489 I DetoxDispatcher: Handling action 'invoke' (ID #57)...
11-23 20:56:28.265  8444  8489 D Detox   : class com.wix.detox.espresso.DetoxMatcher, matcherForTestId, [add-pantry-item-submit-button, false]
11-23 20:56:28.271  8444  8489 D Detox   : class androidx.test.espresso.Espresso, onView, [(view.getTag() is "add-pantry-item-submit-button" and view has effective visibility <VISIBLE>)]
11-23 20:56:28.274  8444  8489 D Detox   : class com.wix.detox.espresso.DetoxMatcher, matcherForSufficientlyVisible, [75]
11-23 20:56:28.275  8444  8489 D Detox   : class com.wix.detox.espresso.DetoxAssertion, assertMatcher, [androidx.test.espresso.ViewInteraction@13b1c4e, (view has effective visibility <VISIBLE> and view.getGlobalVisibleRect() covers at least <75> percent of the view's area)]
11-23 20:56:28.297  8444  8444 I ViewInteraction: Checking 'MatchesViewAssertion(Detox){viewMatcher=(view has effective visibility <VISIBLE> and view.getGlobalVisibleRect() covers at least <75> percent of the view's area)}' assertion on view (view.getTag() is "add-pantry-item-submit-button" and view has effective visibility <VISIBLE>)
11-23 20:56:28.299  8444  8489 I DetoxActionHandlers: Test exception
11-23 20:56:28.299  8444  8489 I DetoxActionHandlers: java.lang.reflect.InvocationTargetException
11-23 20:56:28.299  8444  8489 I DetoxActionHandlers: 	at java.lang.reflect.Method.invoke(Native Method)
11-23 20:56:28.299  8444  8489 I DetoxActionHandlers: 	at org.apache.commons.lang3.reflect.MethodUtils.invokeStaticMethod(MethodUtils.java:443)
11-23 20:56:28.299  8444  8489 I DetoxActionHandlers: 	at org.apache.commons.lang3.reflect.MethodUtils.invokeStaticMethod(MethodUtils.java:405)
11-23 20:56:28.299  8444  8489 I DetoxActionHandlers: 	at com.wix.invoke.types.ClassTarget.execute(ClassTarget.java:23)
11-23 20:56:28.299  8444  8489 I DetoxActionHandlers: 	at com.wix.invoke.types.Target.invoke(Target.java:59)
11-23 20:56:28.299  8444  8489 I DetoxActionHandlers: 	at com.wix.invoke.MethodInvocation.invoke(MethodInvocation.java:35)
11-23 20:56:28.299  8444  8489 I DetoxActionHandlers: 	at com.wix.invoke.MethodInvocation.invoke(MethodInvocation.java:26)
11-23 20:56:28.299  8444  8489 I DetoxActionHandlers: 	at com.wix.invoke.MethodInvocation.invoke(MethodInvocation.java:20)
11-23 20:56:28.299  8444  8489 I DetoxActionHandlers: 	at com.wix.detox.adapters.server.InvokeActionHandler.handle(DetoxActionHandlers.kt:54)
11-23 20:56:28.299  8444  8489 I DetoxActionHandlers: 	at com.wix.detox.adapters.server.ActionsExecutor.executeAction$lambda$2$lambda$1(DetoxActionsDispatcher.kt:76)
11-23 20:56:28.299  8444  8489 I DetoxActionHandlers: 	at com.wix.detox.adapters.server.ActionsExecutor.$r8$lambda$GVbB7LHtBHxNHGbgYnHJ6YrwCqs(Unknown Source:0)
11-23 20:56:28.299  8444  8489 I DetoxActionHandlers: 	at com.wix.detox.adapters.server.ActionsExecutor$$ExternalSyntheticLambda0.run(D8$$SyntheticClass:0)
11-23 20:56:28.299  8444  8489 I DetoxActionHandlers: 	at android.os.Handler.handleCallback(Handler.java:995)
11-23 20:56:28.299  8444  8489 I DetoxActionHandlers: 	at android.os.Handler.dispatchMessage(Handler.java:103)
11-23 20:56:28.299  8444  8489 I DetoxActionHandlers: 	at android.os.Looper.loopOnce(Looper.java:273)
11-23 20:56:28.299  8444  8489 I DetoxActionHandlers: 	at android.os.Looper.loop(Looper.java:363)
11-23 20:56:28.299  8444  8489 I DetoxActionHandlers: 	at com.wix.detox.adapters.server.ActionsExecutor._init_$lambda$0(DetoxActionsDispatcher.kt:62)
11-23 20:56:28.299  8444  8489 I DetoxActionHandlers: 	at com.wix.detox.adapters.server.ActionsExecutor.$r8$lambda$xlgL0CQim6vNM0wWEqM8JIDgZUE(Unknown Source:0)
11-23 20:56:28.299  8444  8489 I DetoxActionHandlers: 	at com.wix.detox.adapters.server.ActionsExecutor$$ExternalSyntheticLambda1.run(D8$$SyntheticClass:0)
11-23 20:56:28.299  8444  8489 I DetoxActionHandlers: 	at java.lang.Thread.run(Thread.java:1119)
11-23 20:56:28.299  8444  8489 I DetoxActionHandlers: Caused by: junit.framework.AssertionFailedError: '(view has effective visibility <VISIBLE> and view.getGlobalVisibleRect() covers at least <75> percent of the view's area)' doesn't match the selected view.
11-23 20:56:28.299  8444  8489 I DetoxActionHandlers: Expected: (view has effective visibility <VISIBLE> and view.getGlobalVisibleRect() covers at least <75> percent of the view's area)
11-23 20:56:28.299  8444  8489 I DetoxActionHandlers:      Got: was null
11-23 20:56:28.299  8444  8489 I DetoxActionHandlers: 
11-23 20:56:28.299  8444  8489 I DetoxActionHandlers: 	at androidx.test.espresso.matcher.ViewMatchers.assertThat(ViewMatchers.java:620)
11-23 20:56:28.299  8444  8489 I DetoxActionHandlers: 	at com.wix.detox.espresso.assertion.ViewAssertions$MatchesViewAssertion.check(ViewAssertions.java:51)
11-23 20:56:28.299  8444  8489 I DetoxActionHandlers: 	at androidx.test.espresso.ViewInteraction$SingleExecutionVie