--------- beginning of main
11-23 21:04:35.008 12636 12636 I ViewInteraction: Checking 'MatchesViewAssertion(Detox){viewMatcher=(view has effective visibility <VISIBLE> and view.getGlobalVisibleRect() covers at least <75> percent of the view's area)}' assertion on view (view.getTag() is "pantry-screen" and view has effective visibility <VISIBLE>)
11-23 21:04:35.047 12636 12636 I ViewInteraction: Checking 'MatchesViewAssertion(Detox){viewMatcher=(view has effective visibility <VISIBLE> and view.getGlobalVisibleRect() covers at least <75> percent of the view's area)}' assertion on view (view.getTag() is "pantry-screen" and view has effective visibility <VISIBLE>)
11-23 21:04:35.086 12636 12636 I ViewInteraction: Checking 'MatchesViewAssertion(Detox){viewMatcher=(view has effective visibility <VISIBLE> and view.getGlobalVisibleRect() covers at least <75> percent of the view's area)}' assertion on view (view.getTag() is "pantry-screen" and view has effective visibility <VISIBLE>)
11-23 21:04:35.124 12636 12636 I ViewInteraction: Checking 'MatchesViewAssertion(Detox){viewMatcher=(view has effective visibility <VISIBLE> and view.getGlobalVisibleRect() covers at least <75> percent of the view's area)}' assertion on view (view.getTag() is "pantry-screen" and view has effective visibility <VISIBLE>)
11-23 21:04:35.163 12636 12636 I ViewInteraction: Checking 'MatchesViewAssertion(Detox){viewMatcher=(view has effective visibility <VISIBLE> and view.getGlobalVisibleRect() covers at least <75> percent of the view's area)}' assertion on view (view.getTag() is "pantry-screen" and view has effective visibility <VISIBLE>)
11-23 21:04:35.201 12636 12636 I ViewInteraction: Checking 'MatchesViewAssertion(Detox){viewMatcher=(view has effective visibility <VISIBLE> and view.getGlobalVisibleRect() covers at least <75> percent of the view's area)}' assertion on view (view.getTag() is "pantry-screen" and view has effective visibility <VISIBLE>)
11-23 21:04:35.238 12636 12636 I ViewInteraction: Checking 'MatchesViewAssertion(Detox){viewMatcher=(view has effective visibility <VISIBLE> and view.getGlobalVisibleRect() covers at least <75> percent of the view's area)}' assertion on view (view.getTag() is "pantry-screen" and view has effective visibility <VISIBLE>)
11-23 21:04:35.264 12636 12680 I DetoxActionHandlers: Test exception
11-23 21:04:35.264 12636 12680 I DetoxActionHandlers: java.lang.reflect.InvocationTargetException
11-23 21:04:35.264 12636 12680 I DetoxActionHandlers: 	at java.lang.reflect.Method.invoke(Native Method)
11-23 21:04:35.264 12636 12680 I DetoxActionHandlers: 	at org.apache.commons.lang3.reflect.MethodUtils.invokeStaticMethod(MethodUtils.java:443)
11-23 21:04:35.264 12636 12680 I DetoxActionHandlers: 	at org.apache.commons.lang3.reflect.MethodUtils.invokeStaticMethod(MethodUtils.java:405)
11-23 21:04:35.264 12636 12680 I DetoxActionHandlers: 	at com.wix.invoke.types.ClassTarget.execute(ClassTarget.java:23)
11-23 21:04:35.264 12636 12680 I DetoxActionHandlers: 	at com.wix.invoke.types.Target.invoke(Target.java:59)
11-23 21:04:35.264 12636 12680 I DetoxActionHandlers: 	at com.wix.invoke.MethodInvocation.invoke(MethodInvocation.java:35)
11-23 21:04:35.264 12636 12680 I DetoxActionHandlers: 	at com.wix.invoke.MethodInvocation.invoke(MethodInvocation.java:26)
11-23 21:04:35.264 12636 12680 I DetoxActionHandlers: 	at com.wix.invoke.MethodInvocation.invoke(MethodInvocation.java:20)
11-23 21:04:35.264 12636 12680 I DetoxActionHandlers: 	at com.wix.detox.adapters.server.InvokeActionHandler.handle(DetoxActionHandlers.kt:54)
11-23 21:04:35.264 12636 12680 I DetoxActionHandlers: 	at com.wix.detox.adapters.server.ActionsExecutor.executeAction$lambda$2$lambda$1(DetoxActionsDispatcher.kt:76)
11-23 21:04:35.264 12636 12680 I DetoxActionHandlers: 	at com.wix.detox.adapters.server.ActionsExecutor.$r8$lambda$GVbB7LHtBHxNHGbgYnHJ6YrwCqs(Unknown Source:0)
11-23 21:04:35.264 12636 12680 I DetoxActionHandlers: 	at com.wix.detox.adapters.server.ActionsExecutor$$ExternalSyntheticLambda0.run(D8$$SyntheticClass:0)
11-23 21:04:35.264 12636 12680 I DetoxActionHandlers: 	at android.os.Handler.handleCallback(Handler.java:995)
11-23 21:04:35.264 12636 12680 I DetoxActionHandlers: 	at android.os.Handler.dispatchMessage(Handler.java:103)
11-23 21:04:35.264 12636 12680 I DetoxActionHandlers: 	at android.os.Looper.loopOnce(Looper.java:273)
11-23 21:04:35.264 12636 12680 I DetoxActionHandlers: 	at android.os.Looper.loop(Looper.java:363)
11-23 21:04:35.264 12636 12680 I DetoxActionHandlers: 	at com.wix.detox.adapters.server.ActionsExecutor._init_$lambda$0(DetoxActionsDispatcher.kt:62)
11-23 21:04:35.264 12636 12680 I DetoxActionHandlers: 	at com.wix.detox.adapters.server.ActionsExecutor.$r8$lambda$xlgL0CQim6vNM0wWEqM8JIDgZUE(Unknown Source:0)
11-23 21:04:35.264 12636 12680 I DetoxActionHandlers: 	at com.wix.detox.adapters.server.ActionsExecutor$$ExternalSyntheticLambda1.run(D8$$SyntheticClass:0)
11-23 21:04:35.264 12636 12680 I DetoxActionHandlers: 	at java.lang.Thread.run(Thread.java:1119)
11-23 21:04:35.264 12636 12680 I DetoxActionHandlers: Caused by: com.wix.detox.common.DetoxErrors$DetoxRuntimeException: 5.0sec timeout expired without matching of given matcher: (view has effective visibility <VISIBLE> and view.getGlobalVisibleRect() covers at least <75> percent of the view's area)
11-23 21:04:35.264 12636 12680 I DetoxActionHandlers: 	at com.wix.detox.espresso.DetoxAssertion.waitForAssertMatcher(DetoxAssertion.java:72)
11-23 21:04:35.264 12636 12680 I DetoxActionHandlers: 	... 20 more
11-23 21:04:35.265 12636 12680 I DetoxWSClient: Sending out action 'testFailed' (ID #68)
11-23 21:04:35.266 12636 12680 I DetoxDispatcher: Done with action 'invoke'
11-23 21:04:35.678 12636 12684 D DetoxWSClient: Received action 'reactNativeReload' (ID #-1000, params={})
11-23 21:04:35.679 12636 12680 I DetoxDispatcher: Handling action 'reactNativeReload' (ID #-1000)...
11-23 21:04:35.684 12636 12680 I DetoxRNExt: Reloading React Native
11-23 21:04:35.686 12636 12707 W unknown:BridgelessReact: ReactHost{0}.getOrCreateReloadTask()
11-23 21:04:35.686 12636 12707 W unknown:BridgelessReact: ReactHost{0}.raiseSoftException(getOrCreateReloadTask()): Detox
11-23 21:04:35.687 12636 12707 E unknown:ReactHost: Unhandled SoftException
11-23 21:04:35.687 12636 12707 E unknown:ReactHost: com.facebook.react.bridge.ReactNoCrashSoftException: raiseSoftException(getOrCreateReloadTask()): Detox
11-23 21:04:35.687 12636 12707 E unknown:ReactHost: 	at com.facebook.react.runtime.ReactHostImpl.raiseSoftException(ReactHostImpl.kt:826)
11-23 21:04:35.687 12636 12707 E unknown:ReactHost: 	at com.facebook.react.runtime.ReactHostImpl.raiseSoftException$default(ReactHostImpl.kt:817)
11-23 21:04:35.687 12636 12707 E unknown:ReactHost: 	at com.facebook.react.runtime.ReactHostImpl.getOrCreateReloadTask(ReactHostImpl.kt:1232)
11-23 21:04:35.687 12636 12707 E unknown:ReactHost: 	at com.facebook.react.runtime.ReactHostImpl.reload$lambda$8(ReactHostImpl.kt:391)
11-23 21:04:35.687 12636 12707 E unknown:ReactHost: 	at com.facebook.react.runtime.ReactHostImpl.$r8$lambda$ZKc-OxDGoIs_vTfeqAPiROVzaQc(Unknown Source:0)
11-23 21:04:35.687 12636 12707 E unknown:ReactHost: 	at com.facebook.react.runtime.ReactHostImpl$$ExternalSyntheticLambda22.call(D8$$SyntheticClass:0)
11-23 21:04:35.687 12636 12707 E unknown:ReactHost: 	at com.facebook.react.runtime.internal.bolts.Task$Companion.call$lambda$2(Task.kt:319)
11-23 21:04:35.687 12636 12707 E unknown:ReactHost: 	at com.facebook.react.runtime.internal.bolts.Task$Companion.$r8$lambda$MFqd_-X5KhHmu0hvNE2Bec_4mJM(Unknown Source:0)
11-23 21:04:35.687 12636 12707 E unknown:ReactHost: 	at com.facebook.react.runtime.internal.bolts.Task$Companion$$ExternalSyntheticLambda1.run(D8$$SyntheticClass:0)
11-23 21:04:35.687 12636 12707 E unknown:ReactHost: 	at java.util.concurrent.ThreadPoolExecutor.runWorker(ThreadPoolExecutor.java:1156)
11-23 21:04:35.687 12636 12707 E unknown:ReactHost: 	at java.util.concurrent.ThreadPoolExecutor$Worker.run(ThreadPoolExecutor.java:651)
11-23 21:04:35.687 12636 12707 E unknown:ReactHost: 	at java.lang.Thread.run(Thread.java:1119)
11-23 21:04:35.687 12636 12707 W unknown:BridgelessReact: ReactHost{0}.getOrCreateReloadTask(): Resetting createReactInstance task ref
11-23 21:04:35.687 12636 12636 W unknown:BridgelessReact: ReactHost{0}.getOrCreateReloadTask(): Starting React Native reload
11-23 21:04:35.688 12636 12636 W unknown:BridgelessReact: ReactHost{0}.getOrCreateReloadTask(): Calling ReactContext.onHostPause()
11-23 21:04:35.690 12636 12636 W unknown:BridgelessReact: ReactHost{0}.raiseSoftException(callWithExistingReactInstance(callFunctionOnModule("RCTDeviceEventEmitter", "emit"))): Execute: reactInstance is null. Dropping work.
11-23 21:04:35.693 12636 12636 E unknown:ReactHost: Unhandled SoftException
11-23 21:04:35.693 12636 12636 E unknown:ReactHost: com.facebook.react.bridge.ReactNoCrashSoftException: raiseSoftException(callWithExistingReactInstance(callFunctionOnModule("RCTDeviceEventEmitter", "emit"))): Execute: reactInstance is null. Dropping work.
11-23 21:04:35.693 12636 12636 E unknown:ReactHost: 	at com.facebook.react.runtime.ReactHostImpl.raiseSoftException(ReactHostImpl.kt:826)
11-23 21:04:35.693 12636 12636 E unknown:ReactHost: 	at com.facebook.react.runtime.ReactHostImpl.raiseSoftException$default(ReactHostImpl.kt:817)
11-23 21:04:35.693 12636 12636 E unknown:ReactHost: 	at com.facebook.react.runtime.ReactHostImpl.callWithExistingReactInstance$lambda$29(ReactHostImpl.kt:842)
11-23 21:04:35.693 12636 12636 E unknown:ReactHost: 	at com.facebook.react.runtime.ReactHostImpl.$r8$lambda$FwZmOnLtIB7dK7-W4XUd-0shzQ0(Unknown Source:0)
11-23 21:04:35.693 12636 12636 E unknown:ReactHost: 	at com.facebook.react.runtime.ReactHostImpl$$ExternalSyntheticLambda32.then(D8$$SyntheticClass:0)
11-23 21:04:35.693 12636 12636 E unknown:ReactHost: 	at com.facebook.react.runtime.internal.bolts.Task$Companion.completeImmediately$lambda$3(Task.kt:360)
11-23 21:04:35.693 12636 12636 E unknown:ReactHost: 	at com.facebook.react.runtime.internal.bolts.Task$Companion.$r8$lambda$b7MTC0ufkn_2TjF4BGcNqGR9qK0(Unknown Source:0)
11-23 21:04:35.693 12636 12636 E unknown:ReactHost: 	at com.facebook.react.runtime.internal.bolts.Task$Companion$$ExternalSyntheticLambda3.run(D8$$SyntheticClass:0)
11-23 21:04:35.693 12636 12636 E unknown:ReactHost: 	at com.facebook.react.runtime.internal.bolts.Executors$ImmediateExecutor.execute(Executors.kt:41)
11-23 21:04:35.693 12636 12636 E unknown:ReactHost: 	at com.facebook.react.runtime.internal.bolts.Task$Companion.completeImmediately(Task.kt:358)
11-23 21:04:35.693 12636 12636 E unknown:ReactHost: 	at com.facebook.react.runtime.internal.bolts.Task$Companion.access$completeImmediately(Task.kt:254)
11-23 21:04:35.693 12636 12636 E unknown:ReactHost: 	at com.facebook.react.runtime.internal.bolts.Task.continueWith(Task.kt:133)
11-23 21:04:35.693 12636 12636 E unknown:ReactHost: 	at com.facebook.react.runtime.internal.bolts.Task.continueWith$default(Task.kt:117)
11-23 21:04:35.693 12636 12636 E unknown:ReactHost: 	at com.facebook.react.runtime.internal.bolts.Task.onSuccess$lambda$12(Task.kt:176)
11-23 21:04:35.693 12636 12636 E unknown:ReactHost: 	at com.facebook.react.runtime.internal.bolts.Task.$r8$lambda$l0wwo5AvbHxlwfI1R7CH_codxoo(Unknown Source:0)
11-23 21:04:35.693 12636 12636 E unknown:ReactHost: 	at com.facebook.react.runtime.internal.bolts.Task$$ExternalSyntheticLambda2.then(D8$$SyntheticClass:0)
11-23 21:04:35.693 12636 12636 E unknown:ReactHost: 	at com.facebook.react.runtime.internal.bolts.Task$Companion.completeAfterTask$lambda$5(Task.kt:394)
11-23 21:04:35.693 12636 12636 E unknown:ReactHost: 	at com.facebook.react.runtime.internal.bolts.Task$Companion.$r8$lambda$IPpysnehFwANEiW061YzapkMdoE(Unknown Source:0)
11-23 21:04:35.693 12636 12636 E unknown:ReactHost: 	at com.facebook.react.runtime.internal.bolts.Task$Companion$$ExternalSyntheticLambda4.run(D8$$SyntheticClass:0)
11-23 21:04:35.693 12636 12636 E unknown:ReactHost: 	at com.facebook.react.runtime.internal.bolts.Executors$ImmediateExecutor.execute(Executors.kt:41)
11-23 21:04:35.693 12636 12636 E unknown:ReactHost: 	at com.facebook.react.runtime.internal.bolts.Task$Companion.completeAfterTask(Task.kt:392)
11-23 21:04:35.693 12636 12636 E unknown:ReactHost: 	at com.facebook.react.runtime.internal.bolts.Task$Companion.access$completeAfterTask(Task.kt:254)
11-23 21:04:35.693 12636 12636 E unknown:ReactHost: 	at com.facebook.react.runtime.internal.bolts.Task.continueWithTask(Task.kt:158)
11-23 21:04:35.693 12636 12636 E unknown:ReactHost: 	at com.facebook.react.runtime.internal.bolts.Task.onSuccess(Task.kt:171)
11-23 21:04:35.693 12636 12636 E unknown:ReactHost: 	at com.facebook.react.runtime.ReactHostImpl.callWithExistingReactInstance(ReactHostImpl.kt:838)
11-23 21:04:35.693 12636 12636 E unknown:ReactHost: 	at com.facebook.react.runtime.ReactHostImpl.callWithExistingReactInstance$default(ReactHostImpl.kt:831)
11-23 21:04:35.693 12636 12636 E unknown:ReactHost: 	at com.facebook.react.runtime.ReactHostImpl.callFunctionOnModule$ReactAndroid_debug(ReactHostImpl.kt:719)
11-23 21:04:35.693 12636 12636 E unknown:ReactHost: 	at com.facebook.react.runtime.BridgelessReactContext.emitDeviceEvent(BridgelessReactContext.kt:143)
11-23 21:04:35.693 12636 12636 E unknown:ReactHost: 	at com.facebook.react.modules.appstate.AppStateModule.sendEvent(AppStateModule.kt:71)
11-23 21:04:35.693 12636 12636 E unknown:ReactHost: 	at com.facebook.react.modules.appstate.AppStateModule.sendAppStateChangeEvent(AppStateModule.kt:75)
11-23 21:04:35.693 12636 12636 E unknown:ReactHost: 	at com.facebook.react.modules.appstate.AppStateModule.onHostPause(AppStateModule.kt:48)
11-23 21:04:35.693 12636 12636 E unknown:ReactHost: 	at com.facebook.react.bridge.ReactContext.onHostPause(ReactContext.java:296)
11-23 21:04:35.693 12636 12636 E unknown:ReactHost: 	at com.facebook.react.runtime.ReactHostImpl.getOrCreateReloadTask$lambda$49(ReactHostImpl.kt:1261)
11-23 21:04:35.693 12636 12636 E unknown:ReactHost: 	at com.facebook.react.runtime.ReactHostImpl.$r8$lambda$5qPaSKaMWJBaRcQgKMWsr2cuXrE(Unknown Source:0)
11-23 21:04:35.693 12636 12636 E unknown:ReactHost: 	at com.facebook.react.runtime.ReactHostImpl$$ExternalSyntheticLambda7.then(D8$$SyntheticClass:0)
11-23 21:04:35.693 12636 12636 E unknown:ReactHost: 	at com.facebook.react.runtime.internal.bolts.Task$Companion.completeAfterTask$lambda$5(Task.kt:394)
11-23 21:04:35.693 12636 12636 E unknown:ReactHost: 	at com.facebook.react.runtime.internal.bolts.Task$Companion.$r8$lambda$IPpysnehFwANEiW061YzapkMdoE(Unknown Source:0)
11-23 21:04:35.693 12636 12636 E unknown:ReactHost: 	at com.facebook.react.runtime.internal.bolts.Task$Companion$$ExternalSyntheticLambda4.run(D8$$SyntheticClass:0)
11-23 21:04:35.693 12636 12636 E unknown:ReactHost: 	at android.os.Handler.handleCallback(Handler.java:995)
11-23 21:04:35.693 12636 12636 E unknown:ReactHost: 	at android.os.Handler.dispatchMessage(Handler.java:103)
11-23 21:04:35.693 12636 12636 E unknown:ReactHost: 	at android.os.Looper.loopOnce(Looper.java:273)
11-23 21:04:35.693 12636 12636 E unknown:ReactHost: 	at android.os.Looper.loop(Looper.java:363)
11-23 21:04:35.693 12636 12636 E unknown:ReactHost: 	at android.app.ActivityThread.main(ActivityThread.java:10060)
11-23 21:04:35.693 12636 12636 E unknown:ReactHost: 	at java.lang.reflect.Method.invoke(Native Method)
11-23 21:04:35.693 12636 12636 E unknown:ReactHost: 	at com.android.internal.os.RuntimeInit$MethodAndArgsCaller.run(RuntimeInit.java:632)
11-23 21:04:35.693 12636 12636 E unknown:ReactHost: 	at com.android.internal.os.ZygoteInit.main(ZygoteInit.java:975)
11-23 21:04:35.695 12636 12707 W unknown:BridgelessReact: ReactHost{0}.getOrCreateReloadTask(): Stopping all React Native surfaces
11-23 21:04:35.696 12636 12707 E unknown:SurfaceMountingManager: Stopping surface [1]
11-23 21:04:35.699 12636 12636 I ReactNative: [GESTURE HANDLER] Tearing down gesture handler registered for root view com.facebook.react.runtime.ReactSurfaceView{eac5505 V.E...... ........ 0,0-1440,3088 #1}
11-23 21:04:35.713 12636 12636 E unknown:SurfaceMountingManager: Surface [1] was stopped on SurfaceMountingManager.
11-23 21:04:35.750 12636 12636 W unknown:BridgelessReact: ReactHost{0}.getOrCreateReloadTask(): Removing memory pressure listener
11-23 21:04:35.750 12636 12636 W unknown:BridgelessReact: ReactHost{0}.getOrCreateReloadTask(): Resetting ReactContext ref
11-23 21:04:35.750 12636 12636 W unknown:BridgelessReact: ReactHost{0}.getOrCreateReloadTask(): Destroying ReactContext
11-23 21:04:35.751 12636 12636 W unknown:BridgelessReact: ReactHost{0}.getOrCreateReloadTask(): Calling DevSupportManager.onReactInstanceDestroyed(reactContext)
11-23 21:04:35.751 12636 12636 W unknown:ReactNative: Packager connection already open, nooping.
11-23 21:04:35.788 12636 13473 I ReactNativeJS: [MemoryMonitor] Stopped
11-23 21:04:35.872 12636 12636 I ev.souschef.app: Explicit concurrent mark compact GC freed 20MB AllocSpace bytes, 194(3296KB) LOS objects, 66% free, 14MB/42MB, paused 1.045ms,5.113ms total 121.075ms
11-23 21:04:35.873 12636 12707 W unknown:BridgelessReact: ReactHost{0}.getOrCreateReloadTask(): Resetting ReactInstance ptr
11-23 21:04:35.873 12636 12707 W unknown:BridgelessReact: ReactHost{0}.getOrCreateReloadTask(): Destroying ReactInstance
11-23 21:04:35.879 12636 12707 D ConnectivityManager: StackLog: [android.net.ConnectivityManager.unregisterNetworkCallback(ConnectivityManager.java:5571)] [com.reactnativecommunity.netinfo.NetworkCallbackConnectivityReceiver.unregister(NetworkCallbackConnectivityReceiver.java:71)] [com.reactnativecommunity.netinfo.NetInfoModule.invalidate(NetInfoModule.java:56)] [com.facebook.react.internal.turbomodule.core.TurboModuleManager.invalidate(TurboModuleManager.kt:345)] [com.facebook.react.runtime.ReactInstance.destroy(ReactInstance.kt:420)] [com.facebook.react.runtime.ReactHostImpl.getOrCreateReloadTask$lambda$53(ReactHostImpl.kt:1318)] [com.facebook.react.runtime.ReactHostImpl.$r8$lambda$mFfCh8lHgA6uurPLct5tIl3YwVQ(Unknown Source:0)] [com.facebook.react.runtime.ReactHostImpl$$ExternalSyntheticLambda10.then(D8$$SyntheticClass:0)] [com.facebook.react.runtime.internal.bolts.Task$Companion.completeAfterTask$lambda$5(Task.kt:394)] [com.facebook.react.runtime.internal.bolts.Task$Companion.$r8$lambda$IPpysnehFwANEiW061YzapkMdoE(Unknown Source:0)] [com.facebook.react.runtime.internal.bolts.Task$Companion$$ExternalSyntheticLambda4.run(D8$$SyntheticClass:0)] [java.util.concurrent.ThreadPoolExecutor.runWorker(ThreadPoolExecutor.java:1156)] [java.util.concurrent.ThreadPoolExecutor$Worker.run(ThreadPoolExecutor.java:651)] [java.lang.Thread.run(Thread.java:1119)]
11-23 21:04:35.886 12636 12636 I BLASTBufferQueue_Java: update, w= 1440 h= 3088 mName = VRI[MainActivity]@ecb0123 mNativeObject= 0xb400007adda683b0 sc.mNativeObject= 0xb400007b7da35d50 format= -1 caller= android.view.ViewRootImpl.updateBlastSurfaceIfNeeded:3574 android.view.ViewRootImpl.relayoutWindow:11685 android.view.ViewRootImpl.performTraversals:4804 android.view.ViewRootImpl.doTraversal:3924 android.view.ViewRootImpl$TraversalRunnable.run:12903 android.view.Choreographer$CallbackRecord.run:1901 
11-23 21:04:35.886 12636 12636 I VRI[MainActivity]@ecb0123: Relayout returned: old=(0,0,1440,3088) new=(0,0,1440,3088) relayoutAsync=true req=(1440,3088)0 dur=1 res=0x0 s={true 0xb400007beda580b0} ch=false seqId=0
11-23 21:04:35.887 12636 12636 I VRI[MainActivity]@ecb0123: registerCallbackForPendingTransactions
11-23 21:04:35.889 12636 12707 W unknown:ReactNative: Tried to enqueue runnable on already finished thread: 'v_native... dropping Runnable.
11-23 21:04:35.890 12636 12707 E unknown:ReactNative: Tried to remove non-existent frame callback
11-23 21:04:35.892 12636 12716 I VRI[MainActivity]@ecb0123: mWNT: t=0xb400007c8dc49c90 mBlastBufferQueue=0xb400007adda683b0 fn= 1159 HdrRenderState mRenderHdrSdrRatio=1.0 caller= android.view.ViewRootImpl$10.onFrameDraw:6536 android.view.ViewRootImpl$4.onFrameDraw:2489 android.view.ThreadedRenderer$1.onFrameDraw:718 
11-23 21:04:35.895 12636 12707 W unknown:ReactNative: Tried to enqueue runnable on already finished thread: 'v_native... dropping Runnable.
11-23 21:04:35.895 12636 12707 W unknown:ReactNative: Tried to enqueue runnable on already finished thread: 'v_native... dropping Runnable.
11-23 21:04:35.896 12636 12707 W unknown:ReactNative: Tried to enqueue runnable on already finished thread: 'v_native... dropping Runnable.
11-23 21:04:35.896 12636 12707 W unknown:ReactNative: Tried to enqueue runnable on already finished thread: 'v_native... dropping Runnable.
11-23 21:04:35.896 12636 12707 W unknown:ReactNative: Tried to enqueue runnable on already finished thread: 'v_native... dropping Runnable.
11-23 21:04:35.896 12636 12707 W unknown:ReactNative: Tried to enqueue runnable on already finished thread: 'v_native... dropping Runnable.
11-23 21:04:35.897 12636 12707 W unknown:ReactNative: Tried to enqueue runnable on already finished thread: 'v_native... dropping Runnable.
11-23 21:04:35.897 12636 12707 W unknown:ReactNative: Tried to enqueue runnable on already finished thread: 'v_native... dropping Runnable.
11-23 21:04:35.898 12636 12707 W unknown:ReactNative: Tried to enqueue runnable on already finished thread: 'v_native... dropping Runnable.
11-23 21:04:35.898 12636 12707 W unknown:ReactNative: Tried to enqueue runnable on already finished thread: 'v_native... dropping Runnable.
11-23 21:04:35.898 12636 12707 W unknown:ReactNative: Tried to enqueue runnable on already finished thread: 'v_native... dropping Runnable.
11-23 21:04:35.898 12636 12707 W unknown:ReactNative: Tried to enqueue runnable on already finished thread: 'v_native... dropping Runnable.
11-23 21:04:35.899 12636 12707 W unknown:ReactNative: Tried to enqueue runnable on already finished thread: 'v_native... dropping Runnable.
11-23 21:04:35.899 12636 12707 W unknown:ReactNative: Tried to enqueue runnable on already finished thread: 'v_native... dropping Runnable.
11-23 21:04:35.899 12636 12707 W unknown:ReactNative: Tried to enqueue runnable on already finished thread: 'v_native... dropping Runnable.
11-23 21:04:35.899 12636 12707 W unknown:ReactNative: Tried to enqueue runnable on already finished thread: 'v_native... dropping Runnable.
11-23 21:04:35.899 12636 12707 W unknown:ReactNative: Tried to enqueue runnable on already finished thread: 'v_native... dropping Runnable.
11-23 21:04:35.902 12636 12707 W unknown:ReactNative: Tried to enqueue runnable on already finished thread: 'v_native... dropping Runnable.
11-23 21:04:35.902 12636 12707 I Nitro.JSICache: Destroying JSICache...
11-23 21:04:35.905 12636 12707 W unknown:ReactNative: Tried to enqueue runnable on already finished thread: 'v_native... dropping Runnable.
11-23 21:04:35.905 12636 12707 W unknown:ReactNative: Tried to enqueue runnable on already finished thread: 'v_native... dropping Runnable.
11-23 21:04:35.906 12636 12707 W unknown:ReactNative: Tried to enqueue runnable on already finished thread: 'v_native... dropping Runnable.
11-23 21:04:35.906 12636 12707 W unknown:ReactNative: Tried to enqueue runnable on already finished thread: 'v_native... dropping Runnable.
11-23 21:04:35.906 12636 12707 W unknown:ReactNative: Tried to enqueue runnable on already finished thread: 'v_native... dropping Runnable.
11-23 21:04:35.906 12636 12707 W unknown:ReactNative: Tried to enqueue runnable on already finished thread: 'v_native... dropping Runnable.
11-23 21:04:35.907 12636 12707 W unknown:ReactNative: Tried to enqueue runnable on already finished thread: 'v_native... dropping Runnable.
11-23 21:04:35.907 12636 12707 W unknown:ReactNative: Tried to enqueue runnable on already finished thread: 'v_native... dropping Runnable.
11-23 21:04:35.907 12636 12707 W unknown:ReactNative: Tried to enqueue runnable on already finished thread: 'v_native... dropping Runnable.
11-23 21:04:35.908 12636 12707 W unknown:ReactNative: Tried to enqueue runnable on already finished thread: 'v_native... dropping Runnable.
11-23 21:04:35.909 12636 12707 W unknown:ReactNative: Tried to enqueue runnable on already finished thread: 'v_native... dropping Runnable.
11-23 21:04:35.912 12636 12707 W System.err: java.lang.NoSuchFieldException: No field mIsFinished in class Lcom/facebook/react/bridge/queue/MessageQueueThreadImpl; (declaration of 'com.facebook.react.bridge.queue.MessageQueueThreadImpl' appears in /data/app/~~aqXzVSPvhgkOqefHOWoDJQ==/dev.souschef.app-pU40l7EpHDqX_ot8o4AyQw==/base.apk!classes20.dex)
11-23 21:04:35.913 12636 12707 W System.err: 	at java.lang.Class.getDeclaredField(Native Method)
11-23 21:04:35.913 12636 12707 W System.err: 	at com.swmansion.worklets.WorkletsMessageQueueThreadBase.quitSynchronous(WorkletsMessageQueueThreadBase.java:55)
11-23 21:04:35.913 12636 12707 W System.err: 	at com.facebook.jni.HybridData$Destructor.deleteNative(Native Method)
11-23 21:04:35.913 12636 12707 W System.err: 	at com.facebook.jni.HybridData$Destructor.destruct(HybridData.java:82)
11-23 21:04:35.913 12636 12707 W System.err: 	at com.facebook.jni.HybridData.resetNative(HybridData.java:48)
11-23 21:04:35.913 12636 12707 W System.err: 	at com.facebook.react.runtime.ReactInstance.destroy(ReactInstance.kt:423)
11-23 21:04:35.913 12636 12707 W System.err: 	at com.facebook.react.runtime.ReactHostImpl.getOrCreateReloadTask$lambda$53(ReactHostImpl.kt:1318)
11-23 21:04:35.913 12636 12707 W System.err: 	at com.facebook.react.runtime.ReactHostImpl.$r8$lambda$mFfCh8lHgA6uurPLct5tIl3YwVQ(Unknown Source:0)
11-23 21:04:35.913 12636 12707 W System.err: 	at com.facebook.react.runtime.ReactHostImpl$$ExternalSyntheticLambda10.then(D8$$SyntheticClass:0)
11-23 21:04:35.913 12636 12707 W System.err: 	at com.facebook.react.runtime.internal.bolts.Task$Companion.completeAfterTask$lambda$5(Task.kt:394)
11-23 21:04:35.913 12636 12707 W System.err: 	at com.facebook.react.runtime.internal.bolts.Task$Companion.$r8$lambda$IPpysnehFwANEiW061YzapkMdoE(Unknown Source:0)
11-23 21:04:35.913 12636 12707 W System.err: 	at com.facebook.react.runtime.internal.bolts.Task$Companion$$ExternalSyntheticLambda4.run(D8$$SyntheticClass:0)
11-23 21:04:35.913 12636 12707 W System.err: 	at java.util.concurrent.ThreadPoolExecutor.runWorker(ThreadPoolExecutor.java:1156)
11-23 21:04:35.913 12636 12707 W System.err: 	at java.util.concurrent.ThreadPoolExecutor$Worker.run(ThreadPoolExecutor.java:651)
11-23 21:04:35.913 12636 12707 W System.err: 	at java.lang.Thread.run(Thread.java:1119)
11-23 21:04:35.913 12636 12707 W System.err: java.lang.NoSuchFieldException: No field mIsFinished in class Lcom/facebook/react/bridge/queue/MessageQueueThreadImpl; (declaration of 'com.facebook.react.bridge.queue.MessageQueueThreadImpl' appears in /data/app/~~aqXzVSPvhgkOqefHOWoDJQ==/dev.souschef.app-pU40l7EpHDqX_ot8o4AyQw==/base.apk!classes20.dex)
11-23 21:04:35.913 12636 12707 W System.err: 	at java.lang.Class.getDeclaredField(Native Method)
11-23 21:04:35.913 12636 12707 W System.err: 	at com.swmansion.worklets.WorkletsMessageQueueThreadBase.quitSynchronous(WorkletsMessageQueueThreadBase.java:55)
11-23 21:04:35.913 12636 12707 W System.err: 	at com.facebook.jni.HybridData$Destructor.deleteNative(Native Method)
11-23 21:04:35.913 12636 12707 W System.err: 	at com.facebook.jni.HybridData$Destructor.destruct(HybridData.java:82)
11-23 21:04:35.913 12636 12707 W System.err: 	at com.facebook.jni.HybridData.resetNative(HybridData.java:48)
11-23 21:04:35.913 12636 12707 W System.err: 	at com.facebook.react.runtime.ReactInstance.destroy(ReactInstance.kt:423)
11-23 21:04:35.913 12636 12707 W System.err: 	at com.facebook.react.runtime.ReactHostImpl.getOrCreateReloadTask$lambda$53(ReactHostImpl.kt:1318)
11-23 21:04:35.913 12636 12707 W System.err: 	at com.facebook.react.runtime.ReactHostImpl.$r8$lambda$mFfCh8lHgA6uurPLct5tIl3YwVQ(Unknown Source:0)
11-23 21:04:35.913 12636 12707 W System.err: 	at com.facebook.react.runtime.ReactHostImpl$$ExternalSyntheticLambda10.then(D8$$SyntheticClass:0)
11-23 21:04:35.913 12636 12707 W System.err: 	at com.facebook.react.runtime.internal.bolts.Task$Companion.completeAfterTask$lambda$5(Task.kt:394)
11-23 21:04:35.913 12636 12707 W System.err: 	at com.facebook.react.runtime.internal.bolts.Task$Companion.$r8$lambda$IPpysnehFwANEiW061YzapkMdoE(Unknown Source:0)
11-23 21:04:35.913 12636 12707 W System.err: 	at com.facebook.react.runtime.internal.bolts.Task$Companion$$ExternalSyntheticLambda4.run(D8$$SyntheticClass:0)
11-23 21:04:35.913 12636 12707 W System.err: 	at java.util.concurrent.ThreadPoolExecutor.runWorker(ThreadPoolExecutor.java:1156)
11-23 21:04:35.913 12636 12707 W System.err: 	at java.util.concurrent.ThreadPoolExecutor$Worker.run(ThreadPoolExecutor.java:651)
11-23 21:04:35.913 12636 12707 W System.err: 	at java.lang.Thread.run(Thread.java:1119)
11-23 21:04:35.920 12636 12707 W unknown:ReactNative: Tried to enqueue runnable on already finished thread: 'v_native... dropping Runnable.
11-23 21:04:35.920 12636 12707 W unknown:ReactNative: Tried to enqueue runnable on already finished thread: 'v_native... dropping Runnable.
11-23 21:04:35.920 12636 12707 W unknown:ReactNative: Tried to enqueue runnable on already finished thread: 'v_native... dropping Runnable.
11-23 21:04:35.921 12636 12707 W unknown:ReactNative: Tried to enqueue runnable on already finished thread: 'v_native... dropping Runnable.
11-23 21:04:35.921 12636 12707 W unknown:ReactNative: Tried to enqueue runnable on already finished thread: 'v_native... dropping Runnable.
11-23 21:04:36.115 12636 12707 W unknown:BridgelessReact: ReactHost{0}.getOrCreateReloadTask(): Resetting start task ref
11-23 21:04:36.115 12636 12707 W unknown:BridgelessReact: ReactHost{0}.getOrCreateReactInstanceTask()
11-23 21:04:36.115 12636 12707 W unknown:BridgelessReact: ReactHost{0}.getOrCreateReactInstanceTask(): Start
11-23 21:04:36.115 12636 12707 D Detox.RNMarker: REACT_BRIDGELESS_LOADING_START (null)
11-23 21:04:36.115 12636 12707 W unknown:BridgelessReact: ReactHost{0}.getJSBundleLoader()
11-23 21:04:36.115 12636 12707 W unknown:BridgelessReact: ReactHost{0}.isMetroRunning()
11-23 21:04:36.134 12636 12713 W unknown:BridgelessReact: ReactHost{0}.isMetroRunning(): Async result = true
11-23 21:04:36.135 12636 12707 W unknown:BridgelessReact: ReactHost{0}.loadJSBundleFromMetro()
11-23 21:04:36.136 12636 12707 D Detox.RNMarker: DOWNLOAD_START (null)
11-23 21:04:36.144 12636 12636 I WindowManager: WindowManagerGlobal#addView, ty=1000, view=android.widget.PopupWindow$PopupDecorView{dba7cfd V.E...... R.....I. 0,0-0,0}, caller=android.view.WindowManagerImpl.addView:158 android.widget.PopupWindow.invokePopup:1692 android.widget.PopupWindow.showAtLocation:1418 
11-23 21:04:36.145 12636 12636 D ViewRootImpl: desktopMode is false
11-23 21:04:36.146 12636 12636 I ViewRootImpl: dVRR is disabled
11-23 21:04:36.148 12636 12696 D NativeCustomFrequencyManager: [NativeCFMS] BpCustomFrequencyManager::BpCustomFrequencyManager()
11-23 21:04:36.160 12636 12636 D InputTransport: Input channel constructed: 'c2e19d7', fd=202
11-23 21:04:36.161 12636 12636 I InsetsController: onStateChanged: host=PopupWindow:9c3554, from=android.view.ViewRootImpl.onInsetsStateChanged:3026, state=InsetsState: {mDisplayFrame=Rect(0, 0 - 1440, 3088), mDisplayCutout=DisplayCutout{insets=Rect(0, 100 - 0, 0) waterfall=Insets{left=0, top=0, right=0, bottom=0} boundingRect={Bounds=[Rect(0, 0 - 0, 0), Rect(683, 0 - 758, 100), Rect(0, 0 - 0, 0), Rect(0, 0 - 0, 0)]} cutoutPathParserInfo={CutoutPathParserInfo{displayWidth=1440 displayHeight=3088 physicalDisplayWidth=1440 physicalDisplayHeight=3088 density={3.75} cutoutSpec={M 0,0 H -10 V 26.66666666666667 H 10 V 0 H 0 Z @dp} rotation={0} scale={1.0} physicalPixelDisplaySizeRatio={1.0}}} sideOverrides={}}, mRoundedCorners=RoundedCorners{[RoundedCorner{position=TopLeft, radius=15, center=Point(15, 15)}, RoundedCorner{position=TopRight, radius=15, center=Point(1425, 15)}, RoundedCorner{position=BottomRight, radius=15, center=Point(1425, 3073)}, RoundedCorner{position=BottomLeft, radius=15, center=Point(15, 3073)}]}  mRoundedCornerFrame=Rect(0, 0 - 1440, 3088), mPrivacyIndicatorBounds=PrivacyIndicatorBounds {static bounds=Rect(1275, 0 - 1440, 100) rotation=0}, mDisplayShape=DisplayShape{ spec=-311912193 displayWidth=1440 displayHeight=3088 physicalPixelDisplaySizeRatio=1.0 rotation=0 offsetX=0 offsetY=0 scale=1.0}, mSources= { InsetsSource: {b11d0001 mType=navigationBars mFrame=[0,3032][1440,3088] mVisible=true mFlags=SUPPRESS_SCRIM mSideHint=BOTTOM mBoundingRects=null}, InsetsSource: {b11d0004 mType=systemGestures mFrame=[0,0][84,3088] mVisible=true mFlags= mSideHint=LEFT mBoundingRects=null}, InsetsSource: {b11d0005 mType=mandatorySystemGestures mFrame=[0,2968][1440,3088] mVisible=true mFlags= mSideHint=BOTTOM mBoundingRects=null}, InsetsSource: {b11d0006 mType=tappableElement mFrame=[0,0][0,0] mVisible=true mFlags= mSideHint=NONE mBoundingRects=null}, InsetsSource: {b11d0024 mType=systemGestures mFrame=[1356,0][1440,3088] mVisible=true mFlags= mSideHint=RIGHT mBoundingRects=null}, InsetsSource: {ecac0000 mType=statusBars mFrame=[0,0][1440,100] mVisible=true mFlags= mSideHint=TOP mBoundingRects=null}, InsetsSource: {ecac0005 mType=mandatorySystemGestures mFrame=[0,0][1440,145] mVisible=true mFlags= mSideHint=TOP mBoundingRects=null}, InsetsSource: {ecac0006 mType=tappableElement mFrame=[0,0][1440,100] mVisible=true mFlags= mSideHint=TOP mBoundingRects=null}, InsetsSource: {27 mType=displayCutout mFrame=[0,0][1440,100] mVisible=true mFlags= mSideHint=TOP mBoundingRects=null} }
11-23 21:04:36.162 12636 12636 I VRI[PopupWindow:9c3554]@32a7df2: synced displayState. AttachInfo displayState=2
11-23 21:04:36.166 12636 12636 I VRI[PopupWindow:9c3554]@32a7df2: setView = android.widget.PopupWindow$PopupDecorView@dba7cfd IsHRR=false mFlingFrameRateChange=0 TM=true
11-23 21:04:36.169 12636 12696 D HWUI    : HWUI - treat SMPTE_170M as sRGB
11-23 21:04:36.190 12636 12636 W libc    : Access denied finding property "vendor.display.enable_optimal_refresh_rate"
11-23 21:04:36.190 12636 12636 I BufferQueueProducer: [](id:315c0000000b,api:0,p:498666672,c:12636) setDequeueTimeout:2077252342
11-23 21:04:36.191 12636 12636 I BLASTBufferQueue_Java: new BLASTBufferQueue, mName= VRI[PopupWindow:9c3554]@32a7df2 mNativeObject= 0xb400007adda592c0 caller= android.view.ViewRootImpl.updateBlastSurfaceIfNeeded:3585 android.view.ViewRootImpl.relayoutWindow:11685 android.view.ViewRootImpl.performTraversals:4804 android.view.ViewRootImpl.doTraversal:3924 android.view.ViewRootImpl$TraversalRunnable.run:12903 android.view.Choreographer$CallbackRecord.run:1901 android.view.Choreographer$CallbackRecord.run:1910 android.view.Choreographer.doCallbacks:1367 android.view.Choreographer.doFrame:1292 android.view.Choreographer$FrameDisplayEventReceiver.run:1870 
11-23 21:04:36.191 12636 12636 I BLASTBufferQueue_Java: update, w= 1440 h= 94 mName = VRI[PopupWindow:9c3554]@32a7df2 mNativeObject= 0xb400007adda592c0 sc.mNativeObject= 0xb400007b7dab0690 format= -3 caller= android.view.ViewRootImpl.updateBlastSurfaceIfNeeded:3590 android.view.ViewRootImpl.relayoutWindow:11685 android.view.ViewRootImpl.performTraversals:4804 android.view.ViewRootImpl.doTraversal:3924 android.view.ViewRootImpl$TraversalRunnable.run:12903 android.view.Choreographer$CallbackRecord.run:1901 
11-23 21:04:36.192 12636 12636 W libc    : Access denied finding property "vendor.display.enable_optimal_refresh_rate"
11-23 21:04:36.192 12636 12636 I VRI[PopupWindow:9c3554]@32a7df2: Relayout returned: old=(0,100,1440,3032) new=(0,100,1440,194) relayoutAsync=false req=(1440,94)0 dur=10 res=0x3 s={true 0xb400007bedaf82d0} ch=true seqId=0
11-23 21:04:36.193 12636 12636 I VRI[PopupWindow:9c3554]@32a7df2: performConfigurationChange setNightDimText nightDimLevel=0
11-23 21:04:36.195 12636 12636 D VRI[PopupWindow:9c3554]@32a7df2: mThreadedRenderer.initialize() mSurface={isValid=true 0xb400007bedaf82d0} hwInitialized=true
11-23 21:04:36.196 12636 12636 D VRI[PopupWindow:9c3554]@32a7df2: reportNextDraw android.view.ViewRootImpl.performTraversals:5443 android.view.ViewRootImpl.doTraversal:3924 android.view.ViewRootImpl$TraversalRunnable.run:12903 android.view.Choreographer$CallbackRecord.run:1901 android.view.Choreographer$CallbackRecord.run:1910 
11-23 21:04:36.196 12636 12636 D VRI[PopupWindow:9c3554]@32a7df2: Setup new sync=wmsSync-VRI[PopupWindow:9c3554]@32a7df2#36
11-23 21:04:36.196 12636 12636 I VRI[PopupWindow:9c3554]@32a7df2: Creating new active sync group VRI[PopupWindow:9c3554]@32a7df2#37
11-23 21:04:36.196 12636 12636 D VRI[PopupWindow:9c3554]@32a7df2: registerCallbacksForSync syncBuffer=false
11-23 21:04:36.198 12636 12715 D VRI[PopupWindow:9c3554]@32a7df2: Received frameDrawingCallback syncResult=0 frameNum=1.
11-23 21:04:36.199 12636 12715 I VRI[PopupWindow:9c3554]@32a7df2: mWNT: t=0xb400007c8db72190 mBlastBufferQueue=0xb400007adda592c0 fn= 1 HdrRenderState mRenderHdrSdrRatio=1.0 caller= android.view.ViewRootImpl$12.onFrameDraw:15441 android.view.ThreadedRenderer$1.onFrameDraw:718 <bottom of call stack> 
11-23 21:04:36.199 12636 12715 I VRI[PopupWindow:9c3554]@32a7df2: Setting up sync and frameCommitCallback
11-23 21:04:36.200 12636 12696 I BLASTBufferQueue: [VRI[PopupWindow:9c3554]@32a7df2#11](f:0,a:0,s:0) onFrameAvailable the first frame is available
11-23 21:04:36.200 12636 12696 I SurfaceComposerClient: apply transaction with the first frame. layerId: 57933, bufferData(ID: 54271206752301, frameNumber: 1)
11-23 21:04:36.200 12636 12696 I VRI[PopupWindow:9c3554]@32a7df2: Received frameCommittedCallback lastAttemptedDrawFrameNum=1 didProduceBuffer=true
11-23 21:04:36.202 12636 12696 D HWUI    : CFMS:: SetUp Pid : 12636    Tid : 12696
11-23 21:04:36.202 12636 12636 D VRI[PopupWindow:9c3554]@32a7df2: reportDrawFinished seqId=0
11-23 21:04:36.203 12636 12636 I VRI[PopupWindow:9c3554]@32a7df2: handleResized, frames=ClientWindowFrames{frame=[0,100][1440,194] display=[0,100][1440,3032] parentFrame=[0,0][0,0] attachedFrame=[0,0][1440,3088]} displayId=0 dragResizing=false compatScale=1.0 frameChanged=false attachedFrameChanged=false configChanged=false displayChanged=false compatScaleChanged=false dragResizingChanged=false
11-23 21:04:36.203 12636 12636 I VRI[PopupWindow:9c3554]@32a7df2: handleResized mSyncSeqId = 0
11-23 21:04:36.203 12636 12636 D VRI[PopupWindow:9c3554]@32a7df2: reportNextDraw android.view.ViewRootImpl.handleResized:2983 android.view.ViewRootImpl.-$$Nest$mhandleResized:0 android.view.ViewRootImpl$W.resized:14082 android.app.servertransaction.WindowStateResizeItem.execute:93 android.app.servertransaction.WindowStateTransactionItem.execute:62 
11-23 21:04:36.204 12636 12636 D VRI[PopupWindow:9c3554]@32a7df2: Setup new sync=wmsSync-VRI[PopupWindow:9c3554]@32a7df2#38
11-23 21:04:36.204 12636 12636 I VRI[PopupWindow:9c3554]@32a7df2: Creating new active sync group VRI[PopupWindow:9c3554]@32a7df2#39
11-23 21:04:36.204 12636 12636 D VRI[PopupWindow:9c3554]@32a7df2: registerCallbacksForSync syncBuffer=false
11-23 21:04:36.205 12636 12716 D VRI[PopupWindow:9c3554]@32a7df2: Received frameDrawingCallback syncResult=0 frameNum=2.
11-23 21:04:36.205 12636 12716 I VRI[PopupWindow:9c3554]@32a7df2: Setting up sync and frameCommitCallback
11-23 21:04:36.205 12636 12696 I VRI[PopupWindow:9c3554]@32a7df2: Received frameCommittedCallback lastAttemptedDrawFrameNum=2 didProduceBuffer=false
11-23 21:04:36.205 12636 12696 I BLASTBufferQueue_Java: gatherPendingTransactions, mName= VRI[PopupWindow:9c3554]@32a7df2 mNativeObject= 0xb400007adda592c0 frameNumber= 2 caller= android.view.ViewRootImpl$12.lambda$onFrameDraw$3:15525 android.view.ViewRootImpl$12.$r8$lambda$CTo3ExVBk8akdVTGlqHPAoYLRVI:0 android.view.ViewRootImpl$12$$ExternalSyntheticLambda1.onFrameCommit:0 android.view.ThreadedRenderer$1.lambda$onFrameDraw$0:730 android.view.ThreadedRenderer$1$$ExternalSyntheticLambda0.onFrameCommit:0 <bottom of call stack> 
11-23 21:04:36.205 12636 12636 D VRI[PopupWindow:9c3554]@32a7df2: reportDrawFinished seqId=0
11-23 21:04:36.967 12636 12713 D Detox.RNMarker: DOWNLOAD_END ({"url":"http:\/\/localhost:8081\/index.bundle?platform=android&dev=true&lazy=true&minify=false&app=dev.souschef.app&modulesOnly=false&runModule=true&excludeSource=true&sourcePaths=url-server","filesChangedCount":0})
11-23 21:04:36.967 12636 12636 W WindowOnBackDispatcher: sendCancelIfRunning: isInProgress=false callback=android.widget.PopupWindow$PopupDecorView$$ExternalSyntheticLambda1@7b6ebf9
11-23 21:04:36.967 12636 12713 W unknown:BridgelessReact: ReactHost{0}.loadJSBundleFromMetro(): Creating BundleLoader
11-23 21:04:36.967 12636 12707 W unknown:BridgelessReact: ReactHost{0}.getOrCreateReactContext(): Creating BridgelessReactContext
11-23 21:04:36.968 12636 12707 W unknown:BridgelessReact: ReactHost{0}.getOrCreateReactInstanceTask(): Creating ReactInstance
11-23 21:04:36.968 12636 12636 I WindowManager: WindowManagerGlobal#removeView, ty=1000, view=android.widget.PopupWindow$PopupDecorView{dba7cfd V.E...... R....... 0,0-1440,94}, caller=android.view.WindowManagerGlobal.removeView:654 android.view.WindowManagerImpl.removeViewImmediate:216 android.widget.PopupWindow.dismissImmediate:2415 
11-23 21:04:36.970 12636 12707 W unknown:ReactNative: Inspector connection already open, nooping.
11-23 21:04:36.973 12636 12636 I VRI[PopupWindow:9c3554]@32a7df2: dispatchDetachedFromWindow
11-23 21:04:36.979 12636 12636 D InputTransport: Input channel destroyed: 'c2e19d7', fd=202
11-23 21:04:36.989 12636 12745 I CameraDevices: Initializing ProcessCameraProvider...
11-23 21:04:36.989 12636 12745 I CameraDevices: Initializing ExtensionsManager...
11-23 21:04:36.989 12636 12745 I CameraDevices: Successfully initialized!
11-23 21:04:36.994 12636 12745 D CapabilitiesByQuality: profiles = ImmutableEncoderProfilesProxy{defaultDurationSeconds=30, recommendedFileFormat=2, audioProfiles=[AudioProfileProxy{codec=3, mediaType=audio/mp4a-latm, bitrate=256000, sampleRate=48000, channels=2, profile=1}], videoProfiles=[VideoProfileProxy{codec=2, mediaType=video/avc, bitrate=48000000, frameRate=30, width=3840, height=2160, profile=-1, bitDepth=8, chromaSubsampling=0, hdrFormat=0}]}
11-23 21:04:36.994 12636 12745 D CapabilitiesByQuality: profiles = ImmutableEncoderProfilesProxy{defaultDurationSeconds=30, recommendedFileFormat=2, audioProfiles=[AudioProfileProxy{codec=3, mediaType=audio/mp4a-latm, bitrate=256000, sampleRate=48000, channels=2, profile=1}], videoProfiles=[VideoProfileProxy{codec=2, mediaType=video/avc, bitrate=17000000, frameRate=30, width=1920, height=1080, profile=-1, bitDepth=8, chromaSubsampling=0, hdrFormat=0}]}
11-23 21:04:36.994 12636 12745 D CapabilitiesByQuality: profiles = ImmutableEncoderProfilesProxy{defaultDurationSeconds=30, recommendedFileFormat=2, audioProfiles=[AudioProfileProxy{codec=3, mediaType=audio/mp4a-latm, bitrate=256000, sampleRate=48000, channels=2, profile=1}], videoProfiles=[VideoProfileProxy{codec=2, mediaType=video/avc, bitrate=12000000, frameRate=30, width=1280, height=720, profile=-1, bitDepth=8, chromaSubsampling=0, hdrFormat=0}]}
11-23 21:04:36.995 12636 12745 D CapabilitiesByQuality: profiles = ImmutableEncoderProfilesProxy{defaultDurationSeconds=30, recommendedFileFormat=2, audioProfiles=[AudioProfileProxy{codec=3, mediaType=audio/mp4a-latm, bitrate=256000, sampleRate=48000, channels=2, profile=1}], videoProfiles=[VideoProfileProxy{codec=2, mediaType=video/avc, bitrate=3449000, frameRate=30, width=720, height=480, profile=-1, bitDepth=8, chromaSubsampling=0, hdrFormat=0}]}
11-23 21:04:36.996 12636 12745 D CameraCharacteristicsUtil: isAvailableFeature(mode 202) : true
11-23 21:04:36.996 12636 12745 D CameraCharacteristicsUtil: isAvailableDynamicShotInfo : true
11-23 21:04:36.997 12636 12745 D CameraCharacteristicsUtil: isAvailableFeature(mode 101) : true
11-23 21:04:36.997 12636 12745 I cx/HdrExt#48: isExtensionAvailable: cameraId = 0, false
11-23 21:04:36.997 12636 12745 D CameraCharacteristicsUtil: isAvailableFeature(mode 201) : true
11-23 21:04:36.997 12636 12745 D CameraCharacteristicsUtil: isAvailableDynamicShotInfo : true
11-23 21:04:36.997 12636 12745 D CameraCharacteristicsUtil: isAvailableFeature(mode 101) : true
11-23 21:04:36.998 12636 12745 I cx/NightExt#49: isExtensionAvailable: cameraId = 0, false
11-23 21:04:36.998 12636 12745 D CameraCharacteristicsUtil: isAvailableFeature(mode 203) : false
11-23 21:04:36.998 12636 12745 I cx/SuperNightExt#50: isExtensionAvailable: cameraId = 0, false
11-23 21:04:37.003 12636 13602 D InstallReferrerState: OK
11-23 21:04:37.057 12636 12745 D CapabilitiesByQuality: profiles = ImmutableEncoderProfilesProxy{defaultDurationSeconds=30, recommendedFileFormat=2, audioProfiles=[AudioProfileProxy{codec=3, mediaType=audio/mp4a-latm, bitrate=256000, sampleRate=48000, channels=2, profile=1}], videoProfiles=[VideoProfileProxy{codec=2, mediaType=video/avc, bitrate=17000000, frameRate=30, width=1920, height=1080, profile=-1, bitDepth=8, chromaSubsampling=0, hdrFormat=0}]}
11-23 21:04:37.057 12636 12745 D CapabilitiesByQuality: profiles = ImmutableEncoderProfilesProxy{defaultDurationSeconds=30, recommendedFileFormat=2, audioProfiles=[AudioProfileProxy{codec=3, mediaType=audio/mp4a-latm, bitrate=256000, sampleRate=48000, channels=2, profile=1}], videoProfiles=[VideoProfileProxy{codec=2, mediaType=video/avc, bitrate=12000000, frameRate=30, width=1280, height=720, profile=-1, bitDepth=8, chromaSubsampling=0, hdrFormat=0}]}
11-23 21:04:37.057 12636 12745 D CapabilitiesByQuality: profiles = ImmutableEncoderProfilesProxy{defaultDurationSeconds=30, recommendedFileFormat=2, audioProfiles=[AudioProfileProxy{codec=3, mediaType=audio/mp4a-latm, bitrate=256000, sampleRate=48000, channels=2, profile=1}], videoProfiles=[VideoProfileProxy{codec=2, mediaType=video/avc, bitrate=3449000, frameRate=30, width=720, height=480, profile=-1, bitDepth=8, chromaSubsampling=0, hdrFormat=0}]}
11-23 21:04:37.058 12636 12745 D CameraCharacteristicsUtil: isAvailableFeature(mode 202) : true
11-23 21:04:37.059 12636 12745 D CameraCharacteristicsUtil: isAvailableDynamicShotInfo : true
11-23 21:04:37.059 12636 12745 D CameraCharacteristicsUtil: isAvailableFeature(mode 101) : true
11-23 21:04:37.059 12636 12745 I cx/HdrExt#51: isExtensionAvailable: cameraId = 1, false
11-23 21:04:37.059 12636 12745 D CameraCharacteristicsUtil: isAvailableFeature(mode 201) : true
11-23 21:04:37.060 12636 12745 D CameraCharacteristicsUtil: isAvailableDynamicShotInfo : true
11-23 21:04:37.060 12636 12745 D CameraCharacteristicsUtil: isAvailableFeature(mode 101) : true
11-23 21:04:37.060 12636 12745 I cx/NightExt#52: isExtensionAvailable: cameraId = 1, false
11-23 21:04:37.060 12636 12745 D CameraCharacteristicsUtil: isAvailableFeature(mode 203) : false
11-23 21:04:37.060 12636 12745 I cx/SuperNightExt#53: isExtensionAvailable: cameraId = 1, false
11-23 21:04:37.084 12636 12707 W unknown:BridgelessReact: ReactHost{0}.getOrCreateReactInstanceTask(): Loading JS Bundle
11-23 21:04:37.085 12636 12707 W unknown:BridgelessReact: ReactHost{0}.getOrCreateReactInstanceTask(): Calling DevSupportManagerBase.onNewReactContextCreated(reactContext)
11-23 21:04:37.085 12636 13599 D Detox.RNMarker: RUN_JS_BUNDLE_START (/index.bundle?platform=android&dev=true&lazy=true&minify=false&app=dev.souschef.app&modulesOnly=false&runModule=true&excludeSource=true&sourcePaths=url-server)
11-23 21:04:37.086 12636 12636 W unknown:ReactNative: Packager connection already open, nooping.
11-23 21:04:37.086 12636 12707 W unknown:BridgelessReact: ReactHost{0}.getOrCreateReloadTask(): Restarting previously running React Native Surfaces
11-23 21:04:37.086 12636 12636 W unknown:BridgelessReact: ReactContext.onHostResume()
11-23 21:04:37.086 12636 12707 W unknown:BridgelessReact: ReactHost{0}.getOrCreateReloadTask(): Resetting reload task ref
11-23 21:04:37.087 12636 12636 W unknown:BridgelessReact: ReactHost{0}.getOrCreateReactInstanceTask(): Executing ReactInstanceEventListeners
11-23 21:04:37.087 12636 12636 I DetoxRNLoading: Got new RN-context through listener
11-23 21:04:37.087 12636 12680 I DetoxWSClient: Sending out action 'ready' (ID #-1000)
11-23 21:04:37.088 12636 12680 I DetoxDispatcher: Done with action 'reactNativeReload'
11-23 21:04:37.090 12636 12745 D CapabilitiesByQuality: profiles = ImmutableEncoderProfilesProxy{defaultDurationSeconds=30, recommendedFileFormat=2, audioProfiles=[AudioProfileProxy{codec=3, mediaType=audio/mp4a-latm, bitrate=256000, sampleRate=48000, channels=2, profile=1}], videoProfiles=[VideoProfileProxy{codec=2, mediaType=video/avc, bitrate=17000000, frameRate=30, width=1920, height=1080, profile=-1, bitDepth=8, chromaSubsampling=0, hdrFormat=0}]}
11-23 21:04:37.091 12636 12745 D CapabilitiesByQuality: profiles = ImmutableEncoderProfilesProxy{defaultDurationSeconds=30, recommendedFileFormat=2, audioProfiles=[AudioProfileProxy{codec=3, mediaType=audio/mp4a-latm, bitrate=256000, sampleRate=48000, channels=2, profile=1}], videoProfiles=[VideoProfileProxy{codec=2, mediaType=video/avc, bitrate=12000000, frameRate=30, width=1280, height=720, profile=-1, bitDepth=8, chromaSubsampling=0, hdrFormat=0}]}
11-23 21:04:37.091 12636 12745 D CapabilitiesByQuality: profiles = ImmutableEncoderProfilesProxy{defaultDurationSeconds=30, recommendedFileFormat=2, audioProfiles=[AudioProfileProxy{codec=3, mediaType=audio/mp4a-latm, bitrate=256000, sampleRate=48000, channels=2, profile=1}], videoProfiles=[VideoProfileProxy{codec=2, mediaType=video/avc, bitrate=3449000, frameRate=30, width=720, height=480, profile=-1, bitDepth=8, chromaSubsampling=0, hdrFormat=0}]}
11-23 21:04:37.091 12636 13600 W BridgelessReactContext: [WARNING] Bridgeless doesn't support CatalystInstance. Accessing an API that's not part of the new architecture is not encouraged usage.
11-23 21:04:37.091 12636 12745 D CameraCharacteristicsUtil: isAvailableFeature(mode 202) : true
11-23 21:04:37.091 12636 12745 D CameraCharacteristicsUtil: isAvailableDynamicShotInfo : true
11-23 21:04:37.092 12636 12745 D CameraCharacteristicsUtil: isAvailableFeature(mode 101) : true
11-23 21:04:37.092 12636 12745 I cx/HdrExt#54: isExtensionAvailable: cameraId = 2, false
11-23 21:04:37.092 12636 12745 D CameraCharacteristicsUtil: isAvailableFeature(mode 201) : true
11-23 21:04:37.092 12636 12745 D CameraCharacteristicsUtil: isAvailableDynamicShotInfo : true
11-23 21:04:37.092 12636 12745 D CameraCharacteristicsUtil: isAvailableFeature(mode 101) : true
11-23 21:04:37.092 12636 12745 I cx/NightExt#55: isExtensionAvailable: cameraId = 2, false
11-23 21:04:37.092 12636 12745 D CameraCharacteristicsUtil: isAvailableFeature(mode 203) : false
11-23 21:04:37.092 12636 12745 I cx/SuperNightExt#56: isExtensionAvailable: cameraId = 2, false
11-23 21:04:37.116 12636 12745 D CapabilitiesByQuality: profiles = ImmutableEncoderProfilesProxy{defaultDurationSeconds=30, recommendedFileFormat=2, audioProfiles=[AudioProfileProxy{codec=3, mediaType=audio/mp4a-latm, bitrate=256000, sampleRate=48000, channels=2, profile=1}], videoProfiles=[VideoProfileProxy{codec=2, mediaType=video/avc, bitrate=17000000, frameRate=30, width=1920, height=1080, profile=-1, bitDepth=8, chromaSubsampling=0, hdrFormat=0}]}
11-23 21:04:37.117 12636 12745 D CapabilitiesByQuality: profiles = ImmutableEncoderProfilesProxy{defaultDurationSeconds=30, recommendedFileFormat=2, audioProfiles=[AudioProfileProxy{codec=3, mediaType=audio/mp4a-latm, bitrate=256000, sampleRate=48000, channels=2, profile=1}], videoProfiles=[VideoProfileProxy{codec=2, mediaType=video/avc, bitrate=12000000, frameRate=30, width=1280, height=720, profile=-1, bitDepth=8, chromaSubsampling=0, hdrFormat=0}]}
11-23 21:04:37.117 12636 12745 D CapabilitiesByQuality: profiles = ImmutableEncoderProfilesProxy{defaultDurationSeconds=30, recommendedFileFormat=2, audioProfiles=[AudioProfileProxy{codec=3, mediaType=audio/mp4a-latm, bitrate=256000, sampleRate=48000, channels=2, profile=1}], videoProfiles=[VideoProfileProxy{codec=2, mediaType=video/avc, bitrate=3449000, frameRate=30, width=720, height=480, profile=-1, bitDepth=8, chromaSubsampling=0, hdrFormat=0}]}
11-23 21:04:37.117 12636 12745 D CameraCharacteristicsUtil: isAvailableFeature(mode 202) : true
11-23 21:04:37.117 12636 12745 D CameraCharacteristicsUtil: isAvailableDynamicShotInfo : true
11-23 21:04:37.117 12636 12745 D CameraCharacteristicsUtil: isAvailableFeature(mode 101) : true
11-23 21:04:37.117 12636 12745 I cx/HdrExt#57: isExtensionAvailable: cameraId = 3, false
11-23 21:04:37.118 12636 12745 D CameraCharacteristicsUtil: isAvailableFeature(mode 201) : true
11-23 21:04:37.118 12636 12745 D CameraCharacteristicsUtil: isAvailableDynamicShotInfo : true
11-23 21:04:37.118 12636 12745 D CameraCharacteristicsUtil: isAvailableFeature(mode 101) : true
11-23 21:04:37.118 12636 12745 I cx/NightExt#58: isExtensionAvailable: cameraId = 3, false
11-23 21:04:37.118 12636 12745 D CameraCharacteristicsUtil: isAvailableFeature(mode 203) : false
11-23 21:04:37.118 12636 12745 I cx/SuperNightExt#59: isExtensionAvailable: cameraId = 3, false
11-23 21:04:38.295 12636 13599 I ReactNativeJS: 🔧 Apollo: Memory management configured for mobile
11-23 21:04:38.311 12636 13599 I Nitro.HybridObjectRegistry: Unregistering HybridObject "UnistylesRuntime"...
11-23 21:04:38.311 12636 13599 I Nitro.HybridObjectRegistry: Unregistering HybridObject "UnistylesStyleSheet"...
11-23 21:04:38.311 12636 13599 I Nitro.HybridObjectRegistry: Unregistering HybridObject "UnistylesShadowRegistry"...
11-23 21:04:38.312 12636 13599 I Nitro.HybridObjectRegistry: Registering HybridObject "UnistylesRuntime"...
11-23 21:04:38.312 12636 13599 I Nitro.HybridObjectRegistry: Successfully registered HybridObject "UnistylesRuntime"!
11-23 21:04:38.312 12636 13599 I Nitro.HybridObjectRegistry: Registering HybridObject "UnistylesStyleSheet"...
11-23 21:04:38.312 12636 13599 I Nitro.HybridObjectRegistry: Successfully registered HybridObject "UnistylesStyleSheet"!
11-23 21:04:38.312 12636 13599 I Nitro.HybridObjectRegistry: Registering HybridObject "UnistylesShadowRegistry"...
11-23 21:04:38.312 12636 13599 I Nitro.HybridObjectRegistry: Successfully registered HybridObject "UnistylesShadowRegistry"!
11-23 21:04:38.315 12636 13599 I Nitro.Dispatcher: Installing global Dispatcher Holder into Runtime "HermesRuntime[RNBridgeless] (Thread #526639580096)"...
11-23 21:04:38.316 12636 13599 I Nitro.HybridObjectPrototype: Creating new JS prototype for C++ instance type "HybridNitroModulesProxy"...
11-23 21:04:38.316 12636 13599 I Nitro.HybridObjectPrototype: Creating new JS prototype for C++ instance type "HybridObject"...
11-23 21:04:38.316 12636 13599 W Nitro.JSICache: JSICache was created, but it is no longer strong!
11-23 21:04:38.316 12636 13599 I Nitro.JSICache: Creating new JSICache<T> for runtime HermesRuntime[RNBridgeless] (Thread #526639580096)..
11-23 21:04:38.332 12636 13599 W [RNScreens]: InsetObserverProxy registers on new context while it has not been invalidated on the old one. Please report this as issue at https://github.com/software-mansion/react-native-screens/issues
11-23 21:04:38.333 12636 13599 W unknown:ViewManagerPropertyUpdater: Could not find generated setter for class com.th3rdwave.safeareacontext.SafeAreaProviderManager
11-23 21:04:38.337 12636 13599 W unknown:ViewManagerPropertyUpdater: Could not find generated setter for class com.facebook.react.uimanager.LayoutShadowNode
11-23 21:04:38.341 12636 13599 W unknown:ViewManagerPropertyUpdater: Could not find generated setter for class com.swmansion.rnscreens.SearchBarManager
11-23 21:04:38.342 12636 13599 W unknown:ViewManagerPropertyUpdater: Could not find generated setter for class com.swmansion.rnscreens.ScreenFooterManager
11-23 21:04:38.343 12636 13599 W unknown:ViewManagerPropertyUpdater: Could not find generated setter for class com.swmansion.rnscreens.gamma.tabs.TabScreenViewManager
11-23 21:04:38.345 12636 13599 W unknown:ViewManagerPropertyUpdater: Could not find generated setter for class com.swmansion.rnscreens.ScreenContainerViewManager
11-23 21:04:38.346 12636 13599 W unknown:ViewManagerPropertyUpdater: Could not find generated setter for class com.swmansion.rnscreens.gamma.tabs.TabsHostViewManager
11-23 21:04:38.347 12636 13599 W unknown:ViewManagerPropertyUpdater: Could not find generated setter for class com.swmansion.rnscreens.ModalScreenViewManager
11-23 21:04:38.350 12636 13599 W unknown:ViewManagerPropertyUpdater: Could not find generated setter for class com.swmansion.rnscreens.ScreenStackHeaderConfigViewManager
11-23 21:04:38.351 12636 13599 E unknown:UIManagerModuleConstantsHelper: Direct event name for 'CameraView' doesn't correspond to the naming convention, expected 'topEventName'->'onEventName', got 'topCameraStarted'->'onStarted'
11-23 21:04:38.351 12636 13599 E unknown:UIManagerModuleConstantsHelper: Direct event name for 'CameraView' doesn't correspond to the naming convention, expected 'topEventName'->'onEventName', got 'topCameraError'->'onError'
11-23 21:04:38.351 12636 13599 E unknown:UIManagerModuleConstantsHelper: Direct event name for 'CameraView' doesn't correspond to the naming convention, expected 'topEventName'->'onEventName', got 'topCameraViewReady'->'onViewReady'
11-23 21:04:38.351 12636 13599 E unknown:UIManagerModuleConstantsHelper: Direct event name for 'CameraView' doesn't correspond to the naming convention, expected 'topEventName'->'onEventName', got 'topCameraAverageFpsChanged'->'onAverageFpsChanged'
11-23 21:04:38.351 12636 13599 E unknown:UIManagerModuleConstantsHelper: Direct event name for 'CameraView' doesn't correspond to the naming convention, expected 'topEventName'->'onEventName', got 'topCameraShutter'->'onShutter'
11-23 21:04:38.351 12636 13599 E unknown:UIManagerModuleConstantsHelper: Direct event name for 'CameraView' doesn't correspond to the naming convention, expected 'topEventName'->'onEventName', got 'topCameraOutputOrientationChanged'->'onOutputOrientationChanged'
11-23 21:04:38.351 12636 13599 E unknown:UIManagerModuleConstantsHelper: Direct event name for 'CameraView' doesn't correspond to the naming convention, expected 'topEventName'->'onEventName', got 'topCameraInitialized'->'onInitialized'
11-23 21:04:38.351 12636 13599 E unknown:UIManagerModuleConstantsHelper: Direct event name for 'CameraView' doesn't correspond to the naming convention, expected 'topEventName'->'onEventName', got 'topCameraCodeScanned'->'onCodeScanned'
11-23 21:04:38.351 12636 13599 E unknown:UIManagerModuleConstantsHelper: Direct event name for 'CameraView' doesn't correspond to the naming convention, expected 'topEventName'->'onEventName', got 'topCameraPreviewOrientationChanged'->'onPreviewOrientationChanged'
11-23 21:04:38.351 12636 13599 E unknown:UIManagerModuleConstantsHelper: Direct event name for 'CameraView' doesn't correspond to the naming convention, expected 'topEventName'->'onEventName', got 'topCameraStopped'->'onStopped'
11-23 21:04:38.351 12636 13599 E unknown:UIManagerModuleConstantsHelper: Direct event name for 'CameraView' doesn't correspond to the naming convention, expected 'topEventName'->'onEventName', got 'topCameraPreviewStarted'->'onPreviewStarted'
11-23 21:04:38.351 12636 13599 E unknown:UIManagerModuleConstantsHelper: Direct event name for 'CameraView' doesn't correspond to the naming convention, expected 'topEventName'->'onEventName', got 'topCameraPreviewStopped'->'onPreviewStopped'
11-23 21:04:38.352 12636 13599 W unknown:ViewManagerPropertyUpdater: Could not find generated setter for class com.mrousavy.camera.react.CameraViewManager
11-23 21:04:38.354 12636 13599 W unknown:ViewManagerPropertyUpdater: Could not find generated setter for class com.swmansion.rnscreens.ScreenContentWrapperManager
11-23 21:04:38.355 12636 13599 W unknown:ViewManagerPropertyUpdater: Could not find generated setter for class com.th3rdwave.safeareacontext.SafeAreaViewManager
11-23 21:04:38.358 12636 13599 W unknown:ViewManagerPropertyUpdater: Could not find generated setter for class com.th3rdwave.safeareacontext.SafeAreaViewShadowNode
11-23 21:04:38.359 12636 13599 W unknown:ViewManagerPropertyUpdater: Could not find generated setter for class com.swmansion.rnscreens.safearea.SafeAreaViewManager
11-23 21:04:38.360 12636 13599 W unknown:ViewManagerPropertyUpdater: Could not find generated setter for class com.swmansion.rnscreens.safearea.paper.SafeAreaViewShadowNode
11-23 21:04:38.361 12636 13599 W unknown:ViewManagerPropertyUpdater: Could not find generated setter for class com.swmansion.rnscreens.ScreenViewManager
11-23 21:04:38.362 12636 13599 W unknown:ViewManagerPropertyUpdater: Could not find generated setter for class com.reactnativepagerview.PagerViewViewManager
11-23 21:04:38.363 12636 13599 W unknown:ViewManagerPropertyUpdater: Could not find generated setter for class com.swmansion.rnscreens.ScreenStackHeaderSubviewManager
11-23 21:04:38.364 12636 13599 W unknown:ViewManagerPropertyUpdater: Could not find generated setter for class com.reactnativecommunity.picker.ReactDialogPickerManager
11-23 21:04:38.366 12636 13599 W unknown:ViewManagerPropertyUpdater: Could not find generated setter for class com.reactnativecommunity.picker.ReactPickerShadowNode
11-23 21:04:38.367 12636 13599 W unknown:ViewManagerPropertyUpdater: Could not find generated setter for class com.swmansion.rnscreens.ScreenStackViewManager
11-23 21:04:38.368 12636 13599 W unknown:ViewManagerPropertyUpdater: Could not find generated setter for class com.reactnativecommunity.picker.ReactDropdownPickerManager
11-23 21:04:38.501 12636 13599 W unknown:ViewManagerPropertyUpdater: Could not find generated setter for class com.horcrux.svg.RenderableViewManager$FeMergeManager
11-23 21:04:38.503 12636 13599 W unknown:ViewManagerPropertyUpdater: Could not find generated setter for class com.horcrux.svg.VirtualViewManager$RenderableShadowNode
11-23 21:04:38.512 12636 13599 W unknown:ViewManagerPropertyUpdater: Could not find generated setter for class com.facebook.react.views.safeareaview.ReactSafeAreaViewManager
11-23 21:04:38.519 12636 13599 W unknown:ViewManagerPropertyUpdater: Could not find generated setter for class com.horcrux.svg.RenderableViewManager$LinearGradientManager
11-23 21:04:38.529 12636 13599 W unknown:ViewManagerPropertyUpdater: Could not find generated setter for class com.facebook.react.views.progressbar.ReactProgressBarViewManager
11-23 21:04:38.530 12636 13599 W unknown:ViewManagerPropertyUpdater: Could not find generated setter for class com.facebook.react.views.progressbar.ProgressBarShadowNode
11-23 21:04:38.538 12636 13599 W unknown:ViewManagerPropertyUpdater: Could not find generated setter for class com.horcrux.svg.RenderableViewManager$FeColorMatrixManager
11-23 21:04:38.546 12636 13599 W unknown:ViewManagerPropertyUpdater: Could not find generated setter for class com.horcrux.svg.RenderableViewManager$SymbolManager
11-23 21:04:38.558 12636 13599 W unknown:ViewManagerPropertyUpdater: Could not find generated setter for class com.horcrux.svg.RenderableViewManager$PatternManager
11-23 21:04:38.569 12636 13599 W unknown:ViewManagerPropertyUpdater: Could not find generated setter for class com.horcrux.svg.SvgViewManager
11-23 21:04:38.580 12636 13599 W unknown:ViewManagerPropertyUpdater: Could not find generated setter for class com.facebook.react.views.switchview.ReactSwitchManager
11-23 21:04:38.581 12636 13599 W unknown:ViewManagerPropertyUpdater: Could not find generated setter for class com.facebook.react.views.switchview.ReactSwitchShadowNode
11-23 21:04:38.589 12636 13599 W unknown:ViewManagerPropertyUpdater: Could not find generated setter for class com.horcrux.svg.RenderableViewManager$UseViewManager
11-23 21:04:38.599 12636 13599 W unknown:ViewManagerPropertyUpdater: Could not find generated setter for class com.horcrux.svg.RenderableViewManager$TSpanViewManager
11-23 21:04:38.611 12636 13599 W unknown:ViewManagerPropertyUpdater: Could not find generated setter for class com.horcrux.svg.RenderableViewManager$FilterManager
11-23 21:04:38.620 12636 13599 W unknown:ViewManagerPropertyUpdater: Could not find generated setter for class com.horcrux.svg.RenderableViewManager$MarkerManager
11-23 21:04:38.632 12636 13599 W unknown:ViewManagerPropertyUpdater: Could not find generated setter for class com.swmansion.gesturehandler.react.RNGestureHandlerButtonViewManager
11-23 21:04:38.641 12636 13599 W unknown:ViewManagerPropertyUpdater: Could not find generated setter for class com.horcrux.svg.RenderableViewManager$ForeignObjectManager
11-23 21:04:38.651 12636 13599 W unknown:ViewManagerPropertyUpdater: Could not find generated setter for class com.horcrux.svg.RenderableViewManager$GroupViewManager
11-23 21:04:38.666 12636 13599 W unknown:ViewManagerPropertyUpdater: Could not find generated setter for class com.horcrux.svg.RenderableViewManager$TextViewManager
11-23 21:04:38.675 12636 13599 W unknown:ViewManagerPropertyUpdater: Could not find generated setter for class com.horcrux.svg.RenderableViewManager$ImageViewManager
11-23 21:04:38.683 12636 13599 W unknown:ViewManagerPropertyUpdater: Could not find generated setter for class com.horcrux.svg.RenderableViewManager$FeCompositeManager
11-23 21:04:38.691 12636 13599 W unknown:ViewManagerPropertyUpdater: Could not find generated setter for class com.horcrux.svg.RenderableViewManager$RadialGradientManager
11-23 21:04:38.699 12636 13599 W unknown:ViewManagerPropertyUpdater: Could not find generated setter for class com.facebook.react.views.unimplementedview.ReactUnimplementedViewManager
11-23 21:04:38.705 12636 13599 W unknown:ViewManagerPropertyUpdater: Could not find generated setter for class com.horcrux.svg.RenderableViewManager$FeOffsetManager
11-23 21:04:38.714 12636 13599 W unknown:ViewManagerPropertyUpdater: Could not find generated setter for class com.horcrux.svg.RenderableViewManager$PathViewManager
11-23 21:04:38.723 12636 13599 W unknown:ViewManagerPropertyUpdater: Could not find generated setter for class com.facebook.react.views.drawer.ReactDrawerLayoutManager
11-23 21:04:38.732 12636 13599 W unknown:ViewManagerPropertyUpdater: Could not find generated setter for class com.facebook.react.views.textinput.ReactTextInputManager
11-23 21:04:38.736 12636 13599 W unknown:ViewManagerPropertyUpdater: Could not find generated setter for class com.facebook.react.views.textinput.ReactTextInputShadowNode
11-23 21:04:38.748 12636 13599 W unknown:ViewManagerPropertyUpdater: Could not find generated setter for class com.horcrux.svg.RenderableViewManager$DefsViewManager
11-23 21:04:38.758 12636 13599 W unknown:ViewManagerPropertyUpdater: Could not find generated setter for class com.facebook.react.views.debuggingoverlay.DebuggingOverlayManager
11-23 21:04:38.765 12636 13599 W unknown:ViewManagerPropertyUpdater: Could not find generated setter for class com.horcrux.svg.RenderableViewManager$FeGaussianBlurManager
11-23 21:04:38.774 12636 13599 W unknown:ViewManagerPropertyUpdater: Could not find generated setter for class com.facebook.react.views.scroll.ReactHorizontalScrollViewManager
11-23 21:04:38.785 12636 13599 W unknown:ViewManagerPropertyUpdater: Could not find generated setter for class com.facebook.react.views.text.ReactTextViewManager
11-23 21:04:38.787 12636 13599 W unknown:ViewManagerPropertyUpdater: Could not find generated setter for class com.facebook.react.views.text.ReactTextShadowNode
11-23 21:04:38.797 12636 13599 W unknown:ViewManagerPropertyUpdater: Could not find generated setter for class com.facebook.react.views.scroll.ReactHorizontalScrollContainerViewManager
11-23 21:04:38.805 12636 13599 W unknown:ViewManagerPropertyUpdater: Could not find generated setter for class com.horcrux.svg.RenderableViewManager$ClipPathViewManager
11-23 21:04:38.814 12636 13599 W unknown:ViewManagerPropertyUpdater: Could not find generated setter for class com.horcrux.svg.RenderableViewManager$FeBlendManager
11-23 21:04:38.823 12636 13599 W unknown:ViewManagerPropertyUpdater: Could not find generated setter for class com.facebook.react.views.view.ReactViewManager
11-23 21:04:38.832 12636 13599 W unknown:ViewManagerPropertyUpdater: Could not find generated setter for class com.horcrux.svg.RenderableViewManager$CircleViewManager
11-23 21:04:38.842 12636 13599 W unknown:ViewManagerPropertyUpdater: Could not find generated setter for class com.facebook.react.views.modal.ReactModalHostManager
11-23 21:04:38.851 12636 13599 W unknown:ViewManagerPropertyUpdater: Could not find generated setter for class com.horcrux.svg.RenderableViewManager$EllipseViewManager
11-23 21:04:38.860 12636 13599 W unknown:ViewManagerPropertyUpdater: Could not find generated setter for class com.horcrux.svg.RenderableViewManager$LineViewManager
11-23 21:04:38.871 12636 13599 W unknown:ViewManagerPropertyUpdater: Could not find generated setter for class com.facebook.react.views.text.frescosupport.FrescoBasedReactTextInlineImageViewManager
11-23 21:04:38.872 12636 13599 W unknown:ViewManagerPropertyUpdater: Could not find generated setter for class com.facebook.react.views.text.frescosupport.FrescoBasedReactTextInlineImageShadowNode
11-23 21:04:38.880 12636 13599 W unknown:ViewManagerPropertyUpdater: Could not find generated setter for class com.horcrux.svg.RenderableViewManager$FeFloodManager
11-23 21:04:38.888 12636 13599 W unknown:ViewManagerPropertyUpdater: Could not find generated setter for class com.facebook.react.views.image.ReactImageManager
11-23 21:04:38.911 12636 13599 W unknown:ViewManagerPropertyUpdater: Could not find generated setter for class com.horcrux.svg.RenderableViewManager$MaskManager
11-23 21:04:38.922 12636 13599 W unknown:ViewManagerPropertyUpdater: Could not find generated setter for class com.horcrux.svg.RenderableViewManager$RectViewManager
11-23 21:04:38.932 12636 13599 W unknown:ViewManagerPropertyUpdater: Could not find generated setter for class com.horcrux.svg.RenderableViewManager$TextPathViewManager
11-23 21:04:38.943 12636 13599 W unknown:ViewManagerPropertyUpdater: Could not find generated setter for class com.facebook.react.views.scroll.ReactScrollViewManager
11-23 21:04:38.954 12636 13599 W unknown:ViewManagerPropertyUpdater: Could not find generated setter for class com.facebook.react.views.text.ReactVirtualTextViewManager
11-23 21:04:38.954 12636 13599 W unknown:ViewManagerPropertyUpdater: Could not find generated setter for class com.facebook.react.views.text.ReactVirtualTextShadowNode
11-23 21:04:38.963 12636 13599 W unknown:ViewManagerPropertyUpdater: Could not find generated setter for class com.facebook.react.views.swiperefresh.SwipeRefreshLayoutManager
11-23 21:04:38.972 12636 13599 W unknown:ViewManagerPropertyUpdater: Could not find generated setter for class com.facebook.react.views.text.ReactRawTextManager
11-23 21:04:38.972 12636 13599 W unknown:ViewManagerPropertyUpdater: Could not find generated setter for class com.facebook.react.views.text.ReactRawTextShadowNode
11-23 21:04:38.974 12636 13599 W unknown:ViewManagerPropertyUpdater: Could not find generated setter for class com.swmansion.gesturehandler.react.RNGestureHandlerRootViewManager
11-23 21:04:38.991 12636 13599 I Nitro.HybridObjectPrototype: Creating new JS prototype for C++ instance type "HybridStyleSheet"...
11-23 21:04:38.991 12636 13599 I Nitro.HybridObjectPrototype: Creating new JS prototype for C++ instance type "HybridUnistylesStyleSheetSpec"...
11-23 21:04:39.004 12636 13599 I Nitro.HybridObjectPrototype: Creating new JS prototype for C++ instance type "HybridUnistylesRuntime"...
11-23 21:04:39.005 12636 13599 I Nitro.HybridObjectPrototype: Creating new JS prototype for C++ instance type "HybridUnistylesRuntimeSpec"...
11-23 21:04:39.005 12636 13599 I Nitro.HybridObjectPrototype: Creating new JS prototype for C++ instance type "HybridUnistylesStatusBarSpec"...
11-23 21:04:39.006 12636 13599 I Nitro.HybridObjectPrototype: Creating new JS prototype for C++ instance type "HybridUnistylesNavigationBarSpec"...
11-23 21:04:39.008 12636 13599 I Nitro.HybridObjectPrototype: Creating new JS prototype for C++ instance type "HybridShadowRegistry"...
11-23 21:04:39.008 12636 13599 I Nitro.HybridObjectPrototype: Creating new JS prototype for C++ instance type "HybridUnistylesShadowRegistrySpec"...
11-23 21:04:39.099 12636 12684 D DetoxWSClient: Received action 'invoke' (ID #69, params={"target":{"type":"Class","value":"com.wix.detox.espresso.DetoxAssertion"},"method":"waitForAssertMatcher","args":[{"type":"Invocation","value":{"target":{"type":"Class","value":"androidx.test.espresso.Espresso"},"method":"onView","args":[{"type":"Invocation","value":{"target":{"type":"Class","value":"com.wix.detox.espresso.DetoxMatcher"},"method":"matcherForTestId","args":["post-login-biometric-prompt",{"type":"boolean","value":false}]}}]}},{"type":"Invocation","value":{"target":{"type":"Class","value":"com.wix.detox.espresso.DetoxMatcher"},"method":"matcherForSufficientlyVisible","args":[{"type":"Integer","value":75}]}},{"type":"Double","value":2}]})
11-23 21:04:39.100 12636 12680 I DetoxDispatcher: Handling action 'invoke' (ID #69)...
11-23 21:04:39.101 12636 12680 D Detox   : class com.wix.detox.espresso.DetoxMatcher, matcherForTestId, [post-login-biometric-prompt, false]
11-23 21:04:39.102 12636 12680 D Detox   : class androidx.test.espresso.Espresso, onView, [(view.getTag() is "post-login-biometric-prompt" and view has effective visibility <VISIBLE>)]
11-23 21:04:39.105 12636 12680 D Detox   : class com.wix.detox.espresso.DetoxMatcher, matcherForSufficientlyVisible, [75]
11-23 21:04:39.106 12636 12680 D Detox   : class com.wix.detox.espresso.DetoxAssertion, waitForAssertMatcher, [androidx.test.espresso.ViewInteraction@fe06c44, (view has effective visibility <VISIBLE> and view.getGlobalVisibleRect() covers at least <75> percent of the view's area), 2.0]
11-23 21:04:39.127 12636 12636 I ViewInteraction: Checking 'MatchesViewAssertion(Detox){viewMatcher=(view has effective visibility <VISIBLE> and view.getGlobalVisibleRect() covers at least <75> percent of the view's area)}' assertion on view (view.getTag() is "post-login-biometric-prompt" and view has effective visibility <VISIBLE>)
11-23 21:04:39.165 12636 12636 I ViewInteraction: Checking 'MatchesViewAssertion(Detox){viewMatcher=(view has effective visibility <VISIBLE> and view.getGlobalVisibleRect() covers at least <75> percent of the view's area)}' assertion on view (view.getTag() is "post-login-biometric-prompt" and view has effective visibility <VISIBLE>)
11-23 21:04:39.202 12636 12636 I ViewInteraction: Checking 'MatchesViewAssertion(Detox){viewMatcher=(view has effective visibility <VISIBLE> and view.getGlobalVisibleRect() covers at least <75> percent of the view's area)}' assertion on view (view.getTag() is "post-login-biometric-prompt" and view has effective visibility <VISIBLE>)
11-23 21:04:39.239 12636 12636 I ViewInteraction: Checking 'MatchesViewAssertion(Detox){viewMatcher=(view has effective visibility <VISIBLE> and view.getGlobalVisibleRect() covers at least <75> percent of the view's area)}' assertion on view (view.getTag() is "post-login-biometric-prompt" and view has effective visibility <VISIBLE>)
11-23 21:04:39.276 12636 12636 I ViewInteraction: Checking 'MatchesViewAssertion(Detox){viewMatcher=(view has effective visibility <VISIBLE> and view.getGlobalVisibleRect() covers at least <75> percent of the view's area)}' assertion on view (view.getTag() is "post-login-biometric-prompt" and view has effective visibility <VISIBLE>)
11-23 21:04:39.314 12636 12636 I ViewInteraction: Checking 'MatchesViewAssertion(Detox){viewMatcher=(view has effective visibility <VISIBLE> and view.getGlobalVisibleRect() covers at least <75> percent of the view's area)}' assertion on view (view.getTag() is "post-login-biometric-prompt" and view has effective visibility <VISIBLE>)
11-23 21:04:39.350 12636 12636 I ViewInteraction: Checking 'MatchesViewAssertion(Detox){viewMatcher=(view has effective visibility <VISIBLE> and view.getGlobalVisibleRect() covers at least <75> percent of the view's area)}' assertion on view (view.getTag() is "post-login-biometric-prompt" and view has effective visibility <VISIBLE>)
11-23 21:04:39.385 12636 12636 I ViewInteraction: Checking 'MatchesViewAssertion(Detox){viewMatcher=(view has effective visibility <VISIBLE> and view.getGlobalVisibleRect() covers at least <75> percent of the view's area)}' assertion on view (view.getTag() is "post-login-biometric-prompt" and view has effective visibility <VISIBLE>)
11-23 21:04:39.420 12636 12636 I ViewInteraction: Checking 'MatchesViewAssertion(Detox){viewMatcher=(view has effective visibility <VISIBLE> and view.getGlobalVisibleRect() covers at least <75> percent of the view's area)}' assertion on view (view.getTag() is "post-login-biometric-prompt" and view has effective visibility <VISIBLE>)
11-23 21:04:39.454 12636 12636 I ViewInteraction: Checking 'MatchesViewAssertion(Detox){viewMatcher=(view has effective visibility <VISIBLE> and view.getGlobalVisibleRect() covers at least <75> percent of the view's area)}' assertion on view (view.getTag() is "post-login-biometric-prompt" and view has effective visibility <VISIBLE>)
11-23 21:04:39.489 12636 12636 I ViewInteraction: Checking 'MatchesViewAssertion(Detox){viewMatcher=(view has effective visibility <VISIBLE> and view.getGlobalVisibleRect() covers at least <75> percent of the view's area)}' assertion on view (view.getTag() is "post-login-biometric-prompt" and view has effective visibility <VISIBLE>)
11-23 21:04:39.523 12636 12636 I ViewInteraction: Checking 'MatchesViewAssertion(Detox){viewMatcher=(view has effective visibility <VISIBLE> and view.getGlobalVisibleRect() covers at least <75> percent of the view's area)}' assertion on view (view.getTag() is "post-login-biometric-prompt" and view has effective visibility <VISIBLE>)
11-23 21:04:39.557 12636 12636 I ViewInteraction: Checking 'MatchesViewAssertion(Detox){viewMatcher=(view has effective visibility <VISIBLE> and view.getGlobalVisibleRect() covers at least <75> percent of the view's area)}' assertion on view (view.getTag() is "post-login-biometric-prompt" and view has effective visibility <VISIBLE>)
11-23 21:04:39.592 12636 12636 I ViewInteraction: Checking 'MatchesViewAssertion(Detox){viewMatcher=(view has effective visibility <VISIBLE> and view.getGlobalVisibleRect() covers at least <75> percent of the view's area)}' assertion on view (view.getTag() is "post-login-biometric-prompt" and view has effective visibility <VISIBLE>)
11-23 21:04:39.628 12636 12636 I ViewInteraction: Checking 'MatchesViewAssertion(Detox){viewMatcher=(view has effective visibility <VISIBLE> and view.getGlobalVisibleRect() covers at least <75> percent of the view's area)}' assertion on view (view.getTag() is "post-login-biometric-prompt" and view has effective visibility <VISIBLE>)
11-23 21:04:39.663 12636 12636 I ViewInteraction: Checking 'MatchesViewAssertion(Detox){viewMatcher=(view has effective visibility <VISIBLE> and view.getGlobalVisibleRect() covers at least <75> percent of the view's area)}' assertion on view (view.getTag() is "post-login-biometric-prompt" and view has effective visibility <VISIBLE>)
11-23 21:04:39.697 12636 12636 I ViewInteraction: Checking 'MatchesViewAssertion(Detox){viewMatcher=(view has effective visibility <VISIBLE> and view.getGlobalVisibleRect() covers at least <75> percent of the view's area)}' assertion on view (view.getTag() is "post-login-biometric-prompt" and view has effective visibility <VISIBLE>)
11-23 21:04:39.730 12636 12636 I ViewInteraction: Checking 'MatchesViewAssertion(Detox){viewMatcher=(view has effective visibility <VISIBLE> and view.getGlobalVisibleRect() covers at least <75> percent of the view's area)}' assertion on view (view.getTag() is "post-login-biometric-prompt" and view has effective visibility <VISIBLE>)
11-23 21:04:39.765 12636 12636 I ViewInteraction: Checking 'MatchesViewAssertion(Detox){viewMatcher=(view has effective visibility <VISIBLE> and view.getGlobalVisibleRect() covers at least <75> percent of the view's area)}' assertion on view (view.getTag() is "post-login-biometric-prompt" and view has effective visibility <VISIBLE>)
11-23 21:04:39.799 12636 12636 I ViewInteraction: Checking 'MatchesViewAssertion(Detox){viewMatcher=(view has effective visibility <VISIBLE> and view.getGlobalVisibleRect() covers at least <75> percent of the view's area)}' assertion on view (view.getTag() is "post-login-biometric-prompt" and view has effective visibility <VISIBLE>)
11-23 21:04:39.835 12636 12636 I ViewInteraction: Checking 'MatchesViewAssertion(Detox){viewMatcher=(view has effective visibility <VISIBLE> and view.getGlobalVisibleRect() covers at least <75> percent of the view's area)}' assertion on view (view.getTag() is "post-login-biometric-prompt" and view has effective visibility <VISIBLE>)
11-23 21:04:39.869 12636 12636 I ViewInteraction: Checking 'MatchesViewAssertion(Detox){viewMatcher=(view has effective visibility <VISIBLE> and view.getGlobalVisibleRect() covers at least <75> percent of the view's area)}' assertion on view (view.getTag() is "post-login-biometric-prompt" and view has effective visibility <VISIBLE>)
11-23 21:04:39.893 12636 13599 D Detox.RNMarker: RUN_JS_BUNDLE_END (/index.bundle?platform=android&dev=true&lazy=true&minify=false&app=dev.souschef.app&modulesOnly=false&runModule=true&excludeSource=true&sourcePaths=url-server)
11-23 21:04:39.904 12636 12636 I ViewInteraction: Checking 'MatchesViewAssertion(Detox){viewMatcher=(view has effective visibility <VISIBLE> and view.getGlobalVisibleRect() covers at least <75> percent of the view's area)}' assertion on view (view.getTag() is "post-login-biometric-prompt" and view has effective visibility <VISIBLE>)
11-23 21:04:39.915 12636 13599 I ReactNativeJS: Running "SousChef" with {"rootTag":1,"initialProps":{},"fabric":true}
11-23 21:04:39.940 12636 12636 I ViewInteraction: Checking 'MatchesViewAssertion(Detox){viewMatcher=(view has effective visibility <VISIBLE> and view.getGlobalVisibleRect() covers at least <75> percent of the view's area)}' assertion on view (view.getTag() is "post-login-biometric-prompt" and view has effective visibility <VISIBLE>)
11-23 21:04:39.975 12636 12636 I ViewInteraction: Checking 'MatchesViewAssertion(Detox){viewMatcher=(view has effective visibility <VISIBLE> and view.getGlobalVisibleRect() covers at least <75> percent of the view's area)}' assertion on view (view.getTag() is "post-login-biometric-prompt" and view has effective visibility <VISIBLE>)
11-23 21:04:40.011 12636 12636 I ViewInteraction: Checking 'MatchesViewAssertion(Detox){viewMatcher=(view has effective visibility <VISIBLE> and view.getGlobalVisibleRect() covers at least <75> percent of the view's area)}' assertion on view (view.getTag() is "post-login-biometric-prompt" and view has effective visibility <VISIBLE>)
11-23 21:04:40.046 12636 12636 I ViewInteraction: Checking 'MatchesViewAssertion(Detox){viewMatcher=(view has effective visibility <VISIBLE> and view.getGlobalVisibleRect() covers at least <75> percent of the view's area)}' assertion on view (view.getTag() is "post-login-biometric-prompt" and view has effective visibility <VISIBLE>)
11-23 21:04:40.082 12636 12636 I ViewInteraction: Checking 'MatchesViewAssertion(Detox){viewMatcher=(view has effective visibility <VISIBLE> and view.getGlobalVisibleRect() covers at least <75> percent of the view's area)}' assertion on view (view.getTag() is "post-login-biometric-prompt" and view has effective visibility <VISIBLE>)
11-23 21:04:40.117 12636 12636 I ViewInteraction: Checking 'MatchesViewAssertion(Detox){viewMatcher=(view has effective visibility <VISIBLE> and view.getGlobalVisibleRect() covers at least <75> percent of the view's area)}' assertion on view (view.getTag() is "post-login-biometric-prompt" and view has effective visibility <VISIBLE>)
11-23 21:04:40.152 12636 12636 I ViewInteraction: Checking 'MatchesViewAssertion(Detox){viewMatcher=(view has effective visibility <VISIBLE> and view.getGlobalVisibleRect() covers at least <75> percent of the view's area)}' assertion on view (view.getTag() is "post-login-biometric-prompt" and view has effective visibility <VISIBLE>)
11-23 21:04:40.187 12636 12636 I ViewInteraction: Checking 'MatchesViewAssertion(Detox){viewMatcher=(view has effective visibility <VISIBLE> and view.getGlobalVisibleRect() covers at least <75> percent of the view's area)}' assertion on view (view.getTag() is "post-login-biometric-prompt" and view has effective visibility <VISIBLE>)
11-23 21:04:40.223 12636 12636 I ViewInteraction: Checking 'MatchesViewAssertion(Detox){viewMatcher=(view has effective visibility <VISIBLE> and view.getGlobalVisibleRect() covers at least <75> percent of the view's area)}' assertion on view (view.getTag() is "post-login-biometric-prompt" and view has effective visibility <VISIBLE>)
11-23 21:04:40.257 12636 12636 I ViewInteraction: Checking 'MatchesViewAssertion(Detox){viewMatcher=(view has effective visibility <VISIBLE> and view.getGlobalVisibleRect() covers at least <75> percent of the view's area)}' assertion on view (view.getTag() is "post-login-biometric-prompt" and view has effective visibility <VISIBLE>)
11-23 21:04:40.291 12636 12636 I ViewInteraction: Checking 'MatchesViewAssertion(Detox){viewMatcher=(view has effective visibility <VISIBLE> and view.getGlobalVisibleRect() covers at least <75> percent of the view's area)}' assertion on view (view.getTag() is "post-login-biometric-prompt" and view has effective visibility <VISIBLE>)
11-23 21:04:40.325 12636 12636 I ViewInteraction: Checking 'MatchesViewAssertion(Detox){viewMatcher=(view has effective visibility <VISIBLE> and view.getGlobalVisibleRect() covers at least <75> percent of the view's area)}' assertion on view (view.getTag() is "post-login-biometric-prompt" and view has effective visibility <VISIBLE>)
11-23 21:04:40.334 12636 13599 I Nitro.HybridObjectPrototype: Creating new JS prototype for C++ instance type "HybridMMKVPlatformContextSpec"...
11-23 21:04:40.334 12636 13599 I Nitro.HybridObjectPrototype: Creating new JS prototype for C++ instance type "HybridMMKVFactorySpec"...
11-23 21:04:40.334 12636 13599 I Nitro.MMKVFactory: Initializing MMKV with rootPath=/data/user/0/dev.souschef.app/files/mmkv
11-23 21:04:40.335 12636 13599 I MMKV    : <MMKV.cpp:223::initializeMMKV> root dir: /data/data/dev.souschef.app/files/mmkv
11-23 21:04:40.335 12636 13599 I Nitro.MMKV: Creating MMKV instance "sous-chef-storage_temp"... (Path: , Encrypted: false)
11-23 21:04:40.335 12636 13599 I Nitro.HybridObjectPrototype: Creating new JS prototype for C++ instance type "HybridMMKVSpec"...
11-23 21:04:40.359 12636 12636 I ViewInteraction: Checking 'MatchesViewAssertion(Detox){viewMatcher=(view has effective visibility <VISIBLE> and view.getGlobalVisibleRect() covers at least <75> percent of the view's area)}' assertion on view (view.getTag() is "post-login-biometric-prompt" and view has effective visibility <VISIBLE>)
11-23 21:04:40.394 12636 12636 I ViewInteraction: Checking 'MatchesViewAssertion(Detox){viewMatcher=(view has effective visibility <VISIBLE> and view.getGlobalVisibleRect() covers at least <75> percent of the view's area)}' assertion on view (view.getTag() is "post-login-biometric-prompt" and view has effective visibility <VISIBLE>)
11-23 21:04:40.398 12636 13599 D ConnectivityManager: StackLog: [android.net.ConnectivityManager.sendRequestForNetwork(ConnectivityManager.java:4736)] [android.net.ConnectivityManager.registerDefaultNetworkCallbackForUid(ConnectivityManager.java:5461)] [android.net.ConnectivityManager.registerDefaultNetworkCallback(ConnectivityManager.java:5428)] [android.net.ConnectivityManager.registerDefaultNetworkCallback(ConnectivityManager.java:5402)] [com.reactnativecommunity.netinfo.NetworkCallbackConnectivityReceiver.register(NetworkCallbackConnectivityReceiver.java:62)] [com.reactnativecommunity.netinfo.NetInfoModule.initialize(NetInfoModule.java:40)] [com.facebook.react.internal.turbomodule.core.TurboModuleManager.getOrCreateModule(TurboModuleManager.kt:261)] [com.facebook.react.internal.turbomodule.core.TurboModuleManager.getModule(TurboModuleManager.kt:203)] [com.facebook.react.internal.turbomodule.core.TurboModuleManager.getLegacyCxxModule(TurboModuleManager.kt:128)] [com.facebook.jni.NativeRunnable.run(Native Method)]
11-23 21:04:40.429 12636 12636 I ViewInteraction: Checking 'MatchesViewAssertion(Detox){viewMatcher=(view has effective visibility <VISIBLE> and view.getGlobalVisibleRect() covers at least <75> percent of the view's area)}' assertion on view (view.getTag() is "post-login-biometric-prompt" and view has effective visibility <VISIBLE>)
11-23 21:04:40.463 12636 12636 I ViewInteraction: Checking 'MatchesViewAssertion(Detox){viewMatcher=(view has effective visibility <VISIBLE> and view.getGlobalVisibleRect() covers at least <75> percent of the view's area)}' assertion on view (view.getTag() is "post-login-biometric-prompt" and view has effective visibility <VISIBLE>)
11-23 21:04:40.537 12636 12636 I ViewInteraction: Checking 'MatchesViewAssertion(Detox){viewMatcher=(view has effective visibility <VISIBLE> and view.getGlobalVisibleRect() covers at least <75> percent of the view's area)}' assertion on view (view.getTag() is "post-login-biometric-prompt" and view has effective visibility <VISIBLE>)
11-23 21:04:40.576 12636 12636 I ViewInteraction: Checking 'MatchesViewAssertion(Detox){viewMatcher=(view has effective visibility <VISIBLE> and view.getGlobalVisibleRect() covers at least <75> percent of the view's area)}' assertion on view (view.getTag() is "post-login-biometric-prompt" and view has effective visibility <VISIBLE>)
11-23 21:04:40.610 12636 12636 I ViewInteraction: Checking 'MatchesViewAssertion(Detox){viewMatcher=(view has effective visibility <VISIBLE> and view.getGlobalVisibleRect() covers at least <75> percent of the view's area)}' assertion on view (view.getTag() is "post-login-biometric-prompt" and view has effective visibility <VISIBLE>)
11-23 21:04:40.646 12636 12636 I ViewInteraction: Checking 'MatchesViewAssertion(Detox){viewMatcher=(view has effective visibility <VISIBLE> and view.getGlobalVisibleRect() covers at least <75> percent of the view's area)}' assertion on view (view.getTag() is "post-login-biometric-prompt" and view has effective visibility <VISIBLE>)
11-23 21:04:40.679 12636 12636 I ViewInteraction: Checking 'MatchesViewAssertion(Detox){viewMatcher=(view has effective visibility <VISIBLE> and view.getGlobalVisibleRect() covers at least <75> percent of the view's area)}' assertion on view (view.getTag() is "post-login-biometric-prompt" and view has effective visibility <VISIBLE>)
11-23 21:04:40.683 12636 12636 I WindowManager: WindowManagerGlobal#addView, ty=1000, view=android.widget.PopupWindow$PopupDecorView{ce633bc V.E...... R.....I. 0,0-0,0}, caller=android.view.WindowManagerImpl.addView:158 android.widget.PopupWindow.invokePopup:1692 android.widget.PopupWindow.showAtLocation:1418 
11-23 21:04:40.684 12636 12636 D ViewRootImpl: desktopMode is false
11-23 21:04:40.684 12636 12636 I ViewRootImpl: dVRR is disabled
11-23 21:04:40.685 12636 12696 D NativeCustomFrequencyManager: [NativeCFMS] BpCustomFrequencyManager::BpCustomFrequencyManager()
11-23 21:04:40.694 12636 12636 D InputTransport: Input channel constructed: '432ce62', fd=309
11-23 21:04:40.695 12636 12636 I InsetsController: onStateChanged: host=PopupWindow:fa3a3af, from=android.view.ViewRootImpl.onInsetsStateChanged:3026, state=InsetsState: {mDisplayFrame=Rect(0, 0 - 1440, 3088), mDisplayCutout=DisplayCutout{insets=Rect(0, 100 - 0, 0) waterfall=Insets{left=0, top=0, right=0, bottom=0} boundingRect={Bounds=[Rect(0, 0 - 0, 0), Rect(683, 0 - 758, 100), Rect(0, 0 - 0, 0), Rect(0, 0 - 0, 0)]} cutoutPathParserInfo={CutoutPathParserInfo{displayWidth=1440 displayHeight=3088 physicalDisplayWidth=1440 physicalDisplayHeight=3088 density={3.75} cutoutSpec={M 0,0 H -10 V 26.66666666666667 H 10 V 0 H 0 Z @dp} rotation={0} scale={1.0} physicalPixelDisplaySizeRatio={1.0}}} sideOverrides={}}, mRoundedCorners=RoundedCorners{[RoundedCorner{position=TopLeft, radius=15, center=Point(15, 15)}, RoundedCorner{position=TopRight, radius=15, center=Point(1425, 15)}, RoundedCorner{position=BottomRight, radius=15, center=Point(1425, 3073)}, RoundedCorner{position=BottomLeft, radius=15, center=Point(15, 3073)}]}  mRoundedCornerFrame=Rect(0, 0 - 1440, 3088), mPrivacyIndicatorBounds=PrivacyIndicatorBounds {static bounds=Rect(1275, 0 - 1440, 100) rotation=0}, mDisplayShape=DisplayShape{ spec=-311912193 displayWidth=1440 displayHeight=3088 physicalPixelDisplaySizeRatio=1.0 rotation=0 offsetX=0 offsetY=0 scale=1.0}, mSources= { InsetsSource: {b11d0001 mType=navigationBars mFrame=[0,3032][1440,3088] mVisible=true mFlags=SUPPRESS_SCRIM mSideHint=BOTTOM mBoundingRects=null}, InsetsSource: {b11d0004 mType=systemGestures mFrame=[0,0][84,3088] mVisible=true mFlags= mSideHint=LEFT mBoundingRects=null}, InsetsSource: {b11d0005 mType=mandatorySystemGestures mFrame=[0,2968][1440,3088] mVisible=true mFlags= mSideHint=BOTTOM mBoundingRects=null}, InsetsSource: {b11d0006 mType=tappableElement mFrame=[0,0][0,0] mVisible=true mFlags= mSideHint=NONE mBoundingRects=null}, InsetsSource: {b11d0024 mType=systemGestures mFrame=[1356,0][1440,3088] mVisible=true mFlags= mSideHint=RIGHT mBoundingRects=null}, InsetsSource: {ecac0000 mType=statusBars mFrame=[0,0][1440,100] mVisible=true mFlags= mSideHint=TOP mBoundingRects=null}, InsetsSource: {ecac0005 mType=mandatorySystemGestures mFrame=[0,0][1440,145] mVisible=true mFlags= mSideHint=TOP mBoundingRects=null}, InsetsSource: {ecac0006 mType=tappableElement mFrame=[0,0][1440,100] mVisible=true mFlags= mSideHint=TOP mBoundingRects=null}, InsetsSource: {27 mType=displayCutout mFrame=[0,0][1440,100] mVisible=true mFlags= mSideHint=TOP mBoundingRects=null} }
11-23 21:04:40.696 12636 12636 I VRI[PopupWindow:fa3a3af]@12f7f45: synced displayState. AttachInfo displayState=2
11-23 21:04:40.696 12636 13599 I Nitro.MMKV: Creating MMKV instance "sous-chef-storage"... (Path: , Encrypted: true)
11-23 21:04:40.700 12636 12636 I VRI[PopupWindow:fa3a3af]@12f7f45: setView = android.widget.PopupWindow$PopupDecorView@ce633bc IsHRR=false mFlingFrameRateChange=0 TM=true
11-23 21:04:40.716 12636 12636 W libc    : Access denied finding property "vendor.display.enable_optimal_refresh_rate"
11-23 21:04:40.716 12636 12636 I BufferQueueProducer: [](id:315c0000000c,api:0,p:497880816,c:12636) setDequeueTimeout:2077252342
11-23 21:04:40.718 12636 12636 I BLASTBufferQueue_Java: new BLASTBufferQueue, mName= VRI[PopupWindow:fa3a3af]@12f7f45 mNativeObject= 0xb400007addac6990 caller= android.view.ViewRootImpl.updateBlastSurfaceIfNeeded:3585 android.view.ViewRootImpl.relayoutWindow:11685 android.view.ViewRootImpl.performTraversals:4804 android.view.ViewRootImpl.doTraversal:3924 android.view.ViewRootImpl$TraversalRunnable.run:12903 android.view.Choreographer$CallbackRecord.run:1901 android.view.Choreographer$CallbackRecord.run:1910 android.view.Choreographer.doCallbacks:1367 android.view.Choreographer.doFrame:1292 android.view.Choreographer$FrameDisplayEventReceiver.run:1870 
11-23 21:04:40.718 12636 12636 I BLASTBufferQueue_Java: update, w= 1440 h= 94 mName = VRI[PopupWindow:fa3a3af]@12f7f45 mNativeObject= 0xb400007addac6990 sc.mNativeObject= 0xb400007b7da58e50 format= -3 caller= android.view.ViewRootImpl.updateBlastSurfaceIfNeeded:3590 android.view.ViewRootImpl.relayoutWindow:11685 android.view.ViewRootImpl.performTraversals:4804 android.view.ViewRootImpl.doTraversal:3924 android.view.ViewRootImpl$TraversalRunnable.run:12903 android.view.Choreographer$CallbackRecord.run:1901 
11-23 21:04:40.719 12636 12636 W libc    : Access denied finding property "vendor.display.enable_optimal_refresh_rate"
11-23 21:04:40.720 12636 12636 I VRI[PopupWindow:fa3a3af]@12f7f45: Relayout returned: old=(0,100,1440,3032) new=(0,100,1440,194) relayoutAsync=false req=(1440,94)0 dur=8 res=0x3 s={true 0xb400007bedb6da90} ch=true seqId=0
11-23 21:04:40.720 12636 12636 I VRI[PopupWindow:fa3a3af]@12f7f45: performConfigurationChange setNightDimText nightDimLevel=0
11-23 21:04:40.722 12636 12636 D VRI[PopupWindow:fa3a3af]@12f7f45: mThreadedRenderer.initialize() mSurface={isValid=true 0xb400007bedb6da90} hwInitialized=true
11-23 21:04:40.723 12636 12636 D VRI[PopupWindow:fa3a3af]@12f7f45: reportNextDraw android.view.ViewRootImpl.performTraversals:5443 android.view.ViewRootImpl.doTraversal:3924 android.view.ViewRootImpl$TraversalRunnable.run:12903 android.view.Choreographer$CallbackRecord.run:1901 android.view.Choreographer$CallbackRecord.run:1910 
11-23 21:04:40.723 12636 12636 D VRI[PopupWindow:fa3a3af]@12f7f45: Setup new sync=wmsSync-VRI[PopupWindow:fa3a3af]@12f7f45#40
11-23 21:04:40.723 12636 12636 I VRI[PopupWindow:fa3a3af]@12f7f45: Creating new active sync group VRI[PopupWindow:fa3a3af]@12f7f45#41
11-23 21:04:40.725 12636 12636 D VRI[PopupWindow:fa3a3af]@12f7f45: registerCallbacksForSync syncBuffer=false
11-23 21:04:40.726 12636 12715 D VRI[PopupWindow:fa3a3af]@12f7f45: Received frameDrawingCallback syncResult=0 frameNum=1.
11-23 21:04:40.726 12636 12715 I VRI[PopupWindow:fa3a3af]@12f7f45: mWNT: t=0xb400007c8da6a110 mBlastBufferQueue=0xb400007addac6990 fn= 1 HdrRenderState mRenderHdrSdrRatio=1.0 caller= android.view.ViewRootImpl$12.onFrameDraw:15441 android.view.ThreadedRenderer$1.onFrameDraw:718 <bottom of call stack> 
11-23 21:04:40.726 12636 12715 I VRI[PopupWindow:fa3a3af]@12f7f45: Setting up sync and frameCommitCallback
11-23 21:04:40.727 12636 12696 I BLASTBufferQueue: [VRI[PopupWindow:fa3a3af]@12f7f45#12](f:0,a:0,s:0) onFrameAvailable the first frame is available
11-23 21:04:40.727 12636 12696 I SurfaceComposerClient: apply transaction with the first frame. layerId: 57935, bufferData(ID: 54271206752306, frameNumber: 1)
11-23 21:04:40.728 12636 12696 I VRI[PopupWindow:fa3a3af]@12f7f45: Received frameCommittedCallback lastAttemptedDrawFrameNum=1 didProduceBuffer=true
11-23 21:04:40.729 12636 12696 D HWUI    : CFMS:: SetUp Pid : 12636    Tid : 12696
11-23 21:04:40.730 12636 12636 D VRI[PopupWindow:fa3a3af]@12f7f45: reportDrawFinished seqId=0
11-23 21:04:40.731 12636 12696 D HWUI    : HWUI - treat SMPTE_170M as sRGB
11-23 21:04:40.731 12636 12636 I VRI[PopupWindow:fa3a3af]@12f7f45: handleResized, frames=ClientWindowFrames{frame=[0,100][1440,194] display=[0,100][1440,3032] parentFrame=[0,0][0,0] attachedFrame=[0,0][1440,3088]} displayId=0 dragResizing=false compatScale=1.0 frameChanged=false attachedFrameChanged=false configChanged=false displayChanged=false compatScaleChanged=false dragResizingChanged=false
11-23 21:04:40.731 12636 12636 I VRI[PopupWindow:fa3a3af]@12f7f45: handleResized mSyncSeqId = 0
11-23 21:04:40.732 12636 12636 D VRI[PopupWindow:fa3a3af]@12f7f45: reportNextDraw android.view.ViewRootImpl.handleResized:2983 android.view.ViewRootImpl.-$$Nest$mhandleResized:0 android.view.ViewRootImpl$W.resized:14082 android.app.servertransaction.WindowStateResizeItem.execute:93 android.app.servertransaction.WindowStateTransactionItem.execute:62 
11-23 21:04:40.733 12636 12636 D VRI[PopupWindow:fa3a3af]@12f7f45: Setup new sync=wmsSync-VRI[PopupWindow:fa3a3af]@12f7f45#42
11-23 21:04:40.733 12636 12636 I VRI[PopupWindow:fa3a3af]@12f7f45: Creating new active sync group VRI[PopupWindow:fa3a3af]@12f7f45#43
11-23 21:04:40.735 12636 12636 D VRI[PopupWindow:fa3a3af]@12f7f45: registerCallbacksForSync syncBuffer=false
11-23 21:04:40.737 12636 12716 D VRI[PopupWindow:fa3a3af]@12f7f45: Received frameDrawingCallback syncResult=0 frameNum=2.
11-23 21:04:40.737 12636 12716 I VRI[PopupWindow:fa3a3af]@12f7f45: Setting up sync and frameCommitCallback
11-23 21:04:40.737 12636 12696 I VRI[PopupWindow:fa3a3af]@12f7f45: Received frameCommittedCallback lastAttemptedDrawFrameNum=2 didProduceBuffer=false
11-23 21:04:40.737 12636 12696 I BLASTBufferQueue_Java: gatherPendingTransactions, mName= VRI[PopupWindow:fa3a3af]@12f7f45 mNativeObject= 0xb400007addac6990 frameNumber= 2 caller= android.view.ViewRootImpl$12.lambda$onFrameDraw$3:15525 android.view.ViewRootImpl$12.$r8$lambda$CTo3ExVBk8akdVTGlqHPAoYLRVI:0 android.view.ViewRootImpl$12$$ExternalSyntheticLambda1.onFrameCommit:0 android.view.ThreadedRenderer$1.lambda$onFrameDraw$0:730 android.view.ThreadedRenderer$1$$ExternalSyntheticLambda0.onFrameCommit:0 <bottom of call stack> 
11-23 21:04:40.738 12636 12636 D VRI[PopupWindow:fa3a3af]@12f7f45: reportDrawFinished seqId=0
11-23 21:04:40.755 12636 12636 I ViewInteraction: Checking 'MatchesViewAssertion(Detox){viewMatcher=(view has effective visibility <VISIBLE> and view.getGlobalVisibleRect() covers at least <75> percent of the view's area)}' assertion on view (view.getTag() is "post-login-biometric-prompt" and view has effective visibility <VISIBLE>)
11-23 21:04:40.796 12636 12636 I ViewInteraction: Checking 'MatchesViewAssertion(Detox){viewMatcher=(view has effective visibility <VISIBLE> and view.getGlobalVisibleRect() covers at least <75> percent of the view's area)}' assertion on view (view.getTag() is "post-login-biometric-prompt" and view has effective visibility <VISIBLE>)
11-23 21:04:40.831 12636 12636 I ViewInteraction: Checking 'MatchesViewAssertion(Detox){viewMatcher=(view has effective visibility <VISIBLE> and view.getGlobalVisibleRect() covers at least <75> percent of the view's area)}' assertion on view (view.getTag() is "post-login-biometric-prompt" and view has effective visibility <VISIBLE>)
11-23 21:04:40.876 12636 12636 I ViewInteraction: Checking 'MatchesViewAssertion(Detox){viewMatcher=(view has effective visibility <VISIBLE> and view.getGlobalVisibleRect() covers at least <75> percent of the view's area)}' assertion on view (view.getTag() is "post-login-biometric-prompt" and view has effective visibility <VISIBLE>)
11-23 21:04:40.902 12636 12647 I ev.souschef.app: Background concurrent mark compact GC freed 25MB AllocSpace bytes, 342(6804KB) LOS objects, 66% free, 19MB/57MB, paused 1.287ms,6.255ms total 120.907ms
11-23 21:04:40.911 12636 12636 I ViewInteraction: Checking 'MatchesViewAssertion(Detox){viewMatcher=(view has effective visibility <VISIBLE> and view.getGlobalVisibleRect() covers at least <75> percent of the view's area)}' assertion on view (view.getTag() is "post-login-biometric-prompt" and view has effective visibility <VISIBLE>)
11-23 21:04:40.914 12636 12649 W System  : A resource failed to call close. 
11-23 21:04:40.943 12636 12636 I ViewInteraction: Checking 'MatchesViewAssertion(Detox){viewMatcher=(view has effective visibility <VISIBLE> and view.getGlobalVisibleRect() covers at least <75> percent of the view's area)}' assertion on view (view.getTag() is "post-login-biometric-prompt" and view has effective visibility <VISIBLE>)
11-23 21:04:40.975 12636 12636 I ViewInteraction: Checking 'MatchesViewAssertion(Detox){viewMatcher=(view has effective visibility <VISIBLE> and view.getGlobalVisibleRect() covers at least <75> percent of the view's area)}' assertion on view (view.getTag() is "post-login-biometric-prompt" and view has effective visibility <VISIBLE>)
11-23 21:04:41.007 12636 12636 I ViewInteraction: Checking 'MatchesViewAssertion(Detox){viewMatcher=(view has effective visibility <VISIBLE> and view.getGlobalVisibleRect() covers at least <75> percent of the view's area)}' assertion on view (view.getTag() is "post-login-biometric-prompt" and view has effective visibility <VISIBLE>)
11-23 21:04:41.040 12636 12636 I ViewInteraction: Checking 'MatchesViewAssertion(Detox){viewMatcher=(view has effective visibility <VISIBLE> and view.getGlobalVisibleRect() covers at least <75> percent of the view's area)}' assertion on view (view.getTag() is "post-login-biometric-prompt" and view has effective visibility <VISIBLE>)
11-23 21:04:41.072 12636 12636 I ViewInteraction: Checking 'MatchesViewAssertion(Detox){viewMatcher=(view has effective visibility <VISIBLE> and view.getGlobalVisibleRect() covers at least <75> percent of the view's area)}' assertion on view (view.getTag() is "post-login-biometric-prompt" and view has effective visibility <VISIBLE>)
11-23 21:04:41.098 12636 13599 I ReactNativeJS: 📦 Cache: Loaded 27 entities from storage
11-23 21:04:41.105 12636 12636 I ViewInteraction: Checking 'MatchesViewAssertion(Detox){viewMatcher=(view has effective visibility <VISIBLE> and view.getGlobalVisibleRect() covers at least <75> percent of the view's area)}' assertion on view (view.getTag() is "post-login-biometric-prompt" and view has effective visibility <VISIBLE>)
11-23 21:04:41.129 12636 12680 I DetoxActionHandlers: Test exception
11-23 21:04:41.129 12636 12680 I DetoxActionHandlers: java.lang.reflect.InvocationTargetException
11-23 21:04:41.129 12636 12680 I DetoxActionHandlers: 	at java.lang.reflect.Method.invoke(Native Method)
11-23 21:04:41.129 12636 12680 I DetoxActionHandlers: 	at org.apache.commons.lang3.reflect.MethodUtils.invokeStaticMethod(MethodUtils.java:443)
11-23 21:04:41.129 12636 12680 I DetoxActionHandlers: 	at org.apache.commons.lang3.reflect.MethodUtils.invokeStaticMethod(MethodUtils.java:405)
11-23 21:04:41.129 12636 12680 I DetoxActionHandlers: 	at com.wix.invoke.types.ClassTarget.execute(ClassTarget.java:23)
11-23 21:04:41.129 12636 12680 I DetoxActionHandlers: 	at com.wix.invoke.types.Target.invoke(Target.java:59)
11-23 21:04:41.129 12636 12680 I DetoxActionHandlers: 	at com.wix.invoke.MethodInvocation.invoke(MethodInvocation.java:35)
11-23 21:04:41.129 12636 12680 I DetoxActionHandlers: 	at com.wix.invoke.MethodInvocation.invoke(MethodInvocation.java:26)
11-23 21:04:41.129 12636 12680 I DetoxActionHandlers: 	at com.wix.invoke.MethodInvocation.invoke(MethodInvocation.java:20)
11-23 21:04:41.129 12636 12680 I DetoxActionHandlers: 	at com.wix.detox.adapters.server.InvokeActionHandler.handle(DetoxActionHandlers.kt:54)
11-23 21:04:41.129 12636 12680 I DetoxActionHandlers: 	at com.wix.detox.adapters.server.ActionsExecutor.executeAction$lambda$2$lambda$1(DetoxActionsDispatcher.kt:76)
11-23 21:04:41.129 12636 12680 I DetoxActionHandlers: 	at com.wix.detox.adapters.server.ActionsExecutor.$r8$lambda$GVbB7LHtBHxNHGbgYnHJ6YrwCqs(Unknown Source:0)
11-23 21:04:41.129 12636 12680 I DetoxActionHandlers: 	at com.wix.detox.adapters.server.ActionsExecutor$$ExternalSyntheticLambda0.run(D8$$SyntheticClass:0)
11-23 21:04:41.129 12636 12680 I DetoxActionHandlers: 	at android.os.Handler.handleCallback(Handler.java:995)
11-23 21:04:41.129 12636 12680 I DetoxActionHandlers: 	at android.os.Handler.dispatchMessage(Handler.java:103)
11-23 21:04:41.129 12636 12680 I DetoxActionHandlers: 	at android.os.Looper.loopOnce(Looper.java:273)
11-23 21:04:41.129 12636 12680 I DetoxActionHandlers: 	at android.os.Looper.loop(Looper.java:363)
11-23 21:04:41.129 12636 12680 I DetoxActionHandlers: 	at com.wix.detox.adapters.server.ActionsExecutor._init_$lambda$0(DetoxActionsDispatcher.kt:62)
11-23 21:04:41.129 12636 12680 I DetoxActionHandlers: 	at com.wix.detox.adapters.server.ActionsExecutor.$r8$lambda$xlgL0CQim6vNM0wWEqM8JIDgZUE(Unknown Source:0)
11-23 21:04:41.129 12636 12680 I DetoxActionHandlers: 	at com.wix.detox.adapters.server.ActionsExecutor$$ExternalSyntheticLambda1.run(D8$$SyntheticClass:0)
11-23 21:04:41.129 12636 12680 I DetoxActionHandlers: 	at java.lang.Thread.run(Thread.java:1119)
11-23 21:04:41.129 12636 12680 I DetoxActionHandlers: Caused by: com.wix.detox.common.DetoxErrors$DetoxRuntimeException: 2.0sec timeout expired without matching of given matcher: (view has effective visibility <VISIBLE> and view.getGlobalVisibleRect() covers at least <75> percent of the view's area)
11-23 21:04:41.129 12636 12680 I DetoxActionHandlers: 	at com.wix.detox.espresso.DetoxAssertion.waitForAssertMatcher(DetoxAssertion.java:72)
11-23 21:04:41.129 12636 12680 I DetoxActionHandlers: 	... 20 more
11-23 21:04:41.129 12636 12680 I DetoxWSClient: Sending out action 'testFailed' (ID #69)
11-23 21:04:41.131 12636 12680 I DetoxDispatcher: Done with action 'invoke'
11-23 21:04:41.136 12636 12684 D DetoxWSClient: Received action 'invoke' (ID #70, params={"target":{"type":"Class","value":"com.wix.detox.espresso.DetoxAssertion"},"method":"waitForAssertMatcher","args":[{"type":"Invocation","value":{"target":{"type":"Class","value":"androidx.test.espresso.Espresso"},"method":"onView","args":[{"type":"Invocation","value":{"target":{"type":"Class","value":"com.wix.detox.espresso.DetoxMatcher"},"method":"matcherForTestId","args":["biometric-setup-screen",{"type":"boolean","value":false}]}}]}},{"type":"Invocation","value":{"target":{"type":"Class","value":"com.wix.detox.espresso.DetoxMatcher"},"method":"matcherForSufficientlyVisible","args":[{"type":"Integer","value":75}]}},{"type":"Double","value":2}]})
11-23 21:04:41.139 12636 12680 I DetoxDispatcher: Handling action 'invoke' (ID #70)...
11-23 21:04:41.140 12636 12680 D Detox   : class com.wix.detox.espresso.DetoxMatcher, matcherForTestId, [biometric-setup-screen, false]
11-23 21:04:41.141 12636 12680 D Detox   : class androidx.test.espresso.Espresso, onView, [(view.getTag() is "biometric-setup-screen" and view has effective visibility <VISIBLE>)]
11-23 21:04:41.142 12636 12680 D Detox   : class com.wix.detox.espresso.DetoxMatcher, matcherForSufficientlyVisible, [75]
11-23 21:04:41.142 12636 12680 D Detox   : class com.wix.detox.espresso.DetoxAssertion, waitForAssertMatcher, [androidx.test.espresso.ViewInteraction@5642116, (view has effective visibility <VISIBLE> and view.getGlobalVisibleRect() covers at least <75> percent of the view's area), 2.0]
11-23 21:04:41.152 12636 12636 I ViewInteraction: Checking 'MatchesViewAssertion(Detox){viewMatcher=(view has effective visibility <VISIBLE> and view.getGlobalVisibleRect() covers at least <75> percent of the view's area)}' assertion on view (view.getTag() is "biometric-setup-screen" and view has effective visibility <VISIBLE>)
11-23 21:04:41.184 12636 12636 I ViewInteraction: Checking 'MatchesViewAssertion(Detox){viewMatcher=(view has effective visibility <VISIBLE> and view.getGlobalVisibleRect() covers at least <75> percent of the view's area)}' assertion on view (view.getTag() is "biometric-setup-screen" and view has effective visibility <VISIBLE>)
11-23 21:04:41.216 12636 12636 I ViewInteraction: Checking 'MatchesViewAssertion(Detox){viewMatcher=(view has effective visibility <VISIBLE> and view.getGlobalVisibleRect() covers at least <75> percent of the view's area)}' assertion on view (view.getTag() is "biometric-setup-screen" and view has effective visibility <VISIBLE>)
11-23 21:04:41.248 12636 12636 I ViewInteraction: Checking 'MatchesViewAssertion(Detox){viewMatcher=(view has effective visibility <VISIBLE> and view.getGlobalVisibleRect() covers at least <75> percent of the view's area)}' assertion on view (view.getTag() is "biometric-setup-screen" and view has effective visibility <VISIBLE>)
11-23 21:04:41.279 12636 12636 I ViewInteraction: Checking 'MatchesViewAssertion(Detox){viewMatcher=(view has effective visibility <VISIBLE> and view.getGlobalVisibleRect() covers at least <75> percent of the view's area)}' assertion on view (view.getTag() is "biometric-setup-screen" and view has effective visibility <VISIBLE>)
11-23 21:04:41.312 12636 12636 I ViewInteraction: Checking 'MatchesViewAssertion(Detox){viewMatcher=(view has effective visibility <VISIBLE> and view.getGlobalVisibleRect() covers at least <75> percent of the view's area)}' assertion on view (view.getTag() is "biometric-setup-screen" and view has effective visibility <VISIBLE>)
11-23 21:04:41.345 12636 12636 I ViewInteraction: Checking 'MatchesViewAssertion(Detox){viewMatcher=(view has effective visibility <VISIBLE> and view.getGlobalVisibleRect() covers at least <75> percent of the view's area)}' assertion on view (view.getTag() is "biometric-setup-screen" and view has effective visibility <VISIBLE>)
11-23 21:04:41.382 12636 12636 I ViewInteraction: Checking 'MatchesViewAssertion(Detox){viewMatcher=(view has effective visibility <VISIBLE> and view.getGlobalVisibleRect() covers at least <75> percent of the view's area)}' assertion on view (view.getTag() is "biometric-setup-screen" and view has effective visibility <VISIBLE>)
11-23 21:04:41.415 12636 12636 I ViewInteraction: Checking 'MatchesViewAssertion(Detox){viewMatcher=(view has effective visibility <VISIBLE> and view.getGlobalVisibleRect() covers at least <75> percent of the view's area)}' assertion on view (view.getTag() is "biometric-setup-screen" and view has effective visibility <VISIBLE>)
11-23 21:04:41.447 12636 12636 I ViewInteraction: Checking 'MatchesViewAssertion(Detox){viewMatcher=(view has effective visibility <VISIBLE> and view.getGlobalVisibleRect() covers at least <75> percent of the view's area)}' assertion on view (view.getTag() is "biometric-setup-screen" and view has effective visibility <VISIBLE>)
11-23 21:04:41.480 12636 12636 I ViewInteraction: Checking 'MatchesViewAssertion(Detox){viewMatcher=(view has effective visibility <VISIBLE> and view.getGlobalVisibleRect() covers at least <75> percent of the view's area)}' assertion on view (view.getTag() is "biometric-setup-screen" and view has effective visibility <VISIBLE>)
11-23 21:04:41.511 12636 12636 I ViewInteraction: Checking 'MatchesViewAssertion(Detox){viewMatcher=(view has effective visibility <VISIBLE> and view.getGlobalVisibleRect() covers at least <75> percent of the view's area)}' assertion on view (view.getTag() is "biometric-setup-screen" and view has effective visibility <VISIBLE>)
11-23 21:04:41.543 12636 12636 I ViewInteraction: Checking 'MatchesViewAssertion(Detox){viewMatcher=(view has effective visibility <VISIBLE> and view.getGlobalVisibleRect() covers at least <75> percent of the view's area)}' assertion on view (view.getTag() is "biometric-setup-screen" and view has effective visibility <VISIBLE>)
11-23 21:04:41.578 12636 12636 I ViewInteraction: Checking 'MatchesViewAssertion(Detox){viewMatcher=(view has effective visibility <VISIBLE> and view.getGlobalVisibleRect() covers at least <75> percent of the view's area)}' assertion on view (view.getTag() is "biometric-setup-screen" and view has effective visibility <VISIBLE>)
11-23 21:04:41.614 12636 12636 I ViewInteraction: Checking 'MatchesViewAssertion(Detox){viewMatcher=(view has effective visibility <VISIBLE> and view.getGlobalVisibleRect() covers at least <75> percent of the view's area)}' assertion on view (view.getTag() is "biometric-setup-screen" and view has effective visibility <VISIBLE>)
11-23 21:04:41.649 12636 12636 I ViewInteraction: Checking 'MatchesViewAssertion(Detox){viewMatcher=(view has effective visibility <VISIBLE> and view.getGlobalVisibleRect() covers at least <75> percent of the view's area)}' assertion on view (view.getTag() is "biometric-setup-screen" and view has effective visibility <VISIBLE>)
11-23 21:04:41.687 12636 12636 I ViewInteraction: Checking 'MatchesViewAssertion(Detox){viewMatcher=(view has effective visibility <VISIBLE> and view.getGlobalVisibleRect() covers at least <75> percent of the view's area)}' assertion on view (view.getTag() is "biometric-setup-screen" and view has effective visibility <VISIBLE>)
11-23 21:04:41.723 12636 12636 I ViewInteraction: Checking 'MatchesViewAssertion(Detox){viewMatcher=(view has effective visibility <VISIBLE> and view.getGlobalVisibleRect() covers at least <75> percent of the view's area)}' assertion on view (view.getTag() is "biometric-setup-screen" and view has effective visibility <VISIBLE>)
11-23 21:04:41.759 12636 12636 I ViewInteraction: Checking 'MatchesViewAssertion(Detox){viewMatcher=(view has effective visibility <VISIBLE> and view.getGlobalVisibleRect() covers at least <75> percent of the view's area)}' assertion on view (view.getTag() is "biometric-setup-screen" and view has effective visibility <VISIBLE>)
11-23 21:04:41.795 12636 12636 I ViewInteraction: Checking 'MatchesViewAssertion(Detox){viewMatcher=(view has effective visibility <VISIBLE> and view.getGlobalVisibleRect() covers at least <75> percent of the view's area)}' assertion on view (view.getTag() is "biometric-setup-screen" and view has effective visibility <VISIBLE>)
11-23 21:04:41.831 12636 12636 I ViewInteraction: Checking 'MatchesViewAssertion(Detox){viewMatcher=(view has effective visibility <VISIBLE> and view.getGlobalVisibleRect() covers at least <75> percent of the view's area)}' assertion on view (view.getTag() is "biometric-setup-screen" and view has effective visibility <VISIBLE>)
11-23 21:04:41.868 12636 12636 I ViewInteraction: Checking 'MatchesViewAssertion(Detox){viewMatcher=(view has effective visibility <VISIBLE> and view.getGlobalVisibleRect() covers at least <75> percent of the view's area)}' assertion on view (view.getTag() is "biometric-setup-screen" and view has effective visibility <VISIBLE>)
11-23 21:04:41.904 12636 12636 I ViewInteraction: Checking 'MatchesViewAssertion(Detox){viewMatcher=(view has effective visibility <VISIBLE> and view.getGlobalVisibleRect() covers at least <75> percent of the view's area)}' assertion on view (view.getTag() is "biometric-setup-screen" and view has effective visibility <VISIBLE>)
11-23 21:04:41.939 12636 12636 I ViewInteraction: Checking 'MatchesViewAssertion(Detox){viewMatcher=(view has effective visibility <VISIBLE> and view.getGlobalVisibleRect() covers at least <75> percent of the view's area)}' assertion on view (view.getTag() is "biometric-setup-screen" and view has effective visibility <VISIBLE>)
11-23 21:04:41.975 12636 12636 I ViewInteraction: Checking 'MatchesViewAssertion(Detox){viewMatcher=(view has effective visibility <VISIBLE> and view.getGlobalVisibleRect() covers at least <75> percent of the view's area)}' assertion on view (view.getTag() is "biometric-setup-screen" and view has effective visibility <VISIBLE>)
11-23 21:04:42.010 12636 12636 I ViewInteraction: Checking 'MatchesViewAssertion(Detox){viewMatcher=(view has effective visibility <VISIBLE> and view.getGlobalVisibleRect() covers at least <75> percent of the view's area)}' assertion on view (view.getTag() is "biometric-setup-screen" and view has effective visibility <VISIBLE>)
11-23 21:04:42.047 12636 12636 I ViewInteraction: Checking 'MatchesViewAssertion(Detox){viewMatcher=(view has effective visibility <VISIBLE> and view.getGlobalVisibleRect() covers at least <75> percent of the view's area)}' assertion on view (view.getTag() is "biometric-setup-screen" and view has effective visibility <VISIBLE>)
11-23 21:04:42.081 12636 12636 I ViewInteraction: Checking 'MatchesViewAssertion(Detox){viewMatcher=(view has effective visibility <VISIBLE> and view.getGlobalVisibleRect() covers at least <75> percent of the view's area)}' assertion on view (view.getTag() is "biometric-setup-screen" and view has effective visibility <VISIBLE>)
11-23 21:04:42.117 12636 12636 I ViewInteraction: Checking 'MatchesViewAssertion(Detox){viewMatcher=(view has effective visibility <VISIBLE> and view.getGlobalVisibleRect() covers at least <75> percent of the view's area)}' assertion on view (view.getTag() is "biometric-setup-screen" and view has effective visibility <VISIBLE>)
11-23 21:04:42.153 12636 12636 I ViewInteraction: Checking 'MatchesViewAssertion(Detox){viewMatcher=(view has effective visibility <VISIBLE> and view.getGlobalVisibleRect() covers at least <75> percent of the view's area)}' assertion on view (view.getTag() is "biometric-setup-screen" and view has effective visibility <VISIBLE>)
11-23 21:04:42.189 12636 12636 I ViewInteraction: Checking 'MatchesViewAssertion(Detox){viewMatcher=(view has effective visibility <VISIBLE> and view.getGlobalVisibleRect() covers at least <75> percent of the view's area)}' assertion on view (view.getTag() is "biometric-setup-screen" and view has effective visibility <VISIBLE>)
11-23 21:04:42.225 12636 12636 I ViewInteraction: Checking 'MatchesViewAssertion(Detox){viewMatcher=(view has effective visibility <VISIBLE> and view.getGlobalVisibleRect() covers at least <75> percent of the view's area)}' assertion on view (view.getTag() is "biometric-setup-screen" and view has effective visibility <VISIBLE>)
11-23 21:04:42.262 12636 12636 I ViewInteraction: Checking 'MatchesViewAssertion(Detox){viewMatcher=(view has effective visibility <VISIBLE> and view.getGlobalVisibleRect() covers at least <75> percent of the view's area)}' assertion on view (view.getTag() is "biometric-setup-screen" and view has effective visibility <VISIBLE>)
11-23 21:04:42.298 12636 12636 I ViewInteraction: Checking 'MatchesViewAssertion(Detox){viewMatcher=(view has effective visibility <VISIBLE> and view.getGlobalVisibleRect() covers at least <75> percent of the view's area)}' assertion on view (view.getTag() is "biometric-setup-screen" and view has effective visibility <VISIBLE>)
11-23 21:04:42.334 12636 12636 I ViewInteraction: Checking 'MatchesViewAssertion(Detox){viewMatcher=(view has effective visibility <VISIBLE> and view.getGlobalVisibleRect() covers at least <75> percent of the view's area)}' assertion on view (view.getTag() is "biometric-setup-screen" and view has effective visibility <VISIBLE>)
11-23 21:04:42.370 12636 12636 I ViewInteraction: Checking 'MatchesViewAssertion(Detox){viewMatcher=(view has effective visibility <VISIBLE> and view.getGlobalVisibleRect() covers at least <75> percent of the view's area)}' assertion on view (view.getTag() is "biometric-setup-screen" and view has effective visibility <VISIBLE>)
11-23 21:04:42.404 12636 12636 I ViewInteraction: Checking 'MatchesViewAssertion(Detox){viewMatcher=(view has effective visibility <VISIBLE> and view.getGlobalVisibleRect() covers at least <75> percent of the view's area)}' assertion on view (view.getTag() is "biometric-setup-screen" and view has effective visibility <VISIBLE>)
11-23 21:04:42.428 12636 13599 I ReactNativeJS: [MemoryMonitor] Stopped
11-23 21:04:42.442 12636 12636 I ViewInteraction: Checking 'MatchesViewAssertion(Detox){viewMatcher=(view has effective visibility <VISIBLE> and view.getGlobalVisibleRect() covers at least <75> percent of the view's area)}' assertion on view (view.getTag() is "biometric-setup-screen" and view has effective visibility <VISIBLE>)
11-23 21:04:42.478 12636 12636 I ViewInteraction: Checking 'MatchesViewAssertion(Detox){viewMatcher=(view has effective visibility <VISIBLE> and view.getGlobalVisibleRect() covers at least <75> percent of the view's area)}' assertion on view (view.getTag() is "biometric-setup-screen" and view has effective visibility <VISIBLE>)
11-23 21:04:42.515 12636 12636 I ViewInteraction: Checking 'MatchesViewAssertion(Detox){viewMatcher=(view has effective visibility <VISIBLE> and view.getGlobalVisibleRect() covers at least <75> percent of the view's area)}' assertion on view (view.getTag() is "biometric-setup-screen" and view has effective visibility <VISIBLE>)
11-23 21:04:42.552 12636 12636 I ViewInteraction: Checking 'MatchesViewAssertion(Detox){viewMatcher=(view has effective visibility <VISIBLE> and view.getGlobalVisibleRect() covers at least <75> percent of the view's area)}' assertion on view (view.getTag() is "biometric-setup-screen" and view has effective visibility <VISIBLE>)
11-23 21:04:42.590 12636 13599 I ReactNativeJS: [MemoryMonitor] Started with 10000ms interval
11-23 21:04:42.591 12636 12636 I ViewInteraction: Checking 'MatchesViewAssertion(Detox){viewMatcher=(view has effective visibility <VISIBLE> and view.getGlobalVisibleRect() covers at least <75> percent of the view's area)}' assertion on view (view.getTag() is "biometric-setup-screen" and view has effective visibility <VISIBLE>)
11-23 21:04:42.601 12636 12771 E RNKeychainManager: No entry found for service: dev.souschef.app.credentials.indicator
11-23 21:04:42.628 12636 12636 I ViewInteraction: Checking 'MatchesViewAssertion(Detox){viewMatcher=(view has effective visibility <VISIBLE> and view.getGlobalVisibleRect() covers at least <75> percent of the view's area)}' assertion on view (view.getTag() is "biometric-setup-screen" and view has effective visibility <VISIBLE>)
11-23 21:04:42.663 12636 12636 I ViewInteraction: Checking 'MatchesViewAssertion(Detox){viewMatcher=(view has effective visibility <VISIBLE> and view.getGlobalVisibleRect() covers at least <75> percent of the view's area)}' assertion on view (view.getTag() is "biometric-setup-screen" and view has effective visibility <VISIBLE>)
11-23 21:04:42.664 12636 12636 W WindowOnBackDispatcher: sendCancelIfRunning: isInProgress=false callback=android.widget.PopupWindow$PopupDecorView$$ExternalSyntheticLambda1@b273e54
11-23 21:04:42.665 12636 12636 I WindowManager: WindowManagerGlobal#removeView, ty=1000, view=android.widget.PopupWindow$PopupDecorView{ce633bc V.E...... R....... 0,0-1440,94}, caller=android.view.WindowManagerGlobal.removeView:654 android.view.WindowManagerImpl.removeViewImmediate:216 android.widget.PopupWindow.dismissImmediate:2415 
11-23 21:04:42.669 12636 12636 I VRI[PopupWindow:fa3a3af]@12f7f45: dispatchDetachedFromWindow
11-23 21:04:42.675 12636 12636 D InputTransport: Input channel destroyed: '432ce62', fd=309
11-23 21:04:42.682 12636 12636 I ReactNative: [GESTURE HANDLER] Initialize gesture handler for root view com.facebook.react.runtime.ReactSurfaceView{eac5505 V.E...... ......ID 0,0-1440,3088 #1}
11-23 21:04:42.708 12636 12636 I ViewInteraction: Checking 'MatchesViewAssertion(Detox){viewMatcher=(view has effective visibility <VISIBLE> and view.getGlobalVisibleRect() covers at least <75> percent of the view's area)}' assertion on view (view.getTag() is "biometric-setup-screen" and view has effective visibility <VISIBLE>)
11-23 21:04:42.744 12636 12636 I ViewInteraction: Checking 'MatchesViewAssertion(Detox){viewMatcher=(view has effective visibility <VISIBLE> and view.getGlobalVisibleRect() covers at least <75> percent of the view's area)}' assertion on view (view.getTag() is "biometric-setup-screen" and view has effective visibility <VISIBLE>)
11-23 21:04:42.793 12636 12636 I ViewInteraction: Checking 'MatchesViewAssertion(Detox){viewMatcher=(view has effective visibility <VISIBLE> and view.getGlobalVisibleRect() covers at least <75> percent of the view's area)}' assertion on view (view.getTag() is "biometric-setup-screen" and view has effective visibility <VISIBLE>)
11-23 21:04:42.830 12636 12636 I ViewInteraction: Checking 'MatchesViewAssertion(Detox){viewMatcher=(view has effective visibility <VISIBLE> and view.getGlobalVisibleRect() covers at least <75> percent of the view's area)}' assertion on view (view.getTag() is "biometric-setup-screen" and view has effective visibility <VISIBLE>)
11-23 21:04:42.867 12636 12636 I ViewInteraction: Checking 'MatchesViewAssertion(Detox){viewMatcher=(view has effective visibility <VISIBLE> and view.getGlobalVisibleRect() covers at least <75> percent of the view's area)}' assertion on view (view.getTag() is "biometric-setup-screen" and view has effective visibility <VISIBLE>)
11-23 21:04:42.901 12636 12636 I ViewInteraction: Checking 'MatchesViewAssertion(Detox){viewMatcher=(view has effective visibility <VISIBLE> and view.getGlobalVisibleRect() covers at least <75> percent of the view's area)}' assertion on view (view.getTag() is "biometric-setup-screen" and view has effective visibility <VISIBLE>)
11-23 21:04:42.937 12636 12636 I ViewInteraction: Checking 'MatchesViewAssertion(Detox){viewMatcher=(view has effective visibility <VISIBLE> and view.getGlobalVisibleRect() covers at least <75> percent of the view's area)}' assertion on view (view.getTag() is "biometric-setup-screen" and view has effective visibility <VISIBLE>)
11-23 21:04:42.972 12636 12636 I ViewInteraction: Checking 'MatchesViewAssertion(Detox){viewMatcher=(view has effective visibility <VISIBLE> and view.getGlobalVisibleRect() covers at least <75> percent of the view's area)}' assertion on view (view.getTag() is "biometric-setup-screen" and view has effective visibility <VISIBLE>)
11-23 21:04:43.009 12636 12636 I ViewInteraction: Checking 'MatchesViewAssertion(Detox){viewMatcher=(view has effective visibility <VISIBLE> and view.getGlobalVisibleRect() covers at least <75> percent of the view's area)}' assertion on view (view.getTag() is "biometric-setup-screen" and view has effective visibility <VISIBLE>)
11-23 21:04:43.046 12636 12636 I ViewInteraction: Checking 'MatchesViewAssertion(Detox){viewMatcher=(view has effective visibility <VISIBLE> and view.getGlobalVisibleRect() covers at least <75> percent of the view's area)}' assertion on view (view.getTag() is "biometric-setup-screen" and view has effective visibility <VISIBLE>)
11-23 21:04:43.082 12636 12636 I ViewInteraction: Checking 'MatchesViewAssertion(Detox){viewMatcher=(view has effective visibility <VISIBLE> and view.getGlobalVisibleRect() covers at least <75> percent of the view's area)}' assertion on view (view.getTag() is "biometric-setup-screen" and view has effective visibility <VISIBLE>)
11-23 21:04:43.120 12636 12636 I ViewInteraction: Checking 'MatchesViewAssertion(Detox){viewMatcher=(view has effective visibility <VISIBLE> and view.getGlobalVisibleRect() covers at least <75> percent of the view's area)}' assertion on view (view.getTag() is "biometric-setup-screen" and view has effective visibility <VISIBLE>)
11-23 21:04:43.146 12636 12680 I DetoxActionHandlers: Test exception
11-23 21:04:43.146 12636 12680 I DetoxActionHandlers: java.lang.reflect.InvocationTargetException
11-23 21:04:43.146 12636 12680 I DetoxActionHandlers: 	at java.lang.reflect.Method.invoke(Native Method)
11-23 21:04:43.146 12636 12680 I DetoxActionHandlers: 	at org.apache.commons.lang3.reflect.MethodUtils.invokeStaticMethod(MethodUtils.java:443)
11-23 21:04:43.146 12636 12680 I DetoxActionHandlers: 	at org.apache.commons.lang3.reflect.MethodUtils.invokeStaticMethod(MethodUtils.java:405)
11-23 21:04:43.146 12636 12680 I DetoxActionHandlers: 	at com.wix.invoke.types.ClassTarget.execute(ClassTarget.java:23)
11-23 21:04:43.146 12636 12680 I DetoxActionHandlers: 	at com.wix.invoke.types.Target.invoke(Target.java:59)
11-23 21:04:43.146 12636 12680 I DetoxActionHandlers: 	at com.wix.invoke.MethodInvocation.invoke(MethodInvocation.java:35)
11-23 21:04:43.146 12636 12680 I DetoxActionHandlers: 	at com.wix.invoke.MethodInvocation.invoke(MethodInvocation.java:26)
11-23 21:04:43.146 12636 12680 I DetoxActionHandlers: 	at com.wix.invoke.MethodInvocation.invoke(MethodInvocation.java:20)
11-23 21:04:43.146 12636 12680 I DetoxActionHandlers: 	at com.wix.detox.adapters.server.InvokeActionHandler.handle(DetoxActionHandlers.kt:54)
11-23 21:04:43.146 12636 12680 I DetoxActionHandlers: 	at com.wix.detox.adapters.server.ActionsExecutor.executeAction$lambda$2$lambda$1(DetoxActionsDispatcher.kt:76)
11-23 21:04:43.146 12636 12680 I DetoxActionHandlers: 	at com.wix.detox.adapters.server.ActionsExecutor.$r8$lambda$GVbB7LHtBHxNHGbgYnHJ6YrwCqs(Unknown Source:0)
11-23 21:04:43.146 12636 12680 I DetoxActionHandlers: 	at com.wix.detox.adapters.server.ActionsExecutor$$ExternalSyntheticLambda0.run(D8$$SyntheticClass:0)
11-23 21:04:43.146 12636 12680 I DetoxActionHandlers: 	at android.os.Handler.handleCallback(Handler.java:995)
11-23 21:04:43.146 12636 12680 I DetoxActionHandlers: 	at android.os.Handler.dispatchMessage(Handler.java:103)
11-23 21:04:43.146 12636 12680 I DetoxActionHandlers: 	at android.os.Looper.loopOnce(Looper.java:273)
11-23 21:04:43.146 12636 12680 I DetoxActionHandlers: 	at android.os.Looper.loop(Looper.java:363)
11-23 21:04:43.146 12636 12680 I DetoxActionHandlers: 	at com.wix.detox.adapters.server.ActionsExecutor._init_$lambda$0(DetoxActionsDispatcher.kt:62)
11-23 21:04:43.146 12636 12680 I DetoxActionHandlers: 	at com.wix.detox.adapters.server.ActionsExecutor.$r8$lambda$xlgL0CQim6vNM0wWEqM8JIDgZUE(Unknown Source:0)
11-23 21:04:43.146 12636 12680 I DetoxActionHandlers: 	at com.wix.detox.adapters.server.ActionsExecutor$$ExternalSyntheticLambda1.run(D8$$SyntheticClass:0)
11-23 21:04:43.146 12636 12680 I DetoxActionHandlers: 	at java.lang.Thread.run(Thread.java:1119)
11-23 21:04:43.146 12636 12680 I DetoxActionHandlers: Caused by: com.wix.detox.common.DetoxErrors$DetoxRuntimeException: 2.0sec timeout expired without matching of given matcher: (view has effective visibility <VISIBLE> and view.getGlobalVisibleRect() covers at least <75> percent of the view's area)
11-23 21:04:43.146 12636 12680 I DetoxActionHandlers: 	at com.wix.detox.espresso.DetoxAssertion.waitForAssertMatcher(DetoxAssertion.java:72)
11-23 21:04:43.146 12636 12680 I DetoxActionHandlers: 	... 20 more
11-23 21:04:43.146 12636 12680 I DetoxWSClient: Sending out action 'testFailed' (ID #70)
11-23 21:04:43.147 12636 12680 I DetoxDispatcher: Done with action 'invoke'
11-23 21:04:43.152 12636 12684 D DetoxWSClient: Received action 'invoke' (ID #71, params={"target":{"type":"Class","value":"com.wix.detox.espresso.DetoxAssertion"},"method":"waitForAssertMatcher","args":[{"type":"Invocation","value":{"target":{"type":"Class","value":"androidx.test.espresso.Espresso"},"method":"onView","args":[{"type":"Invocation","value":{"target":{"type":"Class","value":"com.wix.detox.espresso.DetoxMatcher"},"method":"matcherForTestId","args":["feature-hint-overlay-dismiss",{"type":"boolean","value":false}]}}]}},{"type":"Invocation","value":{"target":{"type":"Class","value":"com.wix.detox.espresso.DetoxMatcher"},"method":"matcherForSufficientlyVisible","args":[{"type":"Integer","value":75}]}},{"type":"Double","value":3}]})
11-23 21:04:43.153 12636 12680 I DetoxDispatcher: Handling action 'invoke' (ID #71)...
11-23 21:04:43.154 12636 12680 D Detox   : class com.wix.detox.espresso.DetoxMatcher, matcherForTestId, [feature-hint-overlay-dismiss, false]
11-23 21:04:43.155 12636 12680 D Detox   : class androidx.test.espresso.Espresso, onView, [(view.getTag() is "feature-hint-overlay-dismiss" and view has effective visibility <VISIBLE>)]
11-23 21:04:43.157 12636 12680 D Detox   : class com.wix.detox.espresso.DetoxMatcher, matcherForSufficientlyVisible, [75]
11-23 21:04:43.158 12636 12680 D Detox   : class com.wix.detox.espresso.DetoxAssertion, waitForAssertMatcher, [androidx.test.espresso.ViewInteraction@2e876b4, (view has effective visibility <VISIBLE> and view.getGlobalVisibleRect() covers at least <75> percent of the view's area), 3.0]
11-23 21:04:43.173 12636 12636 I ViewInteraction: Checking 'MatchesViewAssertion(Detox){viewMatcher=(view has effective visibility <VISIBLE> and view.getGlobalVisibleRect() covers at least <75> percent of the view's area)}' assertion on view (view.getTag() is "feature-hint-overlay-dismiss" and view has effective visibility <VISIBLE>)
11-23 21:04:43.212 12636 12636 I ViewInteraction: Checking 'MatchesViewAssertion(Detox){viewMatcher=(view has effective visibility <VISIBLE> and view.getGlobalVisibleRect() covers at least <75> percent of the view's area)}' assertion on view (view.getTag() is "feature-hint-overlay-dismiss" and view has effective visibility <VISIBLE>)
11-23 21:04:43.249 12636 12636 I ViewInteraction: Checking 'MatchesViewAssertion(Detox){viewMatcher=(view has effective visibility <VISIBLE> and view.getGlobalVisibleRect() covers at least <75> percent of the view's area)}' assertion on view (view.getTag() is "feature-hint-overlay-dismiss" and view has effective visibility <VISIBLE>)
11-23 21:04:43.284 12636 12636 I ViewInteraction: Checking 'MatchesViewAssertion(Detox){viewMatcher=(view has effective visibility <VISIBLE> and view.getGlobalVisibleRect() covers at least <75> percent of the view's area)}' assertion on view (view.getTag() is "feature-hint-overlay-dismiss" and view has effective visibility <VISIBLE>)
11-23 21:04:43.322 12636 12636 I ViewInteraction: Checking 'MatchesViewAssertion(Detox){viewMatcher=(view has effective visibility <VISIBLE> and view.getGlobalVisibleRect() covers at least <75> percent of the view's area)}' assertion on view (view.getTag() is "feature-hint-overlay-dismiss" and view has effective visibility <VISIBLE>)
11-23 21:04:43.362 12636 12636 I ViewInteraction: Checking 'MatchesViewAssertion(Detox){viewMatcher=(view has effective visibility <VISIBLE> and view.getGlobalVisibleRect() covers at least <75> percent of the view's area)}' assertion on view (view.getTag() is "feature-hint-overlay-dismiss" and view has effective visibility <VISIBLE>)
11-23 21:04:43.370 12636 13599 I ReactNativeJS: 🛠️ Queue Debug Tools Available:
11-23 21:04:43.371 12636 13599 I ReactNativeJS:    Access via: __QUEUE_DEBUG__
11-23 21:04:43.371 12636 13599 I ReactNativeJS:    Commands:
11-23 21:04:43.371 12636 13599 I ReactNativeJS:      __QUEUE_DEBUG__.viewQueue()
11-23 21:04:43.372 12636 13599 I ReactNativeJS:      __QUEUE_DEBUG__.getQueueStats()
11-23 21:04:43.372 12636 13599 I ReactNativeJS:      __QUEUE_DEBUG__.processQueue()
11-23 21:04:43.372 12636 13599 I ReactNativeJS:      __QUEUE_DEBUG__.clearQueue()
11-23 21:04:43.373 12636 13599 I ReactNativeJS:      __QUEUE_DEBUG__.retryFailedMutations(userId)
11-23 21:04:43.373 12636 13599 I ReactNativeJS:      __QUEUE_DEBUG__.exportQueue()
11-23 21:04:43.373 12636 13599 I ReactNativeJS:      __QUEUE_DEBUG__.simulateOffline()
11-23 21:04:43.374 12636 13599 I ReactNativeJS:      __QUEUE_DEBUG__.simulateOnline()
11-23 21:04:43.379 12636 12647 I ev.souschef.app: Background concurrent mark compact GC freed 31MB AllocSpace bytes, 566(11MB) LOS objects, 66% free, 15MB/45MB, paused 1.655ms,7.197ms total 129.597ms
11-23 21:04:43.395 12636 12636 I ViewInteraction: Checking 'MatchesViewAssertion(Detox){viewMatcher=(view has effective visibility <VISIBLE> and view.getGlobalVisibleRect() covers at least <75> percent of the view's area)}' assertion on view (view.getTag() is "feature-hint-overlay-dismiss" and view has effective visibility <VISIBLE>)
11-23 21:04:43.426 12636 12636 I ViewInteraction: Checking 'MatchesViewAssertion(Detox){viewMatcher=(view has effective visibility <VISIBLE> and view.getGlobalVisibleRect() covers at least <75> percent of the view's area)}' assertion on view (view.getTag() is "feature-hint-overlay-dismiss" and view has effective visibility <VISIBLE>)
11-23 21:04:43.462 12636 12636 I ViewInteraction: Checking 'MatchesViewAssertion(Detox){viewMatcher=(view has effective visibility <VISIBLE> and view.getGlobalVisibleRect() covers at least <75> percent of the view's area)}' assertion on view (view.getTag() is "feature-hint-overlay-dismiss" and view has effective visibility <VISIBLE>)
11-23 21:04:43.497 12636 12636 I ViewInteraction: Checking 'MatchesViewAssertion(Detox){viewMatcher=(view has effective visibility <VISIBLE> and view.getGlobalVisibleRect() covers at least <75> percent of the view's area)}' assertion on view (view.getTag() is "feature-hint-overlay-dismiss" and view has effective visibility <VISIBLE>)
11-23 21:04:43.532 12636 12636 I ViewInteraction: Checking 'MatchesViewAssertion(Detox){viewMatcher=(view has effective visibility <VISIBLE> and view.getGlobalVisibleRect() covers at least <75> percent of the view's area)}' assertion on view (view.getTag() is "feature-hint-overlay-dismiss" and view has effective visibility <VISIBLE>)
11-23 21:04:43.567 12636 12636 I ViewInteraction: Checking 'MatchesViewAssertion(Detox){viewMatcher=(view has effective visibility <VISIBLE> and view.getGlobalVisibleRect() covers at least <75> percent of the view's area)}' assertion on view (view.getTag() is "feature-hint-overlay-dismiss" and view has effective visibility <VISIBLE>)
11-23 21:04:43.583 12636 12636 I VRI[MainActivity]@7bc18a8: ViewPostIme pointer 0
11-23 21:04:43.583 12636 12636 I VRI[MainActivity]@7bc18a8: call setFrameRateCategory for touch hint category=high hint, reason=touch, vri=VRI[MainActivity]@7bc18a8
11-23 21:04:43.600 12636 12636 I ViewInteraction: Checking 'MatchesViewAssertion(Detox){viewMatcher=(view has effective visibility <VISIBLE> and view.getGlobalVisibleRect() covers at least <75> percent of the view's area)}' assertion on view (view.getTag() is "feature-hint-overlay-dismiss" and view has effective visibility <VISIBLE>)
11-23 21:04:43.615 12636 13599 I ReactNativeJS: '%c🚀 ✅ QUERY GetMyPendingInvites 956ms', 'color: #22c55e; font-weight: bold'
11-23 21:04:43.627 12636 12636 I BLASTBufferQueue_Java: update, w= 1440 h= 3088 mName = VRI[MainActivity]@ecb0123 mNativeObject= 0xb400007adda683b0 sc.mNativeObject= 0xb400007b7da35d50 format= -1 caller= android.view.ViewRootImpl.updateBlastSurfaceIfNeeded:3574 android.view.ViewRootImpl.relayoutWindow:11685 android.view.ViewRootImpl.performTraversals:4804 android.view.ViewRootImpl.doTraversal:3924 android.view.ViewRootImpl$TraversalRunnable.run:12903 android.view.Choreographer$CallbackRecord.run:1901 
11-23 21:04:43.627 12636 12636 I VRI[MainActivity]@ecb0123: Relayout returned: old=(0,0,1440,3088) new=(0,0,1440,3088) relayoutAsync=true req=(1440,3088)0 dur=1 res=0x0 s={true 0xb400007beda580b0} ch=false seqId=0
11-23 21:04:43.628 12636 12636 I VRI[MainActivity]@ecb0123: registerCallbackForPendingTransactions
11-23 21:04:43.629 12636 12715 I VRI[MainActivity]@ecb0123: mWNT: t=0xb400007c8dadec50 mBlastBufferQueue=0xb400007adda683b0 fn= 1162 HdrRenderState mRenderHdrSdrRatio=1.0 caller= android.view.ViewRootImpl$10.onFrameDraw:6536 android.view.ViewRootImpl$4.onFrameDraw:2489 android.view.ThreadedRenderer$1.onFrameDraw:718 
11-23 21:04:43.630 12636 13599 I ReactNativeJS: '✅ [NotificationReceived] Subscription ACTIVE for user:', '68f41739878fd075b87c1dd1'
11-23 21:04:43.636 12636 12636 I ViewInteraction: Checking 'MatchesViewAssertion(Detox){viewMatcher=(view has effective visibility <VISIBLE> and view.getGlobalVisibleRect() covers at least <75> percent of the view's area)}' assertion on view (view.getTag() is "feature-hint-overlay-dismiss" and view has effective visibility <VISIBLE>)
11-23 21:04:43.639 12636 13599 I ReactNativeJS: '%c🚀 ✅ QUERY MyShoppingListInvites 983ms', 'color: #22c55e; font-weight: bold'
11-23 21:04:43.642 12636 13599 I ReactNativeJS: '%c🚀 ⚠️ QUERY GetCommonUnits 1014ms', 'color: #f59e0b; font-weight: bold'
11-23 21:04:43.665 12636 12636 I ViewInteraction: Checking 'MatchesViewAssertion(Detox){viewMatcher=(view has effective visibility <VISIBLE> and view.getGlobalVisibleRect() covers at least <75> percent of the view's area)}' assertion on view (view.getTag() is "feature-hint-overlay-dismiss" and view has effective visibility <VISIBLE>)
11-23 21:04:43.665 12636 12636 I VRI[MainActivity]@7bc18a8: ViewPostIme pointer 1
11-23 21:04:43.670 12636 12636 I WindowManager: WindowManagerGlobal#removeView, ty=2, view=com.android.internal.policy.DecorView{5b798cb V.E...... R....... 0,0-1368,722}[MainActivity], caller=android.view.WindowManagerGlobal.removeView:654 android.view.WindowManagerImpl.removeViewImmediate:216 android.app.Dialog.dismissDialog:850 
11-23 21:04:43.670 12636 12636 W WindowOnBackDispatcher: sendCancelIfRunning: isInProgress=false callback=android.app.Dialog$$ExternalSyntheticLambda4@613b6fd
11-23 21:04:43.687 12636 12696 D HWUI    : endAllActiveAnimators on 0xb400007bedd967b0 (RippleDrawable) with handle 0xb400007b8dbd2660
11-23 21:04:43.687 12636 12636 I VRI[MainActivity]@7bc18a8: dispatchDetachedFromWindow
11-23 21:04:43.694 12636 12636 D InputTransport: Input channel destroyed: '3e7c8c7', fd=198
11-23 21:04:43.700 12636 12636 D RootViewPicker: Root not ready - waiting: 10ms for one to appear.
11-23 21:04:43.707 12636 12636 I InsetsSourceConsumer: applyRequestedVisibilityToControl: visible=true, type=statusBars, host=dev.souschef.app/dev.souschef.app.MainActivity
11-23 21:04:43.707 12636 12636 I ImeTracker: system_server:df1ec93c: onCancelled at PHASE_CLIENT_ON_CONTROLS_CHANGED
11-23 21:04:43.715 12636 12636 D VRI[MainActivity]@ecb0123: mThreadedRenderer.initializeIfNeeded()#2 mSurface={isValid=true 0xb400007beda580b0}
11-23 21:04:43.715 12636 12636 W WindowOnBackDispatcher: sendCancelIfRunning: isInProgress=false callback=android.view.ImeBackAnimationController@57788b6
11-23 21:04:43.717 12636 12636 D InputMethodManagerUtils: startInputInner - Id : 0
11-23 21:04:43.717 12636 12636 I InputMethodManager: startInputInner - IInputMethodManagerGlobalInvoker.startInputOrWindowGainedFocus
11-23 21:04:43.721 12636 12636 I ViewInteraction: Checking 'MatchesViewAssertion(Detox){viewMatcher=(view has effective visibility <VISIBLE> and view.getGlobalVisibleRect() covers at least <75> percent of the view's area)}' assertion on view (view.getTag() is "feature-hint-overlay-dismiss" and view has effective visibility <VISIBLE>)
11-23 21:04:43.722 12636 12636 I InputMethodManager: handleMessage: setImeVisibility visible=false
11-23 21:04:43.723 12636 12636 D InsetsController: hide(ime(), fromIme=false)
11-23 21:04:43.723 12636 12636 W WindowOnBackDispatcher: sendCancelIfRunning: isInProgress=false callback=android.view.ImeBackAnimationController@57788b6
--------- beginning of system
11-23 21:04:43.724 12636 12636 D InsetsController: Setting requestedVisibleTypes to -9 (was -1)
11-23 21:04:43.724 12636 12636 I InsetsController: setRequestedVisibleTypes: visible=false, mask=ime, host=dev.souschef.app/dev.souschef.app.MainActivity, from=android.view.InsetsController.controlAnimationUnchecked:1604 android.view.InsetsController.applyAnimation:2416 android.view.InsetsController.applyAnimation:2343 android.view.InsetsController.hide:1540 android.view.inputmethod.InputMethodManager$H.handleMessage:1569 android.os.Handler.dispatchMessage:110 androidx.test.espresso.base.Interrogator.loopAndInterrogate:156 androidx.test.espresso.base.UiControllerImpl.loopUntil:510 androidx.test.espresso.base.UiControllerImpl.loopUntil:468 androidx.test.espresso.base.UiControllerImpl.loopMainThreadForAtLeast:452 
11-23 21:04:43.724 12636 12636 I InsetsController: controlAnimationUncheckedInner: Added types=ime, animType=1, host=dev.souschef.app/dev.souschef.app.MainActivity, from=android.view.InsetsController.controlAnimationUnchecked:1608 android.view.InsetsController.applyAnimation:2416 android.view.InsetsController.applyAnimation:2343 
11-23 21:04:43.725 12636 12871 D InputTransport: Input channel constructed: 'ClientS', fd=201
11-23 21:04:43.726 12636 12636 I BLASTBufferQueue_Java: update, w= 1440 h= 3088 mName = VRI[MainActivity]@ecb0123 mNativeObject= 0xb400007adda683b0 sc.mNativeObject= 0xb400007b7da35d50 format= -1 caller= android.view.ViewRootImpl.updateBlastSurfaceIfNeeded:3574 android.view.ViewRootImpl.relayoutWindow:11685 android.view.ViewRootImpl.performTraversals:4804 android.view.ViewRootImpl.doTraversal:3924 android.view.ViewRootImpl$TraversalRunnable.run:12903 android.view.Choreographer$CallbackRecord.run:1901 
11-23 21:04:43.726 12636 12636 I VRI[MainActivity]@ecb0123: Relayout returned: old=(0,0,1440,3088) new=(0,0,1440,3088) relayoutAsync=true req=(1440,3088)0 dur=0 res=0x0 s={true 0xb400007beda580b0} ch=false seqId=0
11-23 21:04:43.730 12636 12636 I VRI[MainActivity]@ecb0123: registerCallbackForPendingTransactions
11-23 21:04:43.730 12636 12716 I VRI[MainActivity]@ecb0123: mWNT: t=0xb400007c8dacf910 mBlastBufferQueue=0xb400007adda683b0 fn= 1163 HdrRenderState mRenderHdrSdrRatio=1.0 caller= android.view.SyncRtSurfaceTransactionApplier.applyTransaction:100 android.view.SyncRtSurfaceTransactionApplier.lambda$scheduleApply$0:73 android.view.SyncRtSurfaceTransactionApplier.$r8$lambda$afI4fXg3U3-nBZQEDQMiNy-B06s:0 
11-23 21:04:43.730 12636 12716 I VRI[MainActivity]@ecb0123: mWNT: t=0xb400007c8daa3450 mBlastBufferQueue=0xb400007adda683b0 fn= 1163 HdrRenderState mRenderHdrSdrRatio=1.0 caller= android.view.ViewRootImpl$10.onFrameDraw:6536 android.view.ViewRootImpl$4.onFrameDraw:2489 android.view.ThreadedRenderer$1.onFrameDraw:718 
11-23 21:04:43.731 12636 12636 W RemoteInputConnectionImpl: requestCursorUpdates on inactive InputConnection
11-23 21:04:43.739 12636 12715 I VRI[MainActivity]@ecb0123: mWNT: t=0xb400007c8dcab050 mBlastBufferQueue=0xb400007adda683b0 fn= 1164 HdrRenderState mRenderHdrSdrRatio=1.0 caller= android.view.SyncRtSurfaceTransactionApplier.applyTransaction:100 android.view.SyncRtSurfaceTransactionApplier.lambda$scheduleApply$0:73 android.view.SyncRtSurfaceTransactionApplier.$r8$lambda$afI4fXg3U3-nBZQEDQMiNy-B06s:0 
11-23 21:04:43.743 12636 12716 I VRI[MainActivity]@ecb0123: mWNT: t=0xb400007c8dd76e50 mBlastBufferQueue=0xb400007adda683b0 fn= 1165 HdrRenderState mRenderHdrSdrRatio=1.0 caller= android.view.SyncRtSurfaceTransactionApplier.applyTransaction:100 android.view.SyncRtSurfaceTransactionApplier.lambda$scheduleApply$0:73 android.view.SyncRtSurfaceTransactionApplier.$r8$lambda$afI4fXg3U3-nBZQEDQMiNy-B06s:0 
11-23 21:04:43.754 12636 12636 I ViewInteraction: Checking 'MatchesViewAssertion(Detox){viewMatcher=(view has effective visibility <VISIBLE> and view.getGlobalVisibleRect() covers at least <75> percent of the view's area)}' assertion on view (view.getTag() is "feature-hint-overlay-dismiss" and view has effective visibility <VISIBLE>)
11-23 21:04:43.762 12636 12715 I VRI[MainActivity]@ecb0123: mWNT: t=0xb400007c8da9a4d0 mBlastBufferQueue=0xb400007adda683b0 fn= 1166 HdrRenderState mRenderHdrSdrRatio=1.0 caller= android.view.SyncRtSurfaceTransactionApplier.applyTransaction:100 android.view.SyncRtSurfaceTransactionApplier.lambda$scheduleApply$0:73 android.view.SyncRtSurfaceTransactionApplier.$r8$lambda$afI4fXg3U3-nBZQEDQMiNy-B06s:0 
11-23 21:04:43.775 12636 12716 I VRI[MainActivity]@ecb0123: mWNT: t=0xb400007c8dad5250 mBlastBufferQueue=0xb400007adda683b0 fn= 1167 HdrRenderState mRenderHdrSdrRatio=1.0 caller= android.view.SyncRtSurfaceTransactionApplier.applyTransaction:100 android.view.SyncRtSurfaceTransactionApplier.lambda$scheduleApply$0:73 android.view.SyncRtSurfaceTransactionApplier.$r8$lambda$afI4fXg3U3-nBZQEDQMiNy-B06s:0 
11-23 21:04:43.780 12636 12715 I VRI[MainActivity]@ecb0123: mWNT: t=0xb400007c8db1d710 mBlastBufferQueue=0xb400007adda683b0 fn= 1168 HdrRenderState mRenderHdrSdrRatio=1.0 caller= android.view.SyncRtSurfaceTransactionApplier.applyTransaction:100 android.view.SyncRtSurfaceTransactionApplier.lambda$scheduleApply$0:73 android.view.SyncRtSurfaceTransactionApplier.$r8$lambda$afI4fXg3U3-nBZQEDQMiNy-B06s:0 
11-23 21:04:43.798 12636 12716 I VRI[MainActivity]@ecb0123: mWNT: t=0xb400007c8db1b5d0 mBlastBufferQueue=0xb400007adda683b0 fn= 1169 HdrRenderState mRenderHdrSdrRatio=1.0 caller= android.view.SyncRtSurfaceTransactionApplier.applyTransaction:100 android.view.SyncRtSurfaceTransactionApplier.lambda$scheduleApply$0:73 android.view.SyncRtSurfaceTransactionApplier.$r8$lambda$afI4fXg3U3-nBZQEDQMiNy-B06s:0 
11-23 21:04:43.817 12636 12715 I VRI[MainActivity]@ecb0123: mWNT: t=0xb400007c8dac6d10 mBlastBufferQueue=0xb400007adda683b0 fn= 1170 HdrRenderState mRenderHdrSdrRatio=1.0 caller= android.view.SyncRtSurfaceTransactionApplier.applyTransaction:100 android.view.SyncRtSurfaceTransactionApplier.lambda$scheduleApply$0:73 android.view.SyncRtSurfaceTransactionApplier.$r8$lambda$afI4fXg3U3-nBZQEDQMiNy-B06s:0 
11-23 21:04:43.829 12636 12716 I VRI[MainActivity]@ecb0123: mWNT: t=0xb400007c8daecc50 mBlastBufferQueue=0xb400007adda683b0 fn= 1171 HdrRenderState mRenderHdrSdrRatio=1.0 caller= android.view.SyncRtSurfaceTransactionApplier.applyTransaction:100 android.view.SyncRtSurfaceTransactionApplier.lambda$scheduleApply$0:73 android.view.SyncRtSurfaceTransactionApplier.$r8$lambda$afI4fXg3U3-nBZQEDQMiNy-B06s:0 
11-23 21:04:43.838 12636 12715 I VRI[MainActivity]@ecb0123: mWNT: t=0xb400007c8db23ad0 mBlastBufferQueue=0xb400007adda683b0 fn= 1172 HdrRenderState mRenderHdrSdrRatio=1.0 caller= android.view.SyncRtSurfaceTransactionApplier.applyTransaction:100 android.view.SyncRtSurfaceTransactionApplier.lambda$scheduleApply$0:73 android.view.SyncRtSurfaceTransactionApplier.$r8$lambda$afI4fXg3U3-nBZQEDQMiNy-B06s:0 
11-23 21:04:43.844 12636 12636 I InsetsController: onStateChanged: host=dev.souschef.app/dev.souschef.app.MainActivity, from=android.view.ViewRootImpl.onInsetsStateChanged:3026, state=InsetsState: {mDisplayFrame=Rect(0, 0 - 1440, 3088), mDisplayCutout=DisplayCutout{insets=Rect(0, 100 - 0, 0) waterfall=Insets{left=0, top=0, right=0, bottom=0} boundingRect={Bounds=[Rect(0, 0 - 0, 0), Rect(683, 0 - 758, 100), Rect(0, 0 - 0, 0), Rect(0, 0 - 0, 0)]} cutoutPathParserInfo={CutoutPathParserInfo{displayWidth=1440 displayHeight=3088 physicalDisplayWidth=1440 physicalDisplayHeight=3088 density={3.75} cutoutSpec={M 0,0 H -10 V 26.66666666666667 H 10 V 0 H 0 Z @dp} rotation={0} scale={1.0} physicalPixelDisplaySizeRatio={1.0}}} sideOverrides={}}, mRoundedCorners=RoundedCorners{[RoundedCorner{position=TopLeft, radius=15, center=Point(15, 15)}, RoundedCorner{position=TopRight, radius=15, center=Point(1425, 15)}, RoundedCorner{position=BottomRight, radius=15, center=Point(1425, 3073)}, RoundedCorner{position=BottomLeft, radius=15, center=Point(15, 3073)}]}  mRoundedCornerFrame=Rect(0, 0 - 1440, 3088), mPrivacyIndicatorBounds=PrivacyIndicatorBounds {static bounds=Rect(1275, 0 - 1440, 100) rotation=0}, mDisplayShape=DisplayShape{ spec=-311912193 displayWidth=1440 displayHeight=3088 physicalPixelDisplaySizeRatio=1.0 rotation=0 offsetX=0 offsetY=0 scale=1.0}, mSources= { InsetsSource: {b11d0001 mType=navigationBars mFrame=[0,3032][1440,3088] mVisible=true mFlags=SUPPRESS_SCRIM mSideHint=BOTTOM mBoundingRects=null}, InsetsSource: {b11d0004 mType=systemGestures mFrame=[0,0][84,3088] mVisible=true mFlags= mSideHint=LEFT mBoundingRects=null}, InsetsSource: {b11d0005 mType=mandatorySystemGestures mFrame=[0,2968][1440,3088] mVisible=true mFlags= mSideHint=BOTTOM mBoundingRects=null}, InsetsSource: {b11d0006 mType=tappableElement mFrame=[0,0][0,0] mVisible=true mFlags= mSideHint=NONE mBoundingRects=null}, InsetsSource: {b11d0024 mType=systemGestures mFrame=[1356,0][1440,3088] mVisible=true mFlags= mSideHint=RIGHT mBoundingRects=null}, InsetsSource: {ecac0000 mType=statusBars mFrame=[0,0][1440,100] mVisible=true mFlags= mSideHint=TOP mBoundingRects=null}, InsetsSource: {ecac0005 mType=mandatorySystemGestures mFrame=[0,0][1440,145] mVisible=true mFlags= mSideHint=TOP mBoundingRects=null}, InsetsSource: {ecac0006 mType=tappableElement mFrame=[0,0][1440,100] mVisible=true mFlags= mSideHint=TOP mBoundingRects=null}, InsetsSource: {3 mType=ime mFrame=[0,1922][1440,3088] mVisible=true mFlags= mSideHint=BOTTOM mBoundingRects=null}, InsetsSource: {27 mType=displayCutout mFrame=[0,0][1440,100] mVisible=true mFlags= mSideHint=TOP mBoundingRects=null} }
11-23 21:04:43.845 12636 12636 I VRI[MainActivity]@ecb0123: handleResized, frames=ClientWindowFrames{frame=[0,0][1440,3088] display=[0,0][1440,3088] parentFrame=[0,0][0,0]} displayId=0 dragResizing=false compatScale=1.0 frameChanged=false attachedFrameChanged=false configChanged=false displayChanged=false compatScaleChanged=false dragResizingChanged=false
11-23 21:04:43.850 12636 12716 I VRI[MainActivity]@ecb0123: mWNT: t=0xb400007c8db05d10 mBlastBufferQueue=0xb400007adda683b0 fn= 1173 HdrRenderState mRenderHdrSdrRatio=1.0 caller= android.view.SyncRtSurfaceTransactionApplier.applyTransaction:100 android.view.SyncRtSurfaceTransactionApplier.lambda$scheduleApply$0:73 android.view.SyncRtSurfaceTransactionApplier.$r8$lambda$afI4fXg3U3-nBZQEDQMiNy-B06s:0 
11-23 21:04:43.854 12636 12715 I VRI[MainActivity]@ecb0123: mWNT: t=0xb400007c8daf9ad0 mBlastBufferQueue=0xb400007adda683b0 fn= 1174 HdrRenderState mRenderHdrSdrRatio=1.0 caller= android.view.SyncRtSurfaceTransactionApplier.applyTransaction:100 android.view.SyncRtSurfaceTransactionApplier.lambda$scheduleApply$0:73 android.view.SyncRtSurfaceTransactionApplier.$r8$lambda$afI4fXg3U3-nBZQEDQMiNy-B06s:0 
11-23 21:04:43.861 12636 12636 I ViewInteraction: Checking 'MatchesViewAssertion(Detox){viewMatcher=(view has effective visibility <VISIBLE> and view.getGlobalVisibleRect() covers at least <75> percent of the view's area)}' assertion on view (view.getTag() is "feature-hint-overlay-dismiss" and view has effective visibility <VISIBLE>)
11-23 21:04:43.870 12636 12716 I VRI[MainActivity]@ecb0123: mWNT: t=0xb400007c8da47110 mBlastBufferQueue=0xb400007adda683b0 fn= 1175 HdrRenderState mRenderHdrSdrRatio=1.0 caller= android.view.SyncRtSurfaceTransactionApplier.applyTransaction:100 android.view.SyncRtSurfaceTransactionApplier.lambda$scheduleApply$0:73 android.view.SyncRtSurfaceTransactionApplier.$r8$lambda$afI4fXg3U3-nBZQEDQMiNy-B06s:0 
11-23 21:04:43.878 12636 12715 I VRI[MainActivity]@ecb0123: mWNT: t=0xb400007c8da73b10 mBlastBufferQueue=0xb400007adda683b0 fn= 1176 HdrRenderState mRenderHdrSdrRatio=1.0 caller= android.view.SyncRtSurfaceTransactionApplier.applyTransaction:100 android.view.SyncRtSurfaceTransactionApplier.lambda$scheduleApply$0:73 android.view.SyncRtSurfaceTransactionApplier.$r8$lambda$afI4fXg3U3-nBZQEDQMiNy-B06s:0 
11-23 21:04:43.891 12636 12716 I VRI[MainActivity]@ecb0123: mWNT: t=0xb400007c8daa8d90 mBlastBufferQueue=0xb400007adda683b0 fn= 1177 HdrRenderState mRenderHdrSdrRatio=1.0 caller= android.view.SyncRtSurfaceTransactionApplier.applyTransaction:100 android.view.SyncRtSurfaceTransactionApplier.lambda$scheduleApply$0:73 android.view.SyncRtSurfaceTransactionApplier.$r8$lambda$afI4fXg3U3-nBZQEDQMiNy-B06s:0 
11-23 21:04:43.900 12636 12715 I VRI[MainActivity]@ecb0123: mWNT: t=0xb400007c8dabaad0 mBlastBufferQueue=0xb400007adda683b0 fn= 1178 HdrRenderState mRenderHdrSdrRatio=1.0 caller= android.view.SyncRtSurfaceTransactionApplier.applyTransaction:100 android.view.SyncRtSurfaceTransactionApplier.lambda$scheduleApply$0:73 android.view.SyncRtSurfaceTransactionApplier.$r8$lambda$afI4fXg3U3-nBZQEDQMiNy-B06s:0 
11-23 21:04:43.911 12636 12636 I ViewInteraction: Checking 'MatchesViewAssertion(Detox){viewMatcher=(view has effective visibility <VISIBLE> and view.getGlobalVisibleRect() covers at least <75> percent of the view's area)}' assertion on view (view.getTag() is "feature-hint-overlay-dismiss" and view has effective visibility <VISIBLE>)
11-23 21:04:43.919 12636 12716 I VRI[MainActivity]@ecb0123: mWNT: t=0xb400007c8db22950 mBlastBufferQueue=0xb400007adda683b0 fn= 1179 HdrRenderState mRenderHdrSdrRatio=1.0 caller= android.view.SyncRtSurfaceTransactionApplier.applyTransaction:100 android.view.SyncRtSurfaceTransactionApplier.lambda$scheduleApply$0:73 android.view.SyncRtSurfaceTransactionApplier.$r8$lambda$afI4fXg3U3-nBZQEDQMiNy-B06s:0 
11-23 21:04:43.930 12636 12715 I VRI[MainActivity]@ecb0123: mWNT: t=0xb400007c8dad0a90 mBlastBufferQueue=0xb400007adda683b0 fn= 1180 HdrRenderState mRenderHdrSdrRatio=1.0 caller= android.view.SyncRtSurfaceTransactionApplier.applyTransaction:100 android.view.SyncRtSurfaceTransactionApplier.lambda$scheduleApply$0:73 android.view.SyncRtSurfaceTransactionApplier.$r8$lambda$afI4fXg3U3-nBZQEDQMiNy-B06s:0 
11-23 21:04:43.939 12636 12716 I VRI[MainActivity]@ecb0123: mWNT: t=0xb400007c8db1a0d0 mBlastBufferQueue=0xb400007adda683b0 fn= 1181 HdrRenderState mRenderHdrSdrRatio=1.0 caller= android.view.SyncRtSurfaceTransactionApplier.applyTransaction:100 android.view.SyncRtSurfaceTransactionApplier.lambda$scheduleApply$0:73 android.view.SyncRtSurfaceTransactionApplier.$r8$lambda$afI4fXg3U3-nBZQEDQMiNy-B06s:0 
11-23 21:04:43.947 12636 12715 I VRI[MainActivity]@ecb0123: mWNT: t=0xb400007c8db17890 mBlastBufferQueue=0xb400007adda683b0 fn= 1182 HdrRenderState mRenderHdrSdrRatio=1.0 caller= android.view.SyncRtSurfaceTransactionApplier.applyTransaction:100 android.view.SyncRtSurfaceTransactionApplier.lambda$scheduleApply$0:73 android.view.SyncRtSurfaceTransactionApplier.$r8$lambda$afI4fXg3U3-nBZQEDQMiNy-B06s:0 
11-23 21:04:43.958 12636 12716 I VRI[MainActivity]@ecb0123: mWNT: t=0xb400007c8daa84d0 mBlastBufferQueue=0xb400007adda683b0 fn= 1183 HdrRenderState mRenderHdrSdrRatio=1.0 caller= android.view.SyncRtSurfaceTransactionApplier.applyTransaction:100 android.view.SyncRtSurfaceTransactionApplier.lambda$scheduleApply$0:73 android.view.SyncRtSurfaceTransactionApplier.$r8$lambda$afI4fXg3U3-nBZQEDQMiNy-B06s:0 
11-23 21:04:43.964 12636 12636 I ViewInteraction: Checking 'MatchesViewAssertion(Detox){viewMatcher=(view has effective visibility <VISIBLE> and view.getGlobalVisibleRect() covers at least <75> percent of the view's area)}' assertion on view (view.getTag() is "feature-hint-overlay-dismiss" and view has effective visibility <VISIBLE>)
11-23 21:04:43.973 12636 12715 I VRI[MainActivity]@ecb0123: mWNT: t=0xb400007c8dadee10 mBlastBufferQueue=0xb400007adda683b0 fn= 1184 HdrRenderState mRenderHdrSdrRatio=1.0 caller= android.view.SyncRtSurfaceTransactionApplier.applyTransaction:100 android.view.SyncRtSurfaceTransactionApplier.lambda$scheduleApply$0:73 android.view.SyncRtSurfaceTransactionApplier.$r8$lambda$afI4fXg3U3-nBZQEDQMiNy-B06s:0 
11-23 21:04:43.978 12636 12716 I VRI[MainActivity]@ecb0123: mWNT: t=0xb400007c8da65250 mBlastBufferQueue=0xb400007adda683b0 fn= 1185 HdrRenderState mRenderHdrSdrRatio=1.0 caller= android.view.SyncRtSurfaceTransactionApplier.applyTransaction:100 android.view.SyncRtSurfaceTransactionApplier.lambda$scheduleApply$0:73 android.view.SyncRtSurfaceTransactionApplier.$r8$lambda$afI4fXg3U3-nBZQEDQMiNy-B06s:0 
11-23 21:04:43.980 12636 12715 I VRI[MainActivity]@ecb0123: mWNT: t=0xb400007c8da68dd0 mBlastBufferQueue=0xb400007adda683b0 fn= 1186 HdrRenderState mRenderHdrSdrRatio=1.0 caller= android.view.SyncRtSurfaceTransactionApplier.applyTransaction:100 android.view.SyncRtSurfaceTransactionApplier.lambda$scheduleApply$0:73 android.view.SyncRtSurfaceTransactionApplier.$r8$lambda$afI4fXg3U3-nBZQEDQMiNy-B06s:0 
11-23 21:04:43.986 12636 12716 I VRI[MainActivity]@ecb0123: mWNT: t=0xb400007c8da9a850 mBlastBufferQueue=0xb400007adda683b0 fn= 1187 HdrRenderState mRenderHdrSdrRatio=1.0 caller= android.view.SyncRtSurfaceTransactionApplier.applyTransaction:100 android.view.SyncRtSurfaceTransactionApplier.lambda$scheduleApply$0:73 android.view.SyncRtSurfaceTransactionApplier.$r8$lambda$afI4fXg3U3-nBZQEDQMiNy-B06s:0 
11-23 21:04:43.997 12636 12715 I VRI[MainActivity]@ecb0123: mWNT: t=0xb400007c8dabe650 mBlastBufferQueue=0xb400007adda683b0 fn= 1188 HdrRenderState mRenderHdrSdrRatio=1.0 caller= android.view.SyncRtSurfaceTransactionApplier.applyTransaction:100 android.view.SyncRtSurfaceTransactionApplier.lambda$scheduleApply$0:73 android.view.SyncRtSurfaceTransactionApplier.$r8$lambda$afI4fXg3U3-nBZQEDQMiNy-B06s:0 
11-23 21:04:44.005 12636 12716 I VRI[MainActivity]@ecb0123: mWNT: t=0xb400007c8daec550 mBlastBufferQueue=0xb400007adda683b0 fn= 1189 HdrRenderState mRenderHdrSdrRatio=1.0 caller= android.view.SyncRtSurfaceTransactionApplier.applyTransaction:100 android.view.SyncRtSurfaceTransactionApplier.lambda$scheduleApply$0:73 android.view.SyncRtSurfaceTransactionApplier.$r8$lambda$afI4fXg3U3-nBZQEDQMiNy-B06s:0 
11-23 21:04:44.012 12636 12636 I ViewInteraction: Checking 'MatchesViewAssertion(Detox){viewMatcher=(view has effective visibility <VISIBLE> and view.getGlobalVisibleRect() covers at least <75> percent of the view's area)}' assertion on view (view.getTag() is "feature-hint-overlay-dismiss" and view has effective visibility <VISIBLE>)
11-23 21:04:44.016 12636 12715 I VRI[MainActivity]@ecb0123: mWNT: t=0xb400007c8dac7090 mBlastBufferQueue=0xb400007adda683b0 fn= 1190 HdrRenderState mRenderHdrSdrRatio=1.0 caller= android.view.SyncRtSurfaceTransactionApplier.applyTransaction:100 android.view.SyncRtSurfaceTransactionApplier.lambda$scheduleApply$0:73 android.view.SyncRtSurfaceTransactionApplier.$r8$lambda$afI4fXg3U3-nBZQEDQMiNy-B06s:0 
11-23 21:04:44.022 12636 12716 I VRI[MainActivity]@ecb0123: mWNT: t=0xb400007c8daebe50 mBlastBufferQueue=0xb400007adda683b0 fn= 1191 HdrRenderState mRenderHdrSdrRatio=1.0 caller= android.view.SyncRtSurfaceTransactionApplier.applyTransaction:100 android.view.SyncRtSurfaceTransactionApplier.lambda$scheduleApply$0:73 android.view.SyncRtSurfaceTransactionApplier.$r8$lambda$afI4fXg3U3-nBZQEDQMiNy-B06s:0 
11-23 21:04:44.029 12636 12715 I VRI[MainActivity]@ecb0123: mWNT: t=0xb400007c8dac7090 mBlastBufferQueue=0xb400007adda683b0 fn= 1192 HdrRenderState mRenderHdrSdrRatio=1.0 caller= android.view.SyncRtSurfaceTransactionApplier.applyTransaction:100 android.view.SyncRtSurfaceTransactionApplier.lambda$scheduleApply$0:73 android.view.SyncRtSurfaceTransactionApplier.$r8$lambda$afI4fXg3U3-nBZQEDQMiNy-B06s:0 
11-23 21:04:44.035 12636 12636 I InsetsController: cancelAnimation: types=ime, animType=1, host=dev.souschef.app/dev.souschef.app.MainActivity, from=android.view.InsetsController.notifyFinished:2006 android.view.InsetsAnimationControlImpl.applyChangeInsets:335 android.view.InsetsController.lambda$new$3:957 
11-23 21:04:44.042 12636 12636 I BLASTBufferQueue_Java: update, w= 1440 h= 3088 mName = VRI[MainActivity]@ecb0123 mNativeObject= 0xb400007adda683b0 sc.mNativeObject= 0xb400007b7da35d50 format= -1 caller= android.view.ViewRootImpl.updateBlastSurfaceIfNeeded:3574 android.view.ViewRootImpl.relayoutWindow:11685 android.view.ViewRootImpl.performTraversals:4804 android.view.ViewRootImpl.doTraversal:3924 android.view.ViewRootImpl$TraversalRunnable.run:12903 android.view.Choreographer$CallbackRecord.run:1901 
11-23 21:04:44.043 12636 12636 I VRI[MainActivity]@ecb0123: Relayout returned: old=(0,0,1440,3088) new=(0,0,1440,3088) relayoutAsync=true req=(1440,3088)0 dur=0 res=0x0 s={true 0xb400007beda580b0} ch=false seqId=0
11-23 21:04:44.045 12636 12636 I VRI[MainActivity]@ecb0123: registerCallbackForPendingTransactions
11-23 21:04:44.051 12636 12716 I VRI[MainActivity]@ecb0123: mWNT: t=0xb400007c8dac7090 mBlastBufferQueue=0xb400007adda683b0 fn= 1193 HdrRenderState mRenderHdrSdrRatio=1.0 caller= android.view.SyncRtSurfaceTransactionApplier.applyTransaction:100 android.view.SyncRtSurfaceTransactionApplier.lambda$scheduleApply$0:73 android.view.SyncRtSurfaceTransactionApplier.$r8$lambda$afI4fXg3U3-nBZQEDQMiNy-B06s:0 
11-23 21:04:44.052 12636 12716 I VRI[MainActivity]@ecb0123: mWNT: t=0xb400007c8dadee10 mBlastBufferQueue=0xb400007adda683b0 fn= 1193 HdrRenderState mRenderHdrSdrRatio=1.0 caller= android.view.ViewRootImpl$10.onFrameDraw:6536 android.view.ViewRootImpl$4.onFrameDraw:2489 android.view.ThreadedRenderer$1.onFrameDraw:718 
11-23 21:04:44.065 12636 12636 W WindowOnBackDispatcher: sendCancelIfRunning: isInProgress=false callback=android.view.ImeBackAnimationController@57788b6
11-23 21:04:44.070 12636 12636 I ViewInteraction: Checking 'MatchesViewAssertion(Detox){viewMatcher=(view has effective visibility <VISIBLE> and view.getGlobalVisibleRect() covers at least <75> percent of the view's area)}' assertion on view (view.getTag() is "feature-hint-overlay-dismiss" and view has effective visibility <VISIBLE>)
11-23 21:04:44.072 12636 12636 I InsetsController: onStateChanged: host=dev.souschef.app/dev.souschef.app.MainActivity, from=android.view.ViewRootImpl.onInsetsStateChanged:3026, state=InsetsState: {mDisplayFrame=Rect(0, 0 - 1440, 3088), mDisplayCutout=DisplayCutout{insets=Rect(0, 100 - 0, 0) waterfall=Insets{left=0, top=0, right=0, bottom=0} boundingRect={Bounds=[Rect(0, 0 - 0, 0), Rect(683, 0 - 758, 100), Rect(0, 0 - 0, 0), Rect(0, 0 - 0, 0)]} cutoutPathParserInfo={CutoutPathParserInfo{displayWidth=1440 displayHeight=3088 physicalDisplayWidth=1440 physicalDisplayHeight=3088 density={3.75} cutoutSpec={M 0,0 H -10 V 26.66666666666667 H 10 V 0 H 0 Z @dp} rotation={0} scale={1.0} physicalPixelDisplaySizeRatio={1.0}}} sideOverrides={}}, mRoundedCorners=RoundedCorners{[RoundedCorner{position=TopLeft, radius=15, center=Point(15, 15)}, RoundedCorner{position=TopRight, radius=15, center=Point(1425, 15)}, RoundedCorner{position=BottomRight, radius=15, center=Point(1425, 3073)}, RoundedCorner{position=BottomLeft, radius=15, center=Point(15, 3073)}]}  mRoundedCornerFrame=Rect(0, 0 - 1440, 3088), mPrivacyIndicatorBounds=PrivacyIndicatorBounds {static bounds=Rect(1275, 0 - 1440, 100) rotation=0}, mDisplayShape=DisplayShape{ spec=-311912193 displayWidth=1440 displayHeight=3088 physicalPixelDisplaySizeRatio=1.0 rotation=0 offsetX=0 offsetY=0 scale=1.0}, mSources= { InsetsSource: {b11d0001 mType=navigationBars mFrame=[0,3032][1440,3088] mVisible=true mFlags=SUPPRESS_SCRIM mSideHint=BOTTOM mBoundingRects=null}, InsetsSource: {b11d0004 mType=systemGestures mFrame=[0,0][84,3088] mVisible=true mFlags= mSideHint=LEFT mBoundingRects=null}, InsetsSource: {b11d0005 mType=mandatorySystemGestures mFrame=[0,2968][1440,3088] mVisible=true mFlags= mSideHint=BOTTOM mBoundingRects=null}, InsetsSource: {b11d0006 mType=tappableElement mFrame=[0,0][0,0] mVisible=true mFlags= mSideHint=NONE mBoundingRects=null}, InsetsSource: {b11d0024 mType=systemGestures mFrame=[1356,0][1440,3088] mVisible=true mFlags= mSideHint=RIGHT mBoundingRects=null}, InsetsSource: {ecac0000 mType=statusBars mFrame=[0,0][1440,100] mVisible=true mFlags= mSideHint=TOP mBoundingRects=null}, InsetsSource: {ecac0005 mType=mandatorySystemGestures mFrame=[0,0][1440,145] mVisible=true mFlags= mSideHint=TOP mBoundingRects=null}, InsetsSource: {ecac0006 mType=tappableElement mFrame=[0,0][1440,100] mVisible=true mFlags= mSideHint=TOP mBoundingRects=null}, InsetsSource: {3 mType=ime mFrame=[0,1922][1440,3088] mVisible=false mFlags= mSideHint=BOTTOM mBoundingRects=null}, InsetsSource: {27 mType=displayCutout mFrame=[0,0][1440,100] mVisible=true mFlags= mSideHint=TOP mBoundingRects=null} }
11-23 21:04:44.073 12636 12636 I VRI[MainActivity]@ecb0123: handleResized, frames=ClientWindowFrames{frame=[0,0][1440,3088] display=[0,0][1440,3088] parentFrame=[0,0][0,0]} displayId=0 dragResizing=false compatScale=1.0 frameChanged=false attachedFrameChanged=false configChanged=false displayChanged=false compatScaleChanged=false dragResizingChanged=false
11-23 21:04:44.092 12636 12636 I InsetsSourceConsumer: applyRequestedVisibilityToControl: visible=false, type=ime, host=dev.souschef.app/dev.souschef.app.MainActivity
11-23 21:04:44.094 12636 12636 I InsetsSourceConsumer: applyRequestedVisibilityToControl: visible=true, type=navigationBars, host=dev.souschef.app/dev.souschef.app.MainActivity
11-23 21:04:44.096 12636 12636 I ImeTracker: system_server:d5d54f7e: onCancelled at PHASE_CLIENT_ON_CONTROLS_CHANGED
11-23 21:04:44.099 12636 12715 I VRI[MainActivity]@ecb0123: mWNT: t=0xb400007c8db17890 mBlastBufferQueue=0xb400007adda683b0 fn= 1194 HdrRenderState mRenderHdrSdrRatio=1.0 caller= android.view.SyncRtSurfaceTransactionApplier.applyTransaction:100 android.view.SyncRtSurfaceTransactionApplier.lambda$scheduleApply$0:73 android.view.SyncRtSurfaceTransactionApplier.$r8$lambda$afI4fXg3U3-nBZQEDQMiNy-B06s:0 
11-23 21:04:44.107 12636 12636 I ViewInteraction: Checking 'MatchesViewAssertion(Detox){viewMatcher=(view has effective visibility <VISIBLE> and view.getGlobalVisibleRect() covers at least <75> percent of the view's area)}' assertion on view (view.getTag() is "feature-hint-overlay-dismiss" and view has effective visibility <VISIBLE>)
11-23 21:04:44.143 12636 12636 I ViewInteraction: Checking 'MatchesViewAssertion(Detox){viewMatcher=(view has effective visibility <VISIBLE> and view.getGlobalVisibleRect() covers at least <75> percent of the view's area)}' assertion on view (view.getTag() is "feature-hint-overlay-dismiss" and view has effective visibility <VISIBLE>)
11-23 21:04:44.177 12636 12636 I ViewInteraction: Checking 'MatchesViewAssertion(Detox){viewMatcher=(view has effective visibility <VISIBLE> and view.getGlobalVisibleRect() covers at least <75> percent of the view's area)}' assertion on view (view.getTag() is "feature-hint-overlay-dismiss" and view has effective visibility <VISIBLE>)
11-23 21:04:44.212 12636 12636 I ViewInteraction: Checking 'MatchesViewAssertion(Detox){viewMatcher=(view has effective visibility <VISIBLE> and view.getGlobalVisibleRect() covers at least <75> percent of the view's area)}' assertion on view (view.getTag() is "feature-hint-overlay-dismiss" and view has effective visibility <VISIBLE>)
11-23 21:04:44.245 12636 12636 I ViewInteraction: Checking 'MatchesViewAssertion(Detox){viewMatcher=(view has effective visibility <VISIBLE> and view.getGlobalVisibleRect() covers at least <75> percent of the view's area)}' assertion on view (view.getTag() is "feature-hint-overlay-dismiss" and view has effective visibility <VISIBLE>)
11-23 21:04:44.279 12636 12636 I ViewInteraction: Checking 'MatchesViewAssertion(Detox){viewMatcher=(view has effective visibility <VISIBLE> and view.getGlobalVisibleRect() covers at least <75> percent of the view's area)}' assertion on view (view.getTag() is "feature-hint-overlay-dismiss" and view has effective visibility <VISIBLE>)
11-23 21:04:44.309 12636 12636 I ViewInteraction: Checking 'MatchesViewAssertion(Detox){viewMatcher=(view has effective visibility <VISIBLE> and view.getGlobalVisibleRect() covers at least <75> percent of the view's area)}' assertion on view (view.getTag() is "feature-hint-overlay-dismiss" and view has effective visibility <VISIBLE>)
11-23 21:04:44.343 12636 12636 I ViewInteraction: Checking 'MatchesViewAssertion(Detox){viewMatcher=(view has effective visibility <VISIBLE> and view.getGlobalVisibleRect() covers at least <75> percent of the view's area)}' assertion on view (view.getTag() is "feature-hint-overlay-dismiss" and view has effective visibility <VISIBLE>)
11-23 21:04:44.377 12636 12636 I ViewInteraction: Checking 'MatchesViewAssertion(Detox){viewMatcher=(view has effective visibility <VISIBLE> and view.getGlobalVisibleRect() covers at least <75> percent of the view's area)}' assertion on view (view.getTag() is "feature-hint-overlay-dismiss" and view has effective visibility <VISIBLE>)
11-23 21:04:44.409 12636 12636 I ViewInteraction: Checking 'MatchesViewAssertion(Detox){viewMatcher=(view has effective visibility <VISIBLE> and view.getGlobalVisibleRect() covers at least <75> percent of the view's area)}' assertion on view (view.getTag() is "feature-hint-overlay-dismiss" and view has effective visibility <VISIBLE>)
11-23 21:04:44.441 12636 12636 I ViewInteraction: Checking 'MatchesViewAssertion(Detox){viewMatcher=(view has effective visibility <VISIBLE> and view.getGlobalVisibleRect() covers at least <75> percent of the view's area)}' assertion on view (view.getTag() is "feature-hint-overlay-dismiss" and view has effective visibility <VISIBLE>)
11-23 21:04:44.471 12636 12636 I ViewInteraction: Checking 'MatchesViewAssertion(Detox){viewMatcher=(view has effective visibility <VISIBLE> and view.getGlobalVisibleRect() covers at least <75> percent of the view's area)}' assertion on view (view.getTag() is "feature-hint-overlay-dismiss" and view has effective visibility <VISIBLE>)
11-23 21:04:44.503 12636 12636 I ViewInteraction: Checking 'MatchesViewAssertion(Detox){viewMatcher=(view has effective visibility <VISIBLE> and view.getGlobalVisibleRect() covers at least <75> percent of the view's area)}' assertion on view (view.getTag() is "feature-hint-overlay-dismiss" and view has effective visibility <VISIBLE>)
11-23 21:04:44.532 12636 12636 I ViewInteraction: Checking 'MatchesViewAssertion(Detox){viewMatcher=(view has effective visibility <VISIBLE> and view.getGlobalVisibleRect() covers at least <75> percent of the view's area)}' assertion on view (view.getTag() is "feature-hint-overlay-dismiss" and view has effective visibility <VISIBLE>)
11-23 21:04:44.563 12636 12636 I ViewInteraction: Checking 'MatchesViewAssertion(Detox){viewMatcher=(view has effective visibility <VISIBLE> and view.getGlobalVisibleRect() covers at least <75> percent of the view's area)}' assertion on view (view.getTag() is "feature-hint-overlay-dismiss" and view has effective visibility <VISIBLE>)
11-23 21:04:44.603 12636 12636 I ViewInteraction: Checking 'MatchesViewAssertion(Detox){viewMatcher=(view has effective visibility <VISIBLE> and view.getGlobalVisibleRect() covers at least <75> percent of the view's area)}' assertion on view (view.getTag() is "feature-hint-overlay-dismiss" and view has effective visibility <VISIBLE>)
11-23 21:04:44.606 12636 12636 I InsetsController: onStateChanged: host=dev.souschef.app/dev.souschef.app.MainActivity, from=android.view.ViewRootImpl.onInsetsStateChanged:3026, state=InsetsState: {mDisplayFrame=Rect(0, 0 - 1440, 3088), mDisplayCutout=DisplayCutout{insets=Rect(0, 100 - 0, 0) waterfall=Insets{left=0, top=0, right=0, bottom=0} boundingRect={Bounds=[Rect(0, 0 - 0, 0), Rect(683, 0 - 758, 100), Rect(0, 0 - 0, 0), Rect(0, 0 - 0, 0)]} cutoutPathParserInfo={CutoutPathParserInfo{displayWidth=1440 displayHeight=3088 physicalDisplayWidth=1440 physicalDisplayHeight=3088 density={3.75} cutoutSpec={M 0,0 H -10 V 26.66666666666667 H 10 V 0 H 0 Z @dp} rotation={0} scale={1.0} physicalPixelDisplaySizeRatio={1.0}}} sideOverrides={}}, mRoundedCorners=RoundedCorners{[RoundedCorner{position=TopLeft, radius=15, center=Point(15, 15)}, RoundedCorner{position=TopRight, radius=15, center=Point(1425, 15)}, RoundedCorner{position=BottomRight, radius=15, center=Point(1425, 3073)}, RoundedCorner{position=BottomLeft, radius=15, center=Point(15, 3073)}]}  mRoundedCornerFrame=Rect(0, 0 - 1440, 3088), mPrivacyIndicatorBounds=PrivacyIndicatorBounds {static bounds=Rect(1275, 0 - 1440, 100) rotation=0}, mDisplayShape=DisplayShape{ spec=-311912193 displayWidth=1440 displayHeight=3088 physicalPixelDisplaySizeRatio=1.0 rotation=0 offsetX=0 offsetY=0 scale=1.0}, mSources= { InsetsSource: {b11d0001 mType=navigationBars mFrame=[0,3032][1440,3088] mVisible=true mFlags=SUPPRESS_SCRIM mSideHint=BOTTOM mBoundingRects=null}, InsetsSource: {b11d0004 mType=systemGestures mFrame=[0,0][84,3088] mVisible=true mFlags= mSideHint=LEFT mBoundingRects=null}, InsetsSource: {b11d0005 mType=mandatorySystemGestures mFrame=[0,2968][1440,3088] mVisible=true mFlags= mSideHint=BOTTOM mBoundingRects=null}, InsetsSource: {b11d0006 mType=tappableElement mFrame=[0,0][0,0] mVisible=true mFlags= mSideHint=NONE mBoundingRects=null}, InsetsSource: {b11d0024 mType=systemGestures mFrame=[1356,0][1440,3088] mVisible=true mFlags= mSideHint=RIGHT mBoundingRects=null}, InsetsSource: {ecac0000 mType=statusBars mFrame=[0,0][1440,100] mVisible=true mFlags= mSideHint=TOP mBoundingRects=null}, InsetsSource: {ecac0005 mType=mandatorySystemGestures mFrame=[0,0][1440,145] mVisible=true mFlags= mSideHint=TOP mBoundingRects=null}, InsetsSource: {ecac0006 mType=tappableElement mFrame=[0,0][1440,100] mVisible=true mFlags= mSideHint=TOP mBoundingRects=null}, InsetsSource: {3 mType=ime mFrame=[0,0][0,0] mVisible=false mFlags= mSideHint=NONE mBoundingRects=null}, InsetsSource: {27 mType=displayCutout mFrame=[0,0][1440,100] mVisible=true mFlags= mSideHint=TOP mBoundingRects=null} }
11-23 21:04:44.607 12636 12636 I VRI[MainActivity]@ecb0123: handleResized, frames=ClientWindowFrames{frame=[0,0][1440,3088] display=[0,0][1440,3088] parentFrame=[0,0][0,0]} displayId=0 dragResizing=false compatScale=1.0 frameChanged=false attachedFrameChanged=false configChanged=false displayChanged=false compatScaleChanged=false dragResizingChanged=false
11-23 21:04:44.607 12636 12636 I InsetsController: onStateChanged: host=dev.souschef.app/dev.souschef.app.MainActivity, from=android.view.ViewRootImpl.onInsetsStateChanged:3026, state=InsetsState: {mDisplayFrame=Rect(0, 0 - 1440, 3088), mDisplayCutout=DisplayCutout{insets=Rect(0, 100 - 0, 0) waterfall=Insets{left=0, top=0, right=0, bottom=0} boundingRect={Bounds=[Rect(0, 0 - 0, 0), Rect(683, 0 - 758, 100), Rect(0, 0 - 0, 0), Rect(0, 0 - 0, 0)]} cutoutPathParserInfo={CutoutPathParserInfo{displayWidth=1440 displayHeight=3088 physicalDisplayWidth=1440 physicalDisplayHeight=3088 density={3.75} cutoutSpec={M 0,0 H -10 V 26.66666666666667 H 10 V 0 H 0 Z @dp} rotation={0} scale={1.0} physicalPixelDisplaySizeRatio={1.0}}} sideOverrides={}}, mRoundedCorners=RoundedCorners{[RoundedCorner{position=TopLeft, radius=15, center=Point(15, 15)}, RoundedCorner{position=TopRight, radius=15, center=Point(1425, 15)}, RoundedCorner{position=BottomRight, radius=15, center=Point(1425, 3073)}, RoundedCorner{position=BottomLeft, radius=15, center=Point(15, 3073)}]}  mRoundedCornerFrame=Rect(0, 0 - 1440, 3088), mPrivacyIndicatorBounds=PrivacyIndicatorBounds {static bounds=Rect(1275, 0 - 1440, 100) rotation=0}, mDisplayShape=DisplayShape{ spec=-311912193 displayWidth=1440 displayHeight=3088 physicalPixelDisplaySizeRatio=1.0 rotation=0 offsetX=0 offsetY=0 scale=1.0}, mSources= { InsetsSource: {b11d0001 mType=navigationBars mFrame=[0,3032][1440,3088] mVisible=true mFlags=SUPPRESS_SCRIM mSideHint=BOTTOM mBoundingRects=null}, InsetsSource: {b11d0004 mType=systemGestures mFrame=[0,0][84,3088] mVisible=true mFlags= mSideHint=LEFT mBoundingRects=null}, InsetsSource: {b11d0005 mType=mandatorySystemGestures mFrame=[0,2968][1440,3088] mVisible=true mFlags= mSideHint=BOTTOM mBoundingRects=null}, InsetsSource: {b11d0006 mType=tappableElement mFrame=[0,0][0,0] mVisible=true mFlags= mSideHint=NONE mBoundingRects=null}, InsetsSource: {b11d0024 mType=systemGestures mFrame=[1356,0][1440,3088] mVisible=true mFlags= mSideHint=RIGHT mBoundingRects=null}, InsetsSource: {ecac0000 mType=statusBars mFrame=[0,0][1440,100] mVisible=true mFlags= mSideHint=TOP mBoundingRects=null}, InsetsSource: {ecac0005 mType=mandatorySystemGestures mFrame=[0,0][1440,145] mVisible=true mFlags= mSideHint=TOP mBoundingRects=null}, InsetsSource: {ecac0006 mType=tappableElement mFrame=[0,0][1440,100] mVisible=true mFlags= mSideHint=TOP mBoundingRects=null}, InsetsSource: {3 mType=ime mFrame=[0,0][0,0] mVisible=false mFlags= mSideHint=NONE mBoundingRects=null}, InsetsSource: {27 mType=displayCutout mFrame=[0,0][1440,100] mVisible=true mFlags= mSideHint=TOP mBoundingRects=null} }
11-23 21:04:44.608 12636 12636 I VRI[MainActivity]@ecb0123: handleResized, frames=ClientWindowFrames{frame=[0,0][1440,3088] display=[0,0][1440,3088] parentFrame=[0,0][0,0]} displayId=0 dragResizing=false compatScale=1.0 frameChanged=false attachedFrameChanged=false configChanged=false displayChanged=false compatScaleChanged=false dragResizingChanged=false
11-23 21:04:44.641 12636 12636 I ViewInteraction: Checking 'MatchesViewAssertion(Detox){viewMatcher=(view has effective visibility <VISIBLE> and view.getGlobalVisibleRect() covers at least <75> percent of the view's area)}' assertion on view (view.getTag() is "feature-hint-overlay-dismiss" and view has effective visibility <VISIBLE>)
11-23 21:04:44.672 12636 12636 I ViewInteraction: Checking 'MatchesViewAssertion(Detox){viewMatcher=(view has effective visibility <VISIBLE> and view.getGlobalVisibleRect() covers at least <75> percent of the view's area)}' assertion on view (view.getTag() is "feature-hint-overlay-dismiss" and view has effective visibility <VISIBLE>)
11-23 21:04:44.703 12636 12636 I ViewInteraction: Checking 'MatchesViewAssertion(Detox){viewMatcher=(view has effective visibility <VISIBLE> and view.getGlobalVisibleRect() covers at least <75> percent of the view's area)}' assertion on view (view.getTag() is "feature-hint-overlay-dismiss" and view has effective visibility <VISIBLE>)
11-23 21:04:44.733 12636 12636 I ViewInteraction: Checking 'MatchesViewAssertion(Detox){viewMatcher=(view has effective visibility <VISIBLE> and view.getGlobalVisibleRect() covers at least <75> percent of the view's area)}' assertion on view (view.getTag() is "feature-hint-overlay-dismiss" and view has effective visibility <VISIBLE>)
11-23 21:04:44.764 12636 12636 I ViewInteraction: Checking 'MatchesViewAssertion(Detox){viewMatcher=(view has effective visibility <VISIBLE> and view.getGlobalVisibleRect() covers at least <75> percent of the view's area)}' assertion on view (view.getTag() is "feature-hint-overlay-dismiss" and view has effective visibility <VISIBLE>)
11-23 21:04:44.795 12636 12636 I ViewInteraction: Checking 'MatchesViewAssertion(Detox){viewMatcher=(view has effective visibility <VISIBLE> and view.getGlobalVisibleRect() covers at least <75> percent of the view's area)}' assertion on view (view.getTag() is "feature-hint-overlay-dismiss" and view has effective visibility <VISIBLE>)
11-23 21:04:44.827 12636 12636 I ViewInteraction: Checking 'MatchesViewAssertion(Detox){viewMatcher=(view has effective visibility <VISIBLE> and view.getGlobalVisibleRect() covers at least <75> percent of the view's area)}' assertion on view (view.getTag() is "feature-hint-overlay-dismiss" and view has effective visibility <VISIBLE>)
11-23 21:04:44.857 12636 12636 I ViewInteraction: Checking 'MatchesViewAssertion(Detox){viewMatcher=(view has effective visibility <VISIBLE> and view.getGlobalVisibleRect() covers at least <75> percent of the view's area)}' assertion on view (view.getTag() is "feature-hint-overlay-dismiss" and view has effective visibility <VISIBLE>)
11-23 21:04:44.889 12636 12636 I ViewInteraction: Checking 'MatchesViewAssertion(Detox){viewMatcher=(view has effective visibility <VISIBLE> and view.getGlobalVisibleRect() covers at least <75> percent of the view's area)}' assertion on view (view.getTag() is "feature-hint-overlay-dismiss" and view has effective visibility <VISIBLE>)
11-23 21:04:44.919 12636 12636 I ViewInteraction: Checking 'MatchesViewAssertion(Detox){viewMatcher=(view has effective visibility <VISIBLE> and view.getGlobalVisibleRect() covers at least <75> percent of the view's area)}' assertion on view (view.getTag() is "feature-hint-overlay-dismiss" and view has effective visibility <VISIBLE>)
11-23 21:04:44.951 12636 12636 I ViewInteraction: Checking 'MatchesViewAssertion(Detox){viewMatcher=(view has effective visibility <VISIBLE> and view.getGlobalVisibleRect() covers at least <75> percent of the view's area)}' assertion on view (view.getTag() is "feature-hint-overlay-dismiss" and view has effective visibility <VISIBLE>)
11-23 21:04:44.981 12636 12636 I ViewInteraction: Checking 'MatchesViewAssertion(Detox){viewMatcher=(view has effective visibility <VISIBLE> and view.getGlobalVisibleRect() covers at least <75> percent of the view's area)}' assertion on view (view.getTag() is "feature-hint-overlay-dismiss" and view has effective visibility <VISIBLE>)
11-23 21:04:45.012 12636 12636 I ViewInteraction: Checking 'MatchesViewAssertion(Detox){viewMatcher=(view has effective visibility <VISIBLE> and view.getGlobalVisibleRect() covers at least <75> percent of the view's area)}' assertion on view (view.getTag() is "feature-hint-overlay-dismiss" and view has effective visibility <VISIBLE>)
11-23 21:04:45.043 12636 12636 I ViewInteraction: Checking 'MatchesViewAssertion(Detox){viewMatcher=(view has effective visibility <VISIBLE> and view.getGlobalVisibleRect() covers at least <75> percent of the view's area)}' assertion on view (view.getTag() is "feature-hint-overlay-dismiss" and view has effective visibility <VISIBLE>)
11-23 21:04:45.073 12636 12636 I ViewInteraction: Checking 'MatchesViewAssertion(Detox){viewMatcher=(view has effective visibility <VISIBLE> and view.getGlobalVisibleRect() covers at least <75> percent of the view's area)}' assertion on view (view.getTag() is "feature-hint-overlay-dismiss" and view has effective visibility <VISIBLE>)
11-23 21:04:45.105 12636 12636 I ViewInteraction: Checking 'MatchesViewAssertion(Detox){viewMatcher=(view has effective visibility <VISIBLE> and view.getGlobalVisibleRect() covers at least <75> percent of the view's area)}' assertion on view (view.getTag() is "feature-hint-overlay-dismiss" and view has effective visibility <VISIBLE>)
11-23 21:04:45.136 12636 12636 I ViewInteraction: Checking 'MatchesViewAssertion(Detox){viewMatcher=(view has effective visibility <VISIBLE> and view.getGlobalVisibleRect() covers at least <75> percent of the view's area)}' assertion on view (view.getTag() is "feature-hint-overlay-dismiss" and view has effective visibility <VISIBLE>)
11-23 21:04:45.168 12636 12636 I ViewInteraction: Checking 'MatchesViewAssertion(Detox){viewMatcher=(view has effective visibility <VISIBLE> and view.getGlobalVisibleRect() covers at least <75> percent of the view's area)}' assertion on view (view.getTag() is "feature-hint-overlay-dismiss" and view has effective visibility <VISIBLE>)
11-23 21:04:45.200 12636 12636 I ViewInteraction: Checking 'MatchesViewAssertion(Detox){viewMatcher=(view has effective visibility <VISIBLE> and view.getGlobalVisibleRect() covers at least <75> percent of the view's area)}' assertion on view (view.getTag() is "feature-hint-overlay-dismiss" and view has effective visibility <VISIBLE>)
11-23 21:04:45.232 12636 12636 I ViewInteraction: Checking 'MatchesViewAssertion(Detox){viewMatcher=(view has effective visibility <VISIBLE> and view.getGlobalVisibleRect() covers at least <75> percent of the view's area)}' assertion on view (view.getTag() is "feature-hint-overlay-dismiss" and view has effective visibility <VISIBLE>)
11-23 21:04:45.263 12636 12636 I ViewInteraction: Checking 'MatchesViewAssertion(Detox){viewMatcher=(view has effective visibility <VISIBLE> and view.getGlobalVisibleRect() covers at least <75> percent of the view's area)}' assertion on view (view.getTag() is "feature-hint-overlay-dismiss" and view has effective visibility <VISIBLE>)
11-23 21:04:45.294 12636 12636 I ViewInteraction: Checking 'MatchesViewAssertion(Detox){viewMatcher=(view has effective visibility <VISIBLE> and view.getGlobalVisibleRect() covers at least <75> percent of the view's area)}' assertion on view (view.getTag() is "feature-hint-overlay-dismiss" and view has effective visibility <VISIBLE>)
11-23 21:04:45.327 12636 12636 I ViewInteraction: Checking 'MatchesViewAssertion(Detox){viewMatcher=(view has effective visibility <VISIBLE> and view.getGlobalVisibleRect() covers at least <75> percent of the view's area)}' assertion on view (view.getTag() is "feature-hint-overlay-dismiss" and view has effective visibility <VISIBLE>)
11-23 21:04:45.359 12636 12636 I ViewInteraction: Checking 'MatchesViewAssertion(Detox){viewMatcher=(view has effective visibility <VISIBLE> and view.getGlobalVisibleRect() covers at least <75> percent of the view's area)}' assertion on view (view.getTag() is "feature-hint-overlay-dismiss" and view has effective visibility <VISIBLE>)
11-23 21:04:45.391 12636 12636 I ViewInteraction: Checking 'MatchesViewAssertion(Detox){viewMatcher=(view has effective visibility <VISIBLE> and view.getGlobalVisibleRect() covers at least <75> percent of the view's area)}' assertion on view (view.getTag() is "feature-hint-overlay-dismiss" and view has effective visibility <VISIBLE>)
11-23 21:04:45.423 12636 12636 I ViewInteraction: Checking 'MatchesViewAssertion(Detox){viewMatcher=(view has effective visibility <VISIBLE> and view.getGlobalVisibleRect() covers at least <75> percent of the view's area)}' assertion on view (view.getTag() is "feature-hint-overlay-dismiss" and view has effective visibility <VISIBLE>)
11-23 21:04:45.458 12636 12636 I ViewInteraction: Checking 'MatchesViewAssertion(Detox){viewMatcher=(view has effective visibility <VISIBLE> and view.getGlobalVisibleRect() covers at least <75> percent of the view's area)}' assertion on view (view.getTag() is "feature-hint-overlay-dismiss" and view has effective visibility <VISIBLE>)
11-23 21:04:45.491 12636 12636 I ViewInteraction: Checking 'MatchesViewAssertion(Detox){viewMatcher=(view has effective visibility <VISIBLE> and view.getGlobalVisibleRect() covers at least <75> percent of the view's area)}' assertion on view (view.getTag() is "feature-hint-overlay-dismiss" and view has effective visibility <VISIBLE>)
11-23 21:04:45.522 12636 12636 I ViewInteraction: Checking 'MatchesViewAssertion(Detox){viewMatcher=(view has effective visibility <VISIBLE> and view.getGlobalVisibleRect() covers at least <75> percent of the view's area)}' assertion on view (view.getTag() is "feature-hint-overlay-dismiss" and view has effective visibility <VISIBLE>)
11-23 21:04:45.554 12636 12636 I ViewInteraction: Checking 'MatchesViewAssertion(Detox){viewMatcher=(view has effective visibility <VISIBLE> and view.getGlobalVisibleRect() covers at least <75> percent of the view's area)}' assertion on view (view.getTag() is "feature-hint-overlay-dismiss" and view has effective visibility <VISIBLE>)
11-23 21:04:45.591 12636 12636 I ViewInteraction: Checking 'MatchesViewAssertion(Detox){viewMatcher=(view has effective visibility <VISIBLE> and view.getGlobalVisibleRect() covers at least <75> percent of the view's area)}' assertion on view (view.getTag() is "feature-hint-overlay-dismiss" and view has effective visibility <VISIBLE>)
11-23 21:04:45.620 12636 12636 I ViewInteraction: Checking 'MatchesViewAssertion(Detox){viewMatcher=(view has effective visibility <VISIBLE> and view.getGlobalVisibleRect() covers at least <75> percent of the view's area)}' assertion on view (view.getTag() is "feature-hint-overlay-dismiss" and view has effective visibility <VISIBLE>)
11-23 21:04:45.655 12636 12636 I ViewInteraction: Checking 'MatchesViewAssertion(Detox){viewMatcher=(view has effective visibility <VISIBLE> and view.getGlobalVisibleRect() covers at least <75> percent of the view's area)}' assertion on view (view.getTag() is "feature-hint-overlay-dismiss" and view has effective visibility <VISIBLE>)
11-23 21:04:45.685 12636 12636 I ViewInteraction: Checking 'MatchesViewAssertion(Detox){viewMatcher=(view has effective visibility <VISIBLE> and view.getGlobalVisibleRect() covers at least <75> percent of the view's area)}' assertion on view (view.getTag() is "feature-hint-overlay-dismiss" and view has effective visibility <VISIBLE>)
11-23 21:04:45.716 12636 12636 I ViewInteraction: Checking 'MatchesViewAssertion(Detox){viewMatcher=(view has effective visibility <VISIBLE> and view.getGlobalVisibleRect() covers at least <75> percent of the view's area)}' assertion on view (view.getTag() is "feature-hint-overlay-dismiss" and view has effective visibility <VISIBLE>)
11-23 21:04:45.745 12636 12636 I ViewInteraction: Checking 'MatchesViewAssertion(Detox){viewMatcher=(view has effective visibility <VISIBLE> and view.getGlobalVisibleRect() covers at least <75> percent of the view's area)}' assertion on view (view.getTag() is "feature-hint-overlay-dismiss" and view has effective visibility <VISIBLE>)
11-23 21:04:45.773 12636 12636 I ViewInteraction: Checking 'MatchesViewAssertion(Detox){viewMatcher=(view has effective visibility <VISIBLE> and view.getGlobalVisibleRect() covers at least <75> percent of the view's area)}' assertion on view (view.getTag() is "feature-hint-overlay-dismiss" and view has effective visibility <VISIBLE>)
11-23 21:04:45.801 12636 12636 I ViewInteraction: Checking 'MatchesViewAssertion(Detox){viewMatcher=(view has effective visibility <VISIBLE> and view.getGlobalVisibleRect() covers at least <75> percent of the view's area)}' assertion on view (view.getTag() is "feature-hint-overlay-dismiss" and view has effective visibility <VISIBLE>)
11-23 21:04:45.830 12636 12636 I ViewInteraction: Checking 'MatchesViewAssertion(Detox){viewMatcher=(view has effective visibility <VISIBLE> and view.getGlobalVisibleRect() covers at least <75> percent of the view's area)}' assertion on view (view.getTag() is "feature-hint-overlay-dismiss" and view has effective visibility <VISIBLE>)
11-23 21:04:45.862 12636 12636 I ViewInteraction: Checking 'MatchesViewAssertion(Detox){viewMatcher=(view has effective visibility <VISIBLE> and view.getGlobalVisibleRect() covers at least <75> percent of the view's area)}' assertion on view (view.getTag() is "feature-hint-overlay-dismiss" and view has effective visibility <VISIBLE>)
11-23 21:04:45.897 12636 12636 I ViewInteraction: Checking 'MatchesViewAssertion(Detox){viewMatcher=(view has effective visibility <VISIBLE> and view.getGlobalVisibleRect() covers at least <75> percent of the view's area)}' assertion on view (view.getTag() is "feature-hint-overlay-dismiss" and view has effective visibility <VISIBLE>)
11-23 21:04:45.932 12636 12636 I ViewInteraction: Checking 'MatchesViewAssertion(Detox){viewMatcher=(view has effective visibility <VISIBLE> and view.getGlobalVisibleRect() covers at least <75> percent of the view's area)}' assertion on view (view.getTag() is "feature-hint-overlay-dismiss" and view has effective visibility <VISIBLE>)
11-23 21:04:45.962 12636 12636 I ViewInteraction: Checking 'MatchesViewAssertion(Detox){viewMatcher=(view has effective visibility <VISIBLE> and view.getGlobalVisibleRect() covers at least <75> percent of the view's area)}' assertion on view (view.getTag() is "feature-hint-overlay-dismiss" and view has effective visibility <VISIBLE>)
11-23 21:04:45.995 12636 12636 I ViewInteraction: Checking 'MatchesViewAssertion(Detox){viewMatcher=(view has effective visibility <VISIBLE> and view.getGlobalVisibleRect() covers at least <75> percent of the view's area)}' assertion on view (view.getTag() is "feature-hint-overlay-dismiss" and view has effective visibility <VISIBLE>)
11-23 21:04:46.028 12636 12636 I ViewInteraction: Checking 'MatchesViewAssertion(Detox){viewMatcher=(view has effective visibility <VISIBLE> and view.getGlobalVisibleRect() covers at least <75> percent of the view's area)}' assertion on view (view.getTag() is "feature-hint-overlay-dismiss" and view has effective visibility <VISIBLE>)
11-23 21:04:46.062 12636 12636 I ViewInteraction: Checking 'MatchesViewAssertion(Detox){viewMatcher=(view has effective visibility <VISIBLE> and view.getGlobalVisibleRect() covers at least <75> percent of the view's area)}' assertion on view (view.getTag() is "feature-hint-overlay-dismiss" and view has effective visibility <VISIBLE>)
11-23 21:04:46.095 12636 12636 I ViewInteraction: Checking 'MatchesViewAssertion(Detox){viewMatcher=(view has effective visibility <VISIBLE> and view.getGlobalVisibleRect() covers at least <75> percent of the view's area)}' assertion on view (view.getTag() is "feature-hint-overlay-dismiss" and view has effective visibility <VISIBLE>)
11-23 21:04:46.116 12636 12636 D ScrollView: initGoToTop
11-23 21:04:46.128 12636 12636 I ViewInteraction: Checking 'MatchesViewAssertion(Detox){viewMatcher=(view has effective visibility <VISIBLE> and view.getGlobalVisibleRect() covers at least <75> percent of the view's area)}' assertion on view (view.getTag() is "feature-hint-overlay-dismiss" and view has effective visibility <VISIBLE>)
11-23 21:04:46.189 12636 12680 I DetoxActionHandlers: Test exception
11-23 21:04:46.189 12636 12680 I DetoxActionHandlers: java.lang.reflect.InvocationTargetException
11-23 21:04:46.189 12636 12680 I DetoxActionHandlers: 	at java.lang.reflect.Method.invoke(Native Method)
11-23 21:04:46.189 12636 12680 I DetoxActionHandlers: 	at org.apache.commons.lang3.reflect.MethodUtils.invokeStaticMethod(MethodUtils.java:443)
11-23 21:04:46.189 12636 12680 I DetoxActionHandlers: 	at org.apache.commons.lang3.reflect.MethodUtils.invokeStaticMethod(MethodUtils.java:405)
11-23 21:04:46.189 12636 12680 I DetoxActionHandlers: 	at com.wix.invoke.types.ClassTarget.execute(ClassTarget.java:23)
11-23 21:04:46.189 12636 12680 I DetoxActionHandlers: 	at com.wix.invoke.types.Target.invoke(Target.java:59)
11-23 21:04:46.189 12636 12680 I DetoxActionHandlers: 	at com.wix.invoke.MethodInvocation.invoke(MethodInvocation.java:35)
11-23 21:04:46.189 12636 12680 I DetoxActionHandlers: 	at com.wix.invoke.MethodInvocation.invoke(MethodInvocation.java:26)
11-23 21:04:46.189 12636 12680 I DetoxActionHandlers: 	at com.wix.invoke.MethodInvocation.invoke(MethodInvocation.java:20)
11-23 21:04:46.189 12636 12680 I DetoxActionHandlers: 	at com.wix.detox.adapters.server.InvokeActionHandler.handle(DetoxActionHandlers.kt:54)
11-23 21:04:46.189 12636 12680 I DetoxActionHandlers: 	at com.wix.detox.adapters.server.ActionsExecutor.executeAction$lambda$2$lambda$1(DetoxActionsDispatcher.kt:76)
11-23 21:04:46.189 12636 12680 I DetoxActionHandlers: 	at com.wix.detox.adapters.server.ActionsExecutor.$r8$lambda$GVbB7LHtBHxNHGbgYnHJ6YrwCqs(Unknown Source:0)
11-23 21:04:46.189 12636 12680 I DetoxActionHandlers: 	at com.wix.detox.adapters.server.ActionsExecutor$$ExternalSyntheticLambda0.run(D8$$SyntheticClass:0)
11-23 21:04:46.189 12636 12680 I DetoxActionHandlers: 	at android.os.Handler.handleCallback(Handler.java:995)
11-23 21:04:46.189 12636 12680 I DetoxActionHandlers: 	at android.os.Handler.dispatchMessage(Handler.java:103)
11-23 21:04:46.189 12636 12680 I DetoxActionHandlers: 	at android.os.Looper.loopOnce(Looper.java:273)
11-23 21:04:46.189 12636 12680 I DetoxActionHandlers: 	at android.os.Looper.loop(Looper.java:363)
11-23 21:04:46.189 12636 12680 I DetoxActionHandlers: 	at com.wix.detox.adapters.server.ActionsExecutor._init_$lambda$0(DetoxActionsDispatcher.kt:62)
11-23 21:04:46.189 12636 12680 I DetoxActionHandlers: 	at com.wix.detox.adapters.server.ActionsExecutor.$r8$lambda$xlgL0CQim6vNM0wWEqM8JIDgZUE(Unknown Source:0)
11-23 21:04:46.189 12636 12680 I DetoxActionHandlers: 	at com.wix.detox.adapters.server.ActionsExecutor$$ExternalSyntheticLambda1.run(D8$$SyntheticClass:0)
11-23 21:04:46.189 12636 12680 I DetoxActionHandlers: 	at java.lang.Thread.run(Thread.java:1119)
11-23 21:04:46.189 12636 12680 I DetoxActionHandlers: Caused by: com.wix.detox.common.DetoxErrors$DetoxRuntimeException: 3.0sec timeout expired without matching of given matcher: (view has effective visibility <VISIBLE> and view.getGlobalVisibleRect() covers at least <75> percent of the view's area)
11-23 21:04:46.189 12636 12680 I DetoxActionHandlers: 	at com.wix.detox.espresso.DetoxAssertion.waitForAssertMatcher(DetoxAssertion.java:72)
11-23 21:04:46.189 12636 12680 I DetoxActionHandlers: 	... 20 more
11-23 21:04:46.190 12636 12680 I DetoxWSClient: Sending out action 'testFailed' (ID #71)
11-23 21:04:46.190 12636 12680 I DetoxDispatcher: Done with action 'invoke'
11-23 21:04:46.194 12636 12684 D DetoxWSClient: Received action 'invoke' (ID #72, params={"target":{"type":"Class","value":"com.wix.detox.espresso.EspressoDetox"},"method":"perform","args":[{"type":"Invocation","value":{"target":{"type":"Class","value":"com.wix.detox.espresso.DetoxMatcher"},"method":"matcherForTestId","args":["tab-pantry",{"type":"boolean","value":false}]}},{"type":"Invocation","value":{"target":{"type":"Class","value":"com.wix.detox.espresso.DetoxViewActions"},"method":"click","args":[]}}]})
11-23 21:04:46.195 12636 12680 I DetoxDispatcher: Handling action 'invoke' (ID #72)...
11-23 21:04:46.195 12636 12680 D Detox   : class com.wix.detox.espresso.DetoxMatcher, matcherForTestId, [tab-pantry, false]
11-23 21:04:46.196 12636 12680 D Detox   : class com.wix.detox.espresso.DetoxViewActions, click, []
11-23 21:04:46.197 12636 12680 D Detox   : class com.wix.detox.espresso.EspressoDetox, perform, [(view.getTag() is "tab-pantry" and view has effective visibility <VISIBLE>), com.wix.detox.espresso.action.RNClickAction@ffdce5a]
11-23 21:04:46.210 12636 12680 I DetoxActionHandlers: Test exception
11-23 21:04:46.210 12636 12680 I DetoxActionHandlers: java.lang.reflect.InvocationTargetException
11-23 21:04:46.210 12636 12680 I DetoxActionHandlers: 	at java.lang.reflect.Method.invoke(Native Method)
11-23 21:04:46.210 12636 12680 I DetoxActionHandlers: 	at org.apache.commons.lang3.reflect.MethodUtils.invokeStaticMethod(MethodUtils.java:443)
11-23 21:04:46.210 12636 12680 I DetoxActionHandlers: 	at org.apache.commons.lang3.reflect.MethodUtils.invokeStaticMethod(MethodUtils.java:405)
11-23 21:04:46.210 12636 12680 I DetoxActionHandlers: 	at com.wix.invoke.types.ClassTarget.execute(ClassTarget.java:23)
11-23 21:04:46.210 12636 12680 I DetoxActionHandlers: 	at com.wix.invoke.types.Target.invoke(Target.java:59)
11-23 21:04:46.210 12636 12680 I DetoxActionHandlers: 	at com.wix.invoke.MethodInvocation.invoke(MethodInvocation.java:35)
11-23 21:04:46.210 12636 12680 I DetoxActionHandlers: 	at com.wix.invoke.MethodInvocation.invoke(MethodInvocation.java:26)
11-23 21:04:46.210 12636 12680 I DetoxActionHandlers: 	at com.wix.invoke.MethodInvocation.invoke(MethodInvocation.java:20)
11-23 21:04:46.210 12636 12680 I DetoxActionHandlers: 	at com.wix.detox.adapters.server.InvokeActionHandler.handle(DetoxActionHandlers.kt:54)
11-23 21:04:46.210 12636 12680 I DetoxActionHandlers: 	at com.wix.detox.adapters.server.ActionsExecutor.executeAction$lambda$2$lambda$1(DetoxActionsDispatcher.kt:76)
11-23 21:04:46.210 12636 12680 I DetoxActionHandlers: 	at com.wix.detox.adapters.server.ActionsExecutor.$r8$lambda$GVbB7LHtBHxNHGbgYnHJ6YrwCqs(Unknown Source:0)
11-23 21:04:46.210 12636 12680 I DetoxActionHandlers: 	at com.wix.detox.adapters.server.ActionsExecutor$$ExternalSyntheticLambda0.run(D8$$SyntheticClass:0)
11-23 21:04:46.210 12636 12680 I DetoxActionHandlers: 	at android.os.Handler.handleCallback(Handler.java:995)
11-23 21:04:46.210 12636 12680 I DetoxActionHandlers: 	at android.os.Handler.dispatchMessage(Handler.java:103)
11-23 21:04:46.210 12636 12680 I DetoxActionHandlers: 	at android.os.Looper.loopOnce(Looper.java:273)
11-23 21:04:46.210 12636 12680 I DetoxActionHandlers: 	at android.os.Looper.loop(Looper.java:363)
11-23 21:04:46.210 12636 12680 I DetoxActionHandlers: 	at com.wix.detox.adapters.server.ActionsExecutor._init_$lambda$0(DetoxActionsDispatcher.kt:62)
11-23 21:04:46.210 12636 12680 I DetoxActionHandlers: 	at com.wix.detox.adapters.server.ActionsExecutor.$r8$lambda$xlgL0CQim6vNM0wWEqM8JIDgZUE(Unknown Source:0)
11-23 21:04:46.210 12636 12680 I DetoxActionHandlers: 	at com.wix.detox.adapters.server.ActionsExecutor$$ExternalSyntheticLambda1.run(D8$$SyntheticClass:0)
11-23 21:04:46.210 12636 12680 I DetoxActionHandlers: 	at java.lang.Thread.run(Thread.java:1119)
11-23 21:04:46.210 12636 12680 I DetoxActionHandlers: Caused by: com.wix.detox.espresso.errors.DetoxNoMatchingViewException: No views in hierarchy found matching: (view.getTag() is "tab-pantry" and view has effective visibility <VISIBLE>)
11-23 21:04:46.210 12636 12680 I DetoxActionHandlers: 	at com.wix.detox.espresso.DetoxFailureHandler.handle(DetoxFailureHandler.kt:26)
11-23 21:04:46.210 12636 12680 I DetoxActionHandlers: 	at androidx.test.espresso.ViewInteraction.waitForAndHandleInteractionResults(ViewInteraction.java:385)
11-23 21:04:46.210 12636 12680 I DetoxActionHandlers: 	at androidx.test.espresso.ViewInteraction.desugaredPerform(ViewInteraction.java:212)
11-23 21:04:46.210 12636 12680 I DetoxActionHandlers: 	at androidx.test.espresso.ViewInteraction.perform(ViewInteraction.java:140)
11-23 21:04:46.210 12636 12680 I DetoxActionHandlers: 	at com.wix.detox.espresso.performer.SingleViewActionPerformer.performOn(SingleViewActionPerformer.kt:15)
11-23 21:04:46.210 12636 12680 I DetoxActionHandlers: 	at com.wix.detox.espresso.EspressoDetox.perform(EspressoDetox.java:42)
11-23 21:04:46.210 12636 12680 I DetoxActionHandlers: 	... 20 more
11-23 21:04:46.211 12636 12680 I DetoxWSClient: Sending out action 'testFailed' (ID #72)
11-23 21:04:46.211 12636 12680 I DetoxDispatcher: Done with action 'invoke'
11-23 21:04:46.211 12636 12636 W [RNScreens]: backTitleVisible prop is not available on Android
11-23 21:04:46.211 12636 12636 W [RNScreens]: backTitleFontFamily prop is not available on Android
11-23 21:04:46.211 12636 12636 W [RNScreens]: disableBackButtonMenu prop is not available on Android
11-23 21:04:46.211 12636 12636 W [RNScreens]: largeTitleFontFamily prop is not available on Android
11-23 21:04:46.211 12636 12636 W [RNScreens]: topInsetEnabled prop is not available on Android
11-23 21:04:46.211 12636 12636 W [RNScreens]: largeTitleFontWeight prop is not available on Android
11-23 21:04:46.212 12636 12636 W [RNScreens]: largeTitleHideShadow prop is not available on Android
11-23 21:04:46.215 12636 12684 D DetoxWSClient: Received action 'invoke' (ID #73, params={"target":{"type":"Class","value":"com.wix.detox.espresso.DetoxAssertion"},"method":"waitForAssertMatcher","args":[{"type":"Invocation","value":{"target":{"type":"Class","value":"androidx.test.espresso.Espresso"},"method":"onView","args":[{"type":"Invocation","value":{"target":{"type":"Class","value":"com.wix.detox.espresso.DetoxMatcher"},"method":"matcherForTestId","args":["pantry-screen",{"type":"boolean","value":false}]}}]}},{"type":"Invocation","value":{"target":{"type":"Class","value":"com.wix.detox.espresso.DetoxMatcher"},"method":"matcherForSufficientlyVisible","args":[{"type":"Integer","value":75}]}},{"type":"Double","value":5}]})
11-23 21:04:46.215 12636 12680 I DetoxDispatcher: Handling action 'invoke' (ID #73)...
11-23 21:04:46.216 12636 12680 D Detox   : class com.wix.detox.espresso.DetoxMatcher, matcherForTestId, [pantry-screen, false]
11-23 21:04:46.217 12636 12680 D Detox   : class androidx.test.espresso.Espresso, onView, [(view.getTag() is "pantry-screen" and view has effective visibility <VISIBLE>)]
11-23 21:04:46.218 12636 12680 D Detox   : class com.wix.detox.espresso.DetoxMatcher, matcherForSufficientlyVisible, [75]
11-23 21:04:46.218 12636 12680 D Detox   : class com.wix.detox.espresso.DetoxAssertion, waitForAssertMatcher, [androidx.test.espresso.ViewInteraction@ed6651a, (view has effective visibility <VISIBLE> and view.getGlobalVisibleRect() covers at least <75> percent of the view's area), 5.0]
11-23 21:04:46.224 12636 12636 I ViewInteraction: Checking 'MatchesViewAssertion(Detox){viewMatcher=(view has effective visibility <VISIBLE> and view.getGlobalVisibleRect() covers at least <75> percent of the view's area)}' assertion on view (view.getTag() is "pantry-screen" and view has effective visibility <VISIBLE>)
11-23 21:04:46.258 12636 12636 W [RNScreens]: backTitleVisible prop is not available on Android
11-23 21:04:46.258 12636 12636 W [RNScreens]: backTitleFontFamily prop is not available on Android
11-23 21:04:46.258 12636 12636 W [RNScreens]: disableBackButtonMenu prop is not available on Android
11-23 21:04:46.258 12636 12636 W [RNScreens]: largeTitleFontFamily prop is not available on Android
11-23 21:04:46.258 12636 12636 W [RNScreens]: topInsetEnabled prop is not available on Android
11-23 21:04:46.258 12636 12636 W [RNScreens]: largeTitleFontWeight prop is not available on Android
11-23 21:04:46.258 12636 12636 W [RNScreens]: largeTitleHideShadow prop is not available on Android
11-23 21:04:46.478 12636 12636 I ViewInteraction: Checking 'MatchesViewAssertion(Detox){viewMatcher=(view has effective visibility <VISIBLE> and view.getGlobalVisibleRect() covers at least <75> percent of the view's area)}' assertion on view (view.getTag() is "pantry-screen" and view has effective visibility <VISIBLE>)
11-23 21:04:46.485 12636 12680 I DetoxWSClient: Sending out action 'invokeResult' (ID #73)
11-23 21:04:46.485 12636 12680 I DetoxDispatcher: Done with action 'invoke'
11-23 21:04:46.495 12636 12684 D DetoxWSClient: Received action 'invoke' (ID #74, params={"target":{"type":"Class","value":"com.wix.detox.espresso.DetoxAssertion"},"method":"waitForAssertMatcher","args":[{"type":"Invocation","value":{"target":{"type":"Class","value":"androidx.test.espresso.Espresso"},"method":"onView","args":[{"type":"Invocation","value":{"target":{"type":"Class","value":"com.wix.detox.espresso.DetoxMatcher"},"method":"matcherForTestId","args":["tab-recipe",{"type":"boolean","value":false}]}}]}},{"type":"Invocation","value":{"target":{"type":"Class","value":"com.wix.detox.espresso.DetoxMatcher"},"method":"matcherForSufficientlyVisible","args":[{"type":"Integer","value":75}]}},{"type":"Double","value":5}]})
11-23 21:04:46.496 12636 12680 I DetoxDispatcher: Handling action 'invoke' (ID #74)...
11-23 21:04:46.498 12636 12680 D Detox   : class com.wix.detox.espresso.DetoxMatcher, matcherForTestId, [tab-recipe, false]
11-23 21:04:46.501 12636 12680 D Detox   : class androidx.test.espresso.Espresso, onView, [(view.getTag() is "tab-recipe" and view has effective visibility <VISIBLE>)]
11-23 21:04:46.506 12636 12680 D Detox   : class com.wix.detox.espresso.DetoxMatcher, matcherForSufficientlyVisible, [75]
11-23 21:04:46.507 12636 12680 D Detox   : class com.wix.detox.espresso.DetoxAssertion, waitForAssertMatcher, [androidx.test.espresso.ViewInteraction@2ff79d5, (view has effective visibility <VISIBLE> and view.getGlobalVisibleRect() covers at least <75> percent of the view's area), 5.0]
11-23 21:04:46.596 12636 12636 I ViewInteraction: Checking 'MatchesViewAssertion(Detox){viewMatcher=(view has effective visibility <VISIBLE> and view.getGlobalVisibleRect() covers at least <75> percent of the view's area)}' assertion on view (view.getTag() is "tab-recipe" and view has effective visibility <VISIBLE>)
11-23 21:04:46.601 12636 12680 I DetoxWSClient: Sending out action 'invokeResult' (ID #74)
11-23 21:04:46.602 12636 12680 I DetoxDispatcher: Done with action 'invoke'
11-23 21:04:46.607 12636 12684 D DetoxWSClient: Received action 'invoke' (ID #75, params={"target":{"type":"Class","value":"com.wix.detox.espresso.EspressoDetox"},"method":"perform","args":[{"type":"Invocation","value":{"target":{"type":"Class","value":"com.wix.detox.espresso.DetoxMatcher"},"method":"matcherForTestId","args":["tab-recipe",{"type":"boolean","value":false}]}},{"type":"Invocation","value":{"target":{"type":"Class","value":"com.wix.detox.espresso.DetoxViewActions"},"method":"click","args":[]}}]})
11-23 21:04:46.610 12636 12680 I DetoxDispatcher: Handling action 'invoke' (ID #75)...
11-23 21:04:46.612 12636 12680 D Detox   : class com.wix.detox.espresso.DetoxMatcher, matcherForTestId, [tab-recipe, false]
11-23 21:04:46.613 12636 12680 D Detox   : class com.wix.detox.espresso.DetoxViewActions, click, []
11-23 21:04:46.614 12636 12680 D Detox   : class com.wix.detox.espresso.EspressoDetox, perform, [(view.getTag() is "tab-recipe" and view has effective visibility <VISIBLE>), com.wix.detox.espresso.action.RNClickAction@b930db]
11-23 21:04:46.703 12636 12636 I ViewInteraction: Performing 'com.wix.detox.espresso.action.detoxsingletap@1eb778 click' action on view (view.getTag() is "tab-recipe" and view has effective visibility <VISIBLE>)
11-23 21:04:46.708 12636 13599 I ReactNativeJS: [ScreenTransition] PantryMain focused
11-23 21:04:46.712 12636 13599 I ReactNativeJS: [ScreenTransition] PantryMain mounted in 3.95ms
11-23 21:04:46.714 12636 12636 I VRI[MainActivity]@ecb0123: ViewPostIme pointer 0
11-23 21:04:46.722 12636 12636 I VRI[MainActivity]@ecb0123: call setFrameRateCategory for touch hint category=high hint, reason=touch, vri=VRI[MainActivity]@ecb0123
11-23 21:04:46.738 12636 12636 I VRI[MainActivity]@ecb0123: ViewPostIme pointer 1
11-23 21:04:46.925 12636 13599 I ReactNativeJS: [ScreenTransition] PantryMain interactive in 215.89ms
11-23 21:04:47.273 12636 12636 W [RNScreens]: backTitleVisible prop is not available on Android
11-23 21:04:47.273 12636 12636 W [RNScreens]: backTitleFontFamily prop is not available on Android
11-23 21:04:47.273 12636 12636 W [RNScreens]: disableBackButtonMenu prop is not available on Android
11-23 21:04:47.273 12636 12636 W [RNScreens]: largeTitleFontFamily prop is not available on Android
11-23 21:04:47.273 12636 12636 W [RNScreens]: topInsetEnabled prop is not available on Android
11-23 21:04:47.273 12636 12636 W [RNScreens]: largeTitleFontWeight prop is not available on Android
11-23 21:04:47.273 12636 12636 W [RNScreens]: largeTitleHideShadow prop is not available on Android
11-23 21:04:47.365 12636 12680 I DetoxWSClient: Sending out action 'invokeResult' (ID #75)
11-23 21:04:47.366 12636 12680 I DetoxDispatcher: Done with action 'invoke'
11-23 21:04:47.370 12636 12684 D DetoxWSClient: Received action 'invoke' (ID #76, params={"target":{"type":"Class","value":"com.wix.detox.espresso.DetoxAssertion"},"method":"waitForAssertMatcher","args":[{"type":"Invocation","value":{"target":{"type":"Class","value":"androidx.test.espresso.Espresso"},"method":"onView","args":[{"type":"Invocation","value":{"target":{"type":"Class","value":"com.wix.detox.espresso.DetoxMatcher"},"method":"matcherForTestId","args":["recipes-screen",{"type":"boolean","value":false}]}}]}},{"type":"Invocation","value":{"target":{"type":"Class","value":"com.wix.detox.espresso.DetoxMatcher"},"method":"matcherForSufficientlyVisible","args":[{"type":"Integer","value":75}]}},{"type":"Double","value":5}]})
11-23 21:04:47.370 12636 12680 I DetoxDispatcher: Handling action 'invoke' (ID #76)...
11-23 21:04:47.371 12636 12680 D Detox   : class com.wix.detox.espresso.DetoxMatcher, matcherForTestId, [recipes-screen, false]
11-23 21:04:47.372 12636 12680 D Detox   : class androidx.test.espresso.Espresso, onView, [(view.getTag() is "recipes-screen" and view has effective visibility <VISIBLE>)]
11-23 21:04:47.374 12636 12680 D Detox   : class com.wix.detox.espresso.DetoxMatcher, matcherForSufficientlyVisible, [75]
11-23 21:04:47.374 12636 12680 D Detox   : class com.wix.detox.espresso.DetoxAssertion, waitForAssertMatcher, [androidx.test.espresso.ViewInteraction@e3b904d, (view has effective visibility <VISIBLE> and view.getGlobalVisibleRect() covers at least <75> percent of the view's area), 5.0]
11-23 21:04:47.414 12636 12636 I ViewInteraction: Checking 'MatchesViewAssertion(Detox){viewMatcher=(view has effective visibility <VISIBLE> and view.getGlobalVisibleRect() covers at least <75> percent of the view's area)}' assertion on view (view.getTag() is "recipes-screen" and view has effective visibility <VISIBLE>)
11-23 21:04:47.478 12636 12636 I ViewInteraction: Checking 'MatchesViewAssertion(Detox){viewMatcher=(view has effective visibility <VISIBLE> and view.getGlobalVisibleRect() covers at least <75> percent of the view's area)}' assertion on view (view.getTag() is "recipes-screen" and view has effective visibility <VISIBLE>)
11-23 21:04:47.522 12636 12648 D InputTransport: Input channel destroyed: 'ClientS', fd=201
11-23 21:04:47.549 12636 12636 I ViewInteraction: Checking 'MatchesViewAssertion(Detox){viewMatcher=(view has effective visibility <VISIBLE> and view.getGlobalVisibleRect() covers at least <75> percent of the view's area)}' assertion on view (view.getTag() is "recipes-screen" and view has effective visibility <VISIBLE>)
11-23 21:04:47.609 12636 12636 I ViewInteraction: Checking 'MatchesViewAssertion(Detox){viewMatcher=(view has effective visibility <VISIBLE> and view.getGlobalVisibleRect() covers at least <75> percent of the view's area)}' assertion on view (view.getTag() is "recipes-screen" and view has effective visibility <VISIBLE>)
11-23 21:04:47.672 12636 12636 I ViewInteraction: Checking 'MatchesViewAssertion(Detox){viewMatcher=(view has effective visibility <VISIBLE> and view.getGlobalVisibleRect() covers at least <75> percent of the view's area)}' assertion on view (view.getTag() is "recipes-screen" and view has effective visibility <VISIBLE>)
11-23 21:04:47.736 12636 12636 I ViewInteraction: Checking 'MatchesViewAssertion(Detox){viewMatcher=(view has effective visibility <VISIBLE> and view.getGlobalVisibleRect() covers at least <75> percent of the view's area)}' assertion on view (view.getTag() is "recipes-screen" and view has effective visibility <VISIBLE>)
11-23 21:04:47.802 12636 12636 I ViewInteraction: Checking 'MatchesViewAssertion(Detox){viewMatcher=(view has effective visibility <VISIBLE> and view.getGlobalVisibleRect() covers at least <75> percent of the view's area)}' assertion on view (view.getTag() is "recipes-screen" and view has effective visibility <VISIBLE>)
11-23 21:04:47.936 12636 13599 I ReactNativeJS: '%c🚀 ⚠️ QUERY GetHomes 1045ms', 'color: #f59e0b; font-weight: bold'
11-23 21:04:48.005 12636 12636 I ViewInteraction: Checking 'MatchesViewAssertion(Detox){viewMatcher=(view has effective visibility <VISIBLE> and view.getGlobalVisibleRect() covers at least <75> percent of the view's area)}' assertion on view (view.getTag() is "recipes-screen" and view has effective visibility <VISIBLE>)
11-23 21:04:48.009 12636 12680 I DetoxWSClient: Sending out action 'invokeResult' (ID #76)
11-23 21:04:48.010 12636 12680 I DetoxDispatcher: Done with action 'invoke'
11-23 21:04:48.015 12636 12684 D DetoxWSClient: Received action 'invoke' (ID #77, params={"target":{"type":"Class","value":"com.wix.detox.espresso.DetoxAssertion"},"method":"waitForAssertMatcher","args":[{"type":"Invocation","value":{"target":{"type":"Class","value":"androidx.test.espresso.Espresso"},"method":"onView","args":[{"type":"Invocation","value":{"target":{"type":"Class","value":"com.wix.detox.espresso.DetoxMatcher"},"method":"matcherForTestId","args":["recipes-screen",{"type":"boolean","value":false}]}}]}},{"type":"Invocation","value":{"target":{"type":"Class","value":"com.wix.detox.espresso.DetoxMatcher"},"method":"matcherForSufficientlyVisible","args":[{"type":"Integer","value":75}]}},{"type":"Double","value":5}]})
11-23 21:04:48.015 12636 13599 I ReactNativeJS: '%c🚀 ⚠️ QUERY GetDefaultHome 1113ms', 'color: #f59e0b; font-weight: bold'
11-23 21:04:48.015 12636 12680 I DetoxDispatcher: Handling action 'invoke' (ID #77)...
11-23 21:04:48.016 12636 12680 D Detox   : class com.wix.detox.espresso.DetoxMatcher, matcherForTestId, [recipes-screen, false]
11-23 21:04:48.017 12636 12680 D Detox   : class androidx.test.espresso.Espresso, onView, [(view.getTag() is "recipes-screen" and view has effective visibility <VISIBLE>)]
11-23 21:04:48.018 12636 12680 D Detox   : class com.wix.detox.espresso.DetoxMatcher, matcherForSufficientlyVisible, [75]
11-23 21:04:48.019 12636 12680 D Detox   : class com.wix.detox.espresso.DetoxAssertion, waitForAssertMatcher, [androidx.test.espresso.ViewInteraction@1b015a2, (view has effective visibility <VISIBLE> and view.getGlobalVisibleRect() covers at least <75> percent of the view's area), 5.0]
11-23 21:04:48.021 12636 12636 I ViewInteraction: Checking 'MatchesViewAssertion(Detox){viewMatcher=(view has effective visibility <VISIBLE> and view.getGlobalVisibleRect() covers at least <75> percent of the view's area)}' assertion on view (view.getTag() is "recipes-screen" and view has effective visibility <VISIBLE>)
11-23 21:04:48.024 12636 12680 I DetoxWSClient: Sending out action 'invokeResult' (ID #77)
11-23 21:04:48.025 12636 12680 I DetoxDispatcher: Done with action 'invoke'
11-23 21:04:48.027 12636 12684 D DetoxWSClient: Received action 'invoke' (ID #78, params={"target":{"type":"Class","value":"com.wix.detox.espresso.DetoxAssertion"},"method":"waitForAssertMatcher","args":[{"type":"Invocation","value":{"target":{"type":"Class","value":"androidx.test.espresso.Espresso"},"method":"onView","args":[{"type":"Invocation","value":{"target":{"type":"Class","value":"com.wix.detox.espresso.DetoxMatcher"},"method":"matcherForTestId","args":["recipes-search-input",{"type":"boolean","value":false}]}}]}},{"type":"Invocation","value":{"target":{"type":"Class","value":"com.wix.detox.espresso.DetoxMatcher"},"method":"matcherForSufficientlyVisible","args":[{"type":"Integer","value":75}]}},{"type":"Double","value":5}]})
11-23 21:04:48.028 12636 12680 I DetoxDispatcher: Handling action 'invoke' (ID #78)...
11-23 21:04:48.028 12636 12680 D Detox   : class com.wix.detox.espresso.DetoxMatcher, matcherForTestId, [recipes-search-input, false]
11-23 21:04:48.029 12636 12680 D Detox   : class androidx.test.espresso.Espresso, onView, [(view.getTag() is "recipes-search-input" and view has effective visibility <VISIBLE>)]
11-23 21:04:48.030 12636 12680 D Detox   : class com.wix.detox.espresso.DetoxMatcher, matcherForSufficientlyVisible, [75]
11-23 21:04:48.031 12636 12680 D Detox   : class com.wix.detox.espresso.DetoxAssertion, waitForAssertMatcher, [androidx.test.espresso.ViewInteraction@bdcc233, (view has effective visibility <VISIBLE> and view.getGlobalVisibleRect() covers at least <75> percent of the view's area), 5.0]
11-23 21:04:48.079 12636 13599 I ReactNativeJS: '%c🚀 ⚠️ QUERY GetHomeBasic 1170ms', 'color: #f59e0b; font-weight: bold'
11-23 21:04:48.085 12636 12636 I ViewInteraction: Checking 'MatchesViewAssertion(Detox){viewMatcher=(view has effective visibility <VISIBLE> and view.getGlobalVisibleRect() covers at least <75> percent of the view's area)}' assertion on view (view.getTag() is "recipes-search-input" and view has effective visibility <VISIBLE>)
11-23 21:04:48.104 12636 13599 I ReactNativeJS: '   📤 Variables:', { homeId: '691f7d5e3c9c067fb5562608' }
11-23 21:04:48.118 12636 13599 I ReactNativeJS: '%c🚀 ⚠️ QUERY GetPantry 1204ms', 'color: #f59e0b; font-weight: bold'
11-23 21:04:48.119 12636 13599 I ReactNativeJS: '   📤 Variables:', { itemsFirst: 25,
11-23 21:04:48.119 12636 13599 I ReactNativeJS:   storageLocationsFirst: 50,
11-23 21:04:48.119 12636 13599 I ReactNativeJS:   id: '691f7d5e3c9c067fb556260b' }
11-23 21:04:48.199 12636 13599 I ReactNativeJS: 💾 Cache: Persisted cache (14 KB)
11-23 21:04:48.235 12636 13599 I ReactNativeJS: '%c🚀 ✅ QUERY MyRecipes 435ms', 'color: #22c55e; font-weight: bold'
11-23 21:04:48.235 12636 13599 I ReactNativeJS: '   📤 Variables:', { first: 25 }
11-23 21:04:48.240 12636 12636 I ViewInteraction: Checking 'MatchesViewAssertion(Detox){viewMatcher=(view has effective visibility <VISIBLE> and view.getGlobalVisibleRect() covers at least <75> percent of the view's area)}' assertion on view (view.getTag() is "recipes-search-input" and view has effective visibility <VISIBLE>)
11-23 21:04:48.309 12636 12636 I ViewInteraction: Checking 'MatchesViewAssertion(Detox){viewMatcher=(view has effective visibility <VISIBLE> and view.getGlobalVisibleRect() covers at least <75> percent of the view's area)}' assertion on view (view.getTag() is "recipes-search-input" and view has effective visibility <VISIBLE>)
11-23 21:04:48.375 12636 13599 D Detox.RNMarker: REACT_BRIDGELESS_LOADING_END (null)
11-23 21:04:48.387 12636 12636 I ViewInteraction: Checking 'MatchesViewAssertion(Detox){viewMatcher=(view has effective visibility <VISIBLE> and view.getGlobalVisibleRect() covers at least <75> percent of the view's area)}' assertion on view (view.getTag() is "recipes-search-input" and view has effective visibility <VISIBLE>)
11-23 21:04:48.442 12636 12636 I ViewInteraction: Checking 'MatchesViewAssertion(Detox){viewMatcher=(view has effective visibility <VISIBLE> and view.getGlobalVisibleRect() covers at least <75> percent of the view's area)}' assertion on view (view.getTag() is "recipes-search-input" and view has effective visibility <VISIBLE>)
11-23 21:04:48.590 12636 12636 I ViewInteraction: Checking 'MatchesViewAssertion(Detox){viewMatcher=(view has effective visibility <VISIBLE> and view.getGlobalVisibleRect() covers at least <75> percent of the view's area)}' assertion on view (view.getTag() is "recipes-search-input" and view has effective visibility <VISIBLE>)
11-23 21:04:48.823 12636 12636 I ViewInteraction: Checking 'MatchesViewAssertion(Detox){viewMatcher=(view has effective visibility <VISIBLE> and view.getGlobalVisibleRect() covers at least <75> percent of the view's area)}' assertion on view (view.getTag() is "recipes-search-input" and view has effective visibility <VISIBLE>)
11-23 21:04:48.906 12636 12636 I ViewInteraction: Checking 'MatchesViewAssertion(Detox){viewMatcher=(view has effective visibility <VISIBLE> and view.getGlobalVisibleRect() covers at least <75> percent of the view's area)}' assertion on view (view.getTag() is "recipes-search-input" and view has effective visibility <VISIBLE>)
11-23 21:04:49.023 12636 12636 I ViewInteraction: Checking 'MatchesViewAssertion(Detox){viewMatcher=(view has effective visibility <VISIBLE> and view.getGlobalVisibleRect() covers at least <75> percent of the view's area)}' assertion on view (view.getTag() is "recipes-search-input" and view has effective visibility <VISIBLE>)
11-23 21:04:49.122 12636 12636 I ViewInteraction: Checking 'MatchesViewAssertion(Detox){viewMatcher=(view has effective visibility <VISIBLE> and view.getGlobalVisibleRect() covers at least <75> percent of the view's area)}' assertion on view (view.getTag() is "recipes-search-input" and view has effective visibility <VISIBLE>)
11-23 21:04:49.231 12636 12636 I ViewInteraction: Checking 'MatchesViewAssertion(Detox){viewMatcher=(view has effective visibility <VISIBLE> and view.getGlobalVisibleRect() covers at least <75> percent of the view's area)}' assertion on view (view.getTag() is "recipes-search-input" and view has effective visibility <VISIBLE>)
11-23 21:04:49.342 12636 12636 I ViewInteraction: Checking 'MatchesViewAssertion(Detox){viewMatcher=(view has effective visibility <VISIBLE> and view.getGlobalVisibleRect() covers at least <75> percent of the view's area)}' assertion on view (view.getTag() is "recipes-search-input" and view has effective visibility <VISIBLE>)
11-23 21:04:49.447 12636 12647 I ev.souschef.app: Background concurrent mark compact GC freed 22MB AllocSpace bytes, 132(8464KB) LOS objects, 66% free, 14MB/44MB, paused 1.318ms,4.855ms total 109.596ms
11-23 21:04:49.631 12636 12636 I ViewInteraction: Checking 'MatchesViewAssertion(Detox){viewMatcher=(view has effective visibility <VISIBLE> and view.getGlobalVisibleRect() covers at least <75> percent of the view's area)}' assertion on view (view.getTag() is "recipes-search-input" and view has effective visibility <VISIBLE>)
11-23 21:04:49.731 12636 12636 I ViewInteraction: Checking 'MatchesViewAssertion(Detox){viewMatcher=(view has effective visibility <VISIBLE> and view.getGlobalVisibleRect() covers at least <75> percent of the view's area)}' assertion on view (view.getTag() is "recipes-search-input" and view has effective visibility <VISIBLE>)
11-23 21:04:49.751 12636 12636 I VRI[MainActivity]@ecb0123: call setFrameRateCategory for touch hint category=no preference, reason=boost timeout, vri=VRI[MainActivity]@ecb0123
11-23 21:04:49.923 12636 12636 I ViewInteraction: Checking 'MatchesViewAssertion(Detox){viewMatcher=(view has effective visibility <VISIBLE> and view.getGlobalVisibleRect() covers at least <75> percent of the view's area)}' assertion on view (view.getTag() is "recipes-search-input" and view has effective visibility <VISIBLE>)
11-23 21:04:50.014 12636 12636 I ViewInteraction: Checking 'MatchesViewAssertion(Detox){viewMatcher=(view has effective visibility <VISIBLE> and view.getGlobalVisibleRect() covers at least <75> percent of the view's area)}' assertion on view (view.getTag() is "recipes-search-input" and view has effective visibility <VISIBLE>)
11-23 21:04:50.054 12636 12636 I ViewInteraction: Checking 'MatchesViewAssertion(Detox){viewMatcher=(view has effective visibility <VISIBLE> and view.getGlobalVisibleRect() covers at least <75> percent of the view's area)}' assertion on view (view.getTag() is "recipes-search-input" and view has effective visibility <VISIBLE>)
11-23 21:04:50.098 12636 12636 I ViewInteraction: Checking 'MatchesViewAssertion(Detox){viewMatcher=(view has effective visibility <VISIBLE> and view.getGlobalVisibleRect() covers at least <75> percent of the view's area)}' assertion on view (view.getTag() is "recipes-search-input" and view has effective visibility <VISIBLE>)
11-23 21:04:50.143 12636 12636 I ViewInteraction: Checking 'MatchesViewAssertion(Detox){viewMatcher=(view has effective visibility <VISIBLE> and view.getGlobalVisibleRect() covers at least <75> percent of the view's area)}' assertion on view (view.getTag() is "recipes-search-input" and view has effective visibility <VISIBLE>)
11-23 21:04:50.190 12636 12636 I ViewInteraction: Checking 'MatchesViewAssertion(Detox){viewMatcher=(view has effective visibility <VISIBLE> and view.getGlobalVisibleRect() covers at least <75> percent of the view's area)}' assertion on view (view.getTag() is "recipes-search-input" and view has effective visibility <VISIBLE>)
11-23 21:04:50.237 12636 12636 I ViewInteraction: Checking 'MatchesViewAssertion(Detox){viewMatcher=(view has effective visibility <VISIBLE> and view.getGlobalVisibleRect() covers at least <75> percent of the view's area)}' assertion on view (view.getTag() is "recipes-search-input" and view has effective visibility <VISIBLE>)
11-23 21:04:50.280 12636 12636 I ViewInteraction: Checking 'MatchesViewAssertion(Detox){viewMatcher=(view has effective visibility <VISIBLE> and view.getGlobalVisibleRect() covers at least <75> percent of the view's area)}' assertion on view (view.getTag() is "recipes-search-input" and view has effective visibility <VISIBLE>)
11-23 21:04:50.291 12636 13599 I ReactNativeJS: 💾 Cache: Persisted cache (15 KB)
11-23 21:04:50.326 12636 12636 I ViewInteraction: Checking 'MatchesViewAssertion(Detox){viewMatcher=(view has effective visibility <VISIBLE> and view.getGlobalVisibleRect() covers at least <75> percent of the view's area)}' assertion on view (view.getTag() is "recipes-search-input" and view has effective visibility <VISIBLE>)
11-23 21:04:50.372 12636 12636 I ViewInteraction: Checking 'MatchesViewAssertion(Detox){viewMatcher=(view has effective visibility <VISIBLE> and view.getGlobalVisibleRect() covers at least <75> percent of the view's area)}' assertion on view (view.getTag() is "recipes-search-input" and view has effective visibility <VISIBLE>)
11-23 21:04:50.417 12636 12636 I ViewInteraction: Checking 'MatchesViewAssertion(Detox){viewMatcher=(view has effective visibility <VISIBLE> and view.getGlobalVisibleRect() covers at least <75> percent of the view's area)}' assertion on view (view.getTag() is "recipes-search-input" and view has effective visibility <VISIBLE>)
11-23 21:04:50.461 12636 12636 I ViewInteraction: Checking 'MatchesViewAssertion(Detox){viewMatcher=(view has effective visibility <VISIBLE> and view.getGlobalVisibleRect() covers at least <75> percent of the view's area)}' assertion on view (view.getTag() is "recipes-search-input" and view has effective visibility <VISIBLE>)
11-23 21:04:50.504 12636 12636 I ViewInteraction: Checking 'MatchesViewAssertion(Detox){viewMatcher=(view has effective visibility <VISIBLE> and view.getGlobalVisibleRect() covers at least <75> percent of the view's area)}' assertion on view (view.getTag() is "recipes-search-input" and view has effective visibility <VISIBLE>)
11-23 21:04:50.551 12636 12636 I ViewInteraction: Checking 'MatchesViewAssertion(Detox){viewMatcher=(view has effective visibility <VISIBLE> and view.getGlobalVisibleRect() covers at least <75> percent of the view's area)}' assertion on view (view.getTag() is "recipes-search-input" and view has effective visibility <VISIBLE>)
11-23 21:04:50.594 12636 12636 I ViewInteraction: Checking 'MatchesViewAssertion(Detox){viewMatcher=(view has effective visibility <VISIBLE> and view.getGlobalVisibleRect() covers at least <75> percent of the view's area)}' assertion on view (view.getTag() is "recipes-search-input" and view has effective visibility <VISIBLE>)
11-23 21:04:50.640 12636 12636 I ViewInteraction: Checking 'MatchesViewAssertion(Detox){viewMatcher=(view has effective visibility <VISIBLE> and view.getGlobalVisibleRect() covers at least <75> percent of the view's area)}' assertion on view (view.getTag() is "recipes-search-input" and view has effective visibility <VISIBLE>)
11-23 21:04:50.687 12636 12636 I ViewInteraction: Checking 'MatchesViewAssertion(Detox){viewMatcher=(view has effective visibility <VISIBLE> and view.getGlobalVisibleRect() covers at least <75> percent of the view's area)}' assertion on view (view.getTag() is "recipes-search-input" and view has effective visibility <VISIBLE>)
11-23 21:04:50.731 12636 12636 I ViewInteraction: Checking 'MatchesViewAssertion(Detox){viewMatcher=(view has effective visibility <VISIBLE> and view.getGlobalVisibleRect() covers at least <75> percent of the view's area)}' assertion on view (view.getTag() is "recipes-search-input" and view has effective visibility <VISIBLE>)
11-23 21:04:50.778 12636 12636 I ViewInteraction: Checking 'MatchesViewAssertion(Detox){viewMatcher=(view has effective visibility <VISIBLE> and view.getGlobalVisibleRect() covers at least <75> percent of the view's area)}' assertion on view (view.getTag() is "recipes-search-input" and view has effective visibility <VISIBLE>)
11-23 21:04:50.823 12636 12636 I ViewInteraction: Checking 'MatchesViewAssertion(Detox){viewMatcher=(view has effective visibility <VISIBLE> and view.getGlobalVisibleRect() covers at least <75> percent of the view's area)}' assertion on view (view.getTag() is "recipes-search-input" and view has effective visibility <VISIBLE>)
11-23 21:04:50.866 12636 12636 I ViewInteraction: Checking 'MatchesViewAssertion(Detox){viewMatcher=(view has effective visibility <VISIBLE> and view.getGlobalVisibleRect() covers at least <75> percent of the view's area)}' assertion on view (view.getTag() is "recipes-search-input" and view has effective visibility <VISIBLE>)
11-23 21:04:50.911 12636 12636 I ViewInteraction: Checking 'MatchesViewAssertion(Detox){viewMatcher=(view has effective visibility <VISIBLE> and view.getGlobalVisibleRect() covers at least <75> percent of the view's area)}' assertion on view (view.getTag() is "recipes-search-input" and view has effective visibility <VISIBLE>)
11-23 21:04:50.956 12636 12636 I ViewInteraction: Checking 'MatchesViewAssertion(Detox){viewMatcher=(view has effective visibility <VISIBLE> and view.getGlobalVisibleRect() covers at least <75> percent of the view's area)}' assertion on view (view.getTag() is "recipes-search-input" and view has effective visibility <VISIBLE>)
11-23 21:04:51.001 12636 12636 I ViewInteraction: Checking 'MatchesViewAssertion(Detox){viewMatcher=(view has effective visibility <VISIBLE> and view.getGlobalVisibleRect() covers at least <75> percent of the view's area)}' assertion on view (view.getTag() is "recipes-search-input" and view has effective visibility <VISIBLE>)
11-23 21:04:51.054 12636 12636 I ViewInteraction: Checking 'MatchesViewAssertion(Detox){viewMatcher=(view has effective visibility <VISIBLE> and view.getGlobalVisibleRect() covers at least <75> percent of the view's area)}' assertion on view (view.getTag() is "recipes-search-input" and view has effective visibility <VISIBLE>)
11-23 21:04:51.099 12636 12636 I ViewInteraction: Checking 'MatchesViewAssertion(Detox){viewMatcher=(view has effective visibility <VISIBLE> and view.getGlobalVisibleRect() covers at least <75> percent of the view's area)}' assertion on view (view.getTag() is "recipes-search-input" and view has effective visibility <VISIBLE>)
11-23 21:04:51.142 12636 12636 I ViewInteraction: Checking 'MatchesViewAssertion(Detox){viewMatcher=(view has effective visibility <VISIBLE> and view.getGlobalVisibleRect() covers at least <75> percent of the view's area)}' assertion on view (view.getTag() is "recipes-search-input" and view has effective visibility <VISIBLE>)
11-23 21:04:51.186 12636 12636 I ViewInteraction: Checking 'MatchesViewAssertion(Detox){viewMatcher=(view has effective visibility <VISIBLE> and view.getGlobalVisibleRect() covers at least <75> percent of the view's area)}' assertion on view (view.getTag() is "recipes-search-input" and view has effective visibility <VISIBLE>)
11-23 21:04:51.228 12636 12636 I ViewInteraction: Checking 'MatchesViewAssertion(Detox){viewMatcher=(view has effective visibility <VISIBLE> and view.getGlobalVisibleRect() covers at least <75> percent of the view's area)}' assertion on view (view.getTag() is "recipes-search-input" and view has effective visibility <VISIBLE>)
11-23 21:04:51.272 12636 12636 I ViewInteraction: Checking 'MatchesViewAssertion(Detox){viewMatcher=(view has effective visibility <VISIBLE> and view.getGlobalVisibleRect() covers at least <75> percent of the view's area)}' assertion on view (view.getTag() is "recipes-search-input" and view has effective visibility <VISIBLE>)
11-23 21:04:51.314 12636 12636 I ViewInteraction: Checking 'MatchesViewAssertion(Detox){viewMatcher=(view has effective visibility <VISIBLE> and view.getGlobalVisibleRect() covers at least <75> percent of the view's area)}' assertion on view (view.getTag() is "recipes-search-input" and view has effective visibility <VISIBLE>)
11-23 21:04:51.359 12636 12636 I ViewInteraction: Checking 'MatchesViewAssertion(Detox){viewMatcher=(view has effective visibility <VISIBLE> and view.getGlobalVisibleRect() covers at least <75> percent of the view's area)}' assertion on view (view.getTag() is "recipes-search-input" and view has effective visibility <VISIBLE>)
11-23 21:04:51.403 12636 12636 I ViewInteraction: Checking 'MatchesViewAssertion(Detox){viewMatcher=(view has effective visibility <VISIBLE> and view.getGlobalVisibleRect() covers at least <75> percent of the view's area)}' assertion on view (view.getTag() is "recipes-search-input" and view has effective visibility <VISIBLE>)
11-23 21:04:51.448 12636 12636 I ViewInteraction: Checking 'MatchesViewAssertion(Detox){viewMatcher=(view has effective visibility <VISIBLE> and view.getGlobalVisibleRect() covers at least <75> percent of the view's area)}' assertion on view (view.getTag() is "recipes-search-input" and view has effective visibility <VISIBLE>)
11-23 21:04:51.494 12636 12636 I ViewInteraction: Checking 'MatchesViewAssertion(Detox){viewMatcher=(view has effective visibility <VISIBLE> and view.getGlobalVisibleRect() covers at least <75> percent of the view's area)}' assertion on view (view.getTag() is "recipes-search-input" and view has effective visibility <VISIBLE>)
11-23 21:04:51.541 12636 12636 I ViewInteraction: Checking 'MatchesViewAssertion(Detox){viewMatcher=(view has effective visibility <VISIBLE> and view.getGlobalVisibleRect() covers at least <75> percent of the view's area)}' assertion on view (view.getTag() is "recipes-search-input" and view has effective visibility <VISIBLE>)
11-23 21:04:51.584 12636 12636 I ViewInteraction: Checking 'MatchesViewAssertion(Detox){viewMatcher=(view has effective visibility <VISIBLE> and view.getGlobalVisibleRect() covers at least <75> percent of the view's area)}' assertion on view (view.getTag() is "recipes-search-input" and view has effective visibility <VISIBLE>)
11-23 21:04:51.629 12636 12636 I ViewInteraction: Checking 'MatchesViewAssertion(Detox){viewMatcher=(view has effective visibility <VISIBLE> and view.getGlobalVisibleRect() covers at least <75> percent of the view's area)}' assertion on view (view.getTag() is "recipes-search-input" and view has effective visibility <VISIBLE>)
11-23 21:04:51.672 12636 12636 I ViewInteraction: Checking 'MatchesViewAssertion(Detox){viewMatcher=(view has effective visibility <VISIBLE> and view.getGlobalVisibleRect() covers at least <75> percent of the view's area)}' assertion on view (view.getTag() is "recipes-search-input" and view has effective visibility <VISIBLE>)
11-23 21:04:51.717 12636 12636 I ViewInteraction: Checking 'MatchesViewAssertion(Detox){viewMatcher=(view has effective visibility <VISIBLE> and view.getGlobalVisibleRect() covers at least <75> percent of the view's area)}' assertion on view (view.getTag() is "recipes-search-input" and view has effective visibility <VISIBLE>)
11-23 21:04:51.760 12636 12636 I ViewInteraction: Checking 'MatchesViewAssertion(Detox){viewMatcher=(view has effective visibility <VISIBLE> and view.getGlobalVisibleRect() covers at least <75> percent of the view's area)}' assertion on view (view.getTag() is "recipes-search-input" and view has effective visibility <VISIBLE>)
11-23 21:04:51.806 12636 12636 I ViewInteraction: Checking 'MatchesViewAssertion(Detox){viewMatcher=(view has effective visibility <VISIBLE> and view.getGlobalVisibleRect() covers at least <75> percent of the view's area)}' assertion on view (view.getTag() is "recipes-search-input" and view has effective visibility <VISIBLE>)
11-23 21:04:51.851 12636 12636 I ViewInteraction: Checking 'MatchesViewAssertion(Detox){viewMatcher=(view has effective visibility <VISIBLE> and view.getGlobalVisibleRect() covers at least <75> percent of the view's area)}' assertion on view (view.getTag() is "recipes-search-input" and view has effective visibility <VISIBLE>)
11-23 21:04:51.896 12636 12636 I ViewInteraction: Checking 'MatchesViewAssertion(Detox){viewMatcher=(view has effective visibility <VISIBLE> and view.getGlobalVisibleRect() covers at least <75> percent of the view's area)}' assertion on view (view.getTag() is "recipes-search-input" and view has effective visibility <VISIBLE>)
11-23 21:04:51.939 12636 12636 I ViewInteraction: Checking 'MatchesViewAssertion(Detox){viewMatcher=(view has effective visibility <VISIBLE> and view.getGlobalVisibleRect() covers at least <75> percent of the view's area)}' assertion on view (view.getTag() is "recipes-search-input" and view has effective visibility <VISIBLE>)
11-23 21:04:51.984 12636 12636 I ViewInteraction: Checking 'MatchesViewAssertion(Detox){viewMatcher=(view has effective visibility <VISIBLE> and view.getGlobalVisibleRect() covers at least <75> percent of the view's area)}' assertion on view (view.getTag() is "recipes-search-input" and view has effective visibility <VISIBLE>)
11-23 21:04:52.029 12636 12636 I ViewInteraction: Checking 'MatchesViewAssertion(Detox){viewMatcher=(view has effective visibility <VISIBLE> and view.getGlobalVisibleRect() covers at least <75> percent of the view's area)}' assertion on view (view.getTag() is "recipes-search-input" and view has effective visibility <VISIBLE>)
11-23 21:04:52.074 12636 12636 I ViewInteraction: Checking 'MatchesViewAssertion(Detox){viewMatcher=(view has effective visibility <VISIBLE> and view.getGlobalVisibleRect() covers at least <75> percent of the view's area)}' assertion on view (view.getTag() is "recipes-search-input" and view has effective visibility <VISIBLE>)
11-23 21:04:52.117 12636 12636 I ViewInteraction: Checking 'MatchesViewAssertion(Detox){viewMatcher=(view has effective visibility <VISIBLE> and view.getGlobalVisibleRect() covers at least <75> percent of the view's area)}' assertion on view (view.getTag() is "recipes-search-input" and view has effective visibility <VISIBLE>)
11-23 21:04:52.160 12636 12636 I ViewInteraction: Checking 'MatchesViewAssertion(Detox){viewMatcher=(view has effective visibility <VISIBLE> and view.getGlobalVisibleRect() covers at least <75> percent of the view's area)}' assertion on view (view.getTag() is "recipes-search-input" and view has effective visibility <VISIBLE>)
11-23 21:04:52.204 12636 12636 I ViewInteraction: Checking 'MatchesViewAssertion(Detox){viewMatcher=(view has effective visibility <VISIBLE> and view.getGlobalVisibleRect() covers at least <75> percent of the view's area)}' assertion on view (view.getTag() is "recipes-search-input" and view has effective visibility <VISIBLE>)
11-23 21:04:52.246 12636 12636 I ViewInteraction: Checking 'MatchesViewAssertion(Detox){viewMatcher=(view has effective visibility <VISIBLE> and view.getGlobalVisibleRect() covers at least <75> percent of the view's area)}' assertion on view (view.getTag() is "recipes-search-input" and view has effective visibility <VISIBLE>)
11-23 21:04:52.298 12636 12636 I ViewInteraction: Checking 'MatchesViewAssertion(Detox){viewMatcher=(view has effective visibility <VISIBLE> and view.getGlobalVisibleRect() covers at least <75> percent of the view's area)}' assertion on view (view.getTag() is "recipes-search-input" and view has effective visibility <VISIBLE>)
11-23 21:04:52.301 12636 12647 I ev.souschef.app: Background concurrent mark compact GC freed 22MB AllocSpace bytes, 195(9016KB) LOS objects, 66% free, 15MB/47MB, paused 1.051ms,4.582ms total 102.729ms
11-23 21:04:52.343 12636 12636 I ViewInteraction: Checking 'MatchesViewAssertion(Detox){viewMatcher=(view has effective visibility <VISIBLE> and view.getGlobalVisibleRect() covers at least <75> percent of the view's area)}' assertion on view (view.getTag() is "recipes-search-input" and view has effective visibility <VISIBLE>)
11-23 21:04:52.387 12636 12636 I ViewInteraction: Checking 'MatchesViewAssertion(Detox){viewMatcher=(view has effective visibility <VISIBLE> and view.getGlobalVisibleRect() covers at least <75> percent of the view's area)}' assertion on view (view.getTag() is "recipes-search-input" and view has effective visibility <VISIBLE>)
11-23 21:04:52.433 12636 12636 I ViewInteraction: Checking 'MatchesViewAssertion(Detox){viewMatcher=(view has effective visibility <VISIBLE> and view.getGlobalVisibleRect() covers at least <75> percent of the view's area)}' assertion on view (view.getTag() is "recipes-search-input" and view has effective visibility <VISIBLE>)
11-23 21:04:52.477 12636 12636 I ViewInteraction: Checking 'MatchesViewAssertion(Detox){viewMatcher=(view has effective visibility <VISIBLE> and view.getGlobalVisibleRect() covers at least <75> percent of the view's area)}' assertion on view (view.getTag() is "recipes-search-input" and view has effective visibility <VISIBLE>)
11-23 21:04:52.524 12636 12636 I ViewInteraction: Checking 'MatchesViewAssertion(Detox){viewMatcher=(view has effective visibility <VISIBLE> and view.getGlobalVisibleRect() covers at least <75> percent of the view's area)}' assertion on view (view.getTag() is "recipes-search-input" and view has effective visibility <VISIBLE>)
11-23 21:04:52.566 12636 12636 I ViewInteraction: Checking 'MatchesViewAssertion(Detox){viewMatcher=(view has effective visibility <VISIBLE> and view.getGlobalVisibleRect() covers at least <75> percent of the view's area)}' assertion on view (view.getTag() is "recipes-search-input" and view has effective visibility <VISIBLE>)
11-23 21:04:52.609 12636 12636 I ViewInteraction: Checking 'MatchesViewAssertion(Detox){viewMatcher=(view has effective visibility <VISIBLE> and view.getGlobalVisibleRect() covers at least <75> percent of the view's area)}' assertion on view (view.getTag() is "recipes-search-input" and view has effective visibility <VISIBLE>)
11-23 21:04:52.651 12636 12636 I ViewInteraction: Checking 'MatchesViewAssertion(Detox){viewMatcher=(view has effective visibility <VISIBLE> and view.getGlobalVisibleRect() covers at least <75> percent of the view's area)}' assertion on view (view.getTag() is "recipes-search-input" and view has effective visibility <VISIBLE>)
11-23 21:04:52.696 12636 12636 I ViewInteraction: Checking 'MatchesViewAssertion(Detox){viewMatcher=(view has effective visibility <VISIBLE> and view.getGlobalVisibleRect() covers at least <75> percent of the view's area)}' assertion on view (view.getTag() is "recipes-search-input" and view has effective visibility <VISIBLE>)
11-23 21:04:52.737 12636 12636 I ViewInteraction: Checking 'MatchesViewAssertion(Detox){viewMatcher=(view has effective visibility <VISIBLE> and view.getGlobalVisibleRect() covers at least <75> percent of the view's area)}' assertion on view (view.getTag() is "recipes-search-input" and view has effective visibility <VISIBLE>)
11-23 21:04:52.781 12636 12636 I ViewInteraction: Checking 'MatchesViewAssertion(Detox){viewMatcher=(view has effective visibility <VISIBLE> and view.getGlobalVisibleRect() covers at least <75> percent of the view's area)}' assertion on view (view.getTag() is "recipes-search-input" and view has effective visibility <VISIBLE>)
11-23 21:04:52.825 12636 12636 I ViewInteraction: Checking 'MatchesViewAssertion(Detox){viewMatcher=(view has effective visibility <VISIBLE> and view.getGlobalVisibleRect() covers at least <75> percent of the view's area)}' assertion on view (view.getTag() is "recipes-search-input" and view has effective visibility <VISIBLE>)
11-23 21:04:52.871 12636 12636 I ViewInteraction: Checking 'MatchesViewAssertion(Detox){viewMatcher=(view has effective visibility <VISIBLE> and view.getGlobalVisibleRect() covers at least <75> percent of the view's area)}' assertion on view (view.getTag() is "recipes-search-input" and view has effective visibility <VISIBLE>)
11-23 21:04:52.916 12636 12636 I ViewInteraction: Checking 'MatchesViewAssertion(Detox){viewMatcher=(view has effective visibility <VISIBLE> and view.getGlobalVisibleRect() covers at least <75> percent of the view's area)}' assertion on view (view.getTag() is "recipes-search-input" and view has effective visibility <VISIBLE>)
11-23 21:04:52.960 12636 12636 I ViewInteraction: Checking 'MatchesViewAssertion(Detox){viewMatcher=(view has effective visibility <VISIBLE> and view.getGlobalVisibleRect() covers at least <75> percent of the view's area)}' assertion on view (view.getTag() is "recipes-search-input" and view has effective visibility <VISIBLE>)
11-23 21:04:53.006 12636 12636 I ViewInteraction: Checking 'MatchesViewAssertion(Detox){viewMatcher=(view has effective visibility <VISIBLE> and view.getGlobalVisibleRect() covers at least <75> percent of the view's area)}' assertion on view (view.getTag() is "recipes-search-input" and view has effective visibility <VISIBLE>)
11-23 21:04:53.051 12636 12636 I ViewInteraction: Checking 'MatchesViewAssertion(Detox){viewMatcher=(view has effective visibility <VISIBLE> and view.getGlobalVisibleRect() covers at least <75> percent of the view's area)}' assertion on view (view.getTag() is "recipes-search-input" and view has effective visibility <VISIBLE>)
11-23 21:04:53.077 12636 12680 I DetoxActionHandlers: Test exception
11-23 21:04:53.077 12636 12680 I DetoxActionHandlers: java.lang.reflect.InvocationTargetException
11-23 21:04:53.077 12636 12680 I DetoxActionHandlers: 	at java.lang.reflect.Method.invoke(Native Method)
11-23 21:04:53.077 12636 12680 I DetoxActionHandlers: 	at org.apache.commons.lang3.reflect.MethodUtils.invokeStaticMethod(MethodUtils.java:443)
11-23 21:04:53.077 12636 12680 I DetoxActionHandlers: 	at org.apache.commons.lang3.reflect.MethodUtils.invokeStaticMethod(MethodUtils.java:405)
11-23 21:04:53.077 12636 12680 I DetoxActionHandlers: 	at com.wix.invoke.types.ClassTarget.execute(ClassTarget.java:23)
11-23 21:04:53.077 12636 12680 I DetoxActionHandlers: 	at com.wix.invoke.types.Target.invoke(Target.java:59)
11-23 21:04:53.077 12636 12680 I DetoxActionHandlers: 	at com.wix.invoke.MethodInvocation.invoke(MethodInvocation.java:35)
11-23 21:04:53.077 12636 12680 I DetoxActionHandlers: 	at com.wix.invoke.MethodInvocation.invoke(MethodInvocation.java:26)
11-23 21:04:53.077 12636 12680 I DetoxActionHandlers: 	at com.wix.invoke.MethodInvocation.invoke(MethodInvocation.java:20)
11-23 21:04:53.077 12636 12680 I DetoxActionHandlers: 	at com.wix.detox.adapters.server.InvokeActionHandler.handle(DetoxActionHandlers.kt:54)
11-23 21:04:53.077 12636 12680 I DetoxActionHandlers: 	at com.wix.detox.adapters.server.ActionsExecutor.executeAction$lambda$2$lambda$1(DetoxActionsDispatcher.kt:76)
11-23 21:04:53.0