--------- beginning of main
11-23 21:24:24.084 24620 24969 I ReactNativeJS: [ScreenTransition] PantryMain interactive in 199.55ms
11-23 21:24:24.403 24620 24659 I DetoxWSClient: Sending out action 'invokeResult' (ID #37)
11-23 21:24:24.404 24620 24659 I DetoxDispatcher: Done with action 'invoke'
11-23 21:24:24.408 24620 24664 D DetoxWSClient: Received action 'invoke' (ID #38, params={"target":{"type":"Class","value":"com.wix.detox.espresso.DetoxAssertion"},"method":"waitForAssertMatcher","args":[{"type":"Invocation","value":{"target":{"type":"Class","value":"androidx.test.espresso.Espresso"},"method":"onView","args":[{"type":"Invocation","value":{"target":{"type":"Class","value":"com.wix.detox.espresso.DetoxMatcher"},"method":"matcherForTestId","args":["pantry-screen",{"type":"boolean","value":false}]}}]}},{"type":"Invocation","value":{"target":{"type":"Class","value":"com.wix.detox.espresso.DetoxMatcher"},"method":"matcherForSufficientlyVisible","args":[{"type":"Integer","value":75}]}},{"type":"Double","value":5}]})
11-23 21:24:24.408 24620 24659 I DetoxDispatcher: Handling action 'invoke' (ID #38)...
11-23 21:24:24.409 24620 24659 D Detox   : class com.wix.detox.espresso.DetoxMatcher, matcherForTestId, [pantry-screen, false]
11-23 21:24:24.410 24620 24659 D Detox   : class androidx.test.espresso.Espresso, onView, [(view.getTag() is "pantry-screen" and view has effective visibility <VISIBLE>)]
11-23 21:24:24.412 24620 24659 D Detox   : class com.wix.detox.espresso.DetoxMatcher, matcherForSufficientlyVisible, [75]
11-23 21:24:24.413 24620 24659 D Detox   : class com.wix.detox.espresso.DetoxAssertion, waitForAssertMatcher, [androidx.test.espresso.ViewInteraction@c8950d2, (view has effective visibility <VISIBLE> and view.getGlobalVisibleRect() covers at least <75> percent of the view's area), 5.0]
11-23 21:24:24.417 24620 24620 I ViewInteraction: Checking 'MatchesViewAssertion(Detox){viewMatcher=(view has effective visibility <VISIBLE> and view.getGlobalVisibleRect() covers at least <75> percent of the view's area)}' assertion on view (view.getTag() is "pantry-screen" and view has effective visibility <VISIBLE>)
11-23 21:24:24.421 24620 24659 I DetoxWSClient: Sending out action 'invokeResult' (ID #38)
11-23 21:24:24.422 24620 24659 I DetoxDispatcher: Done with action 'invoke'
11-23 21:24:24.425 24620 24664 D DetoxWSClient: Received action 'invoke' (ID #39, params={"target":{"type":"Class","value":"com.wix.detox.espresso.DetoxAssertion"},"method":"waitForAssertMatcher","args":[{"type":"Invocation","value":{"target":{"type":"Class","value":"androidx.test.espresso.Espresso"},"method":"onView","args":[{"type":"Invocation","value":{"target":{"type":"Class","value":"com.wix.detox.espresso.DetoxMatcher"},"method":"matcherForTestId","args":["pantry-screen",{"type":"boolean","value":false}]}}]}},{"type":"Invocation","value":{"target":{"type":"Class","value":"com.wix.detox.espresso.DetoxMatcher"},"method":"matcherForSufficientlyVisible","args":[{"type":"Integer","value":75}]}},{"type":"Double","value":5}]})
11-23 21:24:24.425 24620 24659 I DetoxDispatcher: Handling action 'invoke' (ID #39)...
11-23 21:24:24.426 24620 24659 D Detox   : class com.wix.detox.espresso.DetoxMatcher, matcherForTestId, [pantry-screen, false]
11-23 21:24:24.427 24620 24659 D Detox   : class androidx.test.espresso.Espresso, onView, [(view.getTag() is "pantry-screen" and view has effective visibility <VISIBLE>)]
11-23 21:24:24.428 24620 24659 D Detox   : class com.wix.detox.espresso.DetoxMatcher, matcherForSufficientlyVisible, [75]
11-23 21:24:24.428 24620 24659 D Detox   : class com.wix.detox.espresso.DetoxAssertion, waitForAssertMatcher, [androidx.test.espresso.ViewInteraction@18395a3, (view has effective visibility <VISIBLE> and view.getGlobalVisibleRect() covers at least <75> percent of the view's area), 5.0]
11-23 21:24:24.431 24620 24620 I ViewInteraction: Checking 'MatchesViewAssertion(Detox){viewMatcher=(view has effective visibility <VISIBLE> and view.getGlobalVisibleRect() covers at least <75> percent of the view's area)}' assertion on view (view.getTag() is "pantry-screen" and view has effective visibility <VISIBLE>)
11-23 21:24:24.434 24620 24659 I DetoxWSClient: Sending out action 'invokeResult' (ID #39)
11-23 21:24:24.434 24620 24659 I DetoxDispatcher: Done with action 'invoke'
11-23 21:24:24.437 24620 24664 D DetoxWSClient: Received action 'invoke' (ID #40, params={"target":{"type":"Class","value":"com.wix.detox.espresso.DetoxAssertion"},"method":"assertMatcher","args":[{"type":"Invocation","value":{"target":{"type":"Class","value":"androidx.test.espresso.Espresso"},"method":"onView","args":[{"type":"Invocation","value":{"target":{"type":"Class","value":"com.wix.detox.espresso.DetoxMatcher"},"method":"matcherForTestId","args":["pantry-screen",{"type":"boolean","value":false}]}}]}},{"type":"Invocation","value":{"target":{"type":"Class","value":"com.wix.detox.espresso.DetoxMatcher"},"method":"matcherForSufficientlyVisible","args":[{"type":"Integer","value":75}]}}]})
11-23 21:24:24.438 24620 24659 I DetoxDispatcher: Handling action 'invoke' (ID #40)...
11-23 21:24:24.438 24620 24659 D Detox   : class com.wix.detox.espresso.DetoxMatcher, matcherForTestId, [pantry-screen, false]
11-23 21:24:24.439 24620 24659 D Detox   : class androidx.test.espresso.Espresso, onView, [(view.getTag() is "pantry-screen" and view has effective visibility <VISIBLE>)]
11-23 21:24:24.440 24620 24659 D Detox   : class com.wix.detox.espresso.DetoxMatcher, matcherForSufficientlyVisible, [75]
11-23 21:24:24.440 24620 24659 D Detox   : class com.wix.detox.espresso.DetoxAssertion, assertMatcher, [androidx.test.espresso.ViewInteraction@bb090a0, (view has effective visibility <VISIBLE> and view.getGlobalVisibleRect() covers at least <75> percent of the view's area)]
11-23 21:24:24.476 24620 24969 D Detox.RNMarker: REACT_BRIDGELESS_LOADING_END (null)
11-23 21:24:24.482 24620 24969 I ReactNativeJS: '%c🚀 ✅ QUERY GetDefaultHome 420ms', 'color: #22c55e; font-weight: bold'
11-23 21:24:24.742 24620 24620 I ViewInteraction: Checking 'MatchesViewAssertion(Detox){viewMatcher=(view has effective visibility <VISIBLE> and view.getGlobalVisibleRect() covers at least <75> percent of the view's area)}' assertion on view (view.getTag() is "pantry-screen" and view has effective visibility <VISIBLE>)
11-23 21:24:24.746 24620 24659 I DetoxWSClient: Sending out action 'invokeResult' (ID #40)
11-23 21:24:24.747 24620 24659 I DetoxDispatcher: Done with action 'invoke'
11-23 21:24:24.751 24620 24664 D DetoxWSClient: Received action 'invoke' (ID #41, params={"target":{"type":"Class","value":"com.wix.detox.espresso.DetoxAssertion"},"method":"waitForAssertMatcher","args":[{"type":"Invocation","value":{"target":{"type":"Class","value":"androidx.test.espresso.Espresso"},"method":"onView","args":[{"type":"Invocation","value":{"target":{"type":"Class","value":"com.wix.detox.espresso.DetoxMatcher"},"method":"matcherForTestId","args":["pantry-add-button",{"type":"boolean","value":false}]}}]}},{"type":"Invocation","value":{"target":{"type":"Class","value":"com.wix.detox.espresso.DetoxMatcher"},"method":"matcherForSufficientlyVisible","args":[{"type":"Integer","value":75}]}},{"type":"Double","value":5}]})
11-23 21:24:24.751 24620 24659 I DetoxDispatcher: Handling action 'invoke' (ID #41)...
11-23 21:24:24.752 24620 24659 D Detox   : class com.wix.detox.espresso.DetoxMatcher, matcherForTestId, [pantry-add-button, false]
11-23 21:24:24.753 24620 24659 D Detox   : class androidx.test.espresso.Espresso, onView, [(view.getTag() is "pantry-add-button" and view has effective visibility <VISIBLE>)]
11-23 21:24:24.754 24620 24659 D Detox   : class com.wix.detox.espresso.DetoxMatcher, matcherForSufficientlyVisible, [75]
11-23 21:24:24.754 24620 24659 D Detox   : class com.wix.detox.espresso.DetoxAssertion, waitForAssertMatcher, [androidx.test.espresso.ViewInteraction@19d8a2, (view has effective visibility <VISIBLE> and view.getGlobalVisibleRect() covers at least <75> percent of the view's area), 5.0]
11-23 21:24:24.759 24620 24620 I ViewInteraction: Checking 'MatchesViewAssertion(Detox){viewMatcher=(view has effective visibility <VISIBLE> and view.getGlobalVisibleRect() covers at least <75> percent of the view's area)}' assertion on view (view.getTag() is "pantry-add-button" and view has effective visibility <VISIBLE>)
11-23 21:24:24.762 24620 24659 I DetoxWSClient: Sending out action 'invokeResult' (ID #41)
11-23 21:24:24.763 24620 24659 I DetoxDispatcher: Done with action 'invoke'
11-23 21:24:24.767 24620 24664 D DetoxWSClient: Received action 'invoke' (ID #42, params={"target":{"type":"Class","value":"com.wix.detox.espresso.DetoxAssertion"},"method":"assertMatcher","args":[{"type":"Invocation","value":{"target":{"type":"Class","value":"androidx.test.espresso.Espresso"},"method":"onView","args":[{"type":"Invocation","value":{"target":{"type":"Class","value":"com.wix.detox.espresso.DetoxMatcher"},"method":"matcherForTestId","args":["pantry-add-button",{"type":"boolean","value":false}]}}]}},{"type":"Invocation","value":{"target":{"type":"Class","value":"com.wix.detox.espresso.DetoxMatcher"},"method":"matcherForSufficientlyVisible","args":[{"type":"Integer","value":75}]}}]})
11-23 21:24:24.767 24620 24659 I DetoxDispatcher: Handling action 'invoke' (ID #42)...
11-23 21:24:24.768 24620 24659 D Detox   : class com.wix.detox.espresso.DetoxMatcher, matcherForTestId, [pantry-add-button, false]
11-23 21:24:24.769 24620 24659 D Detox   : class androidx.test.espresso.Espresso, onView, [(view.getTag() is "pantry-add-button" and view has effective visibility <VISIBLE>)]
11-23 21:24:24.770 24620 24659 D Detox   : class com.wix.detox.espresso.DetoxMatcher, matcherForSufficientlyVisible, [75]
11-23 21:24:24.770 24620 24659 D Detox   : class com.wix.detox.espresso.DetoxAssertion, assertMatcher, [androidx.test.espresso.ViewInteraction@a4ec933, (view has effective visibility <VISIBLE> and view.getGlobalVisibleRect() covers at least <75> percent of the view's area)]
11-23 21:24:24.773 24620 24620 I ViewInteraction: Checking 'MatchesViewAssertion(Detox){viewMatcher=(view has effective visibility <VISIBLE> and view.getGlobalVisibleRect() covers at least <75> percent of the view's area)}' assertion on view (view.getTag() is "pantry-add-button" and view has effective visibility <VISIBLE>)
11-23 21:24:24.777 24620 24659 I DetoxWSClient: Sending out action 'invokeResult' (ID #42)
11-23 21:24:24.778 24620 24659 I DetoxDispatcher: Done with action 'invoke'
11-23 21:24:24.877 24620 24969 I ReactNativeJS: '%c🚀 ✅ QUERY GetHomes 825ms', 'color: #22c55e; font-weight: bold'
11-23 21:24:25.162 24620 24969 I ReactNativeJS: '%c🚀 ⚠️ QUERY GetHomeBasic 1092ms', 'color: #f59e0b; font-weight: bold'
11-23 21:24:25.201 24620 24969 I ReactNativeJS: '   📤 Variables:', { homeId: '691f7d5e3c9c067fb5562608' }
11-23 21:24:25.205 24620 24664 D DetoxWSClient: Received action 'reactNativeReload' (ID #-1000, params={})
11-23 21:24:25.210 24620 24659 I DetoxDispatcher: Handling action 'reactNativeReload' (ID #-1000)...
11-23 21:24:25.366 24620 24659 I DetoxRNExt: Reloading React Native
11-23 21:24:25.367 24620 24686 W unknown:BridgelessReact: ReactHost{0}.getOrCreateReloadTask()
11-23 21:24:25.367 24620 24686 W unknown:BridgelessReact: ReactHost{0}.raiseSoftException(getOrCreateReloadTask()): Detox
11-23 21:24:25.368 24620 24686 E unknown:ReactHost: Unhandled SoftException
11-23 21:24:25.368 24620 24686 E unknown:ReactHost: com.facebook.react.bridge.ReactNoCrashSoftException: raiseSoftException(getOrCreateReloadTask()): Detox
11-23 21:24:25.368 24620 24686 E unknown:ReactHost: 	at com.facebook.react.runtime.ReactHostImpl.raiseSoftException(ReactHostImpl.kt:826)
11-23 21:24:25.368 24620 24686 E unknown:ReactHost: 	at com.facebook.react.runtime.ReactHostImpl.raiseSoftException$default(ReactHostImpl.kt:817)
11-23 21:24:25.368 24620 24686 E unknown:ReactHost: 	at com.facebook.react.runtime.ReactHostImpl.getOrCreateReloadTask(ReactHostImpl.kt:1232)
11-23 21:24:25.368 24620 24686 E unknown:ReactHost: 	at com.facebook.react.runtime.ReactHostImpl.reload$lambda$8(ReactHostImpl.kt:391)
11-23 21:24:25.368 24620 24686 E unknown:ReactHost: 	at com.facebook.react.runtime.ReactHostImpl.$r8$lambda$ZKc-OxDGoIs_vTfeqAPiROVzaQc(Unknown Source:0)
11-23 21:24:25.368 24620 24686 E unknown:ReactHost: 	at com.facebook.react.runtime.ReactHostImpl$$ExternalSyntheticLambda22.call(D8$$SyntheticClass:0)
11-23 21:24:25.368 24620 24686 E unknown:ReactHost: 	at com.facebook.react.runtime.internal.bolts.Task$Companion.call$lambda$2(Task.kt:319)
11-23 21:24:25.368 24620 24686 E unknown:ReactHost: 	at com.facebook.react.runtime.internal.bolts.Task$Companion.$r8$lambda$MFqd_-X5KhHmu0hvNE2Bec_4mJM(Unknown Source:0)
11-23 21:24:25.368 24620 24686 E unknown:ReactHost: 	at com.facebook.react.runtime.internal.bolts.Task$Companion$$ExternalSyntheticLambda1.run(D8$$SyntheticClass:0)
11-23 21:24:25.368 24620 24686 E unknown:ReactHost: 	at java.util.concurrent.ThreadPoolExecutor.runWorker(ThreadPoolExecutor.java:1156)
11-23 21:24:25.368 24620 24686 E unknown:ReactHost: 	at java.util.concurrent.ThreadPoolExecutor$Worker.run(ThreadPoolExecutor.java:651)
11-23 21:24:25.368 24620 24686 E unknown:ReactHost: 	at java.lang.Thread.run(Thread.java:1119)
11-23 21:24:25.368 24620 24686 W unknown:BridgelessReact: ReactHost{0}.getOrCreateReloadTask(): Resetting createReactInstance task ref
11-23 21:24:25.373 24620 24620 W unknown:BridgelessReact: ReactHost{0}.getOrCreateReloadTask(): Starting React Native reload
11-23 21:24:25.374 24620 24620 W unknown:BridgelessReact: ReactHost{0}.getOrCreateReloadTask(): Calling ReactContext.onHostPause()
11-23 21:24:25.375 24620 24620 W unknown:BridgelessReact: ReactHost{0}.raiseSoftException(callWithExistingReactInstance(callFunctionOnModule("RCTDeviceEventEmitter", "emit"))): Execute: reactInstance is null. Dropping work.
11-23 21:24:25.375 24620 24620 E unknown:ReactHost: Unhandled SoftException
11-23 21:24:25.375 24620 24620 E unknown:ReactHost: com.facebook.react.bridge.ReactNoCrashSoftException: raiseSoftException(callWithExistingReactInstance(callFunctionOnModule("RCTDeviceEventEmitter", "emit"))): Execute: reactInstance is null. Dropping work.
11-23 21:24:25.375 24620 24620 E unknown:ReactHost: 	at com.facebook.react.runtime.ReactHostImpl.raiseSoftException(ReactHostImpl.kt:826)
11-23 21:24:25.375 24620 24620 E unknown:ReactHost: 	at com.facebook.react.runtime.ReactHostImpl.raiseSoftException$default(ReactHostImpl.kt:817)
11-23 21:24:25.375 24620 24620 E unknown:ReactHost: 	at com.facebook.react.runtime.ReactHostImpl.callWithExistingReactInstance$lambda$29(ReactHostImpl.kt:842)
11-23 21:24:25.375 24620 24620 E unknown:ReactHost: 	at com.facebook.react.runtime.ReactHostImpl.$r8$lambda$FwZmOnLtIB7dK7-W4XUd-0shzQ0(Unknown Source:0)
11-23 21:24:25.375 24620 24620 E unknown:ReactHost: 	at com.facebook.react.runtime.ReactHostImpl$$ExternalSyntheticLambda32.then(D8$$SyntheticClass:0)
11-23 21:24:25.375 24620 24620 E unknown:ReactHost: 	at com.facebook.react.runtime.internal.bolts.Task$Companion.completeImmediately$lambda$3(Task.kt:360)
11-23 21:24:25.375 24620 24620 E unknown:ReactHost: 	at com.facebook.react.runtime.internal.bolts.Task$Companion.$r8$lambda$b7MTC0ufkn_2TjF4BGcNqGR9qK0(Unknown Source:0)
11-23 21:24:25.375 24620 24620 E unknown:ReactHost: 	at com.facebook.react.runtime.internal.bolts.Task$Companion$$ExternalSyntheticLambda3.run(D8$$SyntheticClass:0)
11-23 21:24:25.375 24620 24620 E unknown:ReactHost: 	at com.facebook.react.runtime.internal.bolts.Executors$ImmediateExecutor.execute(Executors.kt:41)
11-23 21:24:25.375 24620 24620 E unknown:ReactHost: 	at com.facebook.react.runtime.internal.bolts.Task$Companion.completeImmediately(Task.kt:358)
11-23 21:24:25.375 24620 24620 E unknown:ReactHost: 	at com.facebook.react.runtime.internal.bolts.Task$Companion.access$completeImmediately(Task.kt:254)
11-23 21:24:25.375 24620 24620 E unknown:ReactHost: 	at com.facebook.react.runtime.internal.bolts.Task.continueWith(Task.kt:133)
11-23 21:24:25.375 24620 24620 E unknown:ReactHost: 	at com.facebook.react.runtime.internal.bolts.Task.continueWith$default(Task.kt:117)
11-23 21:24:25.375 24620 24620 E unknown:ReactHost: 	at com.facebook.react.runtime.internal.bolts.Task.onSuccess$lambda$12(Task.kt:176)
11-23 21:24:25.375 24620 24620 E unknown:ReactHost: 	at com.facebook.react.runtime.internal.bolts.Task.$r8$lambda$l0wwo5AvbHxlwfI1R7CH_codxoo(Unknown Source:0)
11-23 21:24:25.375 24620 24620 E unknown:ReactHost: 	at com.facebook.react.runtime.internal.bolts.Task$$ExternalSyntheticLambda2.then(D8$$SyntheticClass:0)
11-23 21:24:25.375 24620 24620 E unknown:ReactHost: 	at com.facebook.react.runtime.internal.bolts.Task$Companion.completeAfterTask$lambda$5(Task.kt:394)
11-23 21:24:25.375 24620 24620 E unknown:ReactHost: 	at com.facebook.react.runtime.internal.bolts.Task$Companion.$r8$lambda$IPpysnehFwANEiW061YzapkMdoE(Unknown Source:0)
11-23 21:24:25.375 24620 24620 E unknown:ReactHost: 	at com.facebook.react.runtime.internal.bolts.Task$Companion$$ExternalSyntheticLambda4.run(D8$$SyntheticClass:0)
11-23 21:24:25.375 24620 24620 E unknown:ReactHost: 	at com.facebook.react.runtime.internal.bolts.Executors$ImmediateExecutor.execute(Executors.kt:41)
11-23 21:24:25.375 24620 24620 E unknown:ReactHost: 	at com.facebook.react.runtime.internal.bolts.Task$Companion.completeAfterTask(Task.kt:392)
11-23 21:24:25.375 24620 24620 E unknown:ReactHost: 	at com.facebook.react.runtime.internal.bolts.Task$Companion.access$completeAfterTask(Task.kt:254)
11-23 21:24:25.375 24620 24620 E unknown:ReactHost: 	at com.facebook.react.runtime.internal.bolts.Task.continueWithTask(Task.kt:158)
11-23 21:24:25.375 24620 24620 E unknown:ReactHost: 	at com.facebook.react.runtime.internal.bolts.Task.onSuccess(Task.kt:171)
11-23 21:24:25.375 24620 24620 E unknown:ReactHost: 	at com.facebook.react.runtime.ReactHostImpl.callWithExistingReactInstance(ReactHostImpl.kt:838)
11-23 21:24:25.375 24620 24620 E unknown:ReactHost: 	at com.facebook.react.runtime.ReactHostImpl.callWithExistingReactInstance$default(ReactHostImpl.kt:831)
11-23 21:24:25.375 24620 24620 E unknown:ReactHost: 	at com.facebook.react.runtime.ReactHostImpl.callFunctionOnModule$ReactAndroid_debug(ReactHostImpl.kt:719)
11-23 21:24:25.375 24620 24620 E unknown:ReactHost: 	at com.facebook.react.runtime.BridgelessReactContext.emitDeviceEvent(BridgelessReactContext.kt:143)
11-23 21:24:25.375 24620 24620 E unknown:ReactHost: 	at com.facebook.react.modules.appstate.AppStateModule.sendEvent(AppStateModule.kt:71)
11-23 21:24:25.375 24620 24620 E unknown:ReactHost: 	at com.facebook.react.modules.appstate.AppStateModule.sendAppStateChangeEvent(AppStateModule.kt:75)
11-23 21:24:25.375 24620 24620 E unknown:ReactHost: 	at com.facebook.react.modules.appstate.AppStateModule.onHostPause(AppStateModule.kt:48)
11-23 21:24:25.375 24620 24620 E unknown:ReactHost: 	at com.facebook.react.bridge.ReactContext.onHostPause(ReactContext.java:296)
11-23 21:24:25.375 24620 24620 E unknown:ReactHost: 	at com.facebook.react.runtime.ReactHostImpl.getOrCreateReloadTask$lambda$49(ReactHostImpl.kt:1261)
11-23 21:24:25.375 24620 24620 E unknown:ReactHost: 	at com.facebook.react.runtime.ReactHostImpl.$r8$lambda$5qPaSKaMWJBaRcQgKMWsr2cuXrE(Unknown Source:0)
11-23 21:24:25.375 24620 24620 E unknown:ReactHost: 	at com.facebook.react.runtime.ReactHostImpl$$ExternalSyntheticLambda7.then(D8$$SyntheticClass:0)
11-23 21:24:25.375 24620 24620 E unknown:ReactHost: 	at com.facebook.react.runtime.internal.bolts.Task$Companion.completeAfterTask$lambda$5(Task.kt:394)
11-23 21:24:25.375 24620 24620 E unknown:ReactHost: 	at com.facebook.react.runtime.internal.bolts.Task$Companion.$r8$lambda$IPpysnehFwANEiW061YzapkMdoE(Unknown Source:0)
11-23 21:24:25.375 24620 24620 E unknown:ReactHost: 	at com.facebook.react.runtime.internal.bolts.Task$Companion$$ExternalSyntheticLambda4.run(D8$$SyntheticClass:0)
11-23 21:24:25.376 24620 24620 E unknown:ReactHost: 	at android.os.Handler.handleCallback(Handler.java:995)
11-23 21:24:25.376 24620 24620 E unknown:ReactHost: 	at android.os.Handler.dispatchMessage(Handler.java:103)
11-23 21:24:25.376 24620 24620 E unknown:ReactHost: 	at android.os.Looper.loopOnce(Looper.java:273)
11-23 21:24:25.376 24620 24620 E unknown:ReactHost: 	at android.os.Looper.loop(Looper.java:363)
11-23 21:24:25.376 24620 24620 E unknown:ReactHost: 	at android.app.ActivityThread.main(ActivityThread.java:10060)
11-23 21:24:25.376 24620 24620 E unknown:ReactHost: 	at java.lang.reflect.Method.invoke(Native Method)
11-23 21:24:25.376 24620 24620 E unknown:ReactHost: 	at com.android.internal.os.RuntimeInit$MethodAndArgsCaller.run(RuntimeInit.java:632)
11-23 21:24:25.376 24620 24620 E unknown:ReactHost: 	at com.android.internal.os.ZygoteInit.main(ZygoteInit.java:975)
11-23 21:24:25.376 24620 24686 W unknown:BridgelessReact: ReactHost{0}.getOrCreateReloadTask(): Stopping all React Native surfaces
11-23 21:24:25.377 24620 24686 E unknown:SurfaceMountingManager: Stopping surface [1]
11-23 21:24:25.380 24620 24620 I ReactNative: [GESTURE HANDLER] Tearing down gesture handler registered for root view com.facebook.react.runtime.ReactSurfaceView{a0cdc02 V.E...... ........ 0,0-1440,3088 #1}
11-23 21:24:25.383 24620 24620 E unknown:SurfaceMountingManager: Surface [1] was stopped on SurfaceMountingManager.
11-23 21:24:25.431 24620 24620 W unknown:BridgelessReact: ReactHost{0}.getOrCreateReloadTask(): Removing memory pressure listener
11-23 21:24:25.431 24620 24620 W unknown:BridgelessReact: ReactHost{0}.getOrCreateReloadTask(): Resetting ReactContext ref
11-23 21:24:25.431 24620 24620 W unknown:BridgelessReact: ReactHost{0}.getOrCreateReloadTask(): Destroying ReactContext
11-23 21:24:25.431 24620 24620 W unknown:BridgelessReact: ReactHost{0}.getOrCreateReloadTask(): Calling DevSupportManager.onReactInstanceDestroyed(reactContext)
11-23 21:24:25.431 24620 24620 W unknown:ReactNative: Packager connection already open, nooping.
11-23 21:24:25.476 24620 24969 I ReactNativeJS: '%c🚀 ⚠️ QUERY GetPantry 1402ms', 'color: #f59e0b; font-weight: bold'
11-23 21:24:25.477 24620 24969 I ReactNativeJS: '   📤 Variables:', { itemsFirst: 25,
11-23 21:24:25.477 24620 24969 I ReactNativeJS:   storageLocationsFirst: 50,
11-23 21:24:25.477 24620 24969 I ReactNativeJS:   id: '691f7d5e3c9c067fb556260b' }
11-23 21:24:25.515 24620 25035 W unknown:BridgelessReact: ReactHost{0}.raiseSoftException(callWithExistingReactInstance(callFunctionOnModule("RCTDeviceEventEmitter", "emit"))): Execute: reactInstance is null. Dropping work.
11-23 21:24:25.516 24620 25035 E unknown:ReactHost: Unhandled SoftException
11-23 21:24:25.516 24620 25035 E unknown:ReactHost: com.facebook.react.bridge.ReactNoCrashSoftException: raiseSoftException(callWithExistingReactInstance(callFunctionOnModule("RCTDeviceEventEmitter", "emit"))): Execute: reactInstance is null. Dropping work.
11-23 21:24:25.516 24620 25035 E unknown:ReactHost: 	at com.facebook.react.runtime.ReactHostImpl.raiseSoftException(ReactHostImpl.kt:826)
11-23 21:24:25.516 24620 25035 E unknown:ReactHost: 	at com.facebook.react.runtime.ReactHostImpl.raiseSoftException$default(ReactHostImpl.kt:817)
11-23 21:24:25.516 24620 25035 E unknown:ReactHost: 	at com.facebook.react.runtime.ReactHostImpl.callWithExistingReactInstance$lambda$29(ReactHostImpl.kt:842)
11-23 21:24:25.516 24620 25035 E unknown:ReactHost: 	at com.facebook.react.runtime.ReactHostImpl.$r8$lambda$FwZmOnLtIB7dK7-W4XUd-0shzQ0(Unknown Source:0)
11-23 21:24:25.516 24620 25035 E unknown:ReactHost: 	at com.facebook.react.runtime.ReactHostImpl$$ExternalSyntheticLambda32.then(D8$$SyntheticClass:0)
11-23 21:24:25.516 24620 25035 E unknown:ReactHost: 	at com.facebook.react.runtime.internal.bolts.Task$Companion.completeImmediately$lambda$3(Task.kt:360)
11-23 21:24:25.516 24620 25035 E unknown:ReactHost: 	at com.facebook.react.runtime.internal.bolts.Task$Companion.$r8$lambda$b7MTC0ufkn_2TjF4BGcNqGR9qK0(Unknown Source:0)
11-23 21:24:25.516 24620 25035 E unknown:ReactHost: 	at com.facebook.react.runtime.internal.bolts.Task$Companion$$ExternalSyntheticLambda3.run(D8$$SyntheticClass:0)
11-23 21:24:25.516 24620 25035 E unknown:ReactHost: 	at com.facebook.react.runtime.internal.bolts.Executors$ImmediateExecutor.execute(Executors.kt:41)
11-23 21:24:25.516 24620 25035 E unknown:ReactHost: 	at com.facebook.react.runtime.internal.bolts.Task$Companion.completeImmediately(Task.kt:358)
11-23 21:24:25.516 24620 25035 E unknown:ReactHost: 	at com.facebook.react.runtime.internal.bolts.Task$Companion.access$completeImmediately(Task.kt:254)
11-23 21:24:25.516 24620 25035 E unknown:ReactHost: 	at com.facebook.react.runtime.internal.bolts.Task.continueWith(Task.kt:133)
11-23 21:24:25.516 24620 25035 E unknown:ReactHost: 	at com.facebook.react.runtime.internal.bolts.Task.continueWith$default(Task.kt:117)
11-23 21:24:25.516 24620 25035 E unknown:ReactHost: 	at com.facebook.react.runtime.internal.bolts.Task.onSuccess$lambda$12(Task.kt:176)
11-23 21:24:25.516 24620 25035 E unknown:ReactHost: 	at com.facebook.react.runtime.internal.bolts.Task.$r8$lambda$l0wwo5AvbHxlwfI1R7CH_codxoo(Unknown Source:0)
11-23 21:24:25.516 24620 25035 E unknown:ReactHost: 	at com.facebook.react.runtime.internal.bolts.Task$$ExternalSyntheticLambda2.then(D8$$SyntheticClass:0)
11-23 21:24:25.516 24620 25035 E unknown:ReactHost: 	at com.facebook.react.runtime.internal.bolts.Task$Companion.completeAfterTask$lambda$5(Task.kt:394)
11-23 21:24:25.516 24620 25035 E unknown:ReactHost: 	at com.facebook.react.runtime.internal.bolts.Task$Companion.$r8$lambda$IPpysnehFwANEiW061YzapkMdoE(Unknown Source:0)
11-23 21:24:25.516 24620 25035 E unknown:ReactHost: 	at com.facebook.react.runtime.internal.bolts.Task$Companion$$ExternalSyntheticLambda4.run(D8$$SyntheticClass:0)
11-23 21:24:25.516 24620 25035 E unknown:ReactHost: 	at com.facebook.react.runtime.internal.bolts.Executors$ImmediateExecutor.execute(Executors.kt:41)
11-23 21:24:25.516 24620 25035 E unknown:ReactHost: 	at com.facebook.react.runtime.internal.bolts.Task$Companion.completeAfterTask(Task.kt:392)
11-23 21:24:25.516 24620 25035 E unknown:ReactHost: 	at com.facebook.react.runtime.internal.bolts.Task$Companion.access$completeAfterTask(Task.kt:254)
11-23 21:24:25.516 24620 25035 E unknown:ReactHost: 	at com.facebook.react.runtime.internal.bolts.Task.continueWithTask(Task.kt:158)
11-23 21:24:25.516 24620 25035 E unknown:ReactHost: 	at com.facebook.react.runtime.internal.bolts.Task.onSuccess(Task.kt:171)
11-23 21:24:25.516 24620 25035 E unknown:ReactHost: 	at com.facebook.react.runtime.ReactHostImpl.callWithExistingReactInstance(ReactHostImpl.kt:838)
11-23 21:24:25.516 24620 25035 E unknown:ReactHost: 	at com.facebook.react.runtime.ReactHostImpl.callWithExistingReactInstance$default(ReactHostImpl.kt:831)
11-23 21:24:25.516 24620 25035 E unknown:ReactHost: 	at com.facebook.react.runtime.ReactHostImpl.callFunctionOnModule$ReactAndroid_debug(ReactHostImpl.kt:719)
11-23 21:24:25.516 24620 25035 E unknown:ReactHost: 	at com.facebook.react.runtime.BridgelessReactContext.emitDeviceEvent(BridgelessReactContext.kt:143)
11-23 21:24:25.516 24620 25035 E unknown:ReactHost: 	at com.facebook.react.modules.network.NetworkEventUtil.onDataSend(NetworkEventUtil.kt:52)
11-23 21:24:25.516 24620 25035 E unknown:ReactHost: 	at com.facebook.react.modules.network.NetworkingModule$wrapRequestBodyWithProgressEmitter$1.onProgress(NetworkingModule.kt:693)
11-23 21:24:25.516 24620 25035 E unknown:ReactHost: 	at com.facebook.react.modules.network.ProgressRequestBody$outputStreamSink$1.sendProgressUpdate(ProgressRequestBody.kt:76)
11-23 21:24:25.516 24620 25035 E unknown:ReactHost: 	at com.facebook.react.modules.network.ProgressRequestBody$outputStreamSink$1.write(ProgressRequestBody.kt:69)
11-23 21:24:25.516 24620 25035 E unknown:ReactHost: 	at java.io.FilterOutputStream.write(FilterOutputStream.java:137)
11-23 21:24:25.516 24620 25035 E unknown:ReactHost: 	at com.facebook.react.modules.network.ProgressRequestBody$outputStreamSink$1.write(ProgressRequestBody.kt:60)
11-23 21:24:25.516 24620 25035 E unknown:ReactHost: 	at okio.OutputStreamSink.write(JvmOkio.kt:56)
11-23 21:24:25.516 24620 25035 E unknown:ReactHost: 	at okio.RealBufferedSink.emitCompleteSegments(RealBufferedSink.kt:256)
11-23 21:24:25.516 24620 25035 E unknown:ReactHost: 	at okio.RealBufferedSink.write(RealBufferedSink.kt:186)
11-23 21:24:25.516 24620 25035 E unknown:ReactHost: 	at okhttp3.RequestBody$Companion$toRequestBody$2.writeTo(RequestBody.kt:152)
11-23 21:24:25.516 24620 25035 E unknown:ReactHost: 	at com.facebook.react.modules.network.ProgressRequestBody.writeTo(ProgressRequestBody.kt:49)
11-23 21:24:25.517 24620 25035 E unknown:ReactHost: 	at okhttp3.internal.http.CallServerInterceptor.intercept(CallServerInterceptor.kt:59)
11-23 21:24:25.517 24620 25035 E unknown:ReactHost: 	at okhttp3.internal.http.RealInterceptorChain.proceed(RealInterceptorChain.kt:109)
11-23 21:24:25.517 24620 25035 E unknown:ReactHost: 	at com.facebook.react.modules.network.NetworkingModule$sendRequestInternal$$inlined$-addNetworkInterceptor$1.intercept(OkHttpClient.kt:1080)
11-23 21:24:25.517 24620 25035 E unknown:ReactHost: 	at okhttp3.internal.http.RealInterceptorChain.proceed(RealInterceptorChain.kt:109)
11-23 21:24:25.517 24620 25035 E unknown:ReactHost: 	at okhttp3.internal.connection.ConnectInterceptor.intercept(ConnectInterceptor.kt:34)
11-23 21:24:25.517 24620 25035 E unknown:ReactHost: 	at okhttp3.internal.http.RealInterceptorChain.proceed(RealInterceptorChain.kt:109)
11-23 21:24:25.517 24620 25035 E unknown:ReactHost: 	at okhttp3.internal.cache.CacheInterceptor.intercept(CacheInterceptor.kt:95)
11-23 21:24:25.517 24620 25035 E unknown:ReactHost: 	at okhttp3.internal.http.RealInterceptorChain.proceed(RealInterceptorChain.kt:109)
11-23 21:24:25.517 24620 25035 E unknown:ReactHost: 	at okhttp3.internal.http.BridgeInterceptor.intercept(BridgeInterceptor.kt:83)
11-23 21:24:25.517 24620 25035 E unknown:ReactHost: 	at okhttp3.internal.http.RealInterceptorChain.proceed(RealInterceptorChain.kt:109)
11-23 21:24:25.517 24620 25035 E unknown:ReactHost: 	at okhttp3.internal.http.RetryAndFollowUpInterceptor.intercept(RetryAndFollowUpInterceptor.kt:76)
11-23 21:24:25.517 24620 25035 E unknown:ReactHost: 	at okhttp3.internal.http.RealInterceptorChain.proceed(RealInterceptorChain.kt:109)
11-23 21:24:25.517 24620 25035 E unknown:ReactHost: 	at okhttp3.internal.connection.RealCall.getResponseWithInterceptorChain$okhttp(RealCall.kt:201)
11-23 21:24:25.517 24620 25035 E unknown:ReactHost: 	at okhttp3.internal.connection.RealCall$AsyncCall.run(RealCall.kt:517)
11-23 21:24:25.517 24620 25035 E unknown:ReactHost: 	at java.util.concurrent.ThreadPoolExecutor.runWorker(ThreadPoolExecutor.java:1156)
11-23 21:24:25.517 24620 25035 E unknown:ReactHost: 	at java.util.concurrent.ThreadPoolExecutor$Worker.run(ThreadPoolExecutor.java:651)
11-23 21:24:25.517 24620 25035 E unknown:ReactHost: 	at java.lang.Thread.run(Thread.java:1119)
11-23 21:24:25.546 24620 25035 W unknown:BridgelessReact: ReactHost{0}.raiseSoftException(callWithExistingReactInstance(callFunctionOnModule("RCTDeviceEventEmitter", "emit"))): Execute: reactInstance is null. Dropping work.
11-23 21:24:25.547 24620 25035 E unknown:ReactHost: Unhandled SoftException
11-23 21:24:25.547 24620 25035 E unknown:ReactHost: com.facebook.react.bridge.ReactNoCrashSoftException: raiseSoftException(callWithExistingReactInstance(callFunctionOnModule("RCTDeviceEventEmitter", "emit"))): Execute: reactInstance is null. Dropping work.
11-23 21:24:25.547 24620 25035 E unknown:ReactHost: 	at com.facebook.react.runtime.ReactHostImpl.raiseSoftException(ReactHostImpl.kt:826)
11-23 21:24:25.547 24620 25035 E unknown:ReactHost: 	at com.facebook.react.runtime.ReactHostImpl.raiseSoftException$default(ReactHostImpl.kt:817)
11-23 21:24:25.547 24620 25035 E unknown:ReactHost: 	at com.facebook.react.runtime.ReactHostImpl.callWithExistingReactInstance$lambda$29(ReactHostImpl.kt:842)
11-23 21:24:25.547 24620 25035 E unknown:ReactHost: 	at com.facebook.react.runtime.ReactHostImpl.$r8$lambda$FwZmOnLtIB7dK7-W4XUd-0shzQ0(Unknown Source:0)
11-23 21:24:25.547 24620 25035 E unknown:ReactHost: 	at com.facebook.react.runtime.ReactHostImpl$$ExternalSyntheticLambda32.then(D8$$SyntheticClass:0)
11-23 21:24:25.547 24620 25035 E unknown:ReactHost: 	at com.facebook.react.runtime.internal.bolts.Task$Companion.completeImmediately$lambda$3(Task.kt:360)
11-23 21:24:25.547 24620 25035 E unknown:ReactHost: 	at com.facebook.react.runtime.internal.bolts.Task$Companion.$r8$lambda$b7MTC0ufkn_2TjF4BGcNqGR9qK0(Unknown Source:0)
11-23 21:24:25.547 24620 25035 E unknown:ReactHost: 	at com.facebook.react.runtime.internal.bolts.Task$Companion$$ExternalSyntheticLambda3.run(D8$$SyntheticClass:0)
11-23 21:24:25.547 24620 25035 E unknown:ReactHost: 	at com.facebook.react.runtime.internal.bolts.Executors$ImmediateExecutor.execute(Executors.kt:41)
11-23 21:24:25.547 24620 25035 E unknown:ReactHost: 	at com.facebook.react.runtime.internal.bolts.Task$Companion.completeImmediately(Task.kt:358)
11-23 21:24:25.547 24620 25035 E unknown:ReactHost: 	at com.facebook.react.runtime.internal.bolts.Task$Companion.access$completeImmediately(Task.kt:254)
11-23 21:24:25.547 24620 25035 E unknown:ReactHost: 	at com.facebook.react.runtime.internal.bolts.Task.continueWith(Task.kt:133)
11-23 21:24:25.547 24620 25035 E unknown:ReactHost: 	at com.facebook.react.runtime.internal.bolts.Task.continueWith$default(Task.kt:117)
11-23 21:24:25.547 24620 25035 E unknown:ReactHost: 	at com.facebook.react.runtime.internal.bolts.Task.onSuccess$lambda$12(Task.kt:176)
11-23 21:24:25.547 24620 25035 E unknown:ReactHost: 	at com.facebook.react.runtime.internal.bolts.Task.$r8$lambda$l0wwo5AvbHxlwfI1R7CH_codxoo(Unknown Source:0)
11-23 21:24:25.547 24620 25035 E unknown:ReactHost: 	at com.facebook.react.runtime.internal.bolts.Task$$ExternalSyntheticLambda2.then(D8$$SyntheticClass:0)
11-23 21:24:25.547 24620 25035 E unknown:ReactHost: 	at com.facebook.react.runtime.internal.bolts.Task$Companion.completeAfterTask$lambda$5(Task.kt:394)
11-23 21:24:25.547 24620 25035 E unknown:ReactHost: 	at com.facebook.react.runtime.internal.bolts.Task$Companion.$r8$lambda$IPpysnehFwANEiW061YzapkMdoE(Unknown Source:0)
11-23 21:24:25.547 24620 25035 E unknown:ReactHost: 	at com.facebook.react.runtime.internal.bolts.Task$Companion$$ExternalSyntheticLambda4.run(D8$$SyntheticClass:0)
11-23 21:24:25.547 24620 25035 E unknown:ReactHost: 	at com.facebook.react.runtime.internal.bolts.Executors$ImmediateExecutor.execute(Executors.kt:41)
11-23 21:24:25.547 24620 25035 E unknown:ReactHost: 	at com.facebook.react.runtime.internal.bolts.Task$Companion.completeAfterTask(Task.kt:392)
11-23 21:24:25.547 24620 25035 E unknown:ReactHost: 	at com.facebook.react.runtime.internal.bolts.Task$Companion.access$completeAfterTask(Task.kt:254)
11-23 21:24:25.547 24620 25035 E unknown:ReactHost: 	at com.facebook.react.runtime.internal.bolts.Task.continueWithTask(Task.kt:158)
11-23 21:24:25.547 24620 25035 E unknown:ReactHost: 	at com.facebook.react.runtime.internal.bolts.Task.onSuccess(Task.kt:171)
11-23 21:24:25.547 24620 25035 E unknown:ReactHost: 	at com.facebook.react.runtime.ReactHostImpl.callWithExistingReactInstance(ReactHostImpl.kt:838)
11-23 21:24:25.547 24620 25035 E unknown:ReactHost: 	at com.facebook.react.runtime.ReactHostImpl.callWithExistingReactInstance$default(ReactHostImpl.kt:831)
11-23 21:24:25.547 24620 25035 E unknown:ReactHost: 	at com.facebook.react.runtime.ReactHostImpl.callFunctionOnModule$ReactAndroid_debug(ReactHostImpl.kt:719)
11-23 21:24:25.547 24620 25035 E unknown:ReactHost: 	at com.facebook.react.runtime.BridgelessReactContext.emitDeviceEvent(BridgelessReactContext.kt:143)
11-23 21:24:25.547 24620 25035 E unknown:ReactHost: 	at com.facebook.react.modules.network.NetworkEventUtil.onResponseReceived(NetworkEventUtil.kt:210)
11-23 21:24:25.547 24620 25035 E unknown:ReactHost: 	at com.facebook.react.modules.network.NetworkingModule$sendRequestInternal$2.onResponse(NetworkingModule.kt:556)
11-23 21:24:25.547 24620 25035 E unknown:ReactHost: 	at okhttp3.internal.connection.RealCall$AsyncCall.run(RealCall.kt:519)
11-23 21:24:25.547 24620 25035 E unknown:ReactHost: 	at java.util.concurrent.ThreadPoolExecutor.runWorker(ThreadPoolExecutor.java:1156)
11-23 21:24:25.547 24620 25035 E unknown:ReactHost: 	at java.util.concurrent.ThreadPoolExecutor$Worker.run(ThreadPoolExecutor.java:651)
11-23 21:24:25.547 24620 25035 E unknown:ReactHost: 	at java.lang.Thread.run(Thread.java:1119)
11-23 21:24:25.547 24620 25035 W unknown:BridgelessReact: ReactHost{0}.raiseSoftException(callWithExistingReactInstance(callFunctionOnModule("RCTDeviceEventEmitter", "emit"))): Execute: reactInstance is null. Dropping work.
11-23 21:24:25.548 24620 25035 E unknown:ReactHost: Unhandled SoftException
11-23 21:24:25.548 24620 25035 E unknown:ReactHost: com.facebook.react.bridge.ReactNoCrashSoftException: raiseSoftException(callWithExistingReactInstance(callFunctionOnModule("RCTDeviceEventEmitter", "emit"))): Execute: reactInstance is null. Dropping work.
11-23 21:24:25.548 24620 25035 E unknown:ReactHost: 	at com.facebook.react.runtime.ReactHostImpl.raiseSoftException(ReactHostImpl.kt:826)
11-23 21:24:25.548 24620 25035 E unknown:ReactHost: 	at com.facebook.react.runtime.ReactHostImpl.raiseSoftException$default(ReactHostImpl.kt:817)
11-23 21:24:25.548 24620 25035 E unknown:ReactHost: 	at com.facebook.react.runtime.ReactHostImpl.callWithExistingReactInstance$lambda$29(ReactHostImpl.kt:842)
11-23 21:24:25.548 24620 25035 E unknown:ReactHost: 	at com.facebook.react.runtime.ReactHostImpl.$r8$lambda$FwZmOnLtIB7dK7-W4XUd-0shzQ0(Unknown Source:0)
11-23 21:24:25.548 24620 25035 E unknown:ReactHost: 	at com.facebook.react.runtime.ReactHostImpl$$ExternalSyntheticLambda32.then(D8$$SyntheticClass:0)
11-23 21:24:25.548 24620 25035 E unknown:ReactHost: 	at com.facebook.react.runtime.internal.bolts.Task$Companion.completeImmediately$lambda$3(Task.kt:360)
11-23 21:24:25.548 24620 25035 E unknown:ReactHost: 	at com.facebook.react.runtime.internal.bolts.Task$Companion.$r8$lambda$b7MTC0ufkn_2TjF4BGcNqGR9qK0(Unknown Source:0)
11-23 21:24:25.548 24620 25035 E unknown:ReactHost: 	at com.facebook.react.runtime.internal.bolts.Task$Companion$$ExternalSyntheticLambda3.run(D8$$SyntheticClass:0)
11-23 21:24:25.548 24620 25035 E unknown:ReactHost: 	at com.facebook.react.runtime.internal.bolts.Executors$ImmediateExecutor.execute(Executors.kt:41)
11-23 21:24:25.548 24620 25035 E unknown:ReactHost: 	at com.facebook.react.runtime.internal.bolts.Task$Companion.completeImmediately(Task.kt:358)
11-23 21:24:25.548 24620 25035 E unknown:ReactHost: 	at com.facebook.react.runtime.internal.bolts.Task$Companion.access$completeImmediately(Task.kt:254)
11-23 21:24:25.548 24620 25035 E unknown:ReactHost: 	at com.facebook.react.runtime.internal.bolts.Task.continueWith(Task.kt:133)
11-23 21:24:25.548 24620 25035 E unknown:ReactHost: 	at com.facebook.react.runtime.internal.bolts.Task.continueWith$default(Task.kt:117)
11-23 21:24:25.548 24620 25035 E unknown:ReactHost: 	at com.facebook.react.runtime.internal.bolts.Task.onSuccess$lambda$12(Task.kt:176)
11-23 21:24:25.548 24620 25035 E unknown:ReactHost: 	at com.facebook.react.runtime.internal.bolts.Task.$r8$lambda$l0wwo5AvbHxlwfI1R7CH_codxoo(Unknown Source:0)
11-23 21:24:25.548 24620 25035 E unknown:ReactHost: 	at com.facebook.react.runtime.internal.bolts.Task$$ExternalSyntheticLambda2.then(D8$$SyntheticClass:0)
11-23 21:24:25.548 24620 25035 E unknown:ReactHost: 	at com.facebook.react.runtime.internal.bolts.Task$Companion.completeAfterTask$lambda$5(Task.kt:394)
11-23 21:24:25.548 24620 25035 E unknown:ReactHost: 	at com.facebook.react.runtime.internal.bolts.Task$Companion.$r8$lambda$IPpysnehFwANEiW061YzapkMdoE(Unknown Source:0)
11-23 21:24:25.548 24620 25035 E unknown:ReactHost: 	at com.facebook.react.runtime.internal.bolts.Task$Companion$$ExternalSyntheticLambda4.run(D8$$SyntheticClass:0)
11-23 21:24:25.548 24620 25035 E unknown:ReactHost: 	at com.facebook.react.runtime.internal.bolts.Executors$ImmediateExecutor.execute(Executors.kt:41)
11-23 21:24:25.548 24620 25035 E unknown:ReactHost: 	at com.facebook.react.runtime.internal.bolts.Task$Companion.completeAfterTask(Task.kt:392)
11-23 21:24:25.548 24620 25035 E unknown:ReactHost: 	at com.facebook.react.runtime.internal.bolts.Task$Companion.access$completeAfterTask(Task.kt:254)
11-23 21:24:25.548 24620 25035 E unknown:ReactHost: 	at com.facebook.react.runtime.internal.bolts.Task.continueWithTask(Task.kt:158)
11-23 21:24:25.548 24620 25035 E unknown:ReactHost: 	at com.facebook.react.runtime.internal.bolts.Task.onSuccess(Task.kt:171)
11-23 21:24:25.548 24620 25035 E unknown:ReactHost: 	at com.facebook.react.runtime.ReactHostImpl.callWithExistingReactInstance(ReactHostImpl.kt:838)
11-23 21:24:25.548 24620 25035 E unknown:ReactHost: 	at com.facebook.react.runtime.ReactHostImpl.callWithExistingReactInstance$default(ReactHostImpl.kt:831)
11-23 21:24:25.548 24620 25035 E unknown:ReactHost: 	at com.facebook.react.runtime.ReactHostImpl.callFunctionOnModule$ReactAndroid_debug(ReactHostImpl.kt:719)
11-23 21:24:25.548 24620 25035 E unknown:ReactHost: 	at com.facebook.react.runtime.BridgelessReactContext.emitDeviceEvent(BridgelessReactContext.kt:143)
11-23 21:24:25.548 24620 25035 E unknown:ReactHost: 	at com.facebook.react.modules.network.NetworkEventUtil.onDataReceivedProgress(NetworkEventUtil.kt:92)
11-23 21:24:25.548 24620 25035 E unknown:ReactHost: 	at com.facebook.react.modules.network.NetworkingModule$sendRequestInternal$1$responseBody$1.onProgress(NetworkingModule.kt:336)
11-23 21:24:25.548 24620 25035 E unknown:ReactHost: 	at com.facebook.react.modules.network.ProgressResponseBody$source$1.read(ProgressResponseBody.kt:51)
11-23 21:24:25.548 24620 25035 E unknown:ReactHost: 	at okio.Buffer.writeAll(Buffer.kt:1303)
11-23 21:24:25.548 24620 25035 E unknown:ReactHost: 	at okio.RealBufferedSource.readByteArray(RealBufferedSource.kt:239)
11-23 21:24:25.548 24620 25035 E unknown:ReactHost: 	at okhttp3.ResponseBody.bytes(ResponseBody.kt:124)
11-23 21:24:25.548 24620 25035 E unknown:ReactHost: 	at com.facebook.react.modules.network.NetworkingModule$sendRequestInternal$2.onResponse(NetworkingModule.kt:604)
11-23 21:24:25.548 24620 25035 E unknown:ReactHost: 	at okhttp3.internal.connection.RealCall$AsyncCall.run(RealCall.kt:519)
11-23 21:24:25.548 24620 25035 E unknown:ReactHost: 	at java.util.concurrent.ThreadPoolExecutor.runWorker(ThreadPoolExecutor.java:1156)
11-23 21:24:25.548 24620 25035 E unknown:ReactHost: 	at java.util.concurrent.ThreadPoolExecutor$Worker.run(ThreadPoolExecutor.java:651)
11-23 21:24:25.548 24620 25035 E unknown:ReactHost: 	at java.lang.Thread.run(Thread.java:1119)
11-23 21:24:25.549 24620 25035 W unknown:BridgelessReact: ReactHost{0}.raiseSoftException(callWithExistingReactInstance(callFunctionOnModule("RCTDeviceEventEmitter", "emit"))): Execute: reactInstance is null. Dropping work.
11-23 21:24:25.549 24620 25035 E unknown:ReactHost: Unhandled SoftException
11-23 21:24:25.549 24620 25035 E unknown:ReactHost: com.facebook.react.bridge.ReactNoCrashSoftException: raiseSoftException(callWithExistingReactInstance(callFunctionOnModule("RCTDeviceEventEmitter", "emit"))): Execute: reactInstance is null. Dropping work.
11-23 21:24:25.549 24620 25035 E unknown:ReactHost: 	at com.facebook.react.runtime.ReactHostImpl.raiseSoftException(ReactHostImpl.kt:826)
11-23 21:24:25.549 24620 25035 E unknown:ReactHost: 	at com.facebook.react.runtime.ReactHostImpl.raiseSoftException$default(ReactHostImpl.kt:817)
11-23 21:24:25.549 24620 25035 E unknown:ReactHost: 	at com.facebook.react.runtime.ReactHostImpl.callWithExistingReactInstance$lambda$29(ReactHostImpl.kt:842)
11-23 21:24:25.549 24620 25035 E unknown:ReactHost: 	at com.facebook.react.runtime.ReactHostImpl.$r8$lambda$FwZmOnLtIB7dK7-W4XUd-0shzQ0(Unknown Source:0)
11-23 21:24:25.549 24620 25035 E unknown:ReactHost: 	at com.facebook.react.runtime.ReactHostImpl$$ExternalSyntheticLambda32.then(D8$$SyntheticClass:0)
11-23 21:24:25.549 24620 25035 E unknown:ReactHost: 	at com.facebook.react.runtime.internal.bolts.Task$Companion.completeImmediately$lambda$3(Task.kt:360)
11-23 21:24:25.549 24620 25035 E unknown:ReactHost: 	at com.facebook.react.runtime.internal.bolts.Task$Companion.$r8$lambda$b7MTC0ufkn_2TjF4BGcNqGR9qK0(Unknown Source:0)
11-23 21:24:25.549 24620 25035 E unknown:ReactHost: 	at com.facebook.react.runtime.internal.bolts.Task$Companion$$ExternalSyntheticLambda3.run(D8$$SyntheticClass:0)
11-23 21:24:25.549 24620 25035 E unknown:ReactHost: 	at com.facebook.react.runtime.internal.bolts.Executors$ImmediateExecutor.execute(Executors.kt:41)
11-23 21:24:25.549 24620 25035 E unknown:ReactHost: 	at com.facebook.react.runtime.internal.bolts.Task$Companion.completeImmediately(Task.kt:358)
11-23 21:24:25.549 24620 25035 E unknown:ReactHost: 	at com.facebook.react.runtime.internal.bolts.Task$Companion.access$completeImmediately(Task.kt:254)
11-23 21:24:25.549 24620 25035 E unknown:ReactHost: 	at com.facebook.react.runtime.internal.bolts.Task.continueWith(Task.kt:133)
11-23 21:24:25.549 24620 25035 E unknown:ReactHost: 	at com.facebook.react.runtime.internal.bolts.Task.continueWith$default(Task.kt:117)
11-23 21:24:25.549 24620 25035 E unknown:ReactHost: 	at com.facebook.react.runtime.internal.bolts.Task.onSuccess$lambda$12(Task.kt:176)
11-23 21:24:25.549 24620 25035 E unknown:ReactHost: 	at com.facebook.react.runtime.internal.bolts.Task.$r8$lambda$l0wwo5AvbHxlwfI1R7CH_codxoo(Unknown Source:0)
11-23 21:24:25.549 24620 25035 E unknown:ReactHost: 	at com.facebook.react.runtime.internal.bolts.Task$$ExternalSyntheticLambda2.then(D8$$SyntheticClass:0)
11-23 21:24:25.549 24620 25035 E unknown:ReactHost: 	at com.facebook.react.runtime.internal.bolts.Task$Companion.completeAfterTask$lambda$5(Task.kt:394)
11-23 21:24:25.549 24620 25035 E unknown:ReactHost: 	at com.facebook.react.runtime.internal.bolts.Task$Companion.$r8$lambda$IPpysnehFwANEiW061YzapkMdoE(Unknown Source:0)
11-23 21:24:25.549 24620 25035 E unknown:ReactHost: 	at com.facebook.react.runtime.internal.bolts.Task$Companion$$ExternalSyntheticLambda4.run(D8$$SyntheticClass:0)
11-23 21:24:25.549 24620 25035 E unknown:ReactHost: 	at com.facebook.react.runtime.internal.bolts.Executors$ImmediateExecutor.execute(Executors.kt:41)
11-23 21:24:25.549 24620 25035 E unknown:ReactHost: 	at com.facebook.react.runtime.internal.bolts.Task$Companion.completeAfterTask(Task.kt:392)
11-23 21:24:25.549 24620 25035 E unknown:ReactHost: 	at com.facebook.react.runtime.internal.bolts.Task$Companion.access$completeAfterTask(Task.kt:254)
11-23 21:24:25.549 24620 25035 E unknown:ReactHost: 	at com.facebook.react.runtime.internal.bolts.Task.continueWithTask(Task.kt:158)
11-23 21:24:25.549 24620 25035 E unknown:ReactHost: 	at com.facebook.react.runtime.internal.bolts.Task.onSuccess(Task.kt:171)
11-23 21:24:25.549 24620 25035 E unknown:ReactHost: 	at com.facebook.react.runtime.ReactHostImpl.callWithExistingReactInstance(ReactHostImpl.kt:838)
11-23 21:24:25.549 24620 25035 E unknown:ReactHost: 	at com.facebook.react.runtime.ReactHostImpl.callWithExistingReactInstance$default(ReactHostImpl.kt:831)
11-23 21:24:25.549 24620 25035 E unknown:ReactHost: 	at com.facebook.react.runtime.ReactHostImpl.callFunctionOnModule$ReactAndroid_debug(ReactHostImpl.kt:719)
11-23 21:24:25.549 24620 25035 E unknown:ReactHost: 	at com.facebook.react.runtime.BridgelessReactContext.emitDeviceEvent(BridgelessReactContext.kt:143)
11-23 21:24:25.549 24620 25035 E unknown:ReactHost: 	at com.facebook.react.modules.network.NetworkEventUtil.onDataReceived(NetworkEventUtil.kt:139)
11-23 21:24:25.549 24620 25035 E unknown:ReactHost: 	at com.facebook.react.modules.network.NetworkingModule$sendRequestInternal$2.onResponse(NetworkingModule.kt:606)
11-23 21:24:25.549 24620 25035 E unknown:ReactHost: 	at okhttp3.internal.connection.RealCall$AsyncCall.run(RealCall.kt:519)
11-23 21:24:25.549 24620 25035 E unknown:ReactHost: 	at java.util.concurrent.ThreadPoolExecutor.runWorker(ThreadPoolExecutor.java:1156)
11-23 21:24:25.549 24620 25035 E unknown:ReactHost: 	at java.util.concurrent.ThreadPoolExecutor$Worker.run(ThreadPoolExecutor.java:651)
11-23 21:24:25.549 24620 25035 E unknown:ReactHost: 	at java.lang.Thread.run(Thread.java:1119)
11-23 21:24:25.550 24620 25035 W unknown:BridgelessReact: ReactHost{0}.raiseSoftException(callWithExistingReactInstance(callFunctionOnModule("RCTDeviceEventEmitter", "emit"))): Execute: reactInstance is null. Dropping work.
11-23 21:24:25.550 24620 25035 E unknown:ReactHost: Unhandled SoftException
11-23 21:24:25.550 24620 25035 E unknown:ReactHost: com.facebook.react.bridge.ReactNoCrashSoftException: raiseSoftException(callWithExistingReactInstance(callFunctionOnModule("RCTDeviceEventEmitter", "emit"))): Execute: reactInstance is null. Dropping work.
11-23 21:24:25.550 24620 25035 E unknown:ReactHost: 	at com.facebook.react.runtime.ReactHostImpl.raiseSoftException(ReactHostImpl.kt:826)
11-23 21:24:25.550 24620 25035 E unknown:ReactHost: 	at com.facebook.react.runtime.ReactHostImpl.raiseSoftException$default(ReactHostImpl.kt:817)
11-23 21:24:25.550 24620 25035 E unknown:ReactHost: 	at com.facebook.react.runtime.ReactHostImpl.callWithExistingReactInstance$lambda$29(ReactHostImpl.kt:842)
11-23 21:24:25.550 24620 25035 E unknown:ReactHost: 	at com.facebook.react.runtime.ReactHostImpl.$r8$lambda$FwZmOnLtIB7dK7-W4XUd-0shzQ0(Unknown Source:0)
11-23 21:24:25.550 24620 25035 E unknown:ReactHost: 	at com.facebook.react.runtime.ReactHostImpl$$ExternalSyntheticLambda32.then(D8$$SyntheticClass:0)
11-23 21:24:25.550 24620 25035 E unknown:ReactHost: 	at com.facebook.react.runtime.internal.bolts.Task$Companion.completeImmediately$lambda$3(Task.kt:360)
11-23 21:24:25.550 24620 25035 E unknown:ReactHost: 	at com.facebook.react.runtime.internal.bolts.Task$Companion.$r8$lambda$b7MTC0ufkn_2TjF4BGcNqGR9qK0(Unknown Source:0)
11-23 21:24:25.550 24620 25035 E unknown:ReactHost: 	at com.facebook.react.runtime.internal.bolts.Task$Companion$$ExternalSyntheticLambda3.run(D8$$SyntheticClass:0)
11-23 21:24:25.550 24620 25035 E unknown:ReactHost: 	at com.facebook.react.runtime.internal.bolts.Executors$ImmediateExecutor.execute(Executors.kt:41)
11-23 21:24:25.550 24620 25035 E unknown:ReactHost: 	at com.facebook.react.runtime.internal.bolts.Task$Companion.completeImmediately(Task.kt:358)
11-23 21:24:25.550 24620 25035 E unknown:ReactHost: 	at com.facebook.react.runtime.internal.bolts.Task$Companion.access$completeImmediately(Task.kt:254)
11-23 21:24:25.550 24620 25035 E unknown:ReactHost: 	at com.facebook.react.runtime.internal.bolts.Task.continueWith(Task.kt:133)
11-23 21:24:25.550 24620 25035 E unknown:ReactHost: 	at com.facebook.react.runtime.internal.bolts.Task.continueWith$default(Task.kt:117)
11-23 21:24:25.550 24620 25035 E unknown:ReactHost: 	at com.facebook.react.runtime.internal.bolts.Task.onSuccess$lambda$12(Task.kt:176)
11-23 21:24:25.550 24620 25035 E unknown:ReactHost: 	at com.facebook.react.runtime.internal.bolts.Task.$r8$lambda$l0wwo5AvbHxlwfI1R7CH_codxoo(Unknown Source:0)
11-23 21:24:25.550 24620 25035 E unknown:ReactHost: 	at com.facebook.react.runtime.internal.bolts.Task$$ExternalSyntheticLambda2.then(D8$$SyntheticClass:0)
11-23 21:24:25.550 24620 25035 E unknown:ReactHost: 	at com.facebook.react.runtime.internal.bolts.Task$Companion.completeAfterTask$lambda$5(Task.kt:394)
11-23 21:24:25.550 24620 25035 E unknown:ReactHost: 	at com.facebook.react.runtime.internal.bolts.Task$Companion.$r8$lambda$IPpysnehFwANEiW061YzapkMdoE(Unknown Source:0)
11-23 21:24:25.550 24620 25035 E unknown:ReactHost: 	at com.facebook.react.runtime.internal.bolts.Task$Companion$$ExternalSyntheticLambda4.run(D8$$SyntheticClass:0)
11-23 21:24:25.550 24620 25035 E unknown:ReactHost: 	at com.facebook.react.runtime.internal.bolts.Executors$ImmediateExecutor.execute(Executors.kt:41)
11-23 21:24:25.550 24620 25035 E unknown:ReactHost: 	at com.facebook.react.runtime.internal.bolts.Task$Companion.completeAfterTask(Task.kt:392)
11-23 21:24:25.550 24620 25035 E unknown:ReactHost: 	at com.facebook.react.runtime.internal.bolts.Task$Companion.access$completeAfterTask(Task.kt:254)
11-23 21:24:25.550 24620 25035 E unknown:ReactHost: 	at com.facebook.react.runtime.internal.bolts.Task.continueWithTask(Task.kt:158)
11-23 21:24:25.550 24620 25035 E unknown:ReactHost: 	at com.facebook.react.runtime.internal.bolts.Task.onSuccess(Task.kt:171)
11-23 21:24:25.550 24620 25035 E unknown:ReactHost: 	at com.facebook.react.runtime.ReactHostImpl.callWithExistingReactInstance(ReactHostImpl.kt:838)
11-23 21:24:25.550 24620 25035 E unknown:ReactHost: 	at com.facebook.react.runtime.ReactHostImpl.callWithExistingReactInstance$default(ReactHostImpl.kt:831)
11-23 21:24:25.550 24620 25035 E unknown:ReactHost: 	at com.facebook.react.runtime.ReactHostImpl.callFunctionOnModule$ReactAndroid_debug(ReactHostImpl.kt:719)
11-23 21:24:25.550 24620 25035 E unknown:ReactHost: 	at com.facebook.react.runtime.BridgelessReactContext.emitDeviceEvent(BridgelessReactContext.kt:143)
11-23 21:24:25.550 24620 25035 E unknown:ReactHost: 	at com.facebook.react.modules.network.NetworkEventUtil.onRequestSuccess(NetworkEventUtil.kt:179)
11-23 21:24:25.550 24620 25035 E unknown:ReactHost: 	at com.facebook.react.modules.network.NetworkingModule$sendRequestInternal$2.onResponse(NetworkingModule.kt:612)
11-23 21:24:25.550 24620 25035 E unknown:ReactHost: 	at okhttp3.internal.connection.RealCall$AsyncCall.run(RealCall.kt:519)
11-23 21:24:25.550 24620 25035 E unknown:ReactHost: 	at java.util.concurrent.ThreadPoolExecutor.runWorker(ThreadPoolExecutor.java:1156)
11-23 21:24:25.550 24620 25035 E unknown:ReactHost: 	at java.util.concurrent.ThreadPoolExecutor$Worker.run(ThreadPoolExecutor.java:651)
11-23 21:24:25.550 24620 25035 E unknown:ReactHost: 	at java.lang.Thread.run(Thread.java:1119)
11-23 21:24:25.556 24620 24620 I ev.souschef.app: Explicit concurrent mark compact GC freed 19MB AllocSpace bytes, 9(796KB) LOS objects, 66% free, 14MB/43MB, paused 1.236ms,5.831ms total 124.186ms
11-23 21:24:25.557 24620 24686 W unknown:BridgelessReact: ReactHost{0}.getOrCreateReloadTask(): Resetting ReactInstance ptr
11-23 21:24:25.557 24620 24686 W unknown:BridgelessReact: ReactHost{0}.getOrCreateReloadTask(): Destroying ReactInstance
11-23 21:24:25.557 24620 24969 W unknown:ReactNative: Tried to enqueue runnable on already finished thread: 'v_native... dropping Runnable.
11-23 21:24:25.558 24620 24969 W unknown:ReactNative: Tried to enqueue runnable on already finished thread: 'v_native... dropping Runnable.
11-23 21:24:25.558 24620 24969 W unknown:ReactNative: Tried to enqueue runnable on already finished thread: 'v_native... dropping Runnable.
11-23 21:24:25.558 24620 24969 W unknown:ReactNative: Tried to enqueue runnable on already finished thread: 'v_native... dropping Runnable.
11-23 21:24:25.559 24620 24969 W unknown:ReactNative: Tried to enqueue runnable on already finished thread: 'v_native... dropping Runnable.
11-23 21:24:25.559 24620 24969 W unknown:ReactNative: Tried to enqueue runnable on already finished thread: 'v_native... dropping Runnable.
11-23 21:24:25.560 24620 24969 W unknown:ReactNative: Tried to enqueue runnable on already finished thread: 'v_native... dropping Runnable.
11-23 21:24:25.560 24620 24969 W unknown:ReactNative: Tried to enqueue runnable on already finished thread: 'v_native... dropping Runnable.
11-23 21:24:25.560 24620 24969 W unknown:ReactNative: Tried to enqueue runnable on already finished thread: 'v_native... dropping Runnable.
11-23 21:24:25.560 24620 24969 W unknown:ReactNative: Tried to enqueue runnable on already finished thread: 'v_native... dropping Runnable.
11-23 21:24:25.560 24620 24969 W unknown:ReactNative: Tried to enqueue runnable on already finished thread: 'v_native... dropping Runnable.
11-23 21:24:25.560 24620 24969 W unknown:ReactNative: Tried to enqueue runnable on already finished thread: 'v_native... dropping Runnable.
11-23 21:24:25.569 24620 24969 W unknown:ReactNative: Tried to enqueue runnable on already finished thread: 'v_native... dropping Runnable.
11-23 21:24:25.572 24620 24969 W unknown:ReactNative: Tried to enqueue runnable on already finished thread: 'v_native... dropping Runnable.
11-23 21:24:25.573 24620 24969 W unknown:ReactNative: Tried to enqueue runnable on already finished thread: 'v_native... dropping Runnable.
11-23 21:24:25.574 24620 24969 W unknown:ReactNative: Tried to enqueue runnable on already finished thread: 'v_native... dropping Runnable.
11-23 21:24:25.577 24620 24969 W unknown:ReactNative: Tried to enqueue runnable on already finished thread: 'v_native... dropping Runnable.
11-23 21:24:25.579 24620 24969 W unknown:ReactNative: Tried to enqueue runnable on already finished thread: 'v_native... dropping Runnable.
11-23 21:24:25.580 24620 24969 W unknown:ReactNative: Tried to enqueue runnable on already finished thread: 'v_native... dropping Runnable.
11-23 21:24:25.581 24620 24969 W unknown:ReactNative: Tried to enqueue runnable on already finished thread: 'v_native... dropping Runnable.
11-23 21:24:25.584 24620 24969 W unknown:ReactNative: Tried to enqueue runnable on already finished thread: 'v_native... dropping Runnable.
11-23 21:24:25.586 24620 24969 W unknown:ReactNative: Tried to enqueue runnable on already finished thread: 'v_native... dropping Runnable.
11-23 21:24:25.587 24620 24969 W unknown:ReactNative: Tried to enqueue runnable on already finished thread: 'v_native... dropping Runnable.
11-23 21:24:25.588 24620 24969 W unknown:ReactNative: Tried to enqueue runnable on already finished thread: 'v_native... dropping Runnable.
11-23 21:24:25.591 24620 24969 W unknown:ReactNative: Tried to enqueue runnable on already finished thread: 'v_native... dropping Runnable.
11-23 21:24:25.593 24620 24969 W unknown:ReactNative: Tried to enqueue runnable on already finished thread: 'v_native... dropping Runnable.
11-23 21:24:25.594 24620 24969 W unknown:ReactNative: Tried to enqueue runnable on already finished thread: 'v_native... dropping Runnable.
11-23 21:24:25.594 24620 24969 W unknown:ReactNative: Tried to enqueue runnable on already finished thread: 'v_native... dropping Runnable.
11-23 21:24:25.598 24620 24969 W unknown:ReactNative: Tried to enqueue runnable on already finished thread: 'v_native... dropping Runnable.
11-23 21:24:25.602 24620 24969 W unknown:ReactNative: Tried to enqueue runnable on already finished thread: 'v_native... dropping Runnable.
11-23 21:24:25.621 24620 24969 W unknown:ReactNative: Tried to enqueue runnable on already finished thread: 'v_native... dropping Runnable.
11-23 21:24:25.621 24620 24969 I ReactNativeJS: [MemoryMonitor] Stopped
11-23 21:24:25.686 24620 24969 W unknown:ReactNative: Tried to enqueue runnable on already finished thread: 'v_native... dropping Runnable.
11-23 21:24:25.687 24620 24969 W unknown:ReactNative: Tried to enqueue runnable on already finished thread: 'v_native... dropping Runnable.
11-23 21:24:25.687 24620 24969 W unknown:ReactNative: Tried to enqueue runnable on already finished thread: 'v_native... dropping Runnable.
11-23 21:24:25.704 24620 24969 W unknown:ReactNative: Tried to enqueue runnable on already finished thread: 'v_native... dropping Runnable.
11-23 21:24:25.705 24620 24969 W unknown:ReactNative: Tried to enqueue runnable on already finished thread: 'v_native... dropping Runnable.
11-23 21:24:25.705 24620 24969 W unknown:ReactNative: Tried to enqueue runnable on already finished thread: 'v_native... dropping Runnable.
11-23 21:24:25.705 24620 24969 W unknown:ReactNative: Tried to enqueue runnable on already finished thread: 'v_native... dropping Runnable.
11-23 21:24:25.705 24620 24969 W unknown:ReactNative: Tried to enqueue runnable on already finished thread: 'v_native... dropping Runnable.
11-23 21:24:25.706 24620 24969 W unknown:ReactNative: Tried to enqueue runnable on already finished thread: 'v_native... dropping Runnable.
11-23 21:24:25.706 24620 24969 W unknown:ReactNative: Tried to enqueue runnable on already finished thread: 'v_native... dropping Runnable.
11-23 21:24:25.706 24620 24969 W unknown:ReactNative: Tried to enqueue runnable on already finished thread: 'v_native... dropping Runnable.
11-23 21:24:25.733 24620 24686 D ConnectivityManager: StackLog: [android.net.ConnectivityManager.unregisterNetworkCallback(ConnectivityManager.java:5571)] [com.reactnativecommunity.netinfo.NetworkCallbackConnectivityReceiver.unregister(NetworkCallbackConnectivityReceiver.java:71)] [com.reactnativecommunity.netinfo.NetInfoModule.invalidate(NetInfoModule.java:56)] [com.facebook.react.internal.turbomodule.core.TurboModuleManager.invalidate(TurboModuleManager.kt:345)] [com.facebook.react.runtime.ReactInstance.destroy(ReactInstance.kt:420)] [com.facebook.react.runtime.ReactHostImpl.getOrCreateReloadTask$lambda$53(ReactHostImpl.kt:1318)] [com.facebook.react.runtime.ReactHostImpl.$r8$lambda$mFfCh8lHgA6uurPLct5tIl3YwVQ(Unknown Source:0)] [com.facebook.react.runtime.ReactHostImpl$$ExternalSyntheticLambda10.then(D8$$SyntheticClass:0)] [com.facebook.react.runtime.internal.bolts.Task$Companion.completeAfterTask$lambda$5(Task.kt:394)] [com.facebook.react.runtime.internal.bolts.Task$Companion.$r8$lambda$IPpysnehFwANEiW061YzapkMdoE(Unknown Source:0)] [com.facebook.react.runtime.internal.bolts.Task$Companion$$ExternalSyntheticLambda4.run(D8$$SyntheticClass:0)] [java.util.concurrent.ThreadPoolExecutor.runWorker(ThreadPoolExecutor.java:1156)] [java.util.concurrent.ThreadPoolExecutor$Worker.run(ThreadPoolExecutor.java:651)] [java.lang.Thread.run(Thread.java:1119)]
11-23 21:24:25.739 24620 24686 W unknown:ReactNative: Tried to enqueue runnable on already finished thread: 'v_native... dropping Runnable.
11-23 21:24:25.740 24620 24686 E unknown:ReactNative: Tried to remove non-existent frame callback
11-23 21:24:25.749 24620 24686 W unknown:ReactNative: Tried to enqueue runnable on already finished thread: 'v_native... dropping Runnable.
11-23 21:24:25.750 24620 24686 W unknown:ReactNative: Tried to enqueue runnable on already finished thread: 'v_native... dropping Runnable.
11-23 21:24:25.750 24620 24686 W unknown:ReactNative: Tried to enqueue runnable on already finished thread: 'v_native... dropping Runnable.
11-23 21:24:25.750 24620 24686 W unknown:ReactNative: Tried to enqueue runnable on already finished thread: 'v_native... dropping Runnable.
11-23 21:24:25.750 24620 24686 W unknown:ReactNative: Tried to enqueue runnable on already finished thread: 'v_native... dropping Runnable.
11-23 21:24:25.750 24620 24686 W unknown:ReactNative: Tried to enqueue runnable on already finished thread: 'v_native... dropping Runnable.
11-23 21:24:25.751 24620 24686 W unknown:ReactNative: Tried to enqueue runnable on already finished thread: 'v_native... dropping Runnable.
11-23 21:24:25.752 24620 24686 W unknown:ReactNative: Tried to enqueue runnable on already finished thread: 'v_native... dropping Runnable.
11-23 21:24:25.752 24620 24686 W unknown:ReactNative: Tried to enqueue runnable on already finished thread: 'v_native... dropping Runnable.
11-23 21:24:25.753 24620 24686 W unknown:ReactNative: Tried to enqueue runnable on already finished thread: 'v_native... dropping Runnable.
11-23 21:24:25.753 24620 24686 W unknown:ReactNative: Tried to enqueue runnable on already finished thread: 'v_native... dropping Runnable.
11-23 21:24:25.753 24620 24686 W unknown:ReactNative: Tried to enqueue runnable on already finished thread: 'v_native... dropping Runnable.
11-23 21:24:25.753 24620 24686 W unknown:ReactNative: Tried to enqueue runnable on already finished thread: 'v_native... dropping Runnable.
11-23 21:24:25.753 24620 24686 W unknown:ReactNative: Tried to enqueue runnable on already finished thread: 'v_native... dropping Runnable.
11-23 21:24:25.753 24620 24686 W unknown:ReactNative: Tried to enqueue runnable on already finished thread: 'v_native... dropping Runnable.
11-23 21:24:25.753 24620 24686 W unknown:ReactNative: Tried to enqueue runnable on already finished thread: 'v_native... dropping Runnable.
11-23 21:24:25.753 24620 24686 W unknown:ReactNative: Tried to enqueue runnable on already finished thread: 'v_native... dropping Runnable.
11-23 21:24:25.754 24620 24686 W unknown:ReactNative: Tried to enqueue runnable on already finished thread: 'v_native... dropping Runnable.
11-23 21:24:25.754 24620 24686 I Nitro.JSICache: Destroying JSICache...
11-23 21:24:25.756 24620 24686 W unknown:ReactNative: Tried to enqueue runnable on already finished thread: 'v_native... dropping Runnable.
11-23 21:24:25.757 24620 24686 W unknown:ReactNative: Tried to enqueue runnable on already finished thread: 'v_native... dropping Runnable.
11-23 21:24:25.757 24620 24686 W unknown:ReactNative: Tried to enqueue runnable on already finished thread: 'v_native... dropping Runnable.
11-23 21:24:25.758 24620 24686 W unknown:ReactNative: Tried to enqueue runnable on already finished thread: 'v_native... dropping Runnable.
11-23 21:24:25.758 24620 24686 W unknown:ReactNative: Tried to enqueue runnable on already finished thread: 'v_native... dropping Runnable.
11-23 21:24:25.758 24620 24686 W unknown:ReactNative: Tried to enqueue runnable on already finished thread: 'v_native... dropping Runnable.
11-23 21:24:25.758 24620 24686 W unknown:ReactNative: Tried to enqueue runnable on already finished thread: 'v_native... dropping Runnable.
11-23 21:24:25.758 24620 24686 W unknown:ReactNative: Tried to enqueue runnable on already finished thread: 'v_native... dropping Runnable.
11-23 21:24:25.759 24620 24686 W unknown:ReactNative: Tried to enqueue runnable on already finished thread: 'v_native... dropping Runnable.
11-23 21:24:25.759 24620 24686 W unknown:ReactNative: Tried to enqueue runnable on already finished thread: 'v_native... dropping Runnable.
11-23 21:24:25.759 24620 24686 W unknown:ReactNative: Tried to enqueue runnable on already finished thread: 'v_native... dropping Runnable.
11-23 21:24:25.761 24620 24686 W unknown:ReactNative: Tried to enqueue runnable on already finished thread: 'v_native... dropping Runnable.
11-23 21:24:25.765 24620 24686 W System.err: java.lang.NoSuchFieldException: No field mIsFinished in class Lcom/facebook/react/bridge/queue/MessageQueueThreadImpl; (declaration of 'com.facebook.react.bridge.queue.MessageQueueThreadImpl' appears in /data/app/~~3fG4_UXF8_0Ir5SKDd87bA==/dev.souschef.app-ZLj_l9yaj99qujoYTJmRsw==/base.apk!classes20.dex)
11-23 21:24:25.765 24620 24686 W System.err: 	at java.lang.Class.getDeclaredField(Native Method)
11-23 21:24:25.765 24620 24686 W System.err: 	at com.swmansion.worklets.WorkletsMessageQueueThreadBase.quitSynchronous(WorkletsMessageQueueThreadBase.java:55)
11-23 21:24:25.765 24620 24686 W System.err: 	at com.facebook.jni.HybridData$Destructor.deleteNative(Native Method)
11-23 21:24:25.765 24620 24686 W System.err: 	at com.facebook.jni.HybridData$Destructor.destruct(HybridData.java:82)
11-23 21:24:25.765 24620 24686 W System.err: 	at com.facebook.jni.HybridData.resetNative(HybridData.java:48)
11-23 21:24:25.765 24620 24686 W System.err: 	at com.facebook.react.runtime.ReactInstance.destroy(ReactInstance.kt:423)
11-23 21:24:25.765 24620 24686 W System.err: 	at com.facebook.react.runtime.ReactHostImpl.getOrCreateReloadTask$lambda$53(ReactHostImpl.kt:1318)
11-23 21:24:25.765 24620 24686 W System.err: 	at com.facebook.react.runtime.ReactHostImpl.$r8$lambda$mFfCh8lHgA6uurPLct5tIl3YwVQ(Unknown Source:0)
11-23 21:24:25.765 24620 24686 W System.err: 	at com.facebook.react.runtime.ReactHostImpl$$ExternalSyntheticLambda10.then(D8$$SyntheticClass:0)
11-23 21:24:25.765 24620 24686 W System.err: 	at com.facebook.react.runtime.internal.bolts.Task$Companion.completeAfterTask$lambda$5(Task.kt:394)
11-23 21:24:25.765 24620 24686 W System.err: 	at com.facebook.react.runtime.internal.bolts.Task$Companion.$r8$lambda$IPpysnehFwANEiW061YzapkMdoE(Unknown Source:0)
11-23 21:24:25.765 24620 24686 W System.err: 	at com.facebook.react.runtime.internal.bolts.Task$Companion$$ExternalSyntheticLambda4.run(D8$$SyntheticClass:0)
11-23 21:24:25.765 24620 24686 W System.err: 	at java.util.concurrent.ThreadPoolExecutor.runWorker(ThreadPoolExecutor.java:1156)
11-23 21:24:25.765 24620 24686 W System.err: 	at java.util.concurrent.ThreadPoolExecutor$Worker.run(ThreadPoolExecutor.java:651)
11-23 21:24:25.765 24620 24686 W System.err: 	at java.lang.Thread.run(Thread.java:1119)
11-23 21:24:25.766 24620 24686 W System.err: java.lang.NoSuchFieldException: No field mIsFinished in class Lcom/facebook/react/bridge/queue/MessageQueueThreadImpl; (declaration of 'com.facebook.react.bridge.queue.MessageQueueThreadImpl' appears in /data/app/~~3fG4_UXF8_0Ir5SKDd87bA==/dev.souschef.app-ZLj_l9yaj99qujoYTJmRsw==/base.apk!classes20.dex)
11-23 21:24:25.766 24620 24686 W System.err: 	at java.lang.Class.getDeclaredField(Native Method)
11-23 21:24:25.766 24620 24686 W System.err: 	at com.swmansion.worklets.WorkletsMessageQueueThreadBase.quitSynchronous(WorkletsMessageQueueThreadBase.java:55)
11-23 21:24:25.766 24620 24686 W System.err: 	at com.facebook.jni.HybridData$Destructor.deleteNative(Native Method)
11-23 21:24:25.766 24620 24686 W System.err: 	at com.facebook.jni.HybridData$Destructor.destruct(HybridData.java:82)
11-23 21:24:25.766 24620 24686 W System.err: 	at com.facebook.jni.HybridData.resetNative(HybridData.java:48)
11-23 21:24:25.766 24620 24686 W System.err: 	at com.facebook.react.runtime.ReactInstance.destroy(ReactInstance.kt:423)
11-23 21:24:25.766 24620 24686 W System.err: 	at com.facebook.react.runtime.ReactHostImpl.getOrCreateReloadTask$lambda$53(ReactHostImpl.kt:1318)
11-23 21:24:25.766 24620 24686 W System.err: 	at com.facebook.react.runtime.ReactHostImpl.$r8$lambda$mFfCh8lHgA6uurPLct5tIl3YwVQ(Unknown Source:0)
11-23 21:24:25.766 24620 24686 W System.err: 	at com.facebook.react.runtime.ReactHostImpl$$ExternalSyntheticLambda10.then(D8$$SyntheticClass:0)
11-23 21:24:25.766 24620 24686 W System.err: 	at com.facebook.react.runtime.internal.bolts.Task$Companion.completeAfterTask$lambda$5(Task.kt:394)
11-23 21:24:25.766 24620 24686 W System.err: 	at com.facebook.react.runtime.internal.bolts.Task$Companion.$r8$lambda$IPpysnehFwANEiW061YzapkMdoE(Unknown Source:0)
11-23 21:24:25.766 24620 24686 W System.err: 	at com.facebook.react.runtime.internal.bolts.Task$Companion$$ExternalSyntheticLambda4.run(D8$$SyntheticClass:0)
11-23 21:24:25.766 24620 24686 W System.err: 	at java.util.concurrent.ThreadPoolExecutor.runWorker(ThreadPoolExecutor.java:1156)
11-23 21:24:25.766 24620 24686 W System.err: 	at java.util.concurrent.ThreadPoolExecutor$Worker.run(ThreadPoolExecutor.java:651)
11-23 21:24:25.766 24620 24686 W System.err: 	at java.lang.Thread.run(Thread.java:1119)
11-23 21:24:25.774 24620 24686 W unknown:ReactNative: Tried to enqueue runnable on already finished thread: 'v_native... dropping Runnable.
11-23 21:24:25.774 24620 24686 W unknown:ReactNative: Tried to enqueue runnable on already finished thread: 'v_native... dropping Runnable.
11-23 21:24:25.774 24620 24686 W unknown:ReactNative: Tried to enqueue runnable on already finished thread: 'v_native... dropping Runnable.
11-23 21:24:25.776 24620 24686 W unknown:ReactNative: Tried to enqueue runnable on already finished thread: 'v_native... dropping Runnable.
11-23 21:24:25.956 24620 24686 W unknown:BridgelessReact: ReactHost{0}.getOrCreateReloadTask(): Resetting start task ref
11-23 21:24:25.957 24620 24686 W unknown:BridgelessReact: ReactHost{0}.getOrCreateReactInstanceTask()
11-23 21:24:25.957 24620 24686 W unknown:BridgelessReact: ReactHost{0}.getOrCreateReactInstanceTask(): Start
11-23 21:24:25.957 24620 24686 D Detox.RNMarker: REACT_BRIDGELESS_LOADING_START (null)
11-23 21:24:25.957 24620 24686 W unknown:BridgelessReact: ReactHost{0}.getJSBundleLoader()
11-23 21:24:25.957 24620 24686 W unknown:BridgelessReact: ReactHost{0}.isMetroRunning()
11-23 21:24:25.968 24620 24689 W unknown:BridgelessReact: ReactHost{0}.isMetroRunning(): Async result = true
11-23 21:24:25.969 24620 24686 W unknown:BridgelessReact: ReactHost{0}.loadJSBundleFromMetro()
11-23 21:24:25.969 24620 24686 D Detox.RNMarker: DOWNLOAD_START (null)
11-23 21:24:25.975 24620 24620 I WindowManager: WindowManagerGlobal#addView, ty=1000, view=android.widget.PopupWindow$PopupDecorView{1f4db8b V.E...... R.....I. 0,0-0,0}, caller=android.view.WindowManagerImpl.addView:158 android.widget.PopupWindow.invokePopup:1692 android.widget.PopupWindow.showAtLocation:1418 
11-23 21:24:25.976 24620 24620 D ViewRootImpl: desktopMode is false
11-23 21:24:25.976 24620 24620 I ViewRootImpl: dVRR is disabled
11-23 21:24:25.977 24620 24676 D NativeCustomFrequencyManager: [NativeCFMS] BpCustomFrequencyManager::BpCustomFrequencyManager()
11-23 21:24:25.989 24620 24620 D InputTransport: Input channel constructed: '890b118', fd=182
11-23 21:24:25.990 24620 24620 I InsetsController: onStateChanged: host=PopupWindow:90ddd5a, from=android.view.ViewRootImpl.onInsetsStateChanged:3026, state=InsetsState: {mDisplayFrame=Rect(0, 0 - 1440, 3088), mDisplayCutout=DisplayCutout{insets=Rect(0, 100 - 0, 0) waterfall=Insets{left=0, top=0, right=0, bottom=0} boundingRect={Bounds=[Rect(0, 0 - 0, 0), Rect(683, 0 - 758, 100), Rect(0, 0 - 0, 0), Rect(0, 0 - 0, 0)]} cutoutPathParserInfo={CutoutPathParserInfo{displayWidth=1440 displayHeight=3088 physicalDisplayWidth=1440 physicalDisplayHeight=3088 density={3.75} cutoutSpec={M 0,0 H -10 V 26.66666666666667 H 10 V 0 H 0 Z @dp} rotation={0} scale={1.0} physicalPixelDisplaySizeRatio={1.0}}} sideOverrides={}}, mRoundedCorners=RoundedCorners{[RoundedCorner{position=TopLeft, radius=15, center=Point(15, 15)}, RoundedCorner{position=TopRight, radius=15, center=Point(1425, 15)}, RoundedCorner{position=BottomRight, radius=15, center=Point(1425, 3073)}, RoundedCorner{position=BottomLeft, radius=15, center=Point(15, 3073)}]}  mRoundedCornerFrame=Rect(0, 0 - 1440, 3088), mPrivacyIndicatorBounds=PrivacyIndicatorBounds {static bounds=Rect(1275, 0 - 1440, 100) rotation=0}, mDisplayShape=DisplayShape{ spec=-311912193 displayWidth=1440 displayHeight=3088 physicalPixelDisplaySizeRatio=1.0 rotation=0 offsetX=0 offsetY=0 scale=1.0}, mSources= { InsetsSource: {b11d0001 mType=navigationBars mFrame=[0,3032][1440,3088] mVisible=true mFlags=SUPPRESS_SCRIM mSideHint=BOTTOM mBoundingRects=null}, InsetsSource: {b11d0004 mType=systemGestures mFrame=[0,0][84,3088] mVisible=true mFlags= mSideHint=LEFT mBoundingRects=null}, InsetsSource: {b11d0005 mType=mandatorySystemGestures mFrame=[0,2968][1440,3088] mVisible=true mFlags= mSideHint=BOTTOM mBoundingRects=null}, InsetsSource: {b11d0006 mType=tappableElement mFrame=[0,0][0,0] mVisible=true mFlags= mSideHint=NONE mBoundingRects=null}, InsetsSource: {b11d0024 mType=systemGestures mFrame=[1356,0][1440,3088] mVisible=true mFlags= mSideHint=RIGHT mBoundingRects=null}, InsetsSource: {ecac0000 mType=statusBars mFrame=[0,0][1440,100] mVisible=true mFlags= mSideHint=TOP mBoundingRects=null}, InsetsSource: {ecac0005 mType=mandatorySystemGestures mFrame=[0,0][1440,145] mVisible=true mFlags= mSideHint=TOP mBoundingRects=null}, InsetsSource: {ecac0006 mType=tappableElement mFrame=[0,0][1440,100] mVisible=true mFlags= mSideHint=TOP mBoundingRects=null}, InsetsSource: {27 mType=displayCutout mFrame=[0,0][1440,100] mVisible=true mFlags= mSideHint=TOP mBoundingRects=null} }
11-23 21:24:25.990 24620 24620 I VRI[PopupWindow:90ddd5a]@8a80468: synced displayState. AttachInfo displayState=2
11-23 21:24:26.002 24620 24620 I VRI[PopupWindow:90ddd5a]@8a80468: setView = android.widget.PopupWindow$PopupDecorView@1f4db8b IsHRR=false mFlingFrameRateChange=0 TM=true
11-23 21:24:26.003 24620 24676 D HWUI    : HWUI - treat SMPTE_170M as sRGB
11-23 21:24:26.018 24620 24620 W libc    : Access denied finding property "vendor.display.enable_optimal_refresh_rate"
11-23 21:24:26.018 24620 24620 I BufferQueueProducer: [](id:602c00000005,api:0,p:499207824,c:24620) setDequeueTimeout:2077252342
11-23 21:24:26.020 24620 24620 I BLASTBufferQueue_Java: new BLASTBufferQueue, mName= VRI[PopupWindow:90ddd5a]@8a80468 mNativeObject= 0xb400007adda9a6d0 caller= android.view.ViewRootImpl.updateBlastSurfaceIfNeeded:3585 android.view.ViewRootImpl.relayoutWindow:11685 android.view.ViewRootImpl.performTraversals:4804 android.view.ViewRootImpl.doTraversal:3924 android.view.ViewRootImpl$TraversalRunnable.run:12903 android.view.Choreographer$CallbackRecord.run:1901 android.view.Choreographer$CallbackRecord.run:1910 android.view.Choreographer.doCallbacks:1367 android.view.Choreographer.doFrame:1292 android.view.Choreographer$FrameDisplayEventReceiver.run:1870 
11-23 21:24:26.021 24620 24620 I BLASTBufferQueue_Java: update, w= 1440 h= 94 mName = VRI[PopupWindow:90ddd5a]@8a80468 mNativeObject= 0xb400007adda9a6d0 sc.mNativeObject= 0xb400007b7da46d90 format= -3 caller= android.view.ViewRootImpl.updateBlastSurfaceIfNeeded:3590 android.view.ViewRootImpl.relayoutWindow:11685 android.view.ViewRootImpl.performTraversals:4804 android.view.ViewRootImpl.doTraversal:3924 android.view.ViewRootImpl$TraversalRunnable.run:12903 android.view.Choreographer$CallbackRecord.run:1901 
11-23 21:24:26.021 24620 24620 W libc    : Access denied finding property "vendor.display.enable_optimal_refresh_rate"
11-23 21:24:26.022 24620 24620 I VRI[PopupWindow:90ddd5a]@8a80468: Relayout returned: old=(0,100,1440,3032) new=(0,100,1440,194) relayoutAsync=false req=(1440,94)0 dur=9 res=0x3 s={true 0xb400007bedce6a80} ch=true seqId=0
11-23 21:24:26.023 24620 24620 I VRI[PopupWindow:90ddd5a]@8a80468: performConfigurationChange setNightDimText nightDimLevel=0
11-23 21:24:26.025 24620 24620 D VRI[PopupWindow:90ddd5a]@8a80468: mThreadedRenderer.initialize() mSurface={isValid=true 0xb400007bedce6a80} hwInitialized=true
11-23 21:24:26.026 24620 24620 D VRI[PopupWindow:90ddd5a]@8a80468: reportNextDraw android.view.ViewRootImpl.performTraversals:5443 android.view.ViewRootImpl.doTraversal:3924 android.view.ViewRootImpl$TraversalRunnable.run:12903 android.view.Choreographer$CallbackRecord.run:1901 android.view.Choreographer$CallbackRecord.run:1910 
11-23 21:24:26.027 24620 24620 D VRI[PopupWindow:90ddd5a]@8a80468: Setup new sync=wmsSync-VRI[PopupWindow:90ddd5a]@8a80468#18
11-23 21:24:26.027 24620 24620 I VRI[PopupWindow:90ddd5a]@8a80468: Creating new active sync group VRI[PopupWindow:90ddd5a]@8a80468#19
11-23 21:24:26.027 24620 24620 D VRI[PopupWindow:90ddd5a]@8a80468: registerCallbacksForSync syncBuffer=false
11-23 21:24:26.029 24620 24692 D VRI[PopupWindow:90ddd5a]@8a80468: Received frameDrawingCallback syncResult=0 frameNum=1.
11-23 21:24:26.029 24620 24692 I VRI[PopupWindow:90ddd5a]@8a80468: mWNT: t=0xb400007c8dc33950 mBlastBufferQueue=0xb400007adda9a6d0 fn= 1 HdrRenderState mRenderHdrSdrRatio=1.0 caller= android.view.ViewRootImpl$12.onFrameDraw:15441 android.view.ThreadedRenderer$1.onFrameDraw:718 <bottom of call stack> 
11-23 21:24:26.029 24620 24692 I VRI[PopupWindow:90ddd5a]@8a80468: Setting up sync and frameCommitCallback
11-23 21:24:26.031 24620 24676 I BLASTBufferQueue: [VRI[PopupWindow:90ddd5a]@8a80468#5](f:0,a:0,s:0) onFrameAvailable the first frame is available
11-23 21:24:26.032 24620 24676 I SurfaceComposerClient: apply transaction with the first frame. layerId: 58470, bufferData(ID: 105742094827542, frameNumber: 1)
11-23 21:24:26.037 24620 24676 I VRI[PopupWindow:90ddd5a]@8a80468: Received frameCommittedCallback lastAttemptedDrawFrameNum=1 didProduceBuffer=true
11-23 21:24:26.038 24620 24676 D HWUI    : CFMS:: SetUp Pid : 24620    Tid : 24676
11-23 21:24:26.038 24620 24620 D VRI[PopupWindow:90ddd5a]@8a80468: reportDrawFinished seqId=0
11-23 21:24:26.039 24620 24620 I VRI[PopupWindow:90ddd5a]@8a80468: handleResized, frames=ClientWindowFrames{frame=[0,100][1440,194] display=[0,100][1440,3032] parentFrame=[0,0][0,0] attachedFrame=[0,0][1440,3088]} displayId=0 dragResizing=false compatScale=1.0 frameChanged=false attachedFrameChanged=false configChanged=false displayChanged=false compatScaleChanged=false dragResizingChanged=false
11-23 21:24:26.039 24620 24620 I VRI[PopupWindow:90ddd5a]@8a80468: handleResized mSyncSeqId = 0
11-23 21:24:26.040 24620 24620 D VRI[PopupWindow:90ddd5a]@8a80468: reportNextDraw android.view.ViewRootImpl.handleResized:2983 android.view.ViewRootImpl.-$$Nest$mhandleResized:0 android.view.ViewRootImpl$W.resized:14082 android.app.servertransaction.WindowStateResizeItem.execute:93 android.app.servertransaction.WindowStateTransactionItem.execute:62 
11-23 21:24:26.041 24620 24620 D VRI[PopupWindow:90ddd5a]@8a80468: Setup new sync=wmsSync-VRI[PopupWindow:90ddd5a]@8a80468#20
11-23 21:24:26.041 24620 24620 I VRI[PopupWindow:90ddd5a]@8a80468: Creating new active sync group VRI[PopupWindow:90ddd5a]@8a80468#21
11-23 21:24:26.042 24620 24620 D VRI[PopupWindow:90ddd5a]@8a80468: registerCallbacksForSync syncBuffer=false
11-23 21:24:26.044 24620 24691 D VRI[PopupWindow:90ddd5a]@8a80468: Received frameDrawingCallback syncResult=0 frameNum=2.
11-23 21:24:26.044 24620 24691 I VRI[PopupWindow:90ddd5a]@8a80468: Setting up sync and frameCommitCallback
11-23 21:24:26.044 24620 24676 I VRI[PopupWindow:90ddd5a]@8a80468: Received frameCommittedCallback lastAttemptedDrawFrameNum=2 didProduceBuffer=false
11-23 21:24:26.045 24620 24676 I BLASTBufferQueue_Java: gatherPendingTransactions, mName= VRI[PopupWindow:90ddd5a]@8a80468 mNativeObject= 0xb400007adda9a6d0 frameNumber= 2 caller= android.view.ViewRootImpl$12.lambda$onFrameDraw$3:15525 android.view.ViewRootImpl$12.$r8$lambda$CTo3ExVBk8akdVTGlqHPAoYLRVI:0 android.view.ViewRootImpl$12$$ExternalSyntheticLambda1.onFrameCommit:0 android.view.ThreadedRenderer$1.lambda$onFrameDraw$0:730 android.view.ThreadedRenderer$1$$ExternalSyntheticLambda0.onFrameCommit:0 <bottom of call stack> 
11-23 21:24:26.045 24620 24620 D VRI[PopupWindow:90ddd5a]@8a80468: reportDrawFinished seqId=0
11-23 21:24:26.818 24620 24689 D Detox.RNMarker: DOWNLOAD_END ({"url":"http:\/\/localhost:8081\/index.bundle?platform=android&dev=true&lazy=true&minify=false&app=dev.souschef.app&modulesOnly=false&runModule=true&excludeSource=true&sourcePaths=url-server","filesChangedCount":0})
11-23 21:24:26.818 24620 24620 W WindowOnBackDispatcher: sendCancelIfRunning: isInProgress=false callback=android.widget.PopupWindow$PopupDecorView$$ExternalSyntheticLambda1@fd3a567
11-23 21:24:26.819 24620 24689 W unknown:BridgelessReact: ReactHost{0}.loadJSBundleFromMetro(): Creating BundleLoader
11-23 21:24:26.819 24620 24620 I WindowManager: WindowManagerGlobal#removeView, ty=1000, view=android.widget.PopupWindow$PopupDecorView{1f4db8b V.E...... R....... 0,0-1440,94}, caller=android.view.WindowManagerGlobal.removeView:654 android.view.WindowManagerImpl.removeViewImmediate:216 android.widget.PopupWindow.dismissImmediate:2415 
11-23 21:24:26.820 24620 24686 W unknown:BridgelessReact: ReactHost{0}.getOrCreateReactContext(): Creating BridgelessReactContext
11-23 21:24:26.820 24620 24686 W unknown:BridgelessReact: ReactHost{0}.getOrCreateReactInstanceTask(): Creating ReactInstance
11-23 21:24:26.822 24620 24686 W unknown:ReactNative: Inspector connection already open, nooping.
11-23 21:24:26.823 24620 24620 I VRI[PopupWindow:90ddd5a]@8a80468: dispatchDetachedFromWindow
11-23 21:24:26.830 24620 24620 D InputTransport: Input channel destroyed: '890b118', fd=182
11-23 21:24:26.839 24620 24724 I CameraDevices: Initializing ProcessCameraProvider...
11-23 21:24:26.840 24620 24724 I CameraDevices: Initializing ExtensionsManager...
11-23 21:24:26.840 24620 24724 I CameraDevices: Successfully initialized!
11-23 21:24:26.841 24620 24724 D CapabilitiesByQuality: profiles = ImmutableEncoderProfilesProxy{defaultDurationSeconds=30, recommendedFileFormat=2, audioProfiles=[AudioProfileProxy{codec=3, mediaType=audio/mp4a-latm, bitrate=256000, sampleRate=48000, channels=2, profile=1}], videoProfiles=[VideoProfileProxy{codec=2, mediaType=video/avc, bitrate=48000000, frameRate=30, width=3840, height=2160, profile=-1, bitDepth=8, chromaSubsampling=0, hdrFormat=0}]}
11-23 21:24:26.842 24620 24724 D CapabilitiesByQuality: profiles = ImmutableEncoderProfilesProxy{defaultDurationSeconds=30, recommendedFileFormat=2, audioProfiles=[AudioProfileProxy{codec=3, mediaType=audio/mp4a-latm, bitrate=256000, sampleRate=48000, channels=2, profile=1}], videoProfiles=[VideoProfileProxy{codec=2, mediaType=video/avc, bitrate=17000000, frameRate=30, width=1920, height=1080, profile=-1, bitDepth=8, chromaSubsampling=0, hdrFormat=0}]}
11-23 21:24:26.842 24620 24724 D CapabilitiesByQuality: profiles = ImmutableEncoderProfilesProxy{defaultDurationSeconds=30, recommendedFileFormat=2, audioProfiles=[AudioProfileProxy{codec=3, mediaType=audio/mp4a-latm, bitrate=256000, sampleRate=48000, channels=2, profile=1}], videoProfiles=[VideoProfileProxy{codec=2, mediaType=video/avc, bitrate=12000000, frameRate=30, width=1280, height=720, profile=-1, bitDepth=8, chromaSubsampling=0, hdrFormat=0}]}
11-23 21:24:26.842 24620 24724 D CapabilitiesByQuality: profiles = ImmutableEncoderProfilesProxy{defaultDurationSeconds=30, recommendedFileFormat=2, audioProfiles=[AudioProfileProxy{codec=3, mediaType=audio/mp4a-latm, bitrate=256000, sampleRate=48000, channels=2, profile=1}], videoProfiles=[VideoProfileProxy{codec=2, mediaType=video/avc, bitrate=3449000, frameRate=30, width=720, height=480, profile=-1, bitDepth=8, chromaSubsampling=0, hdrFormat=0}]}
11-23 21:24:26.844 24620 24724 D CameraCharacteristicsUtil: isAvailableFeature(mode 202) : true
11-23 21:24:26.844 24620 24724 D CameraCharacteristicsUtil: isAvailableDynamicShotInfo : true
11-23 21:24:26.845 24620 24724 D CameraCharacteristicsUtil: isAvailableFeature(mode 101) : true
11-23 21:24:26.845 24620 24724 I cx/HdrExt#24: isExtensionAvailable: cameraId = 0, false
11-23 21:24:26.845 24620 24724 D CameraCharacteristicsUtil: isAvailableFeature(mode 201) : true
11-23 21:24:26.845 24620 24724 D CameraCharacteristicsUtil: isAvailableDynamicShotInfo : true
11-23 21:24:26.846 24620 24724 D CameraCharacteristicsUtil: isAvailableFeature(mode 101) : true
11-23 21:24:26.846 24620 24724 I cx/NightExt#25: isExtensionAvailable: cameraId = 0, false
11-23 21:24:26.846 24620 24724 D CameraCharacteristicsUtil: isAvailableFeature(mode 203) : false
11-23 21:24:26.846 24620 24724 I cx/SuperNightExt#26: isExtensionAvailable: cameraId = 0, false
11-23 21:24:26.875 24620 25140 D InstallReferrerState: OK
11-23 21:24:26.905 24620 24724 D CapabilitiesByQuality: profiles = ImmutableEncoderProfilesProxy{defaultDurationSeconds=30, recommendedFileFormat=2, audioProfiles=[AudioProfileProxy{codec=3, mediaType=audio/mp4a-latm, bitrate=256000, sampleRate=48000, channels=2, profile=1}], videoProfiles=[VideoProfileProxy{codec=2, mediaType=video/avc, bitrate=17000000, frameRate=30, width=1920, height=1080, profile=-1, bitDepth=8, chromaSubsampling=0, hdrFormat=0}]}
11-23 21:24:26.905 24620 24724 D CapabilitiesByQuality: profiles = ImmutableEncoderProfilesProxy{defaultDurationSeconds=30, recommendedFileFormat=2, audioProfiles=[AudioProfileProxy{codec=3, mediaType=audio/mp4a-latm, bitrate=256000, sampleRate=48000, channels=2, profile=1}], videoProfiles=[VideoProfileProxy{codec=2, mediaType=video/avc, bitrate=12000000, frameRate=30, width=1280, height=720, profile=-1, bitDepth=8, chromaSubsampling=0, hdrFormat=0}]}
11-23 21:24:26.905 24620 24724 D CapabilitiesByQuality: profiles = ImmutableEncoderProfilesProxy{defaultDurationSeconds=30, recommendedFileFormat=2, audioProfiles=[AudioProfileProxy{codec=3, mediaType=audio/mp4a-latm, bitrate=256000, sampleRate=48000, channels=2, profile=1}], videoProfiles=[VideoProfileProxy{codec=2, mediaType=video/avc, bitrate=3449000, frameRate=30, width=720, height=480, profile=-1, bitDepth=8, chromaSubsampling=0, hdrFormat=0}]}
11-23 21:24:26.906 24620 24724 D CameraCharacteristicsUtil: isAvailableFeature(mode 202) : true
11-23 21:24:26.906 24620 24724 D CameraCharacteristicsUtil: isAvailableDynamicShotInfo : true
11-23 21:24:26.906 24620 24724 D CameraCharacteristicsUtil: isAvailableFeature(mode 101) : true
11-23 21:24:26.907 24620 24724 I cx/HdrExt#27: isExtensionAvailable: cameraId = 1, false
11-23 21:24:26.907 24620 24724 D CameraCharacteristicsUtil: isAvailableFeature(mode 201) : true
11-23 21:24:26.907 24620 24724 D CameraCharacteristicsUtil: isAvailableDynamicShotInfo : true
11-23 21:24:26.907 24620 24724 D CameraCharacteristicsUtil: isAvailableFeature(mode 101) : true
11-23 21:24:26.907 24620 24724 I cx/NightExt#28: isExtensionAvailable: cameraId = 1, false
11-23 21:24:26.908 24620 24724 D CameraCharacteristicsUtil: isAvailableFeature(mode 203) : false
11-23 21:24:26.908 24620 24724 I cx/SuperNightExt#29: isExtensionAvailable: cameraId = 1, false
11-23 21:24:26.937 24620 24686 W unknown:BridgelessReact: ReactHost{0}.getOrCreateReactInstanceTask(): Loading JS Bundle
11-23 21:24:26.938 24620 24686 W unknown:BridgelessReact: ReactHost{0}.getOrCreateReactInstanceTask(): Calling DevSupportManagerBase.onNewReactContextCreated(reactContext)
11-23 21:24:26.938 24620 25137 D Detox.RNMarker: RUN_JS_BUNDLE_START (/index.bundle?platform=android&dev=true&lazy=true&minify=false&app=dev.souschef.app&modulesOnly=false&runModule=true&excludeSource=true&sourcePaths=url-server)
11-23 21:24:26.939 24620 24620 W unknown:ReactNative: Packager connection already open, nooping.
11-23 21:24:26.939 24620 24724 D CapabilitiesByQuality: profiles = ImmutableEncoderProfilesProxy{defaultDurationSeconds=30, recommendedFileFormat=2, audioProfiles=[AudioProfileProxy{codec=3, mediaType=audio/mp4a-latm, bitrate=256000, sampleRate=48000, channels=2, profile=1}], videoProfiles=[VideoProfileProxy{codec=2, mediaType=video/avc, bitrate=17000000, frameRate=30, width=1920, height=1080, profile=-1, bitDepth=8, chromaSubsampling=0, hdrFormat=0}]}
11-23 21:24:26.939 24620 24686 W unknown:BridgelessReact: ReactHost{0}.getOrCreateReloadTask(): Restarting previously running React Native Surfaces
11-23 21:24:26.939 24620 24620 W unknown:BridgelessReact: ReactContext.onHostResume()
11-23 21:24:26.939 24620 24724 D CapabilitiesByQuality: profiles = ImmutableEncoderProfilesProxy{defaultDurationSeconds=30, recommendedFileFormat=2, audioProfiles=[AudioProfileProxy{codec=3, mediaType=audio/mp4a-latm, bitrate=256000, sampleRate=48000, channels=2, profile=1}], videoProfiles=[VideoProfileProxy{codec=2, mediaType=video/avc, bitrate=12000000, frameRate=30, width=1280, height=720, profile=-1, bitDepth=8, chromaSubsampling=0, hdrFormat=0}]}
11-23 21:24:26.939 24620 24724 D CapabilitiesByQuality: profiles = ImmutableEncoderProfilesProxy{defaultDurationSeconds=30, recommendedFileFormat=2, audioProfiles=[AudioProfileProxy{codec=3, mediaType=audio/mp4a-latm, bitrate=256000, sampleRate=48000, channels=2, profile=1}], videoProfiles=[VideoProfileProxy{codec=2, mediaType=video/avc, bitrate=3449000, frameRate=30, width=720, height=480, profile=-1, bitDepth=8, chromaSubsampling=0, hdrFormat=0}]}
11-23 21:24:26.940 24620 24620 W unknown:BridgelessReact: ReactHost{0}.getOrCreateReactInstanceTask(): Executing ReactInstanceEventListeners
11-23 21:24:26.940 24620 24620 I DetoxRNLoading: Got new RN-context through listener
11-23 21:24:26.940 24620 24686 W unknown:BridgelessReact: ReactHost{0}.getOrCreateReloadTask(): Resetting reload task ref
11-23 21:24:26.940 24620 24724 D CameraCharacteristicsUtil: isAvailableFeature(mode 202) : true
11-23 21:24:26.941 24620 24724 D CameraCharacteristicsUtil: isAvailableDynamicShotInfo : true
11-23 21:24:26.941 24620 24659 I DetoxWSClient: Sending out action 'ready' (ID #-1000)
11-23 21:24:26.941 24620 24724 D CameraCharacteristicsUtil: isAvailableFeature(mode 101) : true
11-23 21:24:26.941 24620 24724 I cx/HdrExt#30: isExtensionAvailable: cameraId = 2, false
11-23 21:24:26.941 24620 24659 I DetoxDispatcher: Done with action 'reactNativeReload'
11-23 21:24:26.941 24620 24724 D CameraCharacteristicsUtil: isAvailableFeature(mode 201) : true
11-23 21:24:26.941 24620 24724 D CameraCharacteristicsUtil: isAvailableDynamicShotInfo : true
11-23 21:24:26.941 24620 24724 D CameraCharacteristicsUtil: isAvailableFeature(mode 101) : true
11-23 21:24:26.942 24620 24724 I cx/NightExt#31: isExtensionAvailable: cameraId = 2, false
11-23 21:24:26.942 24620 24724 D CameraCharacteristicsUtil: isAvailableFeature(mode 203) : false
11-23 21:24:26.942 24620 24724 I cx/SuperNightExt#32: isExtensionAvailable: cameraId = 2, false
11-23 21:24:26.942 24620 25138 W BridgelessReactContext: [WARNING] Bridgeless doesn't support CatalystInstance. Accessing an API that's not part of the new architecture is not encouraged usage.
11-23 21:24:26.967 24620 24724 D CapabilitiesByQuality: profiles = ImmutableEncoderProfilesProxy{defaultDurationSeconds=30, recommendedFileFormat=2, audioProfiles=[AudioProfileProxy{codec=3, mediaType=audio/mp4a-latm, bitrate=256000, sampleRate=48000, channels=2, profile=1}], videoProfiles=[VideoProfileProxy{codec=2, mediaType=video/avc, bitrate=17000000, frameRate=30, width=1920, height=1080, profile=-1, bitDepth=8, chromaSubsampling=0, hdrFormat=0}]}
11-23 21:24:26.968 24620 24724 D CapabilitiesByQuality: profiles = ImmutableEncoderProfilesProxy{defaultDurationSeconds=30, recommendedFileFormat=2, audioProfiles=[AudioProfileProxy{codec=3, mediaType=audio/mp4a-latm, bitrate=256000, sampleRate=48000, channels=2, profile=1}], videoProfiles=[VideoProfileProxy{codec=2, mediaType=video/avc, bitrate=12000000, frameRate=30, width=1280, height=720, profile=-1, bitDepth=8, chromaSubsampling=0, hdrFormat=0}]}
11-23 21:24:26.968 24620 24724 D CapabilitiesByQuality: profiles = ImmutableEncoderProfilesProxy{defaultDurationSeconds=30, recommendedFileFormat=2, audioProfiles=[AudioProfileProxy{codec=3, mediaType=audio/mp4a-latm, bitrate=256000, sampleRate=48000, channels=2, profile=1}], videoProfiles=[VideoProfileProxy{codec=2, mediaType=video/avc, bitrate=3449000, frameRate=30, width=720, height=480, profile=-1, bitDepth=8, chromaSubsampling=0, hdrFormat=0}]}
11-23 21:24:26.968 24620 24724 D CameraCharacteristicsUtil: isAvailableFeature(mode 202) : true
11-23 21:24:26.969 24620 24724 D CameraCharacteristicsUtil: isAvailableDynamicShotInfo : true
11-23 21:24:26.969 24620 24724 D CameraCharacteristicsUtil: isAvailableFeature(mode 101) : true
11-23 21:24:26.969 24620 24724 I cx/HdrExt#33: isExtensionAvailable: cameraId = 3, false
11-23 21:24:26.969 24620 24724 D CameraCharacteristicsUtil: isAvailableFeature(mode 201) : true
11-23 21:24:26.969 24620 24724 D CameraCharacteristicsUtil: isAvailableDynamicShotInfo : true
11-23 21:24:26.969 24620 24724 D CameraCharacteristicsUtil: isAvailableFeature(mode 101) : true
11-23 21:24:26.969 24620 24724 I cx/NightExt#34: isExtensionAvailable: cameraId = 3, false
11-23 21:24:26.969 24620 24724 D CameraCharacteristicsUtil: isAvailableFeature(mode 203) : false
11-23 21:24:26.969 24620 24724 I cx/SuperNightExt#35: isExtensionAvailable: cameraId = 3, false
11-23 21:24:26.998 24620 24620 I VRI[MainActivity]@8e53a52: call setFrameRateCategory for touch hint category=no preference, reason=boost timeout, vri=VRI[MainActivity]@8e53a52
11-23 21:24:28.138 24620 25137 I ReactNativeJS: 🔧 Apollo: Memory management configured for mobile
11-23 21:24:28.154 24620 25137 I Nitro.HybridObjectRegistry: Unregistering HybridObject "UnistylesRuntime"...
11-23 21:24:28.154 24620 25137 I Nitro.HybridObjectRegistry: Unregistering HybridObject "UnistylesStyleSheet"...
11-23 21:24:28.154 24620 25137 I Nitro.HybridObjectRegistry: Unregistering HybridObject "UnistylesShadowRegistry"...
11-23 21:24:28.154 24620 25137 I Nitro.HybridObjectRegistry: Registering HybridObject "UnistylesRuntime"...
11-23 21:24:28.154 24620 25137 I Nitro.HybridObjectRegistry: Successfully registered HybridObject "UnistylesRuntime"!
11-23 21:24:28.154 24620 25137 I Nitro.HybridObjectRegistry: Registering HybridObject "UnistylesStyleSheet"...
11-23 21:24:28.154 24620 25137 I Nitro.HybridObjectRegistry: Successfully registered HybridObject "UnistylesStyleSheet"!
11-23 21:24:28.154 24620 25137 I Nitro.HybridObjectRegistry: Registering HybridObject "UnistylesShadowRegistry"...
11-23 21:24:28.154 24620 25137 I Nitro.HybridObjectRegistry: Successfully registered HybridObject "UnistylesShadowRegistry"!
11-23 21:24:28.158 24620 25137 I Nitro.Dispatcher: Installing global Dispatcher Holder into Runtime "HermesRuntime[RNBridgeless] (Thread #521560011712)"...
11-23 21:24:28.158 24620 25137 I Nitro.HybridObjectPrototype: Creating new JS prototype for C++ instance type "HybridNitroModulesProxy"...
11-23 21:24:28.158 24620 25137 I Nitro.HybridObjectPrototype: Creating new JS prototype for C++ instance type "HybridObject"...
11-23 21:24:28.159 24620 25137 W Nitro.JSICache: JSICache was created, but it is no longer strong!
11-23 21:24:28.159 24620 25137 I Nitro.JSICache: Creating new JSICache<T> for runtime HermesRuntime[RNBridgeless] (Thread #521560011712)..
11-23 21:24:28.173 24620 25137 W [RNScreens]: InsetObserverProxy registers on new context while it has not been invalidated on the old one. Please report this as issue at https://github.com/software-mansion/react-native-screens/issues
11-23 21:24:28.174 24620 25137 W unknown:ViewManagerPropertyUpdater: Could not find generated setter for class com.th3rdwave.safeareacontext.SafeAreaProviderManager
11-23 21:24:28.177 24620 25137 W unknown:ViewManagerPropertyUpdater: Could not find generated setter for class com.facebook.react.uimanager.LayoutShadowNode
11-23 21:24:28.180 24620 25137 W unknown:ViewManagerPropertyUpdater: Could not find generated setter for class com.swmansion.rnscreens.SearchBarManager
11-23 21:24:28.181 24620 25137 W unknown:ViewManagerPropertyUpdater: Could not find generated setter for class com.swmansion.rnscreens.ScreenFooterManager
11-23 21:24:28.183 24620 25137 W unknown:ViewManagerPropertyUpdater: Could not find generated setter for class com.swmansion.rnscreens.gamma.tabs.TabScreenViewManager
11-23 21:24:28.184 24620 25137 W unknown:ViewManagerPropertyUpdater: Could not find generated setter for class com.swmansion.rnscreens.ScreenContainerViewManager
11-23 21:24:28.185 24620 25137 W unknown:ViewManagerPropertyUpdater: Could not find generated setter for class com.swmansion.rnscreens.gamma.tabs.TabsHostViewManager
11-23 21:24:28.186 24620 25137 W unknown:ViewManagerPropertyUpdater: Could not find generated setter for class com.swmansion.rnscreens.ModalScreenViewManager
11-23 21:24:28.188 24620 25137 W unknown:ViewManagerPropertyUpdater: Could not find generated setter for class com.swmansion.rnscreens.ScreenStackHeaderConfigViewManager
11-23 21:24:28.190 24620 25137 E unknown:UIManagerModuleConstantsHelper: Direct event name for 'CameraView' doesn't correspond to the naming convention, expected 'topEventName'->'onEventName', got 'topCameraStarted'->'onStarted'
11-23 21:24:28.190 24620 25137 E unknown:UIManagerModuleConstantsHelper: Direct event name for 'CameraView' doesn't correspond to the naming convention, expected 'topEventName'->'onEventName', got 'topCameraError'->'onError'
11-23 21:24:28.190 24620 25137 E unknown:UIManagerModuleConstantsHelper: Direct event name for 'CameraView' doesn't correspond to the naming convention, expected 'topEventName'->'onEventName', got 'topCameraViewReady'->'onViewReady'
11-23 21:24:28.190 24620 25137 E unknown:UIManagerModuleConstantsHelper: Direct event name for 'CameraView' doesn't correspond to the naming convention, expected 'topEventName'->'onEventName', got 'topCameraAverageFpsChanged'->'onAverageFpsChanged'
11-23 21:24:28.190 24620 25137 E unknown:UIManagerModuleConstantsHelper: Direct event name for 'CameraView' doesn't correspond to the naming convention, expected 'topEventName'->'onEventName', got 'topCameraShutter'->'onShutter'
11-23 21:24:28.190 24620 25137 E unknown:UIManagerModuleConstantsHelper: Direct event name for 'CameraView' doesn't correspond to the naming convention, expected 'topEventName'->'onEventName', got 'topCameraOutputOrientationChanged'->'onOutputOrientationChanged'
11-23 21:24:28.190 24620 25137 E unknown:UIManagerModuleConstantsHelper: Direct event name for 'CameraView' doesn't correspond to the naming convention, expected 'topEventName'->'onEventName', got 'topCameraInitialized'->'onInitialized'
11-23 21:24:28.190 24620 25137 E unknown:UIManagerModuleConstantsHelper: Direct event name for 'CameraView' doesn't correspond to the naming convention, expected 'topEventName'->'onEventName', got 'topCameraCodeScanned'->'onCodeScanned'
11-23 21:24:28.190 24620 25137 E unknown:UIManagerModuleConstantsHelper: Direct event name for 'CameraView' doesn't correspond to the naming convention, expected 'topEventName'->'onEventName', got 'topCameraPreviewOrientationChanged'->'onPreviewOrientationChanged'
11-23 21:24:28.190 24620 25137 E unknown:UIManagerModuleConstantsHelper: Direct event name for 'CameraView' doesn't correspond to the naming convention, expected 'topEventName'->'onEventName', got 'topCameraStopped'->'onStopped'
11-23 21:24:28.190 24620 25137 E unknown:UIManagerModuleConstantsHelper: Direct event name for 'CameraView' doesn't correspond to the naming convention, expected 'topEventName'->'onEventName', got 'topCameraPreviewStarted'->'onPreviewStarted'
11-23 21:24:28.190 24620 25137 E unknown:UIManagerModuleConstantsHelper: Direct event name for 'CameraView' doesn't correspond to the naming convention, expected 'topEventName'->'onEventName', got 'topCameraPreviewStopped'->'onPreviewStopped'
11-23 21:24:28.191 24620 25137 W unknown:ViewManagerPropertyUpdater: Could not find generated setter for class com.mrousavy.camera.react.CameraViewManager
11-23 21:24:28.193 24620 25137 W unknown:ViewManagerPropertyUpdater: Could not find generated setter for class com.swmansion.rnscreens.ScreenContentWrapperManager
11-23 21:24:28.194 24620 25137 W unknown:ViewManagerPropertyUpdater: Could not find generated setter for class com.th3rdwave.safeareacontext.SafeAreaViewManager
11-23 21:24:28.197 24620 25137 W unknown:ViewManagerPropertyUpdater: Could not find generated setter for class com.th3rdwave.safeareacontext.SafeAreaViewShadowNode
11-23 21:24:28.198 24620 25137 W unknown:ViewManagerPropertyUpdater: Could not find generated setter for class com.swmansion.rnscreens.safearea.SafeAreaViewManager
11-23 21:24:28.199 24620 25137 W unknown:ViewManagerPropertyUpdater: Could not find generated setter for class com.swmansion.rnscreens.safearea.paper.SafeAreaViewShadowNode
11-23 21:24:28.201 24620 25137 W unknown:ViewManagerPropertyUpdater: Could not find generated setter for class com.swmansion.rnscreens.ScreenViewManager
11-23 21:24:28.202 24620 25137 W unknown:ViewManagerPropertyUpdater: Could not find generated setter for class com.reactnativepagerview.PagerViewViewManager
11-23 21:24:28.203 24620 25137 W unknown:ViewManagerPropertyUpdater: Could not find generated setter for class com.swmansion.rnscreens.ScreenStackHeaderSubviewManager
11-23 21:24:28.204 24620 25137 W unknown:ViewManagerPropertyUpdater: Could not find generated setter for class com.reactnativecommunity.picker.ReactDialogPickerManager
11-23 21:24:28.205 24620 25137 W unknown:ViewManagerPropertyUpdater: Could not find generated setter for class com.reactnativecommunity.picker.ReactPickerShadowNode
11-23 21:24:28.206 24620 25137 W unknown:ViewManagerPropertyUpdater: Could not find generated setter for class com.swmansion.rnscreens.ScreenStackViewManager
11-23 21:24:28.207 24620 25137 W unknown:ViewManagerPropertyUpdater: Could not find generated setter for class com.reactnativecommunity.picker.ReactDropdownPickerManager
11-23 21:24:28.332 24620 25137 W unknown:ViewManagerPropertyUpdater: Could not find generated setter for class com.horcrux.svg.RenderableViewManager$FeMergeManager
11-23 21:24:28.334 24620 25137 W unknown:ViewManagerPropertyUpdater: Could not find generated setter for class com.horcrux.svg.VirtualViewManager$RenderableShadowNode
11-23 21:24:28.343 24620 25137 W unknown:ViewManagerPropertyUpdater: Could not find generated setter for class com.facebook.react.views.safeareaview.ReactSafeAreaViewManager
11-23 21:24:28.351 24620 25137 W unknown:ViewManagerPropertyUpdater: Could not find generated setter for class com.horcrux.svg.RenderableViewManager$LinearGradientManager
11-23 21:24:28.361 24620 25137 W unknown:ViewManagerPropertyUpdater: Could not find generated setter for class com.facebook.react.views.progressbar.ReactProgressBarViewManager
11-23 21:24:28.362 24620 25137 W unknown:ViewManagerPropertyUpdater: Could not find generated setter for class com.facebook.react.views.progressbar.ProgressBarShadowNode
11-23 21:24:28.370 24620 25137 W unknown:ViewManagerPropertyUpdater: Could not find generated setter for class com.horcrux.svg.RenderableViewManager$FeColorMatrixManager
11-23 21:24:28.380 24620 25137 W unknown:ViewManagerPropertyUpdater: Could not find generated setter for class com.horcrux.svg.RenderableViewManager$SymbolManager
11-23 21:24:28.391 24620 25137 W unknown:ViewManagerPropertyUpdater: Could not find generated setter for class com.horcrux.svg.RenderableViewManager$PatternManager
11-23 21:24:28.403 24620 25137 W unknown:ViewManagerPropertyUpdater: Could not find generated setter for class com.horcrux.svg.SvgViewManager
11-23 21:24:28.414 24620 25137 W unknown:ViewManagerPropertyUpdater: Could not find generated setter for class com.facebook.react.views.switchview.ReactSwitchManager
11-23 21:24:28.415 24620 25137 W unknown:ViewManagerPropertyUpdater: Could not find generated setter for class com.facebook.react.views.switchview.ReactSwitchShadowNode
11-23 21:24:28.423 24620 25137 W unknown:ViewManagerPropertyUpdater: Could not find generated setter for class com.horcrux.svg.RenderableViewManager$UseViewManager
11-23 21:24:28.433 24620 25137 W unknown:ViewManagerPropertyUpdater: Could not find generated setter for class com.horcrux.svg.RenderableViewManager$TSpanViewManager
11-23 21:24:28.445 24620 25137 W unknown:ViewManagerPropertyUpdater: Could not find generated setter for class com.horcrux.svg.RenderableViewManager$FilterManager
11-23 21:24:28.454 24620 25137 W unknown:ViewManagerPropertyUpdater: Could not find generated setter for class com.horcrux.svg.RenderableViewManager$MarkerManager
11-23 21:24:28.465 24620 25137 W unknown:ViewManagerPropertyUpdater: Could not find generated setter for class com.swmansion.gesturehandler.react.RNGestureHandlerButtonViewManager
11-23 21:24:28.474 24620 25137 W unknown:ViewManagerPropertyUpdater: Could not find generated setter for class com.horcrux.svg.RenderableViewManager$ForeignObjectManager
11-23 21:24:28.484 24620 25137 W unknown:ViewManagerPropertyUpdater: Could not find generated setter for class com.horcrux.svg.RenderableViewManager$GroupViewManager
11-23 21:24:28.494 24620 25137 W unknown:ViewManagerPropertyUpdater: Could not find generated setter for class com.horcrux.svg.RenderableViewManager$TextViewManager
11-23 21:24:28.504 24620 25137 W unknown:ViewManagerPropertyUpdater: Could not find generated setter for class com.horcrux.svg.RenderableViewManager$ImageViewManager
11-23 21:24:28.515 24620 25137 W unknown:ViewManagerPropertyUpdater: Could not find generated setter for class com.horcrux.svg.RenderableViewManager$FeCompositeManager
11-23 21:24:28.524 24620 25137 W unknown:ViewManagerPropertyUpdater: Could not find generated setter for class com.horcrux.svg.RenderableViewManager$RadialGradientManager
11-23 21:24:28.533 24620 25137 W unknown:ViewManagerPropertyUpdater: Could not find generated setter for class com.facebook.react.views.unimplementedview.ReactUnimplementedViewManager
11-23 21:24:28.542 24620 25137 W unknown:ViewManagerPropertyUpdater: Could not find generated setter for class com.horcrux.svg.RenderableViewManager$FeOffsetManager
11-23 21:24:28.551 24620 25137 W unknown:ViewManagerPropertyUpdater: Could not find generated setter for class com.horcrux.svg.RenderableViewManager$PathViewManager
11-23 21:24:28.560 24620 25137 W unknown:ViewManagerPropertyUpdater: Could not find generated setter for class com.facebook.react.views.drawer.ReactDrawerLayoutManager
11-23 21:24:28.569 24620 25137 W unknown:ViewManagerPropertyUpdater: Could not find generated setter for class com.facebook.react.views.textinput.ReactTextInputManager
11-23 21:24:28.578 24620 25137 W unknown:ViewManagerPropertyUpdater: Could not find generated setter for class com.facebook.react.views.textinput.ReactTextInputShadowNode
11-23 21:24:28.595 24620 25137 W unknown:ViewManagerPropertyUpdater: Could not find generated setter for class com.horcrux.svg.RenderableViewManager$DefsViewManager
11-23 21:24:28.605 24620 25137 W unknown:ViewManagerPropertyUpdater: Could not find generated setter for class com.facebook.react.views.debuggingoverlay.DebuggingOverlayManager
11-23 21:24:28.611 24620 25137 W unknown:ViewManagerPropertyUpdater: Could not find generated setter for class com.horcrux.svg.RenderableViewManager$FeGaussianBlurManager
11-23 21:24:28.618 24620 25137 W unknown:ViewManagerPropertyUpdater: Could not find generated setter for class com.facebook.react.views.scroll.ReactHorizontalScrollViewManager
11-23 21:24:28.629 24620 25137 W unknown:ViewManagerPropertyUpdater: Could not find generated setter for class com.facebook.react.views.text.ReactTextViewManager
11-23 21:24:28.631 24620 25137 W unknown:ViewManagerPropertyUpdater: Could not find generated setter for class com.facebook.react.views.text.ReactTextShadowNode
11-23 21:24:28.640 24620 25137 W unknown:ViewManagerPropertyUpdater: Could not find generated setter for class com.facebook.react.views.scroll.ReactHorizontalScrollContainerViewManager
11-23 21:24:28.649 24620 25137 W unknown:ViewManagerPropertyUpdater: Could not find generated setter for class com.horcrux.svg.RenderableViewManager$ClipPathViewManager
11-23 21:24:28.659 24620 25137 W unknown:ViewManagerPropertyUpdater: Could not find generated setter for class com.horcrux.svg.RenderableViewManager$FeBlendManager
11-23 21:24:28.668 24620 25137 W unknown:ViewManagerPropertyUpdater: Could not find generated setter for class com.facebook.react.views.view.ReactViewManager
11-23 21:24:28.678 24620 25137 W unknown:ViewManagerPropertyUpdater: Could not find generated setter for class com.horcrux.svg.RenderableViewManager$CircleViewManager
11-23 21:24:28.688 24620 25137 W unknown:ViewManagerPropertyUpdater: Could not find generated setter for class com.facebook.react.views.modal.ReactModalHostManager
11-23 21:24:28.697 24620 25137 W unknown:ViewManagerPropertyUpdater: Could not find generated setter for class com.horcrux.svg.RenderableViewManager$EllipseViewManager
11-23 21:24:28.707 24620 25137 W unknown:ViewManagerPropertyUpdater: Could not find generated setter for class com.horcrux.svg.RenderableViewManager$LineViewManager
11-23 21:24:28.718 24620 25137 W unknown:ViewManagerPropertyUpdater: Could not find generated setter for class com.facebook.react.views.text.frescosupport.FrescoBasedReactTextInlineImageViewManager
11-23 21:24:28.719 24620 25137 W unknown:ViewManagerPropertyUpdater: Could not find generated setter for class com.facebook.react.views.text.frescosupport.FrescoBasedReactTextInlineImageShadowNode
11-23 21:24:28.727 24620 25137 W unknown:ViewManagerPropertyUpdater: Could not find generated setter for class com.horcrux.svg.RenderableViewManager$FeFloodManager
11-23 21:24:28.736 24620 25137 W unknown:ViewManagerPropertyUpdater: Could not find generated setter for class com.facebook.react.views.image.ReactImageManager
11-23 21:24:28.759 24620 25137 W unknown:ViewManagerPropertyUpdater: Could not find generated setter for class com.horcrux.svg.RenderableViewManager$MaskManager
11-23 21:24:28.770 24620 25137 W unknown:ViewManagerPropertyUpdater: Could not find generated setter for class com.horcrux.svg.RenderableViewManager$RectViewManager
11-23 21:24:28.780 24620 25137 W unknown:ViewManagerPropertyUpdater: Could not find generated setter for class com.horcrux.svg.RenderableViewManager$TextPathViewManager
11-23 21:24:28.792 24620 25137 W unknown:ViewManagerPropertyUpdater: Could not find generated setter for class com.facebook.react.views.scroll.ReactScrollViewManager
11-23 21:24:28.803 24620 25137 W unknown:ViewManagerPropertyUpdater: Could not find generated setter for class com.facebook.react.views.text.ReactVirtualTextViewManager
11-23 21:24:28.803 24620 25137 W unknown:ViewManagerPropertyUpdater: Could not find generated setter for class com.facebook.react.views.text.ReactVirtualTextShadowNode
11-23 21:24:28.812 24620 25137 W unknown:ViewManagerPropertyUpdater: Could not find generated setter for class com.facebook.react.views.swiperefresh.SwipeRefreshLayoutManager
11-23 21:24:28.820 24620 25137 W unknown:ViewManagerPropertyUpdater: Could not find generated setter for class com.facebook.react.views.text.ReactRawTextManager
11-23 21:24:28.821 24620 25137 W unknown:ViewManagerPropertyUpdater: Could not find generated setter for class com.facebook.react.views.text.ReactRawTextShadowNode
11-23 21:24:28.822 24620 25137 W unknown:ViewManagerPropertyUpdater: Could not find generated setter for class com.swmansion.gesturehandler.react.RNGestureHandlerRootViewManager
11-23 21:24:28.839 24620 25137 I Nitro.HybridObjectPrototype: Creating new JS prototype for C++ instance type "HybridStyleSheet"...
11-23 21:24:28.839 24620 25137 I Nitro.HybridObjectPrototype: Creating new JS prototype for C++ instance type "HybridUnistylesStyleSheetSpec"...
11-23 21:24:28.853 24620 25137 I Nitro.HybridObjectPrototype: Creating new JS prototype for C++ instance type "HybridUnistylesRuntime"...
11-23 21:24:28.853 24620 25137 I Nitro.HybridObjectPrototype: Creating new JS prototype for C++ instance type "HybridUnistylesRuntimeSpec"...
11-23 21:24:28.854 24620 25137 I Nitro.HybridObjectPrototype: Creating new JS prototype for C++ instance type "HybridUnistylesStatusBarSpec"...
11-23 21:24:28.854 24620 25137 I Nitro.HybridObjectPrototype: Creating new JS prototype for C++ instance type "HybridUnistylesNavigationBarSpec"...
11-23 21:24:28.856 24620 25137 I Nitro.HybridObjectPrototype: Creating new JS prototype for C++ instance type "HybridShadowRegistry"...
11-23 21:24:28.857 24620 25137 I Nitro.HybridObjectPrototype: Creating new JS prototype for C++ instance type "HybridUnistylesShadowRegistrySpec"...
11-23 21:24:28.948 24620 24664 D DetoxWSClient: Received action 'invoke' (ID #43, params={"target":{"type":"Class","value":"com.wix.detox.espresso.DetoxAssertion"},"method":"waitForAssertMatcher","args":[{"type":"Invocation","value":{"target":{"type":"Class","value":"androidx.test.espresso.Espresso"},"method":"onView","args":[{"type":"Invocation","value":{"target":{"type":"Class","value":"com.wix.detox.espresso.DetoxMatcher"},"method":"matcherForTestId","args":["post-login-biometric-prompt",{"type":"boolean","value":false}]}}]}},{"type":"Invocation","value":{"target":{"type":"Class","value":"com.wix.detox.espresso.DetoxMatcher"},"method":"matcherForSufficientlyVisible","args":[{"type":"Integer","value":75}]}},{"type":"Double","value":2}]})
11-23 21:24:28.949 24620 24659 I DetoxDispatcher: Handling action 'invoke' (ID #43)...
11-23 21:24:28.950 24620 24659 D Detox   : class com.wix.detox.espresso.DetoxMatcher, matcherForTestId, [post-login-biometric-prompt, false]
11-23 21:24:28.951 24620 24659 D Detox   : class androidx.test.espresso.Espresso, onView, [(view.getTag() is "post-login-biometric-prompt" and view has effective visibility <VISIBLE>)]
11-23 21:24:28.952 24620 24659 D Detox   : class com.wix.detox.espresso.DetoxMatcher, matcherForSufficientlyVisible, [75]
11-23 21:24:28.953 24620 24659 D Detox   : class com.wix.detox.espresso.DetoxAssertion, waitForAssertMatcher, [androidx.test.espresso.ViewInteraction@d3b17ca, (view has effective visibility <VISIBLE> and view.getGlobalVisibleRect() covers at least <75> percent of the view's area), 2.0]
11-23 21:24:28.963 24620 24620 I ViewInteraction: Checking 'MatchesViewAssertion(Detox){viewMatcher=(view has effective visibility <VISIBLE> and view.getGlobalVisibleRect() covers at least <75> percent of the view's area)}' assertion on view (view.getTag() is "post-login-biometric-prompt" and view has effective visibility <VISIBLE>)
11-23 21:24:28.994 24620 24620 I ViewInteraction: Checking 'MatchesViewAssertion(Detox){viewMatcher=(view has effective visibility <VISIBLE> and view.getGlobalVisibleRect() covers at least <75> percent of the view's area)}' assertion on view (view.getTag() is "post-login-biometric-prompt" and view has effective visibility <VISIBLE>)
11-23 21:24:29.023 24620 24620 I ViewInteraction: Checking 'MatchesViewAssertion(Detox){viewMatcher=(view has effective visibility <VISIBLE> and view.getGlobalVisibleRect() covers at least <75> percent of the view's area)}' assertion on view (view.getTag() is "post-login-biometric-prompt" and view has effective visibility <VISIBLE>)
11-23 21:24:29.051 24620 24620 I ViewInteraction: Checking 'MatchesViewAssertion(Detox){viewMatcher=(view has effective visibility <VISIBLE> and view.getGlobalVisibleRect() covers at least <75> percent of the view's area)}' assertion on view (view.getTag() is "post-login-biometric-prompt" and view has effective visibility <VISIBLE>)
11-23 21:24:29.079 24620 24620 I ViewInteraction: Checking 'MatchesViewAssertion(Detox){viewMatcher=(view has effective visibility <VISIBLE> and view.getGlobalVisibleRect() covers at least <75> percent of the view's area)}' assertion on view (view.getTag() is "post-login-biometric-prompt" and view has effective visibility <VISIBLE>)
11-23 21:24:29.109 24620 24620 I ViewInteraction: Checking 'MatchesViewAssertion(Detox){viewMatcher=(view has effective visibility <VISIBLE> and view.getGlobalVisibleRect() covers at least <75> percent of the view's area)}' assertion on view (view.getTag() is "post-login-biometric-prompt" and view has effective visibility <VISIBLE>)
11-23 21:24:29.138 24620 24620 I ViewInteraction: Checking 'MatchesViewAssertion(Detox){viewMatcher=(view has effective visibility <VISIBLE> and view.getGlobalVisibleRect() covers at least <75> percent of the view's area)}' assertion on view (view.getTag() is "post-login-biometric-prompt" and view has effective visibility <VISIBLE>)
11-23 21:24:29.167 24620 24620 I ViewInteraction: Checking 'MatchesViewAssertion(Detox){viewMatcher=(view has effective visibility <VISIBLE> and view.getGlobalVisibleRect() covers at least <75> percent of the view's area)}' assertion on view (view.getTag() is "post-login-biometric-prompt" and view has effective visibility <VISIBLE>)
11-23 21:24:29.196 24620 24620 I ViewInteraction: Checking 'MatchesViewAssertion(Detox){viewMatcher=(view has effective visibility <VISIBLE> and view.getGlobalVisibleRect() covers at least <75> percent of the view's area)}' assertion on view (view.getTag() is "post-login-biometric-prompt" and view has effective visibility <VISIBLE>)
11-23 21:24:29.224 24620 24620 I ViewInteraction: Checking 'MatchesViewAssertion(Detox){viewMatcher=(view has effective visibility <VISIBLE> and view.getGlobalVisibleRect() covers at least <75> percent of the view's area)}' assertion on view (view.getTag() is "post-login-biometric-prompt" and view has effective visibility <VISIBLE>)
11-23 21:24:29.253 24620 24620 I ViewInteraction: Checking 'MatchesViewAssertion(Detox){viewMatcher=(view has effective visibility <VISIBLE> and view.getGlobalVisibleRect() covers at least <75> percent of the view's area)}' assertion on view (view.getTag() is "post-login-biometric-prompt" and view has effective visibility <VISIBLE>)
11-23 21:24:29.281 24620 24620 I ViewInteraction: Checking 'MatchesViewAssertion(Detox){viewMatcher=(view has effective visibility <VISIBLE> and view.getGlobalVisibleRect() covers at least <75> percent of the view's area)}' assertion on view (view.getTag() is "post-login-biometric-prompt" and view has effective visibility <VISIBLE>)
11-23 21:24:29.311 24620 24620 I ViewInteraction: Checking 'MatchesViewAssertion(Detox){viewMatcher=(view has effective visibility <VISIBLE> and view.getGlobalVisibleRect() covers at least <75> percent of the view's area)}' assertion on view (view.getTag() is "post-login-biometric-prompt" and view has effective visibility <VISIBLE>)
11-23 21:24:29.340 24620 24620 I ViewInteraction: Checking 'MatchesViewAssertion(Detox){viewMatcher=(view has effective visibility <VISIBLE> and view.getGlobalVisibleRect() covers at least <75> percent of the view's area)}' assertion on view (view.getTag() is "post-login-biometric-prompt" and view has effective visibility <VISIBLE>)
11-23 21:24:29.368 24620 24620 I ViewInteraction: Checking 'MatchesViewAssertion(Detox){viewMatcher=(view has effective visibility <VISIBLE> and view.getGlobalVisibleRect() covers at least <75> percent of the view's area)}' assertion on view (view.getTag() is "post-login-biometric-prompt" and view has effective visibility <VISIBLE>)
11-23 21:24:29.397 24620 24620 I ViewInteraction: Checking 'MatchesViewAssertion(Detox){viewMatcher=(view has effective visibility <VISIBLE> and view.getGlobalVisibleRect() covers at least <75> percent of the view's area)}' assertion on view (view.getTag() is "post-login-biometric-prompt" and view has effective visibility <VISIBLE>)
11-23 21:24:29.425 24620 24620 I ViewInteraction: Checking 'MatchesViewAssertion(Detox){viewMatcher=(view has effective visibility <VISIBLE> and view.getGlobalVisibleRect() covers at least <75> percent of the view's area)}' assertion on view (view.getTag() is "post-login-biometric-prompt" and view has effective visibility <VISIBLE>)
11-23 21:24:29.456 24620 24620 I ViewInteraction: Checking 'MatchesViewAssertion(Detox){viewMatcher=(view has effective visibility <VISIBLE> and view.getGlobalVisibleRect() covers at least <75> percent of the view's area)}' assertion on view (view.getTag() is "post-login-biometric-prompt" and view has effective visibility <VISIBLE>)
11-23 21:24:29.486 24620 24620 I ViewInteraction: Checking 'MatchesViewAssertion(Detox){viewMatcher=(view has effective visibility <VISIBLE> and view.getGlobalVisibleRect() covers at least <75> percent of the view's area)}' assertion on view (view.getTag() is "post-login-biometric-prompt" and view has effective visibility <VISIBLE>)
11-23 21:24:29.515 24620 24620 I ViewInteraction: Checking 'MatchesViewAssertion(Detox){viewMatcher=(view has effective visibility <VISIBLE> and view.getGlobalVisibleRect() covers at least <75> percent of the view's area)}' assertion on view (view.getTag() is "post-login-biometric-prompt" and view has effective visibility <VISIBLE>)
11-23 21:24:29.543 24620 24620 I ViewInteraction: Checking 'MatchesViewAssertion(Detox){viewMatcher=(view has effective visibility <VISIBLE> and view.getGlobalVisibleRect() covers at least <75> percent of the view's area)}' assertion on view (view.getTag() is "post-login-biometric-prompt" and view has effective visibility <VISIBLE>)
11-23 21:24:29.572 24620 24620 I ViewInteraction: Checking 'MatchesViewAssertion(Detox){viewMatcher=(view has effective visibility <VISIBLE> and view.getGlobalVisibleRect() covers at least <75> percent of the view's area)}' assertion on view (view.getTag() is "post-login-biometric-prompt" and view has effective visibility <VISIBLE>)
11-23 21:24:29.602 24620 24620 I ViewInteraction: Checking 'MatchesViewAssertion(Detox){viewMatcher=(view has effective visibility <VISIBLE> and view.getGlobalVisibleRect() covers at least <75> percent of the view's area)}' assertion on view (view.getTag() is "post-login-biometric-prompt" and view has effective visibility <VISIBLE>)
11-23 21:24:29.630 24620 24620 I ViewInteraction: Checking 'MatchesViewAssertion(Detox){viewMatcher=(view has effective visibility <VISIBLE> and view.getGlobalVisibleRect() covers at least <75> percent of the view's area)}' assertion on view (view.getTag() is "post-login-biometric-prompt" and view has effective visibility <VISIBLE>)
11-23 21:24:29.659 24620 24620 I ViewInteraction: Checking 'MatchesViewAssertion(Detox){viewMatcher=(view has effective visibility <VISIBLE> and view.getGlobalVisibleRect() covers at least <75> percent of the view's area)}' assertion on view (view.getTag() is "post-login-biometric-prompt" and view has effective visibility <VISIBLE>)
11-23 21:24:29.687 24620 24620 I ViewInteraction: Checking 'MatchesViewAssertion(Detox){viewMatcher=(view has effective visibility <VISIBLE> and view.getGlobalVisibleRect() covers at least <75> percent of the view's area)}' assertion on view (view.getTag() is "post-login-biometric-prompt" and view has effective visibility <VISIBLE>)
11-23 21:24:29.717 24620 24620 I ViewInteraction: Checking 'MatchesViewAssertion(Detox){viewMatcher=(view has effective visibility <VISIBLE> and view.getGlobalVisibleRect() covers at least <75> percent of the view's area)}' assertion on view (view.getTag() is "post-login-biometric-prompt" and view has effective visibility <VISIBLE>)
11-23 21:24:29.718 24620 25137 D Detox.RNMarker: RUN_JS_BUNDLE_END (/index.bundle?platform=android&dev=true&lazy=true&minify=false&app=dev.souschef.app&modulesOnly=false&runModule=true&excludeSource=true&sourcePaths=url-server)
11-23 21:24:29.741 24620 25137 I ReactNativeJS: Running "SousChef" with {"rootTag":1,"initialProps":{},"fabric":true}
11-23 21:24:29.754 24620 24620 I ViewInteraction: Checking 'MatchesViewAssertion(Detox){viewMatcher=(view has effective visibility <VISIBLE> and view.getGlobalVisibleRect() covers at least <75> percent of the view's area)}' assertion on view (view.getTag() is "post-login-biometric-prompt" and view has effective visibility <VISIBLE>)
11-23 21:24:29.783 24620 24620 I ViewInteraction: Checking 'MatchesViewAssertion(Detox){viewMatcher=(view has effective visibility <VISIBLE> and view.getGlobalVisibleRect() covers at least <75> percent of the view's area)}' assertion on view (view.getTag() is "post-login-biometric-prompt" and view has effective visibility <VISIBLE>)
11-23 21:24:29.813 24620 24620 I ViewInteraction: Checking 'MatchesViewAssertion(Detox){viewMatcher=(view has effective visibility <VISIBLE> and view.getGlobalVisibleRect() covers at least <75> percent of the view's area)}' assertion on view (view.getTag() is "post-login-biometric-prompt" and view has effective visibility <VISIBLE>)
11-23 21:24:29.842 24620 24620 I ViewInteraction: Checking 'MatchesViewAssertion(Detox){viewMatcher=(view has effective visibility <VISIBLE> and view.getGlobalVisibleRect() covers at least <75> percent of the view's area)}' assertion on view (view.getTag() is "post-login-biometric-prompt" and view has effective visibility <VISIBLE>)
11-23 21:24:29.870 24620 24620 I ViewInteraction: Checking 'MatchesViewAssertion(Detox){viewMatcher=(view has effective visibility <VISIBLE> and view.getGlobalVisibleRect() covers at least <75> percent of the view's area)}' assertion on view (view.getTag() is "post-login-biometric-prompt" and view has effective visibility <VISIBLE>)
11-23 21:24:29.900 24620 24620 I ViewInteraction: Checking 'MatchesViewAssertion(Detox){viewMatcher=(view has effective visibility <VISIBLE> and view.getGlobalVisibleRect() covers at least <75> percent of the view's area)}' assertion on view (view.getTag() is "post-login-biometric-prompt" and view has effective visibility <VISIBLE>)
11-23 21:24:29.929 24620 24620 I ViewInteraction: Checking 'MatchesViewAssertion(Detox){viewMatcher=(view has effective visibility <VISIBLE> and view.getGlobalVisibleRect() covers at least <75> percent of the view's area)}' assertion on view (view.getTag() is "post-login-biometric-prompt" and view has effective visibility <VISIBLE>)
11-23 21:24:29.959 24620 24620 I ViewInteraction: Checking 'MatchesViewAssertion(Detox){viewMatcher=(view has effective visibility <VISIBLE> and view.getGlobalVisibleRect() covers at least <75> percent of the view's area)}' assertion on view (view.getTag() is "post-login-biometric-prompt" and view has effective visibility <VISIBLE>)
11-23 21:24:29.990 24620 24620 I ViewInteraction: Checking 'MatchesViewAssertion(Detox){viewMatcher=(view has effective visibility <VISIBLE> and view.getGlobalVisibleRect() covers at least <75> percent of the view's area)}' assertion on view (view.getTag() is "post-login-biometric-prompt" and view has effective visibility <VISIBLE>)
11-23 21:24:30.019 24620 24620 I ViewInteraction: Checking 'MatchesViewAssertion(Detox){viewMatcher=(view has effective visibility <VISIBLE> and view.getGlobalVisibleRect() covers at least <75> percent of the view's area)}' assertion on view (view.getTag() is "post-login-biometric-prompt" and view has effective visibility <VISIBLE>)
11-23 21:24:30.048 24620 24620 I ViewInteraction: Checking 'MatchesViewAssertion(Detox){viewMatcher=(view has effective visibility <VISIBLE> and view.getGlobalVisibleRect() covers at least <75> percent of the view's area)}' assertion on view (view.getTag() is "post-login-biometric-prompt" and view has effective visibility <VISIBLE>)
11-23 21:24:30.079 24620 24620 I ViewInteraction: Checking 'MatchesViewAssertion(Detox){viewMatcher=(view has effective visibility <VISIBLE> and view.getGlobalVisibleRect() covers at least <75> percent of the view's area)}' assertion on view (view.getTag() is "post-login-biometric-prompt" and view has effective visibility <VISIBLE>)
11-23 21:24:30.109 24620 24620 I ViewInteraction: Checking 'MatchesViewAssertion(Detox){viewMatcher=(view has effective visibility <VISIBLE> and view.getGlobalVisibleRect() covers at least <75> percent of the view's area)}' assertion on view (view.getTag() is "post-login-biometric-prompt" and view has effective visibility <VISIBLE>)
11-23 21:24:30.138 24620 24620 I ViewInteraction: Checking 'MatchesViewAssertion(Detox){viewMatcher=(view has effective visibility <VISIBLE> and view.getGlobalVisibleRect() covers at least <75> percent of the view's area)}' assertion on view (view.getTag() is "post-login-biometric-prompt" and view has effective visibility <VISIBLE>)
11-23 21:24:30.142 24620 25137 I Nitro.HybridObjectPrototype: Creating new JS prototype for C++ instance type "HybridMMKVPlatformContextSpec"...
11-23 21:24:30.142 24620 25137 I Nitro.HybridObjectPrototype: Creating new JS prototype for C++ instance type "HybridMMKVFactorySpec"...
11-23 21:24:30.142 24620 25137 I Nitro.MMKVFactory: Initializing MMKV with rootPath=/data/user/0/dev.souschef.app/files/mmkv
11-23 21:24:30.142 24620 25137 I MMKV    : <MMKV.cpp:223::initializeMMKV> root dir: /data/data/dev.souschef.app/files/mmkv
11-23 21:24:30.142 24620 25137 I Nitro.MMKV: Creating MMKV instance "sous-chef-storage_temp"... (Path: , Encrypted: false)
11-23 21:24:30.143 24620 25137 I Nitro.HybridObjectPrototype: Creating new JS prototype for C++ instance type "HybridMMKVSpec"...
11-23 21:24:30.168 24620 24620 I ViewInteraction: Checking 'MatchesViewAssertion(Detox){viewMatcher=(view has effective visibility <VISIBLE> and view.getGlobalVisibleRect() covers at least <75> percent of the view's area)}' assertion on view (view.getTag() is "post-login-biometric-prompt" and view has effective visibility <VISIBLE>)
11-23 21:24:30.198 24620 24620 I ViewInteraction: Checking 'MatchesViewAssertion(Detox){viewMatcher=(view has effective visibility <VISIBLE> and view.getGlobalVisibleRect() covers at least <75> percent of the view's area)}' assertion on view (view.getTag() is "post-login-biometric-prompt" and view has effective visibility <VISIBLE>)
11-23 21:24:30.199 24620 25137 D ConnectivityManager: StackLog: [android.net.ConnectivityManager.sendRequestForNetwork(ConnectivityManager.java:4736)] [android.net.ConnectivityManager.registerDefaultNetworkCallbackForUid(ConnectivityManager.java:5461)] [android.net.ConnectivityManager.registerDefaultNetworkCallback(ConnectivityManager.java:5428)] [android.net.ConnectivityManager.registerDefaultNetworkCallback(ConnectivityManager.java:5402)] [com.reactnativecommunity.netinfo.NetworkCallbackConnectivityReceiver.register(NetworkCallbackConnectivityReceiver.java:62)] [com.reactnativecommunity.netinfo.NetInfoModule.initialize(NetInfoModule.java:40)] [com.facebook.react.internal.turbomodule.core.TurboModuleManager.getOrCreateModule(TurboModuleManager.kt:261)] [com.facebook.react.internal.turbomodule.core.TurboModuleManager.getModule(TurboModuleManager.kt:203)] [com.facebook.react.internal.turbomodule.core.TurboModuleManager.getLegacyCxxModule(TurboModuleManager.kt:128)] [com.facebook.jni.NativeRunnable.run(Native Method)]
11-23 21:24:30.230 24620 24620 I ViewInteraction: Checking 'MatchesViewAssertion(Detox){viewMatcher=(view has effective visibility <VISIBLE> and view.getGlobalVisibleRect() covers at least <75> percent of the view's area)}' assertion on view (view.getTag() is "post-login-biometric-prompt" and view has effective visibility <VISIBLE>)
11-23 21:24:30.260 24620 24620 I ViewInteraction: Checking 'MatchesViewAssertion(Detox){viewMatcher=(view has effective visibility <VISIBLE> and view.getGlobalVisibleRect() covers at least <75> percent of the view's area)}' assertion on view (view.getTag() is "post-login-biometric-prompt" and view has effective visibility <VISIBLE>)
11-23 21:24:30.294 24620 24620 I ViewInteraction: Checking 'MatchesViewAssertion(Detox){viewMatcher=(view has effective visibility <VISIBLE> and view.getGlobalVisibleRect() covers at least <75> percent of the view's area)}' assertion on view (view.getTag() is "post-login-biometric-prompt" and view has effective visibility <VISIBLE>)
11-23 21:24:30.329 24620 24620 I ViewInteraction: Checking 'MatchesViewAssertion(Detox){viewMatcher=(view has effective visibility <VISIBLE> and view.getGlobalVisibleRect() covers at least <75> percent of the view's area)}' assertion on view (view.getTag() is "post-login-biometric-prompt" and view has effective visibility <VISIBLE>)
11-23 21:24:30.359 24620 24620 I ViewInteraction: Checking 'MatchesViewAssertion(Detox){viewMatcher=(view has effective visibility <VISIBLE> and view.getGlobalVisibleRect() covers at least <75> percent of the view's area)}' assertion on view (view.getTag() is "post-login-biometric-prompt" and view has effective visibility <VISIBLE>)
11-23 21:24:30.388 24620 24620 I ViewInteraction: Checking 'MatchesViewAssertion(Detox){viewMatcher=(view has effective visibility <VISIBLE> and view.getGlobalVisibleRect() covers at least <75> percent of the view's area)}' assertion on view (view.getTag() is "post-login-biometric-prompt" and view has effective visibility <VISIBLE>)
11-23 21:24:30.418 24620 24620 I ViewInteraction: Checking 'MatchesViewAssertion(Detox){viewMatcher=(view has effective visibility <VISIBLE> and view.getGlobalVisibleRect() covers at least <75> percent of the view's area)}' assertion on view (view.getTag() is "post-login-biometric-prompt" and view has effective visibility <VISIBLE>)
11-23 21:24:30.464 24620 24620 I ViewInteraction: Checking 'MatchesViewAssertion(Detox){viewMatcher=(view has effective visibility <VISIBLE> and view.getGlobalVisibleRect() covers at least <75> percent of the view's area)}' assertion on view (view.getTag() is "post-login-biometric-prompt" and view has effective visibility <VISIBLE>)
11-23 21:24:30.484 24620 24620 I WindowManager: WindowManagerGlobal#addView, ty=1000, view=android.widget.PopupWindow$PopupDecorView{b1077a V.E...... R.....I. 0,0-0,0}, caller=android.view.WindowManagerImpl.addView:158 android.widget.PopupWindow.invokePopup:1692 android.widget.PopupWindow.showAtLocation:1418 
11-23 21:24:30.484 24620 24620 D ViewRootImpl: desktopMode is false
11-23 21:24:30.485 24620 24620 I ViewRootImpl: dVRR is disabled
11-23 21:24:30.485 24620 24676 D NativeCustomFrequencyManager: [NativeCFMS] BpCustomFrequencyManager::BpCustomFrequencyManager()
11-23 21:24:30.494 24620 24620 D InputTransport: Input channel constructed: '8bbd811', fd=215
11-23 21:24:30.495 24620 24620 I InsetsController: onStateChanged: host=PopupWindow:b12f19c, from=android.view.ViewRootImpl.onInsetsStateChanged:3026, state=InsetsState: {mDisplayFrame=Rect(0, 0 - 1440, 3088), mDisplayCutout=DisplayCutout{insets=Rect(0, 100 - 0, 0) waterfall=Insets{left=0, top=0, right=0, bottom=0} boundingRect={Bounds=[Rect(0, 0 - 0, 0), Rect(683, 0 - 758, 100), Rect(0, 0 - 0, 0), Rect(0, 0 - 0, 0)]} cutoutPathParserInfo={CutoutPathParserInfo{displayWidth=1440 displayHeight=3088 physicalDisplayWidth=1440 physicalDisplayHeight=3088 density={3.75} cutoutSpec={M 0,0 H -10 V 26.66666666666667 H 10 V 0 H 0 Z @dp} rotation={0} scale={1.0} physicalPixelDisplaySizeRatio={1.0}}} sideOverrides={}}, mRoundedCorners=RoundedCorners{[RoundedCorner{position=TopLeft, radius=15, center=Point(15, 15)}, RoundedCorner{position=TopRight, radius=15, center=Point(1425, 15)}, RoundedCorner{position=BottomRight, radius=15, center=Point(1425, 3073)}, RoundedCorner{position=BottomLeft, radius=15, center=Point(15, 3073)}]}  mRoundedCornerFrame=Rect(0, 0 - 1440, 3088), mPrivacyIndicatorBounds=PrivacyIndicatorBounds {static bounds=Rect(1275, 0 - 1440, 100) rotation=0}, mDisplayShape=DisplayShape{ spec=-311912193 displayWidth=1440 displayHeight=3088 physicalPixelDisplaySizeRatio=1.0 rotation=0 offsetX=0 offsetY=0 scale=1.0}, mSources= { InsetsSource: {b11d0001 mType=navigationBars mFrame=[0,3032][1440,3088] mVisible=true mFlags=SUPPRESS_SCRIM mSideHint=BOTTOM mBoundingRects=null}, InsetsSource: {b11d0004 mType=systemGestures mFrame=[0,0][84,3088] mVisible=true mFlags= mSideHint=LEFT mBoundingRects=null}, InsetsSource: {b11d0005 mType=mandatorySystemGestures mFrame=[0,2968][1440,3088] mVisible=true mFlags= mSideHint=BOTTOM mBoundingRects=null}, InsetsSource: {b11d0006 mType=tappableElement mFrame=[0,0][0,0] mVisible=true mFlags= mSideHint=NONE mBoundingRects=null}, InsetsSource: {b11d0024 mType=systemGestures mFrame=[1356,0][1440,3088] mVisible=true mFlags= mSideHint=RIGHT mBoundingRects=null}, InsetsSource: {ecac0000 mType=statusBars mFrame=[0,0][1440,100] mVisible=true mFlags= mSideHint=TOP mBoundingRects=null}, InsetsSource: {ecac0005 mType=mandatorySystemGestures mFrame=[0,0][1440,145] mVisible=true mFlags= mSideHint=TOP mBoundingRects=null}, InsetsSource: {ecac0006 mType=tappableElement mFrame=[0,0][1440,100] mVisible=true mFlags= mSideHint=TOP mBoundingRects=null}, InsetsSource: {27 mType=displayCutout mFrame=[0,0][1440,100] mVisible=true mFlags= mSideHint=TOP mBoundingRects=null} }
11-23 21:24:30.495 24620 24620 I VRI[PopupWindow:b12f19c]@e038b2b: synced displayState. AttachInfo displayState=2
11-23 21:24:30.499 24620 24620 I VRI[PopupWindow:b12f19c]@e038b2b: setView = android.widget.PopupWindow$PopupDecorView@b1077a IsHRR=false mFlingFrameRateChange=0 TM=true
11-23 21:24:30.500 24620 24676 D HWUI    : HWUI - treat SMPTE_170M as sRGB
11-23 21:24:30.501 24620 25137 I Nitro.MMKV: Creating MMKV instance "sous-chef-storage"... (Path: , Encrypted: true)
11-23 21:24:30.517 24620 24620 W libc    : Access denied finding property "vendor.display.enable_optimal_refresh_rate"
11-23 21:24:30.517 24620 24620 I BufferQueueProducer: [](id:602c00000006,api:0,p:498119376,c:24620) setDequeueTimeout:2077252342
11-23 21:24:30.518 24620 24620 I BLASTBufferQueue_Java: new BLASTBufferQueue, mName= VRI[PopupWindow:b12f19c]@e038b2b mNativeObject= 0xb400007addb0bde0 caller= android.view.ViewRootImpl.updateBlastSurfaceIfNeeded:3585 android.view.ViewRootImpl.relayoutWindow:11685 android.view.ViewRootImpl.performTraversals:4804 android.view.ViewRootImpl.doTraversal:3924 android.view.ViewRootImpl$TraversalRunnable.run:12903 android.view.Choreographer$CallbackRecord.run:1901 android.view.Choreographer$CallbackRecord.run:1910 android.view.Choreographer.doCallbacks:1367 android.view.Choreographer.doFrame:1292 android.view.Choreographer$FrameDisplayEventReceiver.run:1870 
11-23 21:24:30.518 24620 24620 I BLASTBufferQueue_Java: update, w= 1440 h= 94 mName = VRI[PopupWindow:b12f19c]@e038b2b mNativeObject= 0xb400007addb0bde0 sc.mNativeObject= 0xb400007b7daefa50 format= -3 caller= android.view.ViewRootImpl.updateBlastSurfaceIfNeeded:3590 android.view.ViewRootImpl.relayoutWindow:11685 android.view.ViewRootImpl.performTraversals:4804 android.view.ViewRootImpl.doTraversal:3924 android.view.ViewRootImpl$TraversalRunnable.run:12903 android.view.Choreographer$CallbackRecord.run:1901 
11-23 21:24:30.519 24620 24620 W libc    : Access denied finding property "vendor.display.enable_optimal_refresh_rate"
11-23 21:24:30.519 24620 24620 I VRI[PopupWindow:b12f19c]@e038b2b: Relayout returned: old=(0,100,1440,3032) new=(0,100,1440,194) relayoutAsync=false req=(1440,94)0 dur=13 res=0x3 s={true 0xb400007beda9a070} ch=true seqId=0
11-23 21:24:30.520 24620 24620 I VRI[PopupWindow:b12f19c]@e038b2b: performConfigurationChange setNightDimText nightDimLevel=0
11-23 21:24:30.521 24620 24620 D VRI[PopupWindow:b12f19c]@e038b2b: mThreadedRenderer.initialize() mSurface={isValid=true 0xb400007beda9a070} hwInitialized=true
11-23 21:24:30.523 24620 24620 D VRI[PopupWindow:b12f19c]@e038b2b: reportNextDraw android.view.ViewRootImpl.performTraversals:5443 android.view.ViewRootImpl.doTraversal:3924 android.view.ViewRootImpl$TraversalRunnable.run:12903 android.view.Choreographer$CallbackRecord.run:1901 android.view.Choreographer$CallbackRecord.run:1910 
11-23 21:24:30.523 24620 24620 D VRI[PopupWindow:b12f19c]@e038b2b: Setup new sync=wmsSync-VRI[PopupWindow:b12f19c]@e038b2b#22
11-23 21:24:30.523 24620 24620 I VRI[PopupWindow:b12f19c]@e038b2b: Creating new active sync group VRI[PopupWindow:b12f19c]@e038b2b#23
11-23 21:24:30.524 24620 24620 D VRI[PopupWindow:b12f19c]@e038b2b: registerCallbacksForSync syncBuffer=false
11-23 21:24:30.526 24620 24692 D VRI[PopupWindow:b12f19c]@e038b2b: Received frameDrawingCallback syncResult=0 frameNum=1.
11-23 21:24:30.526 24620 24692 I VRI[PopupWindow:b12f19c]@e038b2b: mWNT: t=0xb400007c8db0d950 mBlastBufferQueue=0xb400007addb0bde0 fn= 1 HdrRenderState mRenderHdrSdrRatio=1.0 caller= android.view.ViewRootImpl$12.onFrameDraw:15441 android.view.ThreadedRenderer$1.onFrameDraw:718 <bottom of call stack> 
11-23 21:24:30.526 24620 24692 I VRI[PopupWindow:b12f19c]@e038b2b: Setting up sync and frameCommitCallback
11-23 21:24:30.527 24620 24676 I BLASTBufferQueue: [VRI[PopupWindow:b12f19c]@e038b2b#6](f:0,a:0,s:0) onFrameAvailable the first frame is available
11-23 21:24:30.527 24620 24676 I SurfaceComposerClient: apply transaction with the first frame. layerId: 58472, bufferData(ID: 105742094827547, frameNumber: 1)
11-23 21:24:30.530 24620 24676 I VRI[PopupWindow:b12f19c]@e038b2b: Received frameCommittedCallback lastAttemptedDrawFrameNum=1 didProduceBuffer=true
11-23 21:24:30.532 24620 24676 D HWUI    : CFMS:: SetUp Pid : 24620    Tid : 24676
11-23 21:24:30.534 24620 24620 D VRI[PopupWindow:b12f19c]@e038b2b: reportDrawFinished seqId=0
11-23 21:24:30.544 24620 24620 I VRI[PopupWindow:b12f19c]@e038b2b: handleResized, frames=ClientWindowFrames{frame=[0,100][1440,194] display=[0,100][1440,3032] parentFrame=[0,0][0,0] attachedFrame=[0,0][1440,3088]} displayId=0 dragResizing=false compatScale=1.0 frameChanged=false attachedFrameChanged=false configChanged=false displayChanged=false compatScaleChanged=false dragResizingChanged=false
11-23 21:24:30.544 24620 24620 I VRI[PopupWindow:b12f19c]@e038b2b: handleResized mSyncSeqId = 0
11-23 21:24:30.544 24620 24620 D VRI[PopupWindow:b12f19c]@e038b2b: reportNextDraw android.view.ViewRootImpl.handleResized:2983 android.view.ViewRootImpl.-$$Nest$mhandleResized:0 android.view.ViewRootImpl$W.resized:14082 android.app.servertransaction.WindowStateResizeItem.execute:93 android.app.servertransaction.WindowStateTransactionItem.execute:62 
11-23 21:24:30.546 24620 24620 D VRI[PopupWindow:b12f19c]@e038b2b: Setup new sync=wmsSync-VRI[PopupWindow:b12f19c]@e038b2b#24
11-23 21:24:30.547 24620 24620 I VRI[PopupWindow:b12f19c]@e038b2b: Creating new active sync group VRI[PopupWindow:b12f19c]@e038b2b#25
11-23 21:24:30.547 24620 24620 D VRI[PopupWindow:b12f19c]@e038b2b: registerCallbacksForSync syncBuffer=false
11-23 21:24:30.549 24620 24691 D VRI[PopupWindow:b12f19c]@e038b2b: Received frameDrawingCallback syncResult=0 frameNum=2.
11-23 21:24:30.549 24620 24691 I VRI[PopupWindow:b12f19c]@e038b2b: Setting up sync and frameCommitCallback
11-23 21:24:30.549 24620 24676 I VRI[PopupWindow:b12f19c]@e038b2b: Received frameCommittedCallback lastAttemptedDrawFrameNum=2 didProduceBuffer=false
11-23 21:24:30.549 24620 24676 I BLASTBufferQueue_Java: gatherPendingTransactions, mName= VRI[PopupWindow:b12f19c]@e038b2b mNativeObject= 0xb400007addb0bde0 frameNumber= 2 caller= android.view.ViewRootImpl$12.lambda$onFrameDraw$3:15525 android.view.ViewRootImpl$12.$r8$lambda$CTo3ExVBk8akdVTGlqHPAoYLRVI:0 android.view.ViewRootImpl$12$$ExternalSyntheticLambda1.onFrameCommit:0 android.view.ThreadedRenderer$1.lambda$onFrameDraw$0:730 android.view.ThreadedRenderer$1$$ExternalSyntheticLambda0.onFrameCommit:0 <bottom of call stack> 
11-23 21:24:30.550 24620 24620 D VRI[PopupWindow:b12f19c]@e038b2b: reportDrawFinished seqId=0
11-23 21:24:30.558 24620 24620 I ViewInteraction: Checking 'MatchesViewAssertion(Detox){viewMatcher=(view has effective visibility <VISIBLE> and view.getGlobalVisibleRect() covers at least <75> percent of the view's area)}' assertion on view (view.getTag() is "post-login-biometric-prompt" and view has effective visibility <VISIBLE>)
11-23 21:24:30.592 24620 24620 I ViewInteraction: Checking 'MatchesViewAssertion(Detox){viewMatcher=(view has effective visibility <VISIBLE> and view.getGlobalVisibleRect() covers at least <75> percent of the view's area)}' assertion on view (view.getTag() is "post-login-biometric-prompt" and view has effective visibility <VISIBLE>)
11-23 21:24:30.621 24620 24620 I ViewInteraction: Checking 'MatchesViewAssertion(Detox){viewMatcher=(view has effective visibility <VISIBLE> and view.getGlobalVisibleRect() covers at least <75> percent of the view's area)}' assertion on view (view.getTag() is "post-login-biometric-prompt" and view has effective visibility <VISIBLE>)
11-23 21:24:30.650 24620 24620 I ViewInteraction: Checking 'MatchesViewAssertion(Detox){viewMatcher=(view has effective visibility <VISIBLE> and view.getGlobalVisibleRect() covers at least <75> percent of the view's area)}' assertion on view (view.getTag() is "post-login-biometric-prompt" and view has effective visibility <VISIBLE>)
11-23 21:24:30.678 24620 24620 I ViewInteraction: Checking 'MatchesViewAssertion(Detox){viewMatcher=(view has effective visibility <VISIBLE> and view.getGlobalVisibleRect() covers at least <75> percent of the view's area)}' assertion on view (view.getTag() is "post-login-biometric-prompt" and view has effective visibility <VISIBLE>)
11-23 21:24:30.706 24620 24620 I ViewInteraction: Checking 'MatchesViewAssertion(Detox){viewMatcher=(view has effective visibility <VISIBLE> and view.getGlobalVisibleRect() covers at least <75> percent of the view's area)}' assertion on view (view.getTag() is "post-login-biometric-prompt" and view has effective visibility <VISIBLE>)
11-23 21:24:30.736 24620 24620 I ViewInteraction: Checking 'MatchesViewAssertion(Detox){viewMatcher=(view has effective visibility <VISIBLE> and view.getGlobalVisibleRect() covers at least <75> percent of the view's area)}' assertion on view (view.getTag() is "post-login-biometric-prompt" and view has effective visibility <VISIBLE>)
11-23 21:24:30.764 24620 24620 I ViewInteraction: Checking 'MatchesViewAssertion(Detox){viewMatcher=(view has effective visibility <VISIBLE> and view.getGlobalVisibleRect() covers at least <75> percent of the view's area)}' assertion on view (view.getTag() is "post-login-biometric-prompt" and view has effective visibility <VISIBLE>)
11-23 21:24:30.793 24620 24620 I ViewInteraction: Checking 'MatchesViewAssertion(Detox){viewMatcher=(view has effective visibility <VISIBLE> and view.getGlobalVisibleRect() covers at least <75> percent of the view's area)}' assertion on view (view.getTag() is "post-login-biometric-prompt" and view has effective visibility <VISIBLE>)
11-23 21:24:30.821 24620 24620 I ViewInteraction: Checking 'MatchesViewAssertion(Detox){viewMatcher=(view has effective visibility <VISIBLE> and view.getGlobalVisibleRect() covers at least <75> percent of the view's area)}' assertion on view (view.getTag() is "post-login-biometric-prompt" and view has effective visibility <VISIBLE>)
11-23 21:24:30.851 24620 24620 I ViewInteraction: Checking 'MatchesViewAssertion(Detox){viewMatcher=(view has effective visibility <VISIBLE> and view.getGlobalVisibleRect() covers at least <75> percent of the view's area)}' assertion on view (view.getTag() is "post-login-biometric-prompt" and view has effective visibility <VISIBLE>)
11-23 21:24:30.886 24620 24620 I ViewInteraction: Checking 'MatchesViewAssertion(Detox){viewMatcher=(view has effective visibility <VISIBLE> and view.getGlobalVisibleRect() covers at least <75> percent of the view's area)}' assertion on view (view.getTag() is "post-login-biometric-prompt" and view has effective visibility <VISIBLE>)
11-23 21:24:30.894 24620 24631 I ev.souschef.app: Background concurrent mark compact GC freed 23MB AllocSpace bytes, 420(9804KB) LOS objects, 66% free, 17MB/52MB, paused 1.535ms,3.250ms total 102.303ms
11-23 21:24:30.904 24620 24633 W System  : A resource failed to call close. 
11-23 21:24:30.915 24620 24620 I ViewInteraction: Checking 'MatchesViewAssertion(Detox){viewMatcher=(view has effective visibility <VISIBLE> and view.getGlobalVisibleRect() covers at least <75> percent of the view's area)}' assertion on view (view.getTag() is "post-login-biometric-prompt" and view has effective visibility <VISIBLE>)
11-23 21:24:30.916 24620 25137 I ReactNativeJS: 📦 Cache: Loaded 27 entities from storage
11-23 21:24:30.944 24620 24620 I ViewInteraction: Checking 'MatchesViewAssertion(Detox){viewMatcher=(view has effective visibility <VISIBLE> and view.getGlobalVisibleRect() covers at least <75> percent of the view's area)}' assertion on view (view.getTag() is "post-login-biometric-prompt" and view has effective visibility <VISIBLE>)
11-23 21:24:30.968 24620 24659 I DetoxActionHandlers: Test exception
11-23 21:24:30.968 24620 24659 I DetoxActionHandlers: java.lang.reflect.InvocationTargetException
11-23 21:24:30.968 24620 24659 I DetoxActionHandlers: 	at java.lang.reflect.Method.invoke(Native Method)
11-23 21:24:30.968 24620 24659 I DetoxActionHandlers: 	at org.apache.commons.lang3.reflect.MethodUtils.invokeStaticMethod(MethodUtils.java:443)
11-23 21:24:30.968 24620 24659 I DetoxActionHandlers: 	at org.apache.commons.lang3.reflect.MethodUtils.invokeStaticMethod(MethodUtils.java:405)
11-23 21:24:30.968 24620 24659 I DetoxActionHandlers: 	at com.wix.invoke.types.ClassTarget.execute(ClassTarget.java:23)
11-23 21:24:30.968 24620 24659 I DetoxActionHandlers: 	at com.wix.invoke.types.Target.invoke(Target.java:59)
11-23 21:24:30.968 24620 24659 I DetoxActionHandlers: 	at com.wix.invoke.MethodInvocation.invoke(MethodInvocation.java:35)
11-23 21:24:30.968 24620 24659 I DetoxActionHandlers: 	at com.wix.invoke.MethodInvocation.invoke(MethodInvocation.java:26)
11-23 21:24:30.968 24620 24659 I DetoxActionHandlers: 	at com.wix.invoke.MethodInvocation.invoke(MethodInvocation.java:20)
11-23 21:24:30.968 24620 24659 I DetoxActionHandlers: 	at com.wix.detox.adapters.server.InvokeActionHandler.handle(DetoxActionHandlers.kt:54)
11-23 21:24:30.968 24620 24659 I DetoxActionHandlers: 	at com.wix.detox.adapters.server.ActionsExecutor.executeAction$lambda$2$lambda$1(DetoxActionsDispatcher.kt:76)
11-23 21:24:30.968 24620 24659 I DetoxActionHandlers: 	at com.wix.detox.adapters.server.ActionsExecutor.$r8$lambda$GVbB7LHtBHxNHGbgYnHJ6YrwCqs(Unknown Source:0)
11-23 21:24:30.968 24620 24659 I DetoxActionHandlers: 	at com.wix.detox.adapters.server.ActionsExecutor$$ExternalSyntheticLambda0.run(D8$$SyntheticClass:0)
11-23 21:24:30.968 24620 24659 I DetoxActionHandlers: 	at android.os.Handler.handleCallback(Handler.java:995)
11-23 21:24:30.968 24620 24659 I DetoxActionHandlers: 	at android.os.Handler.dispatchMessage(Handler.java:103)
11-23 21:24:30.968 24620 24659 I DetoxActionHandlers: 	at android.os.Looper.loopOnce(Looper.java:273)
11-23 21:24:30.968 24620 24659 I DetoxActionHandlers: 	at android.os.Looper.loop(Looper.java:363)
11-23 21:24:30.968 24620 24659 I DetoxActionHandlers: 	at com.wix.detox.adapters.server.ActionsExecutor._init_$lambda$0(DetoxActionsDispatcher.kt:62)
11-23 21:24:30.968 24620 24659 I DetoxActionHandlers: 	at com.wix.detox.adapters.server.ActionsExecutor.$r8$lambda$xlgL0CQim6vNM0wWEqM8JIDgZUE(Unknown Source:0)
11-23 21:24:30.968 24620 24659 I DetoxActionHandlers: 	at com.wix.detox.adapters.server.ActionsExecutor$$ExternalSyntheticLambda1.run(D8$$SyntheticClass:0)
11-23 21:24:30.968 24620 24659 I DetoxActionHandlers: 	at java.lang.Thread.run(Thread.java:1119)
11-23 21:24:30.968 24620 24659 I DetoxActionHandlers: Caused by: com.wix.detox.common.DetoxErrors$DetoxRuntimeException: 2.0sec timeout expired without matching of given matcher: (view has effective visibility <VISIBLE> and view.getGlobalVisibleRect() covers at least <75> percent of the view's area)
11-23 21:24:30.968 24620 24659 I DetoxActionHandlers: 	at com.wix.detox.espresso.DetoxAssertion.waitForAssertMatcher(DetoxAssertion.java:72)
11-23 21:24:30.968 24620 24659 I DetoxActionHandlers: 	... 20 more
11-23 21:24:30.968 24620 24659 I DetoxWSClient: Sending out action 'testFailed' (ID #43)
11-23 21:24:30.969 24620 24659 I DetoxDispatcher: Done with action 'invoke'
11-23 21:24:30.973 24620 24664 D DetoxWSClient: Received action 'invoke' (ID #44, params={"target":{"type":"Class","value":"com.wix.detox.espresso.DetoxAssertion"},"method":"waitForAssertMatcher","args":[{"type":"Invocation","value":{"target":{"type":"Class","value":"androidx.test.espresso.Espresso"},"method":"onView","args":[{"type":"Invocation","value":{"target":{"type":"Class","value":"com.wix.detox.espresso.DetoxMatcher"},"method":"matcherForTestId","args":["biometric-setup-screen",{"type":"boolean","value":false}]}}]}},{"type":"Invocation","value":{"target":{"type":"Class","value":"com.wix.detox.espresso.DetoxMatcher"},"method":"matcherForSufficientlyVisible","args":[{"type":"Integer","value":75}]}},{"type":"Double","value":2}]})
11-23 21:24:30.973 24620 24659 I DetoxDispatcher: Handling action 'invoke' (ID #44)...
11-23 21:24:30.974 24620 24659 D Detox   : class com.wix.detox.espresso.DetoxMatcher, matcherForTestId, [biometric-setup-screen, false]
11-23 21:24:30.975 24620 24659 D Detox   : class androidx.test.espresso.Espresso, onView, [(view.getTag() is "biometric-setup-screen" and view has effective visibility <VISIBLE>)]
11-23 21:24:30.976 24620 24659 D Detox   : class com.wix.detox.espresso.DetoxMatcher, matcherForSufficientlyVisible, [75]
11-23 21:24:30.976 24620 24659 D Detox   : class com.wix.detox.espresso.DetoxAssertion, waitForAssertMatcher, [androidx.test.espresso.ViewInteraction@795b664, (view has effective visibility <VISIBLE> and view.getGlobalVisibleRect() covers at least <75> percent of the view's area), 2.0]
11-23 21:24:30.982 24620 24620 I ViewInteraction: Checking 'MatchesViewAssertion(Detox){viewMatcher=(view has effective visibility <VISIBLE> and view.getGlobalVisibleRect() covers at least <75> percent of the view's area)}' assertion on view (view.getTag() is "biometric-setup-screen" and view has effective visibility <VISIBLE>)
11-23 21:24:31.010 24620 24620 I ViewInteraction: Checking 'MatchesViewAssertion(Detox){viewMatcher=(view has effective visibility <VISIBLE> and view.getGlobalVisibleRect() covers at least <75> percent of the view's area)}' assertion on view (view.getTag() is "biometric-setup-screen" and view has effective visibility <VISIBLE>)
11-23 21:24:31.037 24620 24620 I ViewInteraction: Checking 'MatchesViewAssertion(Detox){viewMatcher=(view has effective visibility <VISIBLE> and view.getGlobalVisibleRect() covers at least <75> percent of the view's area)}' assertion on view (view.getTag() is "biometric-setup-screen" and view has effective visibility <VISIBLE>)
11-23 21:24:31.065 24620 24620 I ViewInteraction: Checking 'MatchesViewAssertion(Detox){viewMatcher=(view has effective visibility <VISIBLE> and view.getGlobalVisibleRect() covers at least <75> percent of the view's area)}' assertion on view (view.getTag() is "biometric-setup-screen" and view has effective visibility <VISIBLE>)
11-23 21:24:31.093 24620 24620 I ViewInteraction: Checking 'MatchesViewAssertion(Detox){viewMatcher=(view has effective visibility <VISIBLE> and view.getGlobalVisibleRect() covers at least <75> percent of the view's area)}' assertion on view (view.getTag() is "biometric-setup-screen" and view has effective visibility <VISIBLE>)
11-23 21:24:31.121 24620 24620 I ViewInteraction: Checking 'MatchesViewAssertion(Detox){viewMatcher=(view has effective visibility <VISIBLE> and view.getGlobalVisibleRect() covers at least <75> percent of the view's area)}' assertion on view (view.getTag() is "biometric-setup-screen" and view has effective visibility <VISIBLE>)
11-23 21:24:31.150 24620 24620 I ViewInteraction: Checking 'MatchesViewAssertion(Detox){viewMatcher=(view has effective visibility <VISIBLE> and view.getGlobalVisibleRect() covers at least <75> percent of the view's area)}' assertion on view (view.getTag() is "biometric-setup-screen" and view has effective visibility <VISIBLE>)
11-23 21:24:31.177 24620 24620 I ViewInteraction: Checking 'MatchesViewAssertion(Detox){viewMatcher=(view has effective visibility <VISIBLE> and view.getGlobalVisibleRect() covers at least <75> percent of the view's area)}' assertion on view (view.getTag() is "biometric-setup-screen" and view has effective visibility <VISIBLE>)
11-23 21:24:31.205 24620 24620 I ViewInteraction: Checking 'MatchesViewAssertion(Detox){viewMatcher=(view has effective visibility <VISIBLE> and view.getGlobalVisibleRect() covers at least <75> percent of the view's area)}' assertion on view (view.getTag() is "biometric-setup-screen" and view has effective visibility <VISIBLE>)
11-23 21:24:31.234 24620 24620 I ViewInteraction: Checking 'MatchesViewAssertion(Detox){viewMatcher=(view has effective visibility <VISIBLE> and view.getGlobalVisibleRect() covers at least <75> percent of the view's area)}' assertion on view (view.getTag() is "biometric-setup-screen" and view has effective visibility <VISIBLE>)
11-23 21:24:31.265 24620 24620 I ViewInteraction: Checking 'MatchesViewAssertion(Detox){viewMatcher=(view has effective visibility <VISIBLE> and view.getGlobalVisibleRect() covers at least <75> percent of the view's area)}' assertion on view (view.getTag() is "biometric-setup-screen" and view has effective visibility <VISIBLE>)
11-23 21:24:31.293 24620 24620 I ViewInteraction: Checking 'MatchesViewAssertion(Detox){viewMatcher=(view has effective visibility <VISIBLE> and view.getGlobalVisibleRect() covers at least <75> percent of the view's area)}' assertion on view (view.getTag() is "biometric-setup-screen" and view has effective visibility <VISIBLE>)
11-23 21:24:31.323 24620 24620 I ViewInteraction: Checking 'MatchesViewAssertion(Detox){viewMatcher=(view has effective visibility <VISIBLE> and view.getGlobalVisibleRect() covers at least <75> percent of the view's area)}' assertion on view (view.getTag() is "biometric-setup-screen" and view has effective visibility <VISIBLE>)
11-23 21:24:31.359 24620 24620 I ViewInteraction: Checking 'MatchesViewAssertion(Detox){viewMatcher=(view has effective visibility <VISIBLE> and view.getGlobalVisibleRect() covers at least <75> percent of the view's area)}' assertion on view (view.getTag() is "biometric-setup-screen" and view has effective visibility <VISIBLE>)
11-23 21:24:31.374 24620 24631 I ev.souschef.app: Background young concurrent mark compact GC freed 22MB AllocSpace bytes, 711(16MB) LOS objects, 66% free, 17MB/52MB, paused 864us,6.359ms total 57.971ms
11-23 21:24:31.387 24620 24620 I ViewInteraction: Checking 'MatchesViewAssertion(Detox){viewMatcher=(view has effective visibility <VISIBLE> and view.getGlobalVisibleRect() covers at least <75> percent of the view's area)}' assertion on view (view.getTag() is "biometric-setup-screen" and view has effective visibility <VISIBLE>)
11-23 21:24:31.419 24620 24620 I ViewInteraction: Checking 'MatchesViewAssertion(Detox){viewMatcher=(view has effective visibility <VISIBLE> and view.getGlobalVisibleRect() covers at least <75> percent of the view's area)}' assertion on view (view.getTag() is "biometric-setup-screen" and view has effective visibility <VISIBLE>)
11-23 21:24:31.450 24620 24620 I ViewInteraction: Checking 'MatchesViewAssertion(Detox){viewMatcher=(view has effective visibility <VISIBLE> and view.getGlobalVisibleRect() covers at least <75> percent of the view's area)}' assertion on view (view.getTag() is "biometric-setup-screen" and view has effective visibility <VISIBLE>)
11-23 21:24:31.482 24620 24620 I ViewInteraction: Checking 'MatchesViewAssertion(Detox){viewMatcher=(view has effective visibility <VISIBLE> and view.getGlobalVisibleRect() covers at least <75> percent of the view's area)}' assertion on view (view.getTag() is "biometric-setup-screen" and view has effective visibility <VISIBLE>)
11-23 21:24:31.512 24620 24620 I ViewInteraction: Checking 'MatchesViewAssertion(Detox){viewMatcher=(view has effective visibility <VISIBLE> and view.getGlobalVisibleRect() covers at least <75> percent of the view's area)}' assertion on view (view.getTag() is "biometric-setup-screen" and view has effective visibility <VISIBLE>)
11-23 21:24:31.543 24620 24620 I ViewInteraction: Checking 'MatchesViewAssertion(Detox){viewMatcher=(view has effective visibility <VISIBLE> and view.getGlobalVisibleRect() covers at least <75> percent of the view's area)}' assertion on view (view.getTag() is "biometric-setup-screen" and view has effective visibility <VISIBLE>)
11-23 21:24:31.573 24620 24620 I ViewInteraction: Checking 'MatchesViewAssertion(Detox){viewMatcher=(view has effective visibility <VISIBLE> and view.getGlobalVisibleRect() covers at least <75> percent of the view's area)}' assertion on view (view.getTag() is "biometric-setup-screen" and view has effective visibility <VISIBLE>)
11-23 21:24:31.604 24620 24620 I ViewInteraction: Checking 'MatchesViewAssertion(Detox){viewMatcher=(view has effective visibility <VISIBLE> and view.getGlobalVisibleRect() covers at least <75> percent of the view's area)}' assertion on view (view.getTag() is "biometric-setup-screen" and view has effective visibility <VISIBLE>)
11-23 21:24:31.633 24620 24620 I ViewInteraction: Checking 'MatchesViewAssertion(Detox){viewMatcher=(view has effective visibility <VISIBLE> and view.getGlobalVisibleRect() covers at least <75> percent of the view's area)}' assertion on view (view.getTag() is "biometric-setup-screen" and view has effective visibility <VISIBLE>)
11-23 21:24:31.663 24620 24620 I ViewInteraction: Checking 'MatchesViewAssertion(Detox){viewMatcher=(view has effective visibility <VISIBLE> and view.getGlobalVisibleRect() covers at least <75> percent of the view's area)}' assertion on view (view.getTag() is "biometric-setup-screen" and view has effective visibility <VISIBLE>)
11-23 21:24:31.693 24620 24620 I ViewInteraction: Checking 'MatchesViewAssertion(Detox){viewMatcher=(view has effective visibility <VISIBLE> and view.getGlobalVisibleRect() covers at least <75> percent of the view's area)}' assertion on view (view.getTag() is "biometric-setup-screen" and view has effective visibility <VISIBLE>)
11-23 21:24:31.723 24620 24620 I ViewInteraction: Checking 'MatchesViewAssertion(Detox){viewMatcher=(view has effective visibility <VISIBLE> and view.getGlobalVisibleRect() covers at least <75> percent of the view's area)}' assertion on view (view.getTag() is "biometric-setup-screen" and view has effective visibility <VISIBLE>)
11-23 21:24:31.753 24620 24620 I ViewInteraction: Checking 'MatchesViewAssertion(Detox){viewMatcher=(view has effective visibility <VISIBLE> and view.getGlobalVisibleRect() covers at least <75> percent of the view's area)}' assertion on view (view.getTag() is "biometric-setup-screen" and view has effective visibility <VISIBLE>)
11-23 21:24:31.786 24620 24620 I ViewInteraction: Checking 'MatchesViewAssertion(Detox){viewMatcher=(view has effective visibility <VISIBLE> and view.getGlobalVisibleRect() covers at least <75> percent of the view's area)}' assertion on view (view.getTag() is "biometric-setup-screen" and view has effective visibility <VISIBLE>)
11-23 21:24:31.816 24620 24620 I ViewInteraction: Checking 'MatchesViewAssertion(Detox){viewMatcher=(view has effective visibility <VISIBLE> and view.getGlobalVisibleRect() covers at least <75> percent of the view's area)}' assertion on view (view.getTag() is "biometric-setup-screen" and view has effective visibility <VISIBLE>)
11-23 21:24:31.845 24620 24620 I ViewInteraction: Checking 'MatchesViewAssertion(Detox){viewMatcher=(view has effective visibility <VISIBLE> and view.getGlobalVisibleRect() covers at least <75> percent of the view's area)}' assertion on view (view.getTag() is "biometric-setup-screen" and view has effective visibility <VISIBLE>)
11-23 21:24:31.875 24620 24620 I ViewInteraction: Checking 'MatchesViewAssertion(Detox){viewMatcher=(view has effective visibility <VISIBLE> and view.getGlobalVisibleRect() covers at least <75> percent of the view's area)}' assertion on view (view.getTag() is "biometric-setup-screen" and view has effective visibility <VISIBLE>)
11-23 21:24:31.906 24620 24620 I ViewInteraction: Checking 'MatchesViewAssertion(Detox){viewMatcher=(view has effective visibility <VISIBLE> and view.getGlobalVisibleRect() covers at least <75> percent of the view's area)}' assertion on view (view.getTag() is "biometric-setup-screen" and view has effective visibility <VISIBLE>)
11-23 21:24:31.936 24620 24620 I ViewInteraction: Checking 'MatchesViewAssertion(Detox){viewMatcher=(view has effective visibility <VISIBLE> and view.getGlobalVisibleRect() covers at least <75> percent of the view's area)}' assertion on view (view.getTag() is "biometric-setup-screen" and view has effective visibility <VISIBLE>)
11-23 21:24:31.967 24620 24620 I ViewInteraction: Checking 'MatchesViewAssertion(Detox){viewMatcher=(view has effective visibility <VISIBLE> and view.getGlobalVisibleRect() covers at least <75> percent of the view's area)}' assertion on view (view.getTag() is "biometric-setup-screen" and view has effective visibility <VISIBLE>)
11-23 21:24:31.997 24620 24620 I ViewInteraction: Checking 'MatchesViewAssertion(Detox){viewMatcher=(view has effective visibility <VISIBLE> and view.getGlobalVisibleRect() covers at least <75> percent of the view's area)}' assertion on view (view.getTag() is "biometric-setup-screen" and view has effective visibility <VISIBLE>)
11-23 21:24:32.029 24620 24620 I ViewInteraction: Checking 'MatchesViewAssertion(Detox){viewMatcher=(view has effective visibility <VISIBLE> and view.getGlobalVisibleRect() covers at least <75> percent of the view's area)}' assertion on view (view.getTag() is "biometric-setup-screen" and view has effective visibility <VISIBLE>)
11-23 21:24:32.059 24620 24620 I ViewInteraction: Checking 'MatchesViewAssertion(Detox){viewMatcher=(view has effective visibility <VISIBLE> and view.getGlobalVisibleRect() covers at least <75> percent of the view's area)}' assertion on view (view.getTag() is "biometric-setup-screen" and view has effective visibility <VISIBLE>)
11-23 21:24:32.089 24620 24620 I ViewInteraction: Checking 'MatchesViewAssertion(Detox){viewMatcher=(view has effective visibility <VISIBLE> and view.getGlobalVisibleRect() covers at least <75> percent of the view's area)}' assertion on view (view.getTag() is "biometric-setup-screen" and view has effective visibility <VISIBLE>)
11-23 21:24:32.121 24620 24620 I ViewInteraction: Checking 'MatchesViewAssertion(Detox){viewMatcher=(view has effective visibility <VISIBLE> and view.getGlobalVisibleRect() covers at least <75> percent of the view's area)}' assertion on view (view.getTag() is "biometric-setup-screen" and view has effective visibility <VISIBLE>)
11-23 21:24:32.151 24620 24620 I ViewInteraction: Checking 'MatchesViewAssertion(Detox){viewMatcher=(view has effective visibility <VISIBLE> and view.getGlobalVisibleRect() covers at least <75> percent of the view's area)}' assertion on view (view.getTag() is "biometric-setup-screen" and view has effective visibility <VISIBLE>)
11-23 21:24:32.180 24620 24620 I ViewInteraction: Checking 'MatchesViewAssertion(Detox){viewMatcher=(view has effective visibility <VISIBLE> and view.getGlobalVisibleRect() covers at least <75> percent of the view's area)}' assertion on view (view.getTag() is "biometric-setup-screen" and view has effective visibility <VISIBLE>)
11-23 21:24:32.209 24620 25137 I ReactNativeJS: [MemoryMonitor] Stopped
11-23 21:24:32.213 24620 24620 I ViewInteraction: Checking 'MatchesViewAssertion(Detox){viewMatcher=(view has effective visibility <VISIBLE> and view.getGlobalVisibleRect() covers at least <75> percent of the view's area)}' assertion on view (view.getTag() is "biometric-setup-screen" and view has effective visibility <VISIBLE>)
11-23 21:24:32.243 24620 24620 I ViewInteraction: Checking 'MatchesViewAssertion(Detox){viewMatcher=(view has effective visibility <VISIBLE> and view.getGlobalVisibleRect() covers at least <75> percent of the view's area)}' assertion on view (view.getTag() is "biometric-setup-screen" and view has effective visibility <VISIBLE>)
11-23 21:24:32.274 24620 24620 I ViewInteraction: Checking 'MatchesViewAssertion(Detox){viewMatcher=(view has effective visibility <VISIBLE> and view.getGlobalVisibleRect() covers at least <75> percent of the view's area)}' assertion on view (view.getTag() is "biometric-setup-screen" and view has effective visibility <VISIBLE>)
11-23 21:24:32.305 24620 24620 I ViewInteraction: Checking 'MatchesViewAssertion(Detox){viewMatcher=(view has effective visibility <VISIBLE> and view.getGlobalVisibleRect() covers at least <75> percent of the view's area)}' assertion on view (view.getTag() is "biometric-setup-screen" and view has effective visibility <VISIBLE>)
11-23 21:24:32.336 24620 24620 I ViewInteraction: Checking 'MatchesViewAssertion(Detox){viewMatcher=(view has effective visibility <VISIBLE> and view.getGlobalVisibleRect() covers at least <75> percent of the view's area)}' assertion on view (view.getTag() is "biometric-setup-screen" and view has effective visibility <VISIBLE>)
11-23 21:24:32.364 24620 25137 I ReactNativeJS: [MemoryMonitor] Started with 10000ms interval
11-23 21:24:32.368 24620 24620 I ViewInteraction: Checking 'MatchesViewAssertion(Detox){viewMatcher=(view has effective visibility <VISIBLE> and view.getGlobalVisibleRect() covers at least <75> percent of the view's area)}' assertion on view (view.getTag() is "biometric-setup-screen" and view has effective visibility <VISIBLE>)
11-23 21:24:32.372 24620 24712 E RNKeychainManager: No entry found for service: dev.souschef.app.credentials.indicator
11-23 21:24:32.399 24620 24620 I ViewInteraction: Checking 'MatchesViewAssertion(Detox){viewMatcher=(view has effective visibility <VISIBLE> and view.getGlobalVisibleRect() covers at least <75> percent of the view's area)}' assertion on view (view.getTag() is "biometric-setup-screen" and view has effective visibility <VISIBLE>)
11-23 21:24:32.430 24620 24620 I ViewInteraction: Checking 'MatchesViewAssertion(Detox){viewMatcher=(view has effective visibility <VISIBLE> and view.getGlobalVisibleRect() covers at least <75> percent of the view's area)}' assertion on view (view.getTag() is "biometric-setup-screen" and view has effective visibility <VISIBLE>)
11-23 21:24:32.443 24620 24620 W WindowOnBackDispatcher: sendCancelIfRunning: isInProgress=false callback=android.widget.PopupWindow$PopupDecorView$$ExternalSyntheticLambda1@3c50bd2
11-23 21:24:32.445 24620 24620 I WindowManager: WindowManagerGlobal#removeView, ty=1000, view=android.widget.PopupWindow$PopupDecorView{b1077a V.E...... R....... 0,0-1440,94}, caller=android.view.WindowManagerGlobal.removeView:654 android.view.WindowManagerImpl.removeViewImmediate:216 android.widget.PopupWindow.dismissImmediate:2415 
11-23 21:24:32.449 24620 24620 I VRI[PopupWindow:b12f19c]@e038b2b: dispatchDetachedFromWindow
11-23 21:24:32.453 24620 24620 D InputTransport: Input channel destroyed: '8bbd811', fd=215
11-23 21:24:32.458 24620 24620 I ReactNative: [GESTURE HANDLER] Initialize gesture handler for root view com.facebook.react.runtime.ReactSurfaceView{a0cdc02 V.E...... ......ID 0,0-1440,3088 #1}
11-23 21:24:32.483 24620 24620 I ViewInteraction: Checking 'MatchesViewAssertion(Detox){viewMatcher=(view has effective visibility <VISIBLE> and view.getGlobalVisibleRect() covers at least <75> percent of the view's area)}' assertion on view (view.getTag() is "biometric-setup-screen" and view has effective visibility <VISIBLE>)
11-23 21:24:32.522 24620 24620 I ViewInteraction: Checking 'MatchesViewAssertion(Detox){viewMatcher=(view has effective visibility <VISIBLE> and view.getGlobalVisibleRect() covers at least <75> percent of the view's area)}' assertion on view (view.getTag() is "biometric-setup-screen" and view has effective visibility <VISIBLE>)
11-23 21:24:32.563 24620 24620 I ViewInteraction: Checking 'MatchesViewAssertion(Detox){viewMatcher=(view has effective visibility <VISIBLE> and view.getGlobalVisibleRect() covers at least <75> percent of the view's area)}' assertion on view (view.getTag() is "biometric-setup-screen" and view has effective visibility <VISIBLE>)
11-23 21:24:32.595 24620 24620 I ViewInteraction: Checking 'MatchesViewAssertion(Detox){viewMatcher=(view has effective visibility <VISIBLE> and view.getGlobalVisibleRect() covers at least <75> percent of the view's area)}' assertion on view (view.getTag() is "biometric-setup-screen" and view has effective visibility <VISIBLE>)
11-23 21:24:32.626 24620 24620 I ViewInteraction: Checking 'MatchesViewAssertion(Detox){viewMatcher=(view has effective visibility <VISIBLE> and view.getGlobalVisibleRect() covers at least <75> percent of the view's area)}' assertion on view (view.getTag() is "biometric-setup-screen" and view has effective visibility <VISIBLE>)
11-23 21:24:32.655 24620 24620 I ViewInteraction: Checking 'MatchesViewAssertion(Detox){viewMatcher=(view has effective visibility <VISIBLE> and view.getGlobalVisibleRect() covers at least <75> percent of the view's area)}' assertion on view (view.getTag() is "biometric-setup-screen" and view has effective visibility <VISIBLE>)
11-23 21:24:32.687 24620 24620 I ViewInteraction: Checking 'MatchesViewAssertion(Detox){viewMatcher=(view has effective visibility <VISIBLE> and view.getGlobalVisibleRect() covers at least <75> percent of the view's area)}' assertion on view (view.getTag() is "biometric-setup-screen" and view has effective visibility <VISIBLE>)
11-23 21:24:32.718 24620 24620 I ViewInteraction: Checking 'MatchesViewAssertion(Detox){viewMatcher=(view has effective visibility <VISIBLE> and view.getGlobalVisibleRect() covers at least <75> percent of the view's area)}' assertion on view (view.getTag() is "biometric-setup-screen" and view has effective visibility <VISIBLE>)
11-23 21:24:32.748 24620 24620 I ViewInteraction: Checking 'MatchesViewAssertion(Detox){viewMatcher=(view has effective visibility <VISIBLE> and view.getGlobalVisibleRect() covers at least <75> percent of the view's area)}' assertion on view (view.getTag() is "biometric-setup-screen" and view has effective visibility <VISIBLE>)
11-23 21:24:32.778 24620 24620 I ViewInteraction: Checking 'MatchesViewAssertion(Detox){viewMatcher=(view has effective visibility <VISIBLE> and view.getGlobalVisibleRect() covers at least <75> percent of the view's area)}' assertion on view (view.getTag() is "biometric-setup-screen" and view has effective visibility <VISIBLE>)
11-23 21:24:32.810 24620 24620 I ViewInteraction: Checking 'MatchesViewAssertion(Detox){viewMatcher=(view has effective visibility <VISIBLE> and view.getGlobalVisibleRect() covers at least <75> percent of the view's area)}' assertion on view (view.getTag() is "biometric-setup-screen" and view has effective visibility <VISIBLE>)
11-23 21:24:32.841 24620 24620 I ViewInteraction: Checking 'MatchesViewAssertion(Detox){viewMatcher=(view has effective visibility <VISIBLE> and view.getGlobalVisibleRect() covers at least <75> percent of the view's area)}' assertion on view (view.getTag() is "biometric-setup-screen" and view has effective visibility <VISIBLE>)
11-23 21:24:32.873 24620 24620 I ViewInteraction: Checking 'MatchesViewAssertion(Detox){viewMatcher=(view has effective visibility <VISIBLE> and view.getGlobalVisibleRect() covers at least <75> percent of the view's area)}' assertion on view (view.getTag() is "biometric-setup-screen" and view has effective visibility <VISIBLE>)
11-23 21:24:32.906 24620 24620 I ViewInteraction: Checking 'MatchesViewAssertion(Detox){viewMatcher=(view has effective visibility <VISIBLE> and view.getGlobalVisibleRect() covers at least <75> percent of the view's area)}' assertion on view (view.getTag() is "biometric-setup-screen" and view has effective visibility <VISIBLE>)
11-23 21:24:32.936 24620 24620 I ViewInteraction: Checking 'MatchesViewAssertion(Detox){viewMatcher=(view has effective visibility <VISIBLE> and view.getGlobalVisibleRect() covers at least <75> percent of the view's area)}' assertion on view (view.getTag() is "biometric-setup-screen" and view has effective visibility <VISIBLE>)
11-23 21:24:32.969 24620 24620 I ViewInteraction: Checking 'MatchesViewAssertion(Detox){viewMatcher=(view has effective visibility <VISIBLE> and view.getGlobalVisibleRect() covers at least <75> percent of the view's area)}' assertion on view (view.getTag() is "biometric-setup-screen" and view has effective visibility <VISIBLE>)
11-23 21:24:32.998 24620 24659 I DetoxActionHandlers: Test exception
11-23 21:24:32.998 24620 24659 I DetoxActionHandlers: java.lang.reflect.InvocationTargetException
11-23 21:24:32.998 24620 24659 I DetoxActionHandlers: 	at java.lang.reflect.Method.invoke(Native Method)
11-23 21:24:32.998 24620 24659 I DetoxActionHandlers: 	at org.apache.commons.lang3.reflect.MethodUtils.invokeStaticMethod(MethodUtils.java:443)
11-23 21:24:32.998 24620 24659 I DetoxActionHandlers: 	at org.apache.commons.lang3.reflect.MethodUtils.invokeStaticMethod(MethodUtils.java:405)
11-23 21:24:32.998 24620 24659 I DetoxActionHandlers: 	at com.wix.invoke.types.ClassTarget.execute(ClassTarget.java:23)
11-23 21:24:32.998 24620 24659 I DetoxActionHandlers: 	at com.wix.invoke.types.Target.invoke(Target.java:59)
11-23 21:24:32.998 24620 24659 I DetoxActionHandlers: 	at com.wix.invoke.MethodInvocation.invoke(MethodInvocation.java:35)
11-23 21:24:32.998 24620 24659 I DetoxActionHandlers: 	at com.wix.invoke.MethodInvocation.invoke(MethodInvocation.java:26)
11-23 21:24:32.998 24620 24659 I DetoxActionHandlers: 	at com.wix.invoke.MethodInvocation.invoke(MethodInvocation.java:20)
11-23 21:24:32.998 24620 24659 I DetoxActionHandlers: 	at com.wix.detox.adapters.server.InvokeActionHandler.handle(DetoxActionHandlers.kt:54)
11-23 21:24:32.998 24620 24659 I DetoxActionHandlers: 	at com.wix.detox.adapters.server.ActionsExecutor.executeAction$lambda$2$lambda$1(DetoxActionsDispatcher.kt:76)
11-23 21:24:32.998 24620 24659 I DetoxActionHandlers: 	at com.wix.detox.adapters.server.ActionsExecutor.$r8$lambda$GVbB7LHtBHxNHGbgYnHJ6YrwCqs(Unknown Source:0)
11-23 21:24:32.998 24620 24659 I DetoxActionHandlers: 	at com.wix.detox.adapters.server.ActionsExecutor$$ExternalSyntheticLambda0.run(D8$$SyntheticClass:0)
11-23 21:24:32.998 24620 24659 I DetoxActionHandlers: 	at android.os.Handler.handleCallback(Handler.java:995)
11-23 21:24:32.998 24620 24659 I DetoxActionHandlers: 	at android.os.Handler.dispatchMessage(Handler.java:103)
11-23 21:24:32.998 24620 24659 I DetoxActionHandlers: 	at android.os.Looper.loopOnce(Looper.java:273)
11-23 21:24:32.998 24620 24659 I DetoxActionHandlers: 	at android.os.Looper.loop(Looper.java:363)
11-23 21:24:32.998 24620 24659 I DetoxActionHandlers: 	at com.wix.detox.adapters.server.ActionsExecutor._init_$lambda$0(DetoxActionsDispatcher.kt:62)
11-23 21:24:32.998 24620 24659 I DetoxActionHandlers: 	at com.wix.detox.adapters.server.ActionsExecutor.$r8$lambda$xlgL0CQim6vNM0wWEqM8JIDgZUE(Unknown Source:0)
11-23 21:24:32.998 24620 24659 I DetoxActionHandlers: 	at com.wix.detox.adapters.server.ActionsExecutor$$ExternalSyntheticLambda1.run(D8$$SyntheticClass:0)
11-23 21:24:32.998 24620 24659 I DetoxActionHandlers: 	at java.lang.Thread.run(Thread.java:1119)
11-23 21:24:32.998 24620 24659 I DetoxActionHandlers: Caused by: com.wix.detox.common.DetoxErrors$DetoxRuntimeException: 2.0sec timeout expired without matching of given matcher: (view has effective visibility <VISIBLE> and view.getGlobalVisibleRect() covers at least <75> percent of the view's area)
11-23 21:24:32.998 24620 24659 I DetoxActionHandlers: 	at com.wix.detox.espresso.DetoxAssertion.waitForAssertMatcher(DetoxAssertion.java:72)
11-23 21:24:32.998 24620 24659 I DetoxActionHandlers: 	... 20 more
11-23 21:24:32.998 24620 24659 I DetoxWSClient: Sending out action 'testFailed' (ID #44)
11-23 21:24:32.999 24620 24659 I DetoxDispatcher: Done with action 'invoke'
11-23 21:24:33.005 24620 24664 D DetoxWSClient: Received action 'invoke' (ID #45, params={"target":{"type":"Class","value":"com.wix.detox.espresso.DetoxAssertion"},"method":"waitForAssertMatcher","args":[{"type":"Invocation","value":{"target":{"type":"Class","value":"androidx.test.espresso.Espresso"},"method":"onView","args":[{"type":"Invocation","value":{"target":{"type":"Class","value":"com.wix.detox.espresso.DetoxMatcher"},"method":"matcherForTestId","args":["feature-hint-overlay-dismiss",{"type":"boolean","value":false}]}}]}},{"type":"Invocation","value":{"target":{"type":"Class","value":"com.wix.detox.espresso.DetoxMatcher"},"method":"matcherForSufficientlyVisible","args":[{"type":"Integer","value":75}]}},{"type":"Double","value":3}]})
11-23 21:24:33.005 24620 24659 I DetoxDispatcher: Handling action 'invoke' (ID #45)...
11-23 21:24:33.006 24620 24659 D Detox   : class com.wix.detox.espresso.DetoxMatcher, matcherForTestId, [feature-hint-overlay-dismiss, false]
11-23 21:24:33.006 24620 24659 D Detox   : class androidx.test.espresso.Espresso, onView, [(view.getTag() is "feature-hint-overlay-dismiss" and view has effective visibility <VISIBLE>)]
11-23 21:24:33.007 24620 24659 D Detox   : class com.wix.detox.espresso.DetoxMatcher, matcherForSufficientlyVisible, [75]
11-23 21:24:33.008 24620 24659 D Detox   : class com.wix.detox.espresso.DetoxAssertion, waitForAssertMatcher, [androidx.test.espresso.ViewInteraction@b5b787e, (view has effective visibility <VISIBLE> and view.getGlobalVisibleRect() covers at least <75> percent of the view's area), 3.0]
11-23 21:24:33.014 24620 24620 I ViewInteraction: Checking 'MatchesViewAssertion(Detox){viewMatcher=(view has effective visibility <VISIBLE> and view.getGlobalVisibleRect() covers at least <75> percent of the view's area)}' assertion on view (view.getTag() is "feature-hint-overlay-dismiss" and view has effective visibility <VISIBLE>)
11-23 21:24:33.045 24620 24620 I ViewInteraction: Checking 'MatchesViewAssertion(Detox){viewMatcher=(view has effective visibility <VISIBLE> and view.getGlobalVisibleRect() covers at least <75> percent of the view's area)}' assertion on view (view.getTag() is "feature-hint-overlay-dismiss" and view has effective visibility <VISIBLE>)
11-23 21:24:33.074 24620 24620 I ViewInteraction: Checking 'MatchesViewAssertion(Detox){viewMatcher=(view has effective visibility <VISIBLE> and view.getGlobalVisibleRect() covers at least <75> percent of the view's area)}' assertion on view (view.getTag() is "feature-hint-overlay-dismiss" and view has effective visibility <VISIBLE>)
11-23 21:24:33.104 24620 24620 I ViewInteraction: Checking 'MatchesViewAssertion(Detox){viewMatcher=(view has effective visibility <VISIBLE> and view.getGlobalVisibleRect() covers at least <75> percent of the view's area)}' assertion on view (view.getTag() is "feature-hint-overlay-dismiss" and view has effective visibility <VISIBLE>)
11-23 21:24:33.130 24620 25137 I ReactNativeJS: 🛠️ Queue Debug Tools Available:
11-23 21:24:33.130 24620 25137 I ReactNativeJS:    Access via: __QUEUE_DEBUG__
11-23 21:24:33.131 24620 25137 I ReactNativeJS:    Commands:
11-23 21:24:33.131 24620 25137 I ReactNativeJS:      __QUEUE_DEBUG__.viewQueue()
11-23 21:24:33.131 24620 25137 I ReactNativeJS:      __QUEUE_DEBUG__.getQueueStats()
11-23 21:24:33.132 24620 25137 I ReactNativeJS:      __QUEUE_DEBUG__.processQueue()
11-23 21:24:33.132 24620 25137 I ReactNativeJS:      __QUEUE_DEBUG__.clearQueue()
11-23 21:24:33.132 24620 25137 I ReactNativeJS:      __QUEUE_DEBUG__.retryFailedMutations(userId)
11-23 21:24:33.133 24620 25137 I ReactNativeJS:      __QUEUE_DEBUG__.exportQueue()
11-23 21:24:33.133 24620 25137 I ReactNativeJS:      __QUEUE_DEBUG__.simulateOffline()
11-23 21:24:33.133 24620 25137 I ReactNativeJS:      __QUEUE_DEBUG__.simulateOnline()
11-23 21:24:33.135 24620 24620 I ViewInteraction: Checking 'MatchesViewAssertion(Detox){viewMatcher=(view has effective visibility <VISIBLE> and view.getGlobalVisibleRect() covers at least <75> percent of the view's area)}' assertion on view (view.getTag() is "feature-hint-overlay-dismiss" and view has effective visibility <VISIBLE>)
11-23 21:24:33.167 24620 24620 I ViewInteraction: Checking 'MatchesViewAssertion(Detox){viewMatcher=(view has effective visibility <VISIBLE> and view.getGlobalVisibleRect() covers at least <75> percent of the view's area)}' assertion on view (view.getTag() is "feature-hint-overlay-dismiss" and view has effective visibility <VISIBLE>)
11-23 21:24:33.198 24620 24620 I ViewInteraction: Checking 'MatchesViewAssertion(Detox){viewMatcher=(view has effective visibility <VISIBLE> and view.getGlobalVisibleRect() covers at least <75> percent of the view's area)}' assertion on view (view.getTag() is "feature-hint-overlay-dismiss" and view has effective visibility <VISIBLE>)
11-23 21:24:33.229 24620 24620 I ViewInteraction: Checking 'MatchesViewAssertion(Detox){viewMatcher=(view has effective visibility <VISIBLE> and view.getGlobalVisibleRect() covers at least <75> percent of the view's area)}' assertion on view (view.getTag() is "feature-hint-overlay-dismiss" and view has effective visibility <VISIBLE>)
11-23 21:24:33.233 24620 25137 I ReactNativeJS: '%c🚀 ✅ QUERY MyShoppingListInvites 798ms', 'color: #22c55e; font-weight: bold'
11-23 21:24:33.258 24620 24620 I ViewInteraction: Checking 'MatchesViewAssertion(Detox){viewMatcher=(view has effective visibility <VISIBLE> and view.getGlobalVisibleRect() covers at least <75> percent of the view's area)}' assertion on view (view.getTag() is "feature-hint-overlay-dismiss" and view has effective visibility <VISIBLE>)
11-23 21:24:33.288 24620 24620 I ViewInteraction: Checking 'MatchesViewAssertion(Detox){viewMatcher=(view has effective visibility <VISIBLE> and view.getGlobalVisibleRect() covers at least <75> percent of the view's area)}' assertion on view (view.getTag() is "feature-hint-overlay-dismiss" and view has effective visibility <VISIBLE>)
11-23 21:24:33.318 24620 24620 I ViewInteraction: Checking 'MatchesViewAssertion(Detox){viewMatcher=(view has effective visibility <VISIBLE> and view.getGlobalVisibleRect() covers at least <75> percent of the view's area)}' assertion on view (view.getTag() is "feature-hint-overlay-dismiss" and view has effective visibility <VISIBLE>)
11-23 21:24:33.349 24620 24620 I ViewInteraction: Checking 'MatchesViewAssertion(Detox){viewMatcher=(view has effective visibility <VISIBLE> and view.getGlobalVisibleRect() covers at least <75> percent of the view's area)}' assertion on view (view.getTag() is "feature-hint-overlay-dismiss" and view has effective visibility <VISIBLE>)
11-23 21:24:33.377 24620 24620 I ViewInteraction: Checking 'MatchesViewAssertion(Detox){viewMatcher=(view has effective visibility <VISIBLE> and view.getGlobalVisibleRect() covers at least <75> percent of the view's area)}' assertion on view (view.getTag() is "feature-hint-overlay-dismiss" and view has effective visibility <VISIBLE>)
11-23 21:24:33.408 24620 24620 I ViewInteraction: Checking 'MatchesViewAssertion(Detox){viewMatcher=(view has effective visibility <VISIBLE> and view.getGlobalVisibleRect() covers at least <75> percent of the view's area)}' assertion on view (view.getTag() is "feature-hint-overlay-dismiss" and view has effective visibility <VISIBLE>)
11-23 21:24:33.418 24620 25137 I ReactNativeJS: '✅ [NotificationReceived] Subscription ACTIVE for user:', '68f41739878fd075b87c1dd1'
11-23 21:24:33.429 24620 25137 I ReactNativeJS: '%c🚀 ✅ QUERY GetMyPendingInvites 993ms', 'color: #22c55e; font-weight: bold'
11-23 21:24:33.433 24620 24620 I BLASTBufferQueue_Java: update, w= 1440 h= 3088 mName = VRI[MainActivity]@8e53a52 mNativeObject= 0xb400007adda6c3f0 sc.mNativeObject= 0xb400007b7da35d50 format= -1 caller= android.view.ViewRootImpl.updateBlastSurfaceIfNeeded:3574 android.view.ViewRootImpl.relayoutWindow:11685 android.view.ViewRootImpl.performTraversals:4804 android.view.ViewRootImpl.doTraversal:3924 android.view.ViewRootImpl$TraversalRunnable.run:12903 android.view.Choreographer$CallbackRecord.run:1901 
11-23 21:24:33.433 24620 24620 I VRI[MainActivity]@8e53a52: Relayout returned: old=(0,0,1440,3088) new=(0,0,1440,3088) relayoutAsync=true req=(1440,3088)0 dur=0 res=0x0 s={true 0xb400007beda57a40} ch=false seqId=0
11-23 21:24:33.435 24620 24620 I VRI[MainActivity]@8e53a52: registerCallbackForPendingTransactions
11-23 21:24:33.438 24620 24692 I VRI[MainActivity]@8e53a52: mWNT: t=0xb400007c8dad39d0 mBlastBufferQueue=0xb400007adda6c3f0 fn= 632 HdrRenderState mRenderHdrSdrRatio=1.0 caller= android.view.ViewRootImpl$10.onFrameDraw:6536 android.view.ViewRootImpl$4.onFrameDraw:2489 android.view.ThreadedRenderer$1.onFrameDraw:718 
11-23 21:24:33.445 24620 25137 I ReactNativeJS: '%c🚀 ⚠️ QUERY GetCommonUnits 1042ms', 'color: #f59e0b; font-weight: bold'
11-23 21:24:33.446 24620 24620 I ViewInteraction: Checking 'MatchesViewAssertion(Detox){viewMatcher=(view has effective visibility <VISIBLE> and view.getGlobalVisibleRect() covers at least <75> percent of the view's area)}' assertion on view (view.getTag() is "feature-hint-overlay-dismiss" and view has effective visibility <VISIBLE>)
11-23 21:24:33.477 24620 24620 I ViewInteraction: Checking 'MatchesViewAssertion(Detox){viewMatcher=(view has effective visibility <VISIBLE> and view.getGlobalVisibleRect() covers at least <75> percent of the view's area)}' assertion on view (view.getTag() is "feature-hint-overlay-dismiss" and view has effective visibility <VISIBLE>)
11-23 21:24:33.509 24620 24620 I ViewInteraction: Checking 'MatchesViewAssertion(Detox){viewMatcher=(view has effective visibility <VISIBLE> and view.getGlobalVisibleRect() covers at least <75> percent of the view's area)}' assertion on view (view.getTag() is "feature-hint-overlay-dismiss" and view has effective visibility <VISIBLE>)
11-23 21:24:33.539 24620 24620 I ViewInteraction: Checking 'MatchesViewAssertion(Detox){viewMatcher=(view has effective visibility <VISIBLE> and view.getGlobalVisibleRect() covers at least <75> percent of the view's area)}' assertion on view (view.getTag() is "feature-hint-overlay-dismiss" and view has effective visibility <VISIBLE>)
11-23 21:24:33.569 24620 24620 I ViewInteraction: Checking 'MatchesViewAssertion(Detox){viewMatcher=(view has effective visibility <VISIBLE> and view.getGlobalVisibleRect() covers at least <75> percent of the view's area)}' assertion on view (view.getTag() is "feature-hint-overlay-dismiss" and view has effective visibility <VISIBLE>)
11-23 21:24:33.601 24620 24620 I ViewInteraction: Checking 'MatchesViewAssertion(Detox){viewMatcher=(view has effective visibility <VISIBLE> and view.getGlobalVisibleRect() covers at least <75> percent of the view's area)}' assertion on view (view.getTag() is "feature-hint-overlay-dismiss" and view has effective visibility <VISIBLE>)
11-23 21:24:33.632 24620 24620 I ViewInteraction: Checking 'MatchesViewAssertion(Detox){viewMatcher=(view has effective visibility <VISIBLE> and view.getGlobalVisibleRect() covers at least <75> percent of the view's area)}' assertion on view (view.getTag() is "feature-hint-overlay-dismiss" and view has effective visibility <VISIBLE>)
11-23 21:24:33.666 24620 24620 I ViewInteraction: Checking 'MatchesViewAssertion(Detox){viewMatcher=(view has effective visibility <VISIBLE> and view.getGlobalVisibleRect() covers at least <75> percent of the view's area)}' assertion on view (view.getTag() is "feature-hint-overlay-dismiss" and view has effective visibility <VISIBLE>)
11-23 21:24:33.698 24620 24620 I ViewInteraction: Checking 'MatchesViewAssertion(Detox){viewMatcher=(view has effective visibility <VISIBLE> and view.getGlobalVisibleRect() covers at least <75> percent of the view's area)}' assertion on view (view.getTag() is "feature-hint-overlay-dismiss" and view has effective visibility <VISIBLE>)
11-23 21:24:33.729 24620 24620 I ViewInteraction: Checking 'MatchesViewAssertion(Detox){viewMatcher=(view has effective visibility <VISIBLE> and view.getGlobalVisibleRect() covers at least <75> percent of the view's area)}' assertion on view (view.getTag() is "feature-hint-overlay-dismiss" and view has effective visibility <VISIBLE>)
11-23 21:24:33.761 24620 24620 I ViewInteraction: Checking 'MatchesViewAssertion(Detox){viewMatcher=(view has effective visibility <VISIBLE> and view.getGlobalVisibleRect() covers at least <75> percent of the view's area)}' assertion on view (view.getTag() is "feature-hint-overlay-dismiss" and view has effective visibility <VISIBLE>)
11-23 21:24:33.792 24620 24620 I ViewInteraction: Checking 'MatchesViewAssertion(Detox){viewMatcher=(view has effective visibility <VISIBLE> and view.getGlobalVisibleRect() covers at least <75> percent of the view's area)}' assertion on view (view.getTag() is "feature-hint-overlay-dismiss" and view has effective visibility <VISIBLE>)
11-23 21:24:33.824 24620 24620 I ViewInteraction: Checking 'MatchesViewAssertion(Detox){viewMatcher=(view has effective visibility <VISIBLE> and view.getGlobalVisibleRect() covers at least <75> percent of the view's area)}' assertion on view (view.getTag() is "feature-hint-overlay-dismiss" and view has effective visibility <VISIBLE>)
11-23 21:24:33.855 24620 24620 I ViewInteraction: Checking 'MatchesViewAssertion(Detox){viewMatcher=(view has effective visibility <VISIBLE> and view.getGlobalVisibleRect() covers at least <75> percent of the view's area)}' assertion on view (view.getTag() is "feature-hint-overlay-dismiss" and view has effective visibility <VISIBLE>)
11-23 21:24:33.887 24620 24620 I ViewInteraction: Checking 'MatchesViewAssertion(Detox){viewMatcher=(view has effective visibility <VISIBLE> and view.getGlobalVisibleRect() covers at least <75> percent of the view's area)}' assertion on view (view.getTag() is "feature-hint-overlay-dismiss" and view has effective visibility <VISIBLE>)
11-23 21:24:33.919 24620 24620 I ViewInteraction: Checking 'MatchesViewAssertion(Detox){viewMatcher=(view has effective visibility <VISIBLE> and view.getGlobalVisibleRect() covers at least <75> percent of the view's area)}' assertion on view (view.getTag() is "feature-hint-overlay-dismiss" and view has effective visibility <VISIBLE>)
11-23 21:24:33.951 24620 24620 I ViewInteraction: Checking 'MatchesViewAssertion(Detox){viewMatcher=(view has effective visibility <VISIBLE> and view.getGlobalVisibleRect() covers at least <75> percent of the view's area)}' assertion on view (view.getTag() is "feature-hint-overlay-dismiss" and view has effective visibility <VISIBLE>)
11-23 21:24:33.984 24620 24620 I ViewInteraction: Checking 'MatchesViewAssertion(Detox){viewMatcher=(view has effective visibility <VISIBLE> and view.getGlobalVisibleRect() covers at least <75> percent of the view's area)}' assertion on view (view.getTag() is "feature-hint-overlay-dismiss" and view has effective visibility <VISIBLE>)
11-23 21:24:34.014 24620 24620 I ViewInteraction: Checking 'MatchesViewAssertion(Detox){viewMatcher=(view has effective visibility <VISIBLE> and view.getGlobalVisibleRect() covers at least <75> percent of the view's area)}' assertion on view (view.getTag() is "feature-hint-overlay-dismiss" and view has effective visibility <VISIBLE>)
11-23 21:24:34.046 24620 24620 I ViewInteraction: Checking 'MatchesViewAssertion(Detox){viewMatcher=(view has effective visibility <VISIBLE> and view.getGlobalVisibleRect() covers at least <75> percent of the view's area)}' assertion on view (view.getTag() is "feature-hint-overlay-dismiss" and view has effective visibility <VISIBLE>)
11-23 21:24:34.077 24620 24620 I ViewInteraction: Checking 'MatchesViewAssertion(Detox){viewMatcher=(view has effective visibility <VISIBLE> and view.getGlobalVisibleRect() covers at least <75> percent of the view's area)}' assertion on view (view.getTag() is "feature-hint-overlay-dismiss" and view has effective visibility <VISIBLE>)
11-23 21:24:34.109 24620 24620 I ViewInteraction: Checking 'MatchesViewAssertion(Detox){viewMatcher=(view has effective visibility <VISIBLE> and view.getGlobalVisibleRect() covers at least <75> percent of the view's area)}' assertion on view (view.getTag() is "feature-hint-overlay-dismiss" and view has effective visibility <VISIBLE>)
11-23 21:24:34.140 24620 24620 I ViewInteraction: Checking 'MatchesViewAssertion(Detox){viewMatcher=(view has effective visibility <VISIBLE> and view.getGlobalVisibleRect() covers at least <75> percent of the view's area)}' assertion on view (view.getTag() is "feature-hint-overlay-dismiss" and view has effective visibility <VISIBLE>)
11-23 21:24:34.170 24620 24620 I ViewInteraction: Checking 'MatchesViewAssertion(Detox){viewMatcher=(view has effective visibility <VISIBLE> and view.getGlobalVisibleRect() covers at least <75> percent of the view's area)}' assertion on view (view.getTag() is "feature-hint-overlay-dismiss" and view has effective visibility <VISIBLE>)
11-23 21:24:34.202 24620 24620 I ViewInteraction: Checking 'MatchesViewAssertion(Detox){viewMatcher=(view has effective visibility <VISIBLE> and view.getGlobalVisibleRect() covers at least <75> percent of the view's area)}' assertion on view (view.getTag() is "feature-hint-overlay-dismiss" and view has effective visibility <VISIBLE>)
11-23 21:24:34.234 24620 24620 I ViewInteraction: Checking 'MatchesViewAssertion(Detox){viewMatcher=(view has effective visibility <VISIBLE> and view.getGlobalVisibleRect() covers at least <75> percent of the view's area)}' assertion on view (view.getTag() is "feature-hint-overlay-dismiss" and view has effective visibility <VISIBLE>)
11-23 21:24:34.265 24620 24620 I ViewInteraction: Checking 'MatchesViewAssertion(Detox){viewMatcher=(view has effective visibility <VISIBLE> and view.getGlobalVisibleRect() covers at least <75> percent of the view's area)}' assertion on view (view.getTag() is "feature-hint-overlay-dismiss" and view has effective visibility <VISIBLE>)
11-23 21:24:34.297 24620 24620 I ViewInteraction: Checking 'MatchesViewAssertion(Detox){viewMatcher=(view has effective visibility <VISIBLE> and view.getGlobalVisibleRect() covers at least <75> percent of the view's area)}' assertion on view (view.getTag() is "feature-hint-overlay-dismiss" and view has effective visibility <VISIBLE>)
11-23 21:24:34.328 24620 24620 I ViewInteraction: Checking 'MatchesViewAssertion(Detox){viewMatcher=(view has effective visibility <VISIBLE> and view.getGlobalVisibleRect() covers at least <75> percent of the view's area)}' assertion on view (view.getTag() is "feature-hint-overlay-dismiss" and view has effective visibility <VISIBLE>)
11-23 21:24:34.358 24620 24620 I ViewInteraction: Checking 'MatchesViewAssertion(Detox){viewMatcher=(view has effective visibility <VISIBLE> and view.getGlobalVisibleRect() covers at least <75> percent of the view's area)}' assertion on view (view.getTag() is "feature-hint-overlay-dismiss" and view has effective visibility <VISIBLE>)
11-23 21:24:34.389 24620 24620 I ViewInteraction: Checking 'MatchesViewAssertion(Detox){viewMatcher=(view has effective visibility <VISIBLE> and view.getGlobalVisibleRect() covers at least <75> percent of the view's area)}' assertion on view (view.getTag() is "feature-hint-overlay-dismiss" and view has effective visibility <VISIBLE>)
11-23 21:24:34.419 24620 24620 I ViewInteraction: Checking 'MatchesViewAssertion(Detox){viewMatcher=(view has effective visibility <VISIBLE> and view.getGlobalVisibleRect() covers at least <75> percent of the view's area)}' assertion on view (view.getTag() is "feature-hint-overlay-dismiss" and view has effective visibility <VISIBLE>)
11-23 21:24:34.450 24620 24620 I ViewInteraction: Checking 'MatchesViewAssertion(Detox){viewMatcher=(view has effective visibility <VISIBLE> and view.getGlobalVisibleRect() covers at least <75> percent of the view's area)}' assertion on view (view.getTag() is "feature-hint-overlay-dismiss" and view has effective visibility <VISIBLE>)
11-23 21:24:34.483 24620 24620 I ViewInteraction: Checking 'MatchesViewAssertion(Detox){viewMatcher=(view has effective visibility <VISIBLE> and view.getGlobalVisibleRect() covers at least <75> percent of the view's area)}' assertion on view (view.getTag() is "feature-hint-overlay-dismiss" and view has effective visibility <VISIBLE>)
11-23 21:24:34.513 24620 24620 I ViewInteraction: Checking 'MatchesViewAssertion(Detox){viewMatcher=(view has effective visibility <VISIBLE> and view.getGlobalVisibleRect() covers at least <75> percent of the view's area)}' assertion on view (view.getTag() is "feature-hint-overlay-dismiss" and view has effective visibility <VISIBLE>)
11-23 21:24:34.543 24620 24620 I ViewInteraction: Checking 'MatchesViewAssertion(Detox){viewMatcher=(view has effective visibility <VISIBLE> and view.getGlobalVisibleRect() covers at least <75> percent of the view's area)}' assertion on view (view.getTag() is "feature-hint-overlay-dismiss" and view has effective visibility <VISIBLE>)
11-23 21:24:34.574 24620 24620 I ViewInteraction: Checking 'MatchesViewAssertion(Detox){viewMatcher=(view has effective visibility <VISIBLE> and view.getGlobalVisibleRect() covers at least <75> percent of the view's area)}' assertion on view (view.getTag() is "feature-hint-overlay-dismiss" and view has effective visibility <VISIBLE>)
11-23 21:24:34.604 24620 24620 I ViewInteraction: Checking 'MatchesViewAssertion(Detox){viewMatcher=(view has effective visibility <VISIBLE> and view.getGlobalVisibleRect() covers at least <75> percent of the view's area)}' assertion on view (view.getTag() is "feature-hint-overlay-dismiss" and view has effective visibility <VISIBLE>)
11-23 21:24:34.634 24620 24620 I ViewInteraction: Checking 'MatchesViewAssertion(Detox){viewMatcher=(view has effective visibility <VISIBLE> and view.getGlobalVisibleRect() covers at least <75> percent of the view's area)}' assertion on view (view.getTag() is "feature-hint-overlay-dismiss" and view has effective visibility <VISIBLE>)
11-23 21:24:34.665 24620 24620 I ViewInteraction: Checking 'MatchesViewAssertion(Detox){viewMatcher=(view has effective visibility <VISIBLE> and view.getGlobalVisibleRect() covers at least <75> percent of the view's area)}' assertion on view (view.getTag() is "feature-hint-overlay-dismiss" and view has effective visibility <VISIBLE>)
11-23 21:24:34.696 24620 24620 I ViewInteraction: Checking 'MatchesViewAssertion(Detox){viewMatcher=(view has effective visibility <VISIBLE> and view.getGlobalVisibleRect() covers at least <75> percent of the view's area)}' assertion on view (view.getTag() is "feature-hint-overlay-dismiss" and view has effective visibility <VISIBLE>)
11-23 21:24:34.726 24620 24620 I ViewInteraction: Checking 'MatchesViewAssertion(Detox){viewMatcher=(view has effective visibility <VISIBLE> and view.getGlobalVisibleRect() covers at least <75> percent of the view's area)}' assertion on view (view.getTag() is "feature-hint-overlay-dismiss" and view has effective visibility <VISIBLE>)
11-23 21:24:34.758 24620 24620 I ViewInteraction: Checking 'MatchesViewAssertion(Detox){viewMatcher=(view has effective visibility <VISIBLE> and view.getGlobalVisibleRect() covers at least <75> percent of the view's area)}' assertion on view (view.getTag() is "feature-hint-overlay-dismiss" and view has effective visibility <VISIBLE>)
11-23 21:24:34.788 24620 24620 I ViewInteraction: Checking 'MatchesViewAssertion(Detox){viewMatcher=(view has effective visibility <VISIBLE> and view.getGlobalVisibleRect() covers at least <75> percent of the view's area)}' assertion on view (view.getTag() is "feature-hint-overlay-dismiss" and view has effective visibility <VISIBLE>)
11-23 21:24:34.818 24620 24620 I ViewInteraction: Checking 'MatchesViewAssertion(Detox){viewMatcher=(view has effective visibility <VISIBLE> and view.getGlobalVisibleRect() covers at least <75> percent of the view's area)}' assertion on view (view.getTag() is "feature-hint-overlay-dismiss" and view has effective visibility <VISIBLE>)
11-23 21:24:34.849 24620 24620 I ViewInteraction: Checking 'MatchesViewAssertion(Detox){viewMatcher=(view has effective visibility <VISIBLE> and view.getGlobalVisibleRect() covers at least <75> percent of the view's area)}' assertion on view (view.getTag() is "feature-hint-overlay-dismiss" and view has effective visibility <VISIBLE>)
11-23 21:24:34.881 24620 24620 I ViewInteraction: Checking 'MatchesViewAssertion(Detox){viewMatcher=(view has effective visibility <VISIBLE> and view.getGlobalVisibleRect() covers at least <75> percent of the view's area)}' assertion on view (view.getTag() is "feature-hint-overlay-dismiss" and view has effective visibility <VISIBLE>)
11-23 21:24:34.912 24620 24620 I ViewInteraction: Checking 'MatchesViewAssertion(Detox){viewMatcher=(view has effective visibility <VISIBLE> and view.getGlobalVisibleRect() covers at least <75> percent of the view's area)}' assertion on view (view.getTag() is "feature-hint-overlay-dismiss" and view has effective visibility <VISIBLE>)
11-23 21:24:34.943 24620 24620 I ViewInteraction: Checking 'MatchesViewAssertion(Detox){viewMatcher=(view has effective visibility <VISIBLE> and view.getGlobalVisibleRect() covers at least <75> percent of the view's area)}' assertion on view (view.getTag() is "feature-hint-overlay-dismiss" and view has effective visibility <VISIBLE>)
11-23 21:24:34.974 24620 24620 I ViewInteraction: Checking 'MatchesViewAssertion(Detox){viewMatcher=(view has effective visibility <VISIBLE> and view.getGlobalVisibleRect() covers at least <75> percent of the view's area)}' assertion on view (view.getTag() is "feature-hint-overlay-dismiss" and view has effective visibility <VISIBLE>)
11-23 21:24:35.004 24620 24620 I ViewInteraction: Checking 'MatchesViewAssertion(Detox){viewMatcher=(view has effective visibility <VISIBLE> and view.getGlobalVisibleRect() covers at least <75> percent of the view's area)}' assertion on view (view.getTag() is "feature-hint-overlay-dismiss" and view has effective visibility <VISIBLE>)
11-23 21:24:35.034 24620 24620 I ViewInteraction: Checking 'MatchesViewAssertion(Detox){viewMatcher=(view has effective visibility <VISIBLE> and view.getGlobalVisibleRect() covers at least <75> percent of the view's area)}' assertion on view (view.getTag() is "feature-hint-overlay-dismiss" and view has effective visibility <VISIBLE>)
11-23 21:24:35.065 24620 24620 I ViewInteraction: Checking 'MatchesViewAssertion(Detox){viewMatcher=(view has effective visibility <VISIBLE> and view.getGlobalVisibleRect() covers at least <75> percent of the view's area)}' assertion on view (view.getTag() is "feature-hint-overlay-dismiss" and view has effective visibility <VISIBLE>)
11-23 21:24:35.097 24620 24620 I ViewInteraction: Checking 'MatchesViewAssertion(Detox){viewMatcher=(view has effective visibility <VISIBLE> and view.getGlobalVisibleRect() covers at least <75> percent of the view's area)}' assertion on view (view.getTag() is "feature-hint-overlay-dismiss" and view has effective visibility <VISIBLE>)
11-23 21:24:35.129 24620 24620 I ViewInteraction: Checking 'MatchesViewAssertion(Detox){viewMatcher=(view has effective visibility <VISIBLE> and view.getGlobalVisibleRect() covers at least <75> percent of the view's area)}' assertion on view (view.getTag() is "feature-hint-overlay-dismiss" and view has effective visibility <VISIBLE>)
11-23 21:24:35.159 24620 24620 I ViewInteraction: Checking 'MatchesViewAssertion(Detox){viewMatcher=(view has effective visibility <VISIBLE> and view.getGlobalVisibleRect() covers at least <75> percent of the view's area)}' assertion on view (view.getTag() is "feature-hint-overlay-dismiss" and view has effective visibility <VISIBLE>)
11-23 21:24:35.190 24620 24620 I ViewInteraction: Checking 'MatchesViewAssertion(Detox){viewMatcher=(view has effective visibility <VISIBLE> and view.getGlobalVisibleRect() covers at least <75> percent of the view's area)}' assertion on view (view.getTag() is "feature-hint-overlay-dismiss" and view has effective visibility <VISIBLE>)
11-23 21:24:35.229 24620 24620 I ViewInteraction: Checking 'MatchesViewAssertion(Detox){viewMatcher=(view has effective visibility <VISIBLE> and view.getGlobalVisibleRect() covers at least <75> percent of the view's area)}' assertion on view (view.getTag() is "feature-hint-overlay-dismiss" and view has effective visibility <VISIBLE>)
11-23 21:24:35.246 24620 24631 I ev.souschef.app: NativeAlloc concurrent mark compact GC freed 30MB AllocSpace bytes, 92(2132KB) LOS objects, 66% free, 14MB/42MB, paused 1.715ms,6.234ms total 116.006ms
11-23 21:24:35.264 24620 24620 I ViewInteraction: Checking 'MatchesViewAssertion(Detox){viewMatcher=(view has effective visibility <VISIBLE> and view.getGlobalVisibleRect() covers at least <75> percent of the view's area)}' assertion on view (view.getTag() is "feature-hint-overlay-dismiss" and view has effective visibility <VISIBLE>)
11-23 21:24:35.294 24620 24620 I ViewInteraction: Checking 'MatchesViewAssertion(Detox){viewMatcher=(view has effective visibility <VISIBLE> and view.getGlobalVisibleRect() covers at least <75> percent of the view's area)}' assertion on view (view.getTag() is "feature-hint-overlay-dismiss" and view has effective visibility <VISIBLE>)
11-23 21:24:35.323 24620 24620 I ViewInteraction: Checking 'MatchesViewAssertion(Detox){viewMatcher=(view has effective visibility <VISIBLE> and view.getGlobalVisibleRect() covers at least <75> percent of the view's area)}' assertion on view (view.getTag() is "feature-hint-overlay-dismiss" and view has effective visibility <VISIBLE>)
11-23 21:24:35.353 24620 24620 I ViewInteraction: Checking 'MatchesViewAssertion(Detox){viewMatcher=(view has effective visibility <VISIBLE> and view.getGlobalVisibleRect() covers at least <75> percent of the view's area)}' assertion on view (view.getTag() is "feature-hint-overlay-dismiss" and view has effective visibility <VISIBLE>)
11-23 21:24:35.387 24620 24620 I ViewInteraction: Checking 'MatchesViewAssertion(Detox){viewMatcher=(view has effective visibility <VISIBLE> and view.getGlobalVisibleRect() covers at least <75> percent of the view's area)}' assertion on view (view.getTag() is "feature-hint-overlay-dismiss" and view has effective visibility <VISIBLE>)
11-23 21:24:35.419 24620 24620 I ViewInteraction: Checking 'MatchesViewAssertion(Detox){viewMatcher=(view has effective visibility <VISIBLE> and view.getGlobalVisibleRect() covers at least <75> percent of the view's area)}' assertion on view (view.getTag() is "feature-hint-overlay-dismiss" and view has effective visibility <VISIBLE>)
11-23 21:24:35.447 24620 24620 I ViewInteraction: Checking 'MatchesViewAssertion(Detox){viewMatcher=(view has effective visibility <VISIBLE> and view.getGlobalVisibleRect() covers at least <75> percent of the view's area)}' assertion on view (view.getTag() is "feature-hint-overlay-dismiss" and view has effective visibility <VISIBLE>)
11-23 21:24:35.478 24620 24620 I ViewInteraction: Checking 'MatchesViewAssertion(Detox){viewMatcher=(view has effective visibility <VISIBLE> and view.getGlobalVisibleRect() covers at least <75> percent of the view's area)}' assertion on view (view.getTag() is "feature-hint-overlay-dismiss" and view has effective visibility <VISIBLE>)
11-23 21:24:35.507 24620 24620 I ViewInteraction: Checking 'MatchesViewAssertion(Detox){viewMatcher=(view has effective visibility <VISIBLE> and view.getGlobalVisibleRect() covers at least <75> percent of the view's area)}' assertion on view (view.getTag() is "feature-hint-overlay-dismiss" and view has effective visibility <VISIBLE>)
11-23 21:24:35.536 24620 24620 I ViewInteraction: Checking 'MatchesViewAssertion(Detox){viewMatcher=(view has effective visibility <VISIBLE> and view.getGlobalVisibleRect() covers at least <75> percent of the view's area)}' assertion on view (view.getTag() is "feature-hint-overlay-dismiss" and view has effective visibility <VISIBLE>)
11-23 21:24:35.567 24620 24620 I ViewInteraction: Checking 'MatchesViewAssertion(Detox){viewMatcher=(view has effective visibility <VISIBLE> and view.getGlobalVisibleRect() covers at least <75> percent of the view's area)}' assertion on view (view.getTag() is "feature-hint-overlay-dismiss" and view has effective visibility <VISIBLE>)
11-23 21:24:35.599 24620 24620 I ViewInteraction: Checking 'MatchesViewAssertion(Detox){viewMatcher=(view has effective visibility <VISIBLE> and view.getGlobalVisibleRect() covers at least <75> percent of the view's area)}' assertion on view (view.getTag() is "feature-hint-overlay-dismiss" and view has effective visibility <VISIBLE>)
11-23 21:24:35.633 24620 24620 I ViewInteraction: Checking 'MatchesViewAssertion(Detox){viewMatcher=(view has effective visibility <VISIBLE> and view.getGlobalVisibleRect() covers at least <75> percent of the view's area)}' assertion on view (view.getTag() is "feature-hint-overlay-dismiss" and view has effective visibility <VISIBLE>)
11-23 21:24:35.666 24620 24620 I ViewInteraction: Checking 'MatchesViewAssertion(Detox){viewMatcher=(view has effective visibility <VISIBLE> and view.getGlobalVisibleRect() covers at least <75> percent of the view's area)}' assertion on view (view.getTag() is "feature-hint-overlay-dismiss" and view has effective visibility <VISIBLE>)
11-23 21:24:35.700 24620 24620 I ViewInteraction: Checking 'MatchesViewAssertion(Detox){viewMatcher=(view has effective visibility <VISIBLE> and view.getGlobalVisibleRect() covers at least <75> percent of the view's area)}' assertion on view (view.getTag() is "feature-hint-overlay-dismiss" and view has effective visibility <VISIBLE>)
11-23 21:24:35.736 24620 24620 I ViewInteraction: Checking 'MatchesViewAssertion(Detox){viewMatcher=(view has effective visibility <VISIBLE> and view.getGlobalVisibleRect() covers at least <75> percent of the view's area)}' assertion on view (view.getTag() is "feature-hint-overlay-dismiss" and view has effective visibility <VISIBLE>)
11-23 21:24:35.771 24620 24620 I ViewInteraction: Checking 'MatchesViewAssertion(Detox){viewMatcher=(view has effective visibility <VISIBLE> and view.getGlobalVisibleRect() covers at least <75> percent of the view's area)}' assertion on view (view.getTag() is "feature-hint-overlay-dismiss" and view has effective visibility <VISIBLE>)
11-23 21:24:35.809 24620 24620 I ViewInteraction: Checking 'MatchesViewAssertion(Detox){viewMatcher=(view has effective visibility <VISIBLE> and view.getGlobalVisibleRect() covers at least <75> percent of the view's area)}' assertion on view (view.getTag() is "feature-hint-overlay-dismiss" and view has effective visibility <VISIBLE>)
11-23 21:24:35.843 24620 24620 I ViewInteraction: Checking 'MatchesViewAssertion(Detox){viewMatcher=(view has effective visibility <VISIBLE> and view.getGlobalVisibleRect() covers at least <75> percent of the view's area)}' assertion on view (view.getTag() is "feature-hint-overlay-dismiss" and view has effective visibility <VISIBLE>)
11-23 21:24:35.873 24620 24620 D ScrollView: initGoToTop
11-23 21:24:35.882 24620 24620 I ViewInteraction: Checking 'MatchesViewAssertion(Detox){viewMatcher=(view has effective visibility <VISIBLE> and view.getGlobalVisibleRect() covers at least <75> percent of the view's area)}' assertion on view (view.getTag() is "feature-hint-overlay-dismiss" and view has effective visibility <VISIBLE>)
11-23 21:24:35.941 24620 24620 I ViewInteraction: Checking 'MatchesViewAssertion(Detox){viewMatcher=(view has effective visibility <VISIBLE> and view.getGlobalVisibleRect() covers at least <75> percent of the view's area)}' assertion on view (view.getTag() is "feature-hint-overlay-dismiss" and view has effective visibility <VISIBLE>)
11-23 21:24:35.964 24620 24620 W [RNScreens]: backTitleVisible prop is not available on Android
11-23 21:24:35.964 24620 24620 W [RNScreens]: backTitleFontFamily prop is not available on Android
11-23 21:24:35.964 24620 24620 W [RNScreens]: disableBackButtonMenu prop is not available on Android
11-23 21:24:35.964 24620 24620 W [RNScreens]: largeTitleFontFamily prop is not available on Android
11-23 21:24:35.964 24620 24620 W [RNScreens]: topInsetEnabled prop is not available on Android
11-23 21:24:35.964 24620 24620 W [RNScreens]: largeTitleFontWeight prop is not available on Android
11-23 21:24:35.964 24620 24620 W [RNScreens]: largeTitleHideShadow prop is not available on Android
11-23 21:24:35.974 24620 24620 I ViewInteraction: Checking 'MatchesViewAssertion(Detox){viewMatcher=(view has effective visibility <VISIBLE> and view.getGlobalVisibleRect() covers at least <75> percent of the view's area)}' assertion on view (view.getTag() is "feature-hint-overlay-dismiss" and view has effective visibility <VISIBLE>)
11-23 21:24:36.015 24620 24620 W [RNScreens]: backTitleVisible prop is not available on Android
11-23 21:24:36.015 24620 24620 W [RNScreens]: backTitleFontFamily prop is not available on Android
11-23 21:24:36.015 24620 24620 W [RNScreens]: disableBackButtonMenu prop is not available on Android
11-23 21:24:36.015 24620 24620 W [RNScreens]: largeTitleFontFamily prop is not available on Android
11-23 21:24:36.015 24620 24620 W [RNScreens]: topInsetEnabled prop is not available on Android
11-23 21:24:36.015 24620 24620 W [RNScreens]: largeTitleFontWeight prop is not available on Android
11-23 21:24:36.015 24620 24620 W [RNScreens]: largeTitleHideShadow prop is not available on Android
11-23 21:24:36.251 24620 24659 I DetoxActionHandlers: Test exception
11-23 21:24:36.251 24620 24659 I DetoxActionHandlers: java.lang.reflect.InvocationTargetException
11-23 21:24:36.251 24620 24659 I DetoxActionHandlers: 	at java.lang.reflect.Method.invoke(Native Method)
11-23 21:24:36.251 24620 24659 I DetoxActionHandlers: 	at org.apache.commons.lang3.reflect.MethodUtils.invokeStaticMethod(MethodUtils.java:443)
11-23 21:24:36.251 24620 24659 I DetoxActionHandlers: 	at org.apache.commons.lang3.reflect.MethodUtils.invokeStaticMethod(MethodUtils.java:405)
11-23 21:24:36.251 24620 24659 I DetoxActionHandlers: 	at com.wix.invoke.types.ClassTarget.execute(ClassTarget.java:23)
11-23 21:24:36.251 24620 24659 I DetoxActionHandlers: 	at com.wix.invoke.types.Target.invoke(Target.java:59)
11-23 21:24:36.251 24620 24659 I DetoxActionHandlers: 	at com.wix.invoke.MethodInvocation.invoke(MethodInvocation.java:35)
11-23 21:24:36.251 24620 24659 I DetoxActionHandlers: 	at com.wix.invoke.MethodInvocation.invoke(MethodInvocation.java:26)
11-23 21:24:36.251 24620 24659 I DetoxActionHandlers: 	at com.wix.invoke.MethodInvocation.invoke(MethodInvocation.java:20)
11-23 21:24:36.251 24620 24659 I DetoxActionHandlers: 	at com.wix.detox.adapters.server.InvokeActionHandler.handle(DetoxActionHandlers.kt:54)
11-23 21:24:36.251 24620 24659 I DetoxActionHandlers: 	at com.wix.detox.adapters.server.ActionsExecutor.executeAction$lambda$2$lambda$1(DetoxActionsDispatcher.kt:76)
11-23 21:24:36.251 24620 24659 I DetoxActionHandlers: 	at com.wix.detox.adapters.server.ActionsExecutor.$r8$lambda$GVbB7LHtBHxNHGbgYnHJ6YrwCqs(Unknown Source:0)
11-23 21:24:36.251 24620 24659 I DetoxActionHandlers: 	at com.wix.detox.adapters.server.ActionsExecutor$$ExternalSyntheticLambda0.run(D8$$SyntheticClass:0)
11-23 21:24:36.251 24620 24659 I DetoxActionHandlers: 	at android.os.Handler.handleCallback(Handler.java:995)
11-23 21:24:36.251 24620 24659 I DetoxActionHandlers: 	at android.os.Handler.dispatchMessage(Handler.java:103)
11-23 21:24:36.251 24620 24659 I DetoxActionHandlers: 	at android.os.Looper.loopOnce(Looper.java:273)
11-23 21:24:36.251 24620 24659 I DetoxActionHandlers: 	at android.os.Looper.loop(Looper.java:363)
11-23 21:24:36.251 24620 24659 I DetoxActionHandlers: 	at com.wix.detox.adapters.server.ActionsExecutor._init_$lambda$0(DetoxActionsDispatcher.kt:62)
11-23 21:24:36.251 24620 24659 I DetoxActionHandlers: 	at com.wix.detox.adapters.server.ActionsExecutor.$r8$lambda$xlgL0CQim6vNM0wWEqM8JIDgZUE(Unknown Source:0)
11-23 21:24:36.251 24620 24659 I DetoxActionHandlers: 	at com.wix.detox.adapters.server.ActionsExecutor$$ExternalSyntheticLambda1.run(D8$$SyntheticClass:0)
11-23 21:24:36.251 24620 24659 I DetoxActionHandlers: 	at java.lang.Thread.run(Thread.java:1119)
11-23 21:24:36.251 24620 24659 I DetoxActionHandlers: Caused by: com.wix.detox.common.DetoxErrors$DetoxRuntimeException: 3.0sec timeout expired without matching of given matcher: (view has effective visibility <VISIBLE> and view.getGlobalVisibleRect() covers at least <75> percent of the view's area)
11-23 21:24:36.251 24620 24659 I DetoxActionHandlers: 	at com.wix.detox.espresso.DetoxAssertion.waitForAssertMatcher(DetoxAssertion.java:72)
11-23 21:24:36.251 24620 24659 I DetoxActionHandlers: 	... 20 more
11-23 21:24:36.252 24620 24659 I DetoxWSClient: Sending out action 'testFailed' (ID #45)
11-23 21:24:36.252 24620 24659 I DetoxDispatcher: Done with action 'invoke'
11-23 21:24:36.259 24620 24664 D DetoxWSClient: Received action 'invoke' (ID #46, params={"target":{"type":"Class","value":"com.wix.detox.espresso.EspressoDetox"},"method":"perform","args":[{"type":"Invocation","value":{"target":{"type":"Class","value":"com.wix.detox.espresso.DetoxMatcher"},"method":"matcherForTestId","args":["tab-pantry",{"type":"boolean","value":false}]}},{"type":"Invocation","value":{"target":{"type":"Class","value":"com.wix.detox.espresso.DetoxViewActions"},"method":"click","args":[]}}]})
11-23 21:24:36.260 24620 24659 I DetoxDispatcher: Handling action 'invoke' (ID #46)...
11-23 21:24:36.261 24620 24659 D Detox   : class com.wix.detox.espresso.DetoxMatcher, matcherForTestId, [tab-pantry, false]
11-23 21:24:36.262 24620 24659 D Detox   : class com.wix.detox.espresso.DetoxViewActions, click, []
11-23 21:24:36.263 24620 24659 D Detox   : class com.wix.detox.espresso.EspressoDetox, perform, [(view.getTag() is "tab-pantry" and view has effective visibility <VISIBLE>), com.wix.detox.espresso.action.RNClickAction@b0ff20d]
11-23 21:24:36.307 24620 24620 I ViewInteraction: Performing 'com.wix.detox.espresso.action.detoxsingletap@49835c2 click' action on view (view.getTag() is "tab-pantry" and view has effective visibility <VISIBLE>)
11-23 21:24:36.321 24620 24620 I VRI[MainActivity]@8e53a52: ViewPostIme pointer 0
11-23 21:24:36.330 24620 24620 I VRI[MainActivity]@8e53a52: call setFrameRateCategory for touch hint category=high hint, reason=touch, vri=VRI[MainActivity]@8e53a52
11-23 21:24:36.343 24620 24620 I VRI[MainActivity]@8e53a52: ViewPostIme pointer 1
11-23 21:24:36.479 24620 25137 I ReactNativeJS: [ScreenTransition] PantryMain focused
11-23 21:24:36.483 24620 25137 I ReactNativeJS: [ScreenTransition] PantryMain mounted in 5.07ms
11-23 21:24:36.688 24620 25137 I ReactNativeJS: [ScreenTransition] PantryMain interactive in 208.72ms
11-23 21:24:36.964 24620 24659 I DetoxWSClient: Sending out action 'invokeResult' (ID #46)
11-23 21:24:36.964 24620 24659 I DetoxDispatcher: Done with action 'invoke'
11-23 21:24:36.968 24620 24664 D DetoxWSClient: Received action 'invoke' (ID #47, params={"target":{"type":"Class","value":"com.wix.detox.espresso.DetoxAssertion"},"method":"waitForAssertMatcher","args":[{"type":"Invocation","value":{"target":{"type":"Class","value":"androidx.test.espresso.Espresso"},"method":"onView","args":[{"type":"Invocation","value":{"target":{"type":"Class","value":"com.wix.detox.espresso.DetoxMatcher"},"method":"matcherForTestId","args":["pantry-screen",{"type":"boolean","value":false}]}}]}},{"type":"Invocation","value":{"target":{"type":"Class","value":"com.wix.detox.espresso.DetoxMatcher"},"method":"matcherForSufficientlyVisible","args":[{"type":"Integer","value":75}]}},{"type":"Double","value":5}]})
11-23 21:24:36.969 24620 24659 I DetoxDispatcher: Handling action 'invoke' (ID #47)...
11-23 21:24:36.969 24620 24659 D Detox   : class com.wix.detox.espresso.DetoxMatcher, matcherForTestId, [pantry-screen, false]
11-23 21:24:36.970 24620 24659 D Detox   : class androidx.test.espresso.Espresso, onView, [(view.getTag() is "pantry-screen" and view has effective visibility <VISIBLE>)]
11-23 21:24:36.972 24620 24659 D Detox   : class com.wix.detox.espresso.DetoxMatcher, matcherForSufficientlyVisible, [75]
11-23 21:24:36.973 24620 24659 D Detox   : class com.wix.detox.espresso.DetoxAssertion, waitForAssertMatcher, [androidx.test.espresso.ViewInteraction@e9a3b58, (view has effective visibility <VISIBLE> and view.getGlobalVisibleRect() covers at least <75> percent of the view's area), 5.0]
11-23 21:24:36.978 24620 24620 I ViewInteraction: Checking 'MatchesViewAssertion(Detox){viewMatcher=(view has effective visibility <VISIBLE> and view.getGlobalVisibleRect() covers at least <75> percent of the view's area)}' assertion on view (view.getTag() is "pantry-screen" and view has effective visibility <VISIBLE>)
11-23 21:24:36.982 24620 24659 I DetoxWSClient: Sending out action 'invokeResult' (ID #47)
11-23 21:24:36.982 24620 24659 I DetoxDispatcher: Done with action 'invoke'
11-23 21:24:36.989 24620 24664 D DetoxWSClient: Received action 'invoke' (ID #48, params={"target":{"type":"Class","value":"com.wix.detox.espresso.DetoxAssertion"},"method":"waitForAssertMatcher","args":[{"type":"Invocation","value":{"target":{"type":"Class","value":"androidx.test.espresso.Espresso"},"method":"onView","args":[{"type":"Invocation","value":{"target":{"type":"Class","value":"com.wix.detox.espresso.DetoxMatcher"},"method":"matcherForTestId","args":["feature-hint-overlay-dismiss",{"type":"boolean","value":false}]}}]}},{"type":"Invocation","value":{"target":{"type":"Class","value":"com.wix.detox.espresso.DetoxMatcher"},"method":"matcherForSufficientlyVisible","args":[{"type":"Integer","value":75}]}},{"type":"Double","value":1}]})
11-23 21:24:36.989 24620 24659 I DetoxDispatcher: Handling action 'invoke' (ID #48)...
11-23 21:24:36.990 24620 24659 D Detox   : class com.wix.detox.espresso.DetoxMatcher, matcherForTestId, [feature-hint-overlay-dismiss, false]
11-23 21:24:36.991 24620 24659 D Detox   : class androidx.test.espresso.Espresso, onView, [(view.getTag() is "feature-hint-overlay-dismiss" and view has effective visibility <VISIBLE>)]
11-23 21:24:36.992 24620 24659 D Detox   : class com.wix.detox.espresso.DetoxMatcher, matcherForSufficientlyVisible, [75]
11-23 21:24:36.993 24620 24659 D Detox   : class com.wix.detox.espresso.DetoxAssertion, waitForAssertMatcher, [androidx.test.espresso.ViewInteraction@6815d96, (view has effective visibility <VISIBLE> and view.getGlobalVisibleRect() covers at least <75> percent of the view's area), 1.0]
11-23 21:24:37.041 24620 25137 D Detox.RNMarker: REACT_BRIDGELESS_LOADING_END (null)
11-23 21:24:37.074 24620 25137 I ReactNativeJS: '%c🚀 ✅ QUERY GetHomes 422ms', 'color: #22c55e; font-weight: bold'
11-23 21:24:37.373 24620 24620 I ViewInteraction: Checking 'MatchesViewAssertion(Detox){viewMatcher=(view has effective visibility <VISIBLE> and view.getGlobalVisibleRect() covers at least <75> percent of the view's area)}' assertion on view (view.getTag() is "feature-hint-overlay-dismiss" and view has effective visibility <VISIBLE>)
11-23 21:24:37.438 24620 24620 I ViewInteraction: Checking 'MatchesViewAssertion(Detox){viewMatcher=(view has effective visibility <VISIBLE> and view.getGlobalVisibleRect() covers at least <75> percent of the view's area)}' assertion on view (view.getTag() is "feature-hint-overlay-dismiss" and view has effective visibility <VISIBLE>)
11-23 21:24:37.468 24620 25137 I ReactNativeJS: '%c🚀 ✅ QUERY GetHomeBasic 798ms', 'color: #22c55e; font-weight: bold'
11-23 21:24:37.491 24620 25137 I ReactNativeJS: '   📤 Variables:', { homeId: '691f7d5e3c9c067fb5562608' }
11-23 21:24:37.499 24620 24620 I ViewInteraction: Checking 'MatchesViewAssertion(Detox){viewMatcher=(view has effective visibility <VISIBLE> and view.getGlobalVisibleRect() covers at least <75> percent of the view's area)}' assertion on view (view.getTag() is "feature-hint-overlay-dismiss" and view has effective visibility <VISIBLE>)
11-23 21:24:37.698 24620 24620 I ViewInteraction: Checking 'MatchesViewAssertion(Detox){viewMatcher=(view has effective visibility <VISIBLE> and view.getGlobalVisibleRect() covers at least <75> percent of the view's area)}' assertion on view (view.getTag() is "feature-hint-overlay-dismiss" and view has effective visibility <VISIBLE>)
11-23 21:24:37.753 24620 25137 I ReactNativeJS: '%c🚀 ⚠️ QUERY GetDefaultHome 1090ms', 'color: #f59e0b; font-weight: bold'
11-23 21:24:37.763 24620 24620 I ViewInteraction: Checking 'MatchesViewAssertion(Detox){viewMatcher=(view has effective visibility <VISIBLE> and view.getGlobalVisibleRect() covers at least <75> percent of the view's area)}' assertion on view (view.getTag() is "feature-hint-overlay-dismiss" and view has effective visibility <VISIBLE>)
11-23 21:24:37.972 24620 24620 I ViewInteraction: Checking 'MatchesViewAssertion(Detox){viewMatcher=(view has effective visibility <VISIBLE> and view.getGlobalVisibleRect() covers at least <75> percent of the view's area)}' assertion on view (view.getTag() is "feature-hint-overlay-dismiss" and view has effective visibility <VISIBLE>)
11-23 21:24:38.000 24620 24659 I DetoxActionHandlers: Test exception
11-23 21:24:38.000 24620 24659 I DetoxActionHandlers: java.lang.reflect.InvocationTargetException
11-23 21:24:38.000 24620 24659 I DetoxActionHandlers: 	at java.lang.reflect.Method.invoke(Native Method)
11-23 21:24:38.000 24620 24659 I DetoxActionHandlers: 	at org.apache.commons.lang3.reflect.MethodUtils.invokeStaticMethod(MethodUtils.java:443)
11-23 21:24:38.000 24620 24659 I DetoxActionHandlers: 	at org.apache.commons.lang3.reflect.MethodUtils.invokeStaticMethod(MethodUtils.java:405)
11-23 21:24:38.000 24620 24659 I DetoxActionHandlers: 	at com.wix.invoke.types.ClassTarget.execute(ClassTarget.java:23)
11-23 21:24:38.000 24620 24659 I DetoxActionHandlers: 	at com.wix.invoke.types.Target.invoke(Target.java:59)
11-23 21:24:38.000 24620 24659 I DetoxActionHandlers: 	at com.wix.invoke.MethodInvocation.invoke(MethodInvocation.java:35)
11-23 21:24:38.000 24620 24659 I DetoxActionHandlers: 	at com.wix.invoke.MethodInvocation.invoke(MethodInvocation.java:26)
11-23 21:24:38.000 24620 24659 I DetoxActionHandlers: 	at com.wix.invoke.MethodInvocation.invoke(MethodInvocation.java:20)
11-23 21:24:38.000 24620 24659 I DetoxActionHandlers: 	at com.wix.detox.adapters.server.InvokeActionHandler.handle(DetoxActionHandlers.kt:54)
11-23 21:24:38.000 24620 24659 I DetoxActionHandlers: 	at com.wix.detox.adapters.server.ActionsExecutor.executeAction$lambda$2$lambda$1(DetoxActionsDispatcher.kt:76)
11-23 21:24:38.000 24620 24659 I DetoxActionHandlers: 	at com.wix.detox.adapters.server.ActionsExecutor.$r8$lambda$GVbB7LHtBHxNHGbgYnHJ6YrwCqs(Unknown Source:0)
11-23 21:24:38.000 24620 24659 I DetoxActionHandlers: 	at com.wix.detox.adapters.server.ActionsExecutor$$ExternalSyntheticLambda0.run(D8$$SyntheticClass:0)
11-23 21:24:38.000 24620 24659 I DetoxActionHandlers: 	at android.os.Handler.handleCallback(Handler.java:995)
11-23 21:24:38.000 24620 24659 I DetoxActionHandlers: 	at android.os.Handler.dispatchMessage(Handler.java:103)
11-23 21:24:38.000 24620 24659 I DetoxActionHandlers: 	at android.os.Looper.loopOnce(Looper.java:273)
11-23 21:24:38.000 24620 24659 I DetoxActionHandlers: 	at android.os.Looper.loop(Looper.java:363)
11-23 21:24:38.000 24620 24659 I DetoxActionHandlers: 	at com.wix.detox.adapters.server.ActionsExecutor._init_$lambda$0(DetoxActionsDispatcher.kt:62)
11-23 21:24:38.000 24620 24659 I DetoxActionHandlers: 	at com.wix.detox.adapters.server.ActionsExecutor.$r8$lambda$xlgL0CQim6vNM0wWEqM8JIDgZUE(Unknown Source:0)
11-23 21:24:38.000 24620 24659 I DetoxActionHandlers: 	at com.wix.detox.adapters.server.ActionsExecutor$$ExternalSyntheticLambda1.run(D8$$SyntheticClass:0)
11-23 21:24:38.000 24620 24659 I DetoxActionHandlers: 	at java.lang.Thread.run(Thread.java:1119)
11-23 21:24:38.000 24620 24659 I DetoxActionHandlers: Caused by: com.wix.detox.common.DetoxErrors$DetoxRuntimeException: 1.0sec timeout expired without matching of given matcher: (view has effective visibility <VISIBLE> and view.getGlobalVisibleRect() covers at least <75> percent of the view's area)
11-23 21:24:38.000 24620 24659 I DetoxActionHandlers: 	at com.wix.detox.espresso.DetoxAssertion.waitForAssertMatcher(DetoxAssertion.java:72)
11-23 21:24:38.000 24620 24659 I DetoxActionHandlers: 	... 20 more
11-23 21:24:38.000 24620 24659 I DetoxWSClient: Sending out action 'testFailed' (ID #48)
11-23 21:24:38.000 24620 24659 I DetoxDispatcher: Done with action 'invoke'
11-23 21:24:38.010 24620 24664 D DetoxWSClient: Received action 'invoke' (ID #49, params={"target":{"type":"Class","value":"com.wix.detox.espresso.DetoxAssertion"},"method":"waitForAssertMatcher","args":[{"type":"Invocation","value":{"target":{"type":"Class","value":"androidx.test.espresso.Espresso"},"method":"onView","args":[{"type":"Invocation","value":{"target":{"type":"Class","value":"com.wix.detox.espresso.DetoxMatcher"},"method":"matcherForTestId","args":["pantry-add-button",{"type":"boolean","value":false}]}}]}},{"type":"Invocation","value":{"target":{"type":"Class","value":"com.wix.detox.espresso.DetoxMatcher"},"method":"matcherForSufficientlyVisible","args":[{"type":"Integer","value":75}]}},{"type":"Double","value":5}]})
11-23 21:24:38.011 24620 24659 I DetoxDispatcher: Handling action 'invoke' (ID #49)...
11-23 21:24:38.012 24620 24659 D Detox   : class com.wix.detox.espresso.DetoxMatcher, matcherForTestId, [pantry-add-button, false]
11-23 21:24:38.013 24620 24659 D Detox   : class androidx.test.espresso.Espresso, onView, [(view.getTag() is "pantry-add-button" and view has effective visibility <VISIBLE>)]
11-23 21:24:38.016 24620 24659 D Detox   : class com.wix.detox.espresso.DetoxMatcher, matcherForSufficientlyVisible, [75]
11-23 21:24:38.017 24620 24659 D Detox   : class com.wix.detox.espresso.DetoxAssertion, waitForAssertMatcher, [androidx.test.espresso.ViewInteraction@bc8ff2e, (view has effective visibility <VISIBLE> and view.getGlobalVisibleRect() covers at least <75> percent of the view's area), 5.0]
11-23 21:24:38.020 24620 24620 I ViewInteraction: Checking 'MatchesViewAssertion(Detox){viewMatcher=(view has effective visibility <VISIBLE> and view.getGlobalVisibleRect() covers at least <75> percent of the view's area)}' assertion on view (view.getTag() is "pantry-add-button" and view has effective visibility <VISIBLE>)
11-23 21:24:38.027 24620 24659 I DetoxWSClient: Sending out action 'invokeResult' (ID #49)
11-23 21:24:38.027 24620 24659 I DetoxDispatcher: Done with action 'invoke'
11-23 21:24:38.030 24620 24664 D DetoxWSClient: Received action 'invoke' (ID #50, params={"target":{"type":"Class","value":"com.wix.detox.espresso.EspressoDetox"},"method":"perform","args":[{"type":"Invocation","value":{"target":{"type":"Class","value":"com.wix.detox.espresso.DetoxMatcher"},"method":"matcherForTestId","args":["pantry-add-button",{"type":"boolean","value":false}]}},{"type":"Invocation","value":{"target":{"type":"Class","value":"com.wix.detox.espresso.DetoxViewActions"},"method":"click","args":[]}}]})
11-23 21:24:38.032 24620 24659 I DetoxDispatcher: Handling action 'invoke' (ID #50)...
11-23 21:24:38.032 24620 24659 D Detox   : class com.wix.detox.espresso.DetoxMatcher, matcherForTestId, [pantry-add-button, false]
11-23 21:24:38.032 24620 25137 I ReactNativeJS: '%c🚀 ⚠️ QUERY GetPantry 1358ms', 'color: #f59e0b; font-weight: bold'
11-23 21:24:38.033 24620 24659 D Detox   : class com.wix.detox.espresso.DetoxViewActions, click, []
11-23 21:24:38.033 24620 25137 I ReactNativeJS: '   📤 Variables:', { itemsFirst: 25,
11-23 21:24:38.033 24620 25137 I ReactNativeJS:   storageLocationsFirst: 50,
11-23 21:24:38.033 24620 25137 I ReactNativeJS:   id: '691f7d5e3c9c067fb556260b' }
11-23 21:24:38.033 24620 24659 D Detox   : class com.wix.detox.espresso.EspressoDetox, perform, [(view.getTag() is "pantry-add-button" and view has effective visibility <VISIBLE>), com.wix.detox.espresso.action.RNClickAction@de8dacf]
11-23 21:24:38.300 24620 24620 D ScrollView: initGoToTop
11-23 21:24:38.335 24620 24620 I ViewInteraction: Performing 'com.wix.detox.espresso.action.detoxsingletap@9ea6c5c click' action on view (view.getTag() is "pantry-add-button" and view has effective visibility <VISIBLE>)
11-23 21:24:38.340 24620 24620 I VRI[MainActivity]@8e53a52: ViewPostIme pointer 0
11-23 21:24:38.406 24620 24620 I VRI[MainActivity]@8e53a52: ViewPostIme pointer 1
11-23 21:24:39.033 24620 24620 D ScrollView: initGoToTop
11-23 21:24:39.037 24620 24620 W [RNScreens]: backTitleVisible prop is not available on Android
11-23 21:24:39.037 24620 24620 W [RNScreens]: backTitleFontFamily prop is not available on Android
11-23 21:24:39.037 24620 24620 W [RNScreens]: disableBackButtonMenu prop is not available on Android
11-23 21:24:39.037 24620 24620 W [RNScreens]: largeTitleFontFamily prop is not available on Android
11-23 21:24:39.037 24620 24620 W [RNScreens]: topInsetEnabled prop is not available on Android
11-23 21:24:39.037 24620 24620 W [RNScreens]: largeTitleFontWeight prop is not available on Android
11-23 21:24:39.038 24620 24620 W [RNScreens]: largeTitleHideShadow prop is not available on Android
11-23 21:24:39.188 24620 24620 D AutofillManager: view not autofillable - has multiline input type
11-23 21:24:39.189 24620 24620 D AutofillManager: view not autofillable - has multiline input type
11-23 21:24:39.196 24620 24620 D AutofillManager: view not autofillable - has multiline input type
11-23 21:24:39.198 24620 24620 D AutofillManager: view not autofillable - has multiline input type
11-23 21:24:39.535 24620 25137 I ReactNativeJS: 💾 Cache: Persisted cache (14 KB)
11-23 21:24:39.668 24620 25137 I ReactNativeJS: '%c🚀 ✅ QUERY GetHomes 161ms', 'color: #22c55e; font-weight: bold'
11-23 21:24:39.876 24620 25137 I ReactNativeJS: '%c🚀 ✅ QUERY GetDefaultHome 361ms', 'color: #22c55e; font-weight: bold'
11-23 21:24:40.029 24620 25137 I ReactNativeJS: '%c🚀 ✅ QUERY GetHome 505ms', 'color: #22c55e; font-weight: bold'
11-23 21:24:40.029 24620 25137 I ReactNativeJS: '   📤 Variables:', { homeId: '691f7d5e3c9c067fb5562608' }
11-23 21:24:40.320 24620 24659 I DetoxWSClient: Sending out action 'invokeResult' (ID #50)
11-23 21:24:40.321 24620 24659 I DetoxDispatcher: Done with action 'invoke'
11-23 21:24:40.324 24620 24664 D DetoxWSClient: Received action 'invoke' (ID #51, params={"target":{"type":"Class","value":"com.wix.detox.espresso.DetoxAssertion"},"method":"waitForAssertMatcher","args":[{"type":"Invocation","value":{"target":{"type":"Class","value":"androidx.test.espresso.Espresso"},"method":"onView","args":[{"type":"Invocation","value":{"target":{"type":"Class","value":"com.wix.detox.espresso.DetoxMatcher"},"method":"matcherForTestId","args":["add-pantry-item-modal",{"type":"boolean","value":false}]}}]}},{"type":"Invocation","value":{"target":{"type":"Class","value":"com.wix.detox.espresso.DetoxMatcher"},"method":"matcherForSufficientlyVisible","args":[{"type":"Integer","value":75}]}},{"type":"Double","value":3}]})
11-23 21:24:40.325 24620 24659 I DetoxDispatcher: Handling action 'invoke' (ID #51)...
11-23 21:24:40.326 24620 24659 D Detox   : class com.wix.detox.espresso.DetoxMatcher, matcherForTestId, [add-pantry-item-modal, false]
11-23 21:24:40.327 24620 24659 D Detox   : class androidx.test.espresso.Espresso, onView, [(view.getTag() is "add-pantry-item-modal" and view has effective visibility <VISIBLE>)]
11-23 21:24:40.328 24620 24659 D Detox   : class com.wix.detox.espresso.DetoxMatcher, matcherForSufficientlyVisible, [75]
11-23 21:24:40.329 24620 24659 D Detox   : class com.wix.detox.espresso.DetoxAssertion, waitForAssertMatcher, [androidx.test.espresso.ViewInteraction@3d51f96, (view has effective visibility <VISIBLE> and view.getGlobalVisibleRect() covers at least <75> percent of the view's area), 3.0]
11-23 21:24:40.332 24620 24620 I ViewInteraction: Checking 'MatchesViewAssertion(Detox){viewMatcher=(view has effective visibility <VISIBLE> and view.getGlobalVisibleRect() covers at least <75> percent of the view's area)}' assertion on view (view.getTag() is "add-pantry-item-modal" and view has effective visibility <VISIBLE>)
11-23 21:24:40.337 24620 24659 I DetoxWSClient: Sending out action 'invokeResult' (ID #51)
11-23 21:24:40.337 24620 24659 I DetoxDispatcher: Done with action 'invoke'
11-23 21:24:40.340 24620 24664 D DetoxWSClient: Received action 'invoke' (ID #52, params={"target":{"type":"Class","value":"com.wix.detox.espresso.EspressoDetox"},"method":"perform","args":[{"type":"Invocation","value":{"target":{"type":"Class","value":"com.wix.detox.espresso.DetoxMatcher"},"method":"matcherForTestId","args":["add-pantry-item-name-input",{"type":"boolean","value":false}]}},{"type":"Invocation","value":{"target":{"type":"Class","value":"androidx.test.espresso.action.ViewActions"},"method":"clearText","args":[]}}]})
11-23 21:24:40.340 24620 24659 I DetoxDispatcher: Handling action 'invoke' (ID #52)...
11-23 21:24:40.341 24620 24659 D Detox   : class com.wix.detox.espresso.DetoxMatcher, matcherForTestId, [add-pantry-item-name-input, false]
11-23 21:24:40.342 24620 24659 D Detox   : class androidx.test.espresso.action.ViewActions, clearText, []
11-23 21:24:40.342 24620 24659 D Detox   : class com.wix.detox.espresso.EspressoDetox, perform, [(view.getTag() is "add-pantry-item-name-input" and view has effective visibility <VISIBLE>), androidx.test.espresso.action.ReplaceTextAction@4324704]
11-23 21:24:40.345 24620 24620 I ViewInteraction: Performing 'replace text()' action on view (view.getTag() is "add-pantry-item-name-input" and view has effective visibility <VISIBLE>)
11-23 21:24:40.356 24620 24659 I DetoxWSClient: Sending out action 'invokeResult' (ID #52)
11-23 21:24:40.356 24620 24659 I DetoxDispatcher: Done with action 'invoke'
11-23 21:24:40.360 24620 24664 D DetoxWSClient: Received action 'invoke' (ID #53, params={"target":{"type":"Class","value":"com.wix.detox.espresso.EspressoDetox"},"method":"perform","args":[{"type":"Invocation","value":{"target":{"type":"Class","value":"com.wix.detox.espresso.DetoxMatcher"},"method":"matcherForTestId","args":["add-pantry-item-name-input",{"type":"boolean","value":false}]}},{"type":"Invocation","value":{"target":{"type":"Class","value":"com.wix.detox.espresso.DetoxViewActions"},"method":"typeText","args":["E2E Pantry Item 1763951076850"]}}]})
11-23 21:24:40.361 24620 24659 I DetoxDispatcher: Handling action 'invoke' (ID #53)...
11-23 21:24:40.361 24620 24659 D Detox   : class com.wix.detox.espresso.DetoxMatcher, matcherForTestId, [add-pantry-item-name-input, false]
11-23 21:24:40.362 24620 24659 D Detox   : class com.wix.detox.espresso.DetoxViewActions, typeText, [E2E Pantry Item 1763951076850]
11-23 21:24:40.362 24620 24659 D Detox   : class com.wix.detox.espresso.EspressoDetox, perform, [(view.getTag() is "add-pantry-item-name-input" and view has effective visibility <VISIBLE>), com.wix.detox.espresso.action.DetoxTypeTextAction@dc59764]
11-23 21:24:40.423 24620 25137 I ReactNativeJS: '%c🚀 ✅ QUERY GetPantry 79ms', 'color: #22c55e; font-weight: bold'
11-23 21:24:40.425 24620 25137 I ReactNativeJS: '   📤 Variables:', { itemsFirst: 25,
11-23 21:24:40.425 24620 25137 I ReactNativeJS:   storageLocationsFirst: 50,
11-23 21:24:40.425 24620 25137 I ReactNativeJS:   id: '691f7d5e3c9c067fb556260b' }
11-23 21:24:40.619 24620 24620 I ViewInteraction: Performing 'Click to focus & type text (E2E Pantry Item 1763951076850)' action on view (view.getTag() is "add-pantry-item-name-input" and view has effective visibility <VISIBLE>)
11-23 21:24:40.637 24620 24620 I VRI[MainActivity]@8e53a52: ViewPostIme pointer 0
11-23 21:24:40.683 24620 24620 I VRI[MainActivity]@8e53a52: ViewPostIme pointer 1
11-23 21:24:40.692 24620 24620 D InputMethodManagerUtils: startInputInner - Id : 0
11-23 21:24:40.692 24620 24620 I InputMethodManager: startInputInner - IInputMethodManagerGlobalInvoker.startInputOrWindowGainedFocus
11-23 21:24:40.696 24620 24620 I AutofillManager: showAutofillDialog() return false due to improve fill dialog
11-23 21:24:40.696 24620 24620 I InputMethodManager_LC: showSoftInput(View,I)
11-23 21:24:40.697 24620 24620 I ImeTracker: dev.souschef.app:93911fe4: onRequestShow at ORIGIN_CLIENT reason SHOW_SOFT_INPUT fromUser true
11-23 21:24:40.697 24620 24620 I InputMethodManager_LC: ssi(): flags=0 view=dev.souschef.app reason=SHOW_SOFT_INPUT
11-23 21:24:40.697 24620 24620 D InsetsController: show(ime(), fromIme=false)
--------- beginning of system
11-23 21:24:40.697 24620 24620 D InsetsController: Setting requestedVisibleTypes to -1 (was -9)
11-23 21:24:40.698 24620 24620 I InsetsController: setRequestedVisibleTypes: visible=true, mask=ime, host=dev.souschef.app/dev.souschef.app.MainActivity, from=android.view.InsetsController.controlAnimationUnchecked:1604 android.view.InsetsController.applyAnimation:2416 android.view.InsetsController.applyAnimation:2343 android.view.InsetsController.show:1422 android.view.inputmethod.InputMethodManager.showSoftInput:2659 android.view.inputmethod.InputMethodManager.showSoftInput:2571 android.view.inputmethod.InputMethodManager.showSoftInput:2563 android.view.inputmethod.InputMethodManager.showSoftInput:2491 android.widget.TextView.onTouchEvent:14078 com.facebook.react.views.textinput.ReactEditText.onTouchEvent:323 
11-23 21:24:40.700 24620 24638 D InputTransport: Input channel constructed: 'ClientS', fd=200
11-23 21:24:40.718 24620 25137 I ReactNativeJS: 💾 Cache: Persisted cache (14 KB)
11-23 21:24:40.731 24620 24620 I InputMethodManager_LC: showSoftInput(View,I)
11-23 21:24:40.733 24620 24620 I ImeTracker: dev.souschef.app:71d8e448: onRequestShow at ORIGIN_CLIENT reason SHOW_SOFT_INPUT fromUser false
11-23 21:24:40.733 24620 24620 I InputMethodManager_LC: ssi(): flags=0 view=dev.souschef.app reason=SHOW_SOFT_INPUT
11-23 21:24:40.733 24620 24620 D InsetsController: show(ime(), fromIme=false)
11-23 21:24:40.734 24620 24620 I ImeTracker: dev.souschef.app:71d8e448: onCancelled at PHASE_CLIENT_REPORT_REQUESTED_VISIBLE_TYPES
11-23 21:24:40.739 24620 24620 I VRI[MainActivity]@8e53a52: handleResized, frames=ClientWindowFrames{frame=[0,0][1440,3088] display=[0,0][1440,3088] parentFrame=[0,0][0,0]} displayId=0 dragResizing=false compatScale=1.0 frameChanged=false attachedFrameChanged=false configChanged=false displayChanged=false compatScaleChanged=false dragResizingChanged=false
11-23 21:24:40.838 24620 24620 I InsetsController: onStateChanged: host=dev.souschef.app/dev.souschef.app.MainActivity, from=android.view.ViewRootImpl.onInsetsStateChanged:3026, state=InsetsState: {mDisplayFrame=Rect(0, 0 - 1440, 3088), mDisplayCutout=DisplayCutout{insets=Rect(0, 100 - 0, 0) waterfall=Insets{left=0, top=0, right=0, bottom=0} boundingRect={Bounds=[Rect(0, 0 - 0, 0), Rect(683, 0 - 758, 100), Rect(0, 0 - 0, 0), Rect(0, 0 - 0, 0)]} cutoutPathParserInfo={CutoutPathParserInfo{displayWidth=1440 displayHeight=3088 physicalDisplayWidth=1440 physicalDisplayHeight=3088 density={3.75} cutoutSpec={M 0,0 H -10 V 26.66666666666667 H 10 V 0 H 0 Z @dp} rotation={0} scale={1.0} physicalPixelDisplaySizeRatio={1.0}}} sideOverrides={}}, mRoundedCorners=RoundedCorners{[RoundedCorner{position=TopLeft, radius=15, center=Point(15, 15)}, RoundedCorner{position=TopRight, radius=15, center=Point(1425, 15)}, RoundedCorner{position=BottomRight, radius=15, center=Point(1425, 3073)}, RoundedCorner{position=BottomLeft, radius=15, center=Point(15, 3073)}]}  mRoundedCornerFrame=Rect(0, 0 - 1440, 3088), mPrivacyIndicatorBounds=PrivacyIndicatorBounds {static bounds=Rect(1275, 0 - 1440, 100) rotation=0}, mDisplayShape=DisplayShape{ spec=-311912193 displayWidth=1440 displayHeight=3088 physicalPixelDisplaySizeRatio=1.0 rotation=0 offsetX=0 offsetY=0 scale=1.0}, mSources= { InsetsSource: {b11d0001 mType=navigationBars mFrame=[0,3032][1440,3088] mVisible=true mFlags=SUPPRESS_SCRIM mSideHint=BOTTOM mBoundingRects=null}, InsetsSource: {b11d0004 mType=systemGestures mFrame=[0,0][84,3088] mVisible=true mFlags= mSideHint=LEFT mBoundingRects=null}, InsetsSource: {b11d0005 mType=mandatorySystemGestures mFrame=[0,2968][1440,3088] mVisible=true mFlags= mSideHint=BOTTOM mBoundingRects=null}, InsetsSource: {b11d0006 mType=tappableElement mFrame=[0,0][0,0] mVisible=true mFlags= mSideHint=NONE mBoundingRects=null}, InsetsSource: {b11d0024 mType=systemGestures mFrame=[1356,0][1440,3088] mVisible=true mFlags= mSideHint=RIGHT mBoundingRects=null}, InsetsSource: {ecac0000 mType=statusBars mFrame=[0,0][1440,100] mVisible=true mFlags= mSideHint=TOP mBoundingRects=null}, InsetsSource: {ecac0005 mType=mandatorySystemGestures mFrame=[0,0][1440,145] mVisible=true mFlags= mSideHint=TOP mBoundingRects=null}, InsetsSource: {ecac0006 mType=tappableElement mFrame=[0,0][1440,100] mVisible=true mFlags= mSideHint=TOP mBoundingRects=null}, InsetsSource: {3 mType=ime mFrame=[0,0][0,0] mVisible=false mFlags= mSideHint=NONE mBoundingRects=null}, InsetsSource: {27 mType=displayCutout mFrame=[0,0][1440,100] mVisible=true mFlags= mSideHint=TOP mBoundingRects=null} }
11-23 21:24:40.839 24620 24620 I VRI[MainActivity]@8e53a52: handleResized, frames=ClientWindowFrames{frame=[0,0][1440,3088] display=[0,0][1440,3088] parentFrame=[0,0][0,0]} displayId=0 dragResizing=false compatScale=1.0 frameChanged=false attachedFrameChanged=false configChanged=false displayChanged=false compatScaleChanged=false dragResizingChanged=false
11-23 21:24:40.871 24620 24620 I InsetsController: onStateChanged: host=dev.souschef.app/dev.souschef.app.MainActivity, from=android.view.ViewRootImpl.onInsetsStateChanged:3026, state=InsetsState: {mDisplayFrame=Rect(0, 0 - 1440, 3088), mDisplayCutout=DisplayCutout{insets=Rect(0, 100 - 0, 0) waterfall=Insets{left=0, top=0, right=0, bottom=0} boundingRect={Bounds=[Rect(0, 0 - 0, 0), Rect(683, 0 - 758, 100), Rect(0, 0 - 0, 0), Rect(0, 0 - 0, 0)]} cutoutPathParserInfo={CutoutPathParserInfo{displayWidth=1440 displayHeight=3088 physicalDisplayWidth=1440 physicalDisplayHeight=3088 density={3.75} cutoutSpec={M 0,0 H -10 V 26.66666666666667 H 10 V 0 H 0 Z @dp} rotation={0} scale={1.0} physicalPixelDisplaySizeRatio={1.0}}} sideOverrides={}}, mRoundedCorners=RoundedCorners{[RoundedCorner{position=TopLeft, radius=15, center=Point(15, 15)}, RoundedCorner{position=TopRight, radius=15, center=Point(1425, 15)}, RoundedCorner{position=BottomRight, radius=15, center=Point(1425, 3073)}, RoundedCorner{position=BottomLeft, radius=15, center=Point(15, 3073)}]}  mRoundedCornerFrame=Rect(0, 0 - 1440, 3088), mPrivacyIndicatorBounds=PrivacyIndicatorBounds {static bounds=Rect(1275, 0 - 1440, 100) rotation=0}, mDisplayShape=DisplayShape{ spec=-311912193 displayWidth=1440 displayHeight=3088 physicalPixelDisplaySizeRatio=1.0 rotation=0 offsetX=0 offsetY=0 scale=1.0}, mSources= { InsetsSource: {b11d0001 mType=navigationBars mFrame=[0,3032][1440,3088] mVisible=true mFlags=SUPPRESS_SCRIM mSideHint=BOTTOM mBoundingRects=null}, InsetsSource: {b11d0004 mType=systemGestures mFrame=[0,0][84,3088] mVisible=true mFlags= mSideHint=LEFT mBoundingRects=null}, InsetsSource: {b11d0005 mType=mandatorySystemGestures mFrame=[0,2968][1440,3088] mVisible=true mFlags= mSideHint=BOTTOM mBoundingRects=null}, InsetsSource: {b11d0006 mType=tappableElement mFrame=[0,0][0,0] mVisible=true mFlags= mSideHint=NONE mBoundingRects=null}, InsetsSource: {b11d0024 mType=systemGestures mFrame=[1356,0][1440,3088] mVisible=true mFlags= mSideHint=RIGHT mBoundingRects=null}, InsetsSource: {ecac0000 mType=statusBars mFrame=[0,0][1440,100] mVisible=true mFlags= mSideHint=TOP mBoundingRects=null}, InsetsSource: {ecac0005 mType=mandatorySystemGestures mFrame=[0,0][1440,145] mVisible=true mFlags= mSideHint=TOP mBoundingRects=null}, InsetsSource: {ecac0006 mType=tappableElement mFrame=[0,0][1440,100] mVisible=true mFlags= mSideHint=TOP mBoundingRects=null}, InsetsSource: {3 mType=ime mFrame=[0,2076][1440,3088] mVisible=true mFlags= mSideHint=BOTTOM mBoundingRects=null}, InsetsSource: {27 mType=displayCutout mFrame=[0,0][1440,100] mVisible=true mFlags= mSideHint=TOP mBoundingRects=null} }
11-23 21:24:40.871 24620 24620 I VRI[MainActivity]@8e53a52: handleResized, frames=ClientWindowFrames{frame=[0,0][1440,3088] display=[0,0][1440,3088] parentFrame=[0,0][0,0]} displayId=0 dragResizing=false compatScale=1.0 frameChanged=false attachedFrameChanged=false configChanged=false displayChanged=false compatScaleChanged=false dragResizingChanged=false
11-23 21:24:40.881 24620 24620 I InsetsController: onStateChanged: host=dev.souschef.app/dev.souschef.app.MainActivity, from=android.view.ViewRootImpl.onInsetsStateChanged:3026, state=InsetsState: {mDisplayFrame=Rect(0, 0 - 1440, 3088), mDisplayCutout=DisplayCutout{insets=Rect(0, 100 - 0, 0) waterfall=Insets{left=0, top=0, right=0, bottom=0} boundingRect={Bounds=[Rect(0, 0 - 0, 0), Rect(683, 0 - 758, 100), Rect(0, 0 - 0, 0), Rect(0, 0 - 0, 0)]} cutoutPathParserInfo={CutoutPathParserInfo{displayWidth=1440 displayHeight=3088 physicalDisplayWidth=1440 physicalDisplayHeight=3088 density={3.75} cutoutSpec={M 0,0 H -10 V 26.66666666666667 H 10 V 0 H 0 Z @dp} rotation={0} scale={1.0} physicalPixelDisplaySizeRatio={1.0}}} sideOverrides={}}, mRoundedCorners=RoundedCorners{[RoundedCorner{position=TopLeft, radius=15, center=Point(15, 15)}, RoundedCorner{position=TopRight, radius=15, center=Point(1425, 15)}, RoundedCorner{position=BottomRight, radius=15, center=Point(1425, 3073)}, RoundedCorner{position=BottomLeft, radius=15, center=Point(15, 3073)}]}  mRoundedCornerFrame=Rect(0, 0 - 1440, 3088), mPrivacyIndicatorBounds=PrivacyIndicatorBounds {static bounds=Rect(1275, 0 - 1440, 100) rotation=0}, mDisplayShape=DisplayShape{ spec=-311912193 displayWidth=1440 displayHeight=3088 physicalPixelDisplaySizeRatio=1.0 rotation=0 offsetX=0 offsetY=0 scale=1.0}, mSources= { InsetsSource: {b11d0001 mType=navigationBars mFrame=[0,3032][1440,3088] mVisible=true mFlags=SUPPRESS_SCRIM mSideHint=BOTTOM mBoundingRects=null}, InsetsSource: {b11d0004 mType=systemGestures mFrame=[0,0][84,3088] mVisible=true mFlags= mSideHint=LEFT mBoundingRects=null}, InsetsSource: {b11d0005 mType=mandatorySystemGestures mFrame=[0,2968][1440,3088] mVisible=true mFlags= mSideHint=BOTTOM mBoundingRects=null}, InsetsSource: {b11d0006 mType=tappableElement mFrame=[0,0][0,0] mVisible=true mFlags= mSideHint=NONE mBoundingRects=null}, InsetsSource: {b11d0024 mType=systemGestures mFrame=[1356,0][1440,3088] mVisible=true mFlags= mSideHint=RIGHT mBoundingRects=null}, InsetsSource: {ecac0000 mType=statusBars mFrame=[0,0][1440,100] mVisible=true mFlags= mSideHint=TOP mBoundingRects=null}, InsetsSource: {ecac0005 mType=mandatorySystemGestures mFrame=[0,0][1440,145] mVisible=true mFlags= mSideHint=TOP mBoundingRects=null}, InsetsSource: {ecac0006 mType=tappableElement mFrame=[0,0][1440,100] mVisible=true mFlags= mSideHint=TOP mBoundingRects=null}, InsetsSource: {3 mType=ime mFrame=[0,2076][1440,3088] mVisible=true mFlags= mSideHint=BOTTOM mBoundingRects=null}, InsetsSource: {27 mType=displayCutout mFrame=[0,0][1440,100] mVisible=true mFlags= mSideHint=TOP mBoundingRects=null} }
11-23 21:24:40.882 24620 24620 I InsetsController: controlAnimationUncheckedInner: Added types=ime, animType=0, host=dev.souschef.app/dev.souschef.app.MainActivity, from=android.view.InsetsController.controlAnimationUnchecked:1608 android.view.InsetsController.applyAnimation:2416 android.view.InsetsController.applyAnimation:2343 
11-23 21:24:40.888 24620 24620 I BLASTBufferQueue_Java: update, w= 1440 h= 3088 mName = VRI[MainActivity]@8e53a52 mNativeObject= 0xb400007adda6c3f0 sc.mNativeObject= 0xb400007b7da35d50 format= -1 caller= android.view.ViewRootImpl.updateBlastSurfaceIfNeeded:3574 android.view.ViewRootImpl.relayoutWindow:11685 android.view.ViewRootImpl.performTraversals:4804 android.view.ViewRootImpl.doTraversal:3924 android.view.ViewRootImpl$TraversalRunnable.run:12903 android.view.Choreographer$CallbackRecord.run:1901 
11-23 21:24:40.888 24620 24620 I VRI[MainActivity]@8e53a52: Relayout returned: old=(0,0,1440,3088) new=(0,0,1440,3088) relayoutAsync=true req=(1440,3088)0 dur=0 res=0x0 s={true 0xb400007beda57a40} ch=false seqId=0
11-23 21:24:40.893 24620 24620 I VRI[MainActivity]@8e53a52: registerCallbackForPendingTransactions
11-23 21:24:40.896 24620 24691 I VRI[MainActivity]@8e53a52: mWNT: t=0xb400007c8dca9290 mBlastBufferQueue=0xb400007adda6c3f0 fn= 833 HdrRenderState mRenderHdrSdrRatio=1.0 caller= android.view.SyncRtSurfaceTransactionApplier.applyTransaction:100 android.view.SyncRtSurfaceTransactionApplier.lambda$scheduleApply$0:73 android.view.SyncRtSurfaceTransactionApplier.$r8$lambda$afI4fXg3U3-nBZQEDQMiNy-B06s:0 
11-23 21:24:40.896 24620 24691 I VRI[MainActivity]@8e53a52: mWNT: t=0xb400007c8dc60510 mBlastBufferQueue=0xb400007adda6c3f0 fn= 833 HdrRenderState mRenderHdrSdrRatio=1.0 caller= android.view.ViewRootImpl$10.onFrameDraw:6536 android.view.ViewRootImpl$4.onFrameDraw:2489 android.view.ThreadedRenderer$1.onFrameDraw:718 
11-23 21:24:40.904 24620 24692 I VRI[MainActivity]@8e53a52: mWNT: t=0xb400007c8dcf6b50 mBlastBufferQueue=0xb400007adda6c3f0 fn= 834 HdrRenderState mRenderHdrSdrRatio=1.0 caller= android.view.SyncRtSurfaceTransactionApplier.applyTransaction:100 android.view.SyncRtSurfaceTransactionApplier.lambda$scheduleApply$0:73 android.view.SyncRtSurfaceTransactionApplier.$r8$lambda$afI4fXg3U3-nBZQEDQMiNy-B06s:0 
11-23 21:24:40.913 24620 24691 I VRI[MainActivity]@8e53a52: mWNT: t=0xb400007c8dcf3890 mBlastBufferQueue=0xb400007adda6c3f0 fn= 835 HdrRenderState mRenderHdrSdrRatio=1.0 caller= android.view.SyncRtSurfaceTransactionApplier.applyTransaction:100 android.view.SyncRtSurfaceTransactionApplier.lambda$scheduleApply$0:73 android.view.SyncRtSurfaceTransactionApplier.$r8$lambda$afI4fXg3U3-nBZQEDQMiNy-B06s:0 
11-23 21:24:40.923 24620 24692 I VRI[MainActivity]@8e53a52: mWNT: t=0xb400007c8dcf6d10 mBlastBufferQueue=0xb400007adda6c3f0 fn= 836 HdrRenderState mRenderHdrSdrRatio=1.0 caller= android.view.SyncRtSurfaceTransactionApplier.applyTransaction:100 android.view.SyncRtSurfaceTransactionApplier.lambda$scheduleApply$0:73 android.view.SyncRtSurfaceTransactionApplier.$r8$lambda$afI4fXg3U3-nBZQEDQMiNy-B06s:0 
11-23 21:24:40.931 24620 24691 I VRI[MainActivity]@8e53a52: mWNT: t=0xb400007c8dcf6610 mBlastBufferQueue=0xb400007adda6c3f0 fn= 837 HdrRenderState mRenderHdrSdrRatio=1.0 caller= android.view.SyncRtSurfaceTransactionApplier.applyTransaction:100 android.view.SyncRtSurfaceTransactionApplier.lambda$scheduleApply$0:73 android.view.SyncRtSurfaceTransactionApplier.$r8$lambda$afI4fXg3U3-nBZQEDQMiNy-B06s:0 
11-23 21:24:40.937 24620 24692 I VRI[MainActivity]@8e53a52: mWNT: t=0xb400007c8dcf5490 mBlastBufferQueue=0xb400007adda6c3f0 fn= 838 HdrRenderState mRenderHdrSdrRatio=1.0 caller= android.view.SyncRtSurfaceTransactionApplier.applyTransaction:100 android.view.SyncRtSurfaceTransactionApplier.lambda$scheduleApply$0:73 android.view.SyncRtSurfaceTransactionApplier.$r8$lambda$afI4fXg3U3-nBZQEDQMiNy-B06s:0 
11-23 21:24:40.949 24620 24691 I VRI[MainActivity]@8e53a52: mWNT: t=0xb400007c8dcf8910 mBlastBufferQueue=0xb400007adda6c3f0 fn= 839 HdrRenderState mRenderHdrSdrRatio=1.0 caller= android.view.SyncRtSurfaceTransactionApplier.applyTransaction:100 android.view.SyncRtSurfaceTransactionApplier.lambda$scheduleApply$0:73 android.view.SyncRtSurfaceTransactionApplier.$r8$lambda$afI4fXg3U3-nBZQEDQMiNy-B06s:0 
11-23 21:24:40.957 24620 24692 I VRI[MainActivity]@8e53a52: mWNT: t=0xb400007c8dcf75d0 mBlastBufferQueue=0xb400007adda6c3f0 fn= 840 HdrRenderState mRenderHdrSdrRatio=1.0 caller= android.view.SyncRtSurfaceTransactionApplier.applyTransaction:100 android.view.SyncRtSurfaceTransactionApplier.lambda$scheduleApply$0:73 android.view.SyncRtSurfaceTransactionApplier.$r8$lambda$afI4fXg3U3-nBZQEDQMiNy-B06s:0 
11-23 21:24:40.980 24620 24691 I VRI[MainActivity]@8e53a52: mWNT: t=0xb400007c8dcf7cd0 mBlastBufferQueue=0xb400007adda6c3f0 fn= 841 HdrRenderState mRenderHdrSdrRatio=1.0 caller= android.view.SyncRtSurfaceTransactionApplier.applyTransaction:100 android.view.SyncRtSurfaceTransactionApplier.lambda$scheduleApply$0:73 android.view.SyncRtSurfaceTransactionApplier.$r8$lambda$afI4fXg3U3-nBZQEDQMiNy-B06s:0 
11-23 21:24:41.000 24620 24692 I VRI[MainActivity]@8e53a52: mWNT: t=0xb400007c8dcfdb50 mBlastBufferQueue=0xb400007adda6c3f0 fn= 842 HdrRenderState mRenderHdrSdrRatio=1.0 caller= android.view.SyncRtSurfaceTransactionApplier.applyTransaction:100 android.view.SyncRtSurfaceTransactionApplier.lambda$scheduleApply$0:73 android.view.SyncRtSurfaceTransactionApplier.$r8$lambda$afI4fXg3U3-nBZQEDQMiNy-B06s:0 
11-23 21:24:41.009 24620 24691 I VRI[MainActivity]@8e53a52: mWNT: t=0xb400007c8dc9ff90 mBlastBufferQueue=0xb400007adda6c3f0 fn= 843 HdrRenderState mRenderHdrSdrRatio=1.0 caller= android.view.SyncRtSurfaceTransactionApplier.applyTransaction:100 android.view.SyncRtSurfaceTransactionApplier.lambda$scheduleApply$0:73 android.view.SyncRtSurfaceTransactionApplier.$r8$lambda$afI4fXg3U3-nBZQEDQMiNy-B06s:0 
11-23 21:24:41.022 24620 24692 I VRI[MainActivity]@8e53a52: mWNT: t=0xb400007c8dc57050 mBlastBufferQueue=0xb400007adda6c3f0 fn= 844 HdrRenderState mRenderHdrSdrRatio=1.0 caller= android.view.SyncRtSurfaceTransactionApplier.applyTransaction:100 android.view.SyncRtSurfaceTransactionApplier.lambda$scheduleApply$0:73 android.view.SyncRtSurfaceTransactionApplier.$r8$lambda$afI4fXg3U3-nBZQEDQMiNy-B06s:0 
11-23 21:24:41.030 24620 24691 I VRI[MainActivity]@8e53a52: mWNT: t=0xb400007c8dcfd450 mBlastBufferQueue=0xb400007adda6c3f0 fn= 845 HdrRenderState mRenderHdrSdrRatio=1.0 caller= android.view.SyncRtSurfaceTransactionApplier.applyTransaction:100 android.view.SyncRtSurfaceTransactionApplier.lambda$scheduleApply$0:73 android.view.SyncRtSurfaceTransactionApplier.$r8$lambda$afI4fXg3U3-nBZQEDQMiNy-B06s:0 
11-23 21:24:41.038 24620 24692 I VRI[MainActivity]@8e53a52: mWNT: t=0xb400007c8dcfcf10 mBlastBufferQueue=0xb400007adda6c3f0 fn= 846 HdrRenderState mRenderHdrSdrRatio=1.0 caller= android.view.SyncRtSurfaceTransactionApplier.applyTransaction:100 android.view.SyncRtSurfaceTransactionApplier.lambda$scheduleApply$0:73 android.view.SyncRtSurfaceTransactionApplier.$r8$lambda$afI4fXg3U3-nBZQEDQMiNy-B06s:0 
11-23 21:24:41.047 24620 24691 I VRI[MainActivity]@8e53a52: mWNT: t=0xb400007c8dcfc110 mBlastBufferQueue=0xb400007adda6c3f0 fn= 847 HdrRenderState mRenderHdrSdrRatio=1.0 caller= android.view.SyncRtSurfaceTransactionApplier.applyTransaction:100 android.view.SyncRtSurfaceTransactionApplier.lambda$scheduleApply$0:73 android.view.SyncRtSurfaceTransactionApplier.$r8$lambda$afI4fXg3U3-nBZQEDQMiNy-B06s:0 
11-23 21:24:41.056 24620 24692 I VRI[MainActivity]@8e53a52: mWNT: t=0xb400007c8dcfb690 mBlastBufferQueue=0xb400007adda6c3f0 fn= 848 HdrRenderState mRenderHdrSdrRatio=1.0 caller= android.view.SyncRtSurfaceTransactionApplier.applyTransaction:100 android.view.SyncRtSurfaceTransactionApplier.lambda$scheduleApply$0:73 android.view.SyncRtSurfaceTransactionApplier.$r8$lambda$afI4fXg3U3-nBZQEDQMiNy-B06s:0 
11-23 21:24:41.067 24620 24691 I VRI[MainActivity]@8e53a52: mWNT: t=0xb400007c8dcfe790 mBlastBufferQueue=0xb400007adda6c3f0 fn= 849 HdrRenderState mRenderHdrSdrRatio=1.0 caller= android.view.SyncRtSurfaceTransactionApplier.applyTransaction:100 android.view.SyncRtSurfaceTransactionApplier.lambda$scheduleApply$0:73 android.view.SyncRtSurfaceTransactionApplier.$r8$lambda$afI4fXg3U3-nBZQEDQMiNy-B06s:0 
11-23 21:24:41.081 24620 24692 I VRI[MainActivity]@8e53a52: mWNT: t=0xb400007c8dcfa890 mBlastBufferQueue=0xb400007adda6c3f0 fn= 850 HdrRenderState mRenderHdrSdrRatio=1.0 caller= android.view.SyncRtSurfaceTransactionApplier.applyTransaction:100 android.view.SyncRtSurfaceTransactionApplier.lambda$scheduleApply$0:73 android.view.SyncRtSurfaceTransactionApplier.$r8$lambda$afI4fXg3U3-nBZQEDQMiNy-B06s:0 
11-23 21:24:41.090 24620 24691 I VRI[MainActivity]@8e53a52: mWNT: t=0xb400007c8dcfa510 mBlastBufferQueue=0xb400007adda6c3f0 fn= 851 HdrRenderState mRenderHdrSdrRatio=1.0 caller= android.view.SyncRtSurfaceTransactionApplier.applyTransaction:100 android.view.SyncRtSurfaceTransactionApplier.lambda$scheduleApply$0:73 android.view.SyncRtSurfaceTransactionApplier.$r8$lambda$afI4fXg3U3-nBZQEDQMiNy-B06s:0 
11-23 21:24:41.102 24620 24692 I VRI[MainActivity]@8e53a52: mWNT: t=0xb400007c8dcfb4d0 mBlastBufferQueue=0xb400007adda6c3f0 fn= 852 HdrRenderState mRenderHdrSdrRatio=1.0 caller= android.view.SyncRtSurfaceTransactionApplier.applyTransaction:100 android.view.SyncRtSurfaceTransactionApplier.lambda$scheduleApply$0:73 android.view.SyncRtSurfaceTransactionApplier.$r8$lambda$afI4fXg3U3-nBZQEDQMiNy-B06s:0 
11-23 21:24:41.107 24620 24691 I VRI[MainActivity]@8e53a52: mWNT: t=0xb400007c8dcf9e10 mBlastBufferQueue=0xb400007adda6c3f0 fn= 853 HdrRenderState mRenderHdrSdrRatio=1.0 caller= android.view.SyncRtSurfaceTransactionApplier.applyTransaction:100 android.view.SyncRtSurfaceTransactionApplier.lambda$scheduleApply$0:73 android.view.SyncRtSurfaceTransactionApplier.$r8$lambda$afI4fXg3U3-nBZQEDQMiNy-B06s:0 
11-23 21:24:41.116 24620 24692 I VRI[MainActivity]@8e53a52: mWNT: t=0xb400007c8dcfded0 mBlastBufferQueue=0xb400007adda6c3f0 fn= 854 HdrRenderState mRenderHdrSdrRatio=1.0 caller= android.view.SyncRtSurfaceTransactionApplier.applyTransaction:100 android.view.SyncRtSurfaceTransactionApplier.lambda$scheduleApply$0:73 android.view.SyncRtSurfaceTransactionApplier.$r8$lambda$afI4fXg3U3-nBZQEDQMiNy-B06s:0 
11-23 21:24:41.125 24620 24691 I VRI[MainActivity]@8e53a52: mWNT: t=0xb400007c8dcfd990 mBlastBufferQueue=0xb400007adda6c3f0 fn= 855 HdrRenderState mRenderHdrSdrRatio=1.0 caller= android.view.SyncRtSurfaceTransactionApplier.applyTransaction:100 android.view.SyncRtSurfaceTransactionApplier.lambda$scheduleApply$0:73 android.view.SyncRtSurfaceTransactionApplier.$r8$lambda$afI4fXg3U3-nBZQEDQMiNy-B06s:0 
11-23 21:24:41.138 24620 24692 I VRI[MainActivity]@8e53a52: mWNT: t=0xb400007c8dcfe410 mBlastBufferQueue=0xb400007adda6c3f0 fn= 856 HdrRenderState mRenderHdrSdrRatio=1.0 caller= android.view.SyncRtSurfaceTransactionApplier.applyTransaction:100 android.view.SyncRtSurfaceTransactionApplier.lambda$scheduleApply$0:73 android.view.SyncRtSurfaceTransactionApplier.$r8$lambda$afI4fXg3U3-nBZQEDQMiNy-B06s:0 
11-23 21:24:41.146 24620 24691 I VRI[MainActivity]@8e53a52: mWNT: t=0xb400007c8dcf9a90 mBlastBufferQueue=0xb400007adda6c3f0 fn= 857 HdrRenderState mRenderHdrSdrRatio=1.0 caller= android.view.SyncRtSurfaceTransactionApplier.applyTransaction:100 android.view.SyncRtSurfaceTransactionApplier.lambda$scheduleApply$0:73 android.view.SyncRtSurfaceTransactionApplier.$r8$lambda$afI4fXg3U3-nBZQEDQMiNy-B06s:0 
11-23 21:24:41.155 24620 24692 I VRI[MainActivity]@8e53a52: mWNT: t=0xb400007c8dba9e10 mBlastBufferQueue=0xb400007adda6c3f0 fn= 858 HdrRenderState mRenderHdrSdrRatio=1.0 caller= android.view.SyncRtSurfaceTransactionApplier.applyTransaction:100 android.view.SyncRtSurfaceTransactionApplier.lambda$scheduleApply$0:73 android.view.SyncRtSurfaceTransactionApplier.$r8$lambda$afI4fXg3U3-nBZQEDQMiNy-B06s:0 
11-23 21:24:41.162 24620 24691 I VRI[MainActivity]@8e53a52: mWNT: t=0xb400007c8dc20550 mBlastBufferQueue=0xb400007adda6c3f0 fn= 859 HdrRenderState mRenderHdrSdrRatio=1.0 caller= android.view.SyncRtSurfaceTransactionApplier.applyTransaction:100 android.view.SyncRtSurfaceTransactionApplier.lambda$scheduleApply$0:73 android.view.SyncRtSurfaceTransactionApplier.$r8$lambda$afI4fXg3U3-nBZQEDQMiNy-B06s:0 
11-23 21:24:41.171 24620 24692 I VRI[MainActivity]@8e53a52: mWNT: t=0xb400007c8db91b50 mBlastBufferQueue=0xb400007adda6c3f0 fn= 860 HdrRenderState mRenderHdrSdrRatio=1.0 caller= android.view.SyncRtSurfaceTransactionApplier.applyTransaction:100 android.view.SyncRtSurfaceTransactionApplier.lambda$scheduleApply$0:73 android.view.SyncRtSurfaceTransactionApplier.$r8$lambda$afI4fXg3U3-nBZQEDQMiNy-B06s:0 
11-23 21:24:41.181 24620 24691 I VRI[MainActivity]@8e53a52: mWNT: t=0xb400007c8db85050 mBlastBufferQueue=0xb400007adda6c3f0 fn= 861 HdrRenderState mRenderHdrSdrRatio=1.0 caller= android.view.SyncRtSurfaceTransactionApplier.applyTransaction:100 android.view.SyncRtSurfaceTransactionApplier.lambda$scheduleApply$0:73 android.view.SyncRtSurfaceTransactionApplier.$r8$lambda$afI4fXg3U3-nBZQEDQMiNy-B06s:0 
11-23 21:24:41.188 24620 24692 I VRI[MainActivity]@8e53a52: mWNT: t=0xb400007c8db7abd0 mBlastBufferQueue=0xb400007adda6c3f0 fn= 862 HdrRenderState mRenderHdrSdrRatio=1.0 caller= android.view.SyncRtSurfaceTransactionApplier.applyTransaction:100 android.view.SyncRtSurfaceTransactionApplier.lambda$scheduleApply$0:73 android.view.SyncRtSurfaceTransactionApplier.$r8$lambda$afI4fXg3U3-nBZQEDQMiNy-B06s:0 
11-23 21:24:41.199 24620 24691 I VRI[MainActivity]@8e53a52: mWNT: t=0xb400007c8db78550 mBlastBufferQueue=0xb400007adda6c3f0 fn= 863 HdrRenderState mRenderHdrSdrRatio=1.0 caller= android.view.SyncRtSurfaceTransactionApplier.applyTransaction:100 android.view.SyncRtSurfaceTransactionApplier.lambda$scheduleApply$0:73 android.view.SyncRtSurfaceTransactionApplier.$r8$lambda$afI4fXg3U3-nBZQEDQMiNy-B06s:0 
11-23 21:24:41.210 24620 24692 I VRI[MainActivity]@8e53a52: mWNT: t=0xb400007c8dc57050 mBlastBufferQueue=0xb400007adda6c3f0 fn= 864 HdrRenderState mRenderHdrSdrRatio=1.0 caller= android.view.SyncRtSurfaceTransactionApplier.applyTransaction:100 android.view.SyncRtSurfaceTransactionApplier.lambda$scheduleApply$0:73 android.view.SyncRtSurfaceTransactionApplier.$r8$lambda$afI4fXg3U3-nBZQEDQMiNy-B06s:0 
11-23 21:24:41.221 24620 24691 I VRI[MainActivity]@8e53a52: mWNT: t=0xb400007c8dc9ff90 mBlastBufferQueue=0xb400007adda6c3f0 fn= 865 HdrRenderState mRenderHdrSdrRatio=1.0 caller= android.view.SyncRtSurfaceTransactionApplier.applyTransaction:100 android.view.SyncRtSurfaceTransactionApplier.lambda$scheduleApply$0:73 android.view.SyncRtSurfaceTransactionApplier.$r8$lambda$afI4fXg3U3-nBZQEDQMiNy-B06s:0 
11-23 21:24:41.230 24620 24692 I VRI[MainActivity]@8e53a52: mWNT: t=0xb400007c8dcfdb50 mBlastBufferQueue=0xb400007adda6c3f0 fn= 866 HdrRenderState mRenderHdrSdrRatio=1.0 caller= android.view.SyncRtSurfaceTransactionApplier.applyTransaction:100 android.view.SyncRtSurfaceTransactionApplier.lambda$scheduleApply$0:73 android.view.SyncRtSurfaceTransactionApplier.$r8$lambda$afI4fXg3U3-nBZQEDQMiNy-B06s:0 
11-23 21:24:41.238 24620 24691 I VRI[MainActivity]@8e53a52: mWNT: t=0xb400007c8dcf7cd0 mBlastBufferQueue=0xb400007adda6c3f0 fn= 867 HdrRenderState mRenderHdrSdrRatio=1.0 caller= android.view.SyncRtSurfaceTransactionApplier.applyTransaction:100 android.view.SyncRtSurfaceTransactionApplier.lambda$scheduleApply$0:73 android.view.SyncRtSurfaceTransactionApplier.$r8$lambda$afI4fXg3U3-nBZQEDQMiNy-B06s:0 
11-23 21:24:41.247 24620 24692 I VRI[MainActivity]@8e53a52: mWNT: t=0xb400007c8dcf75d0 mBlastBufferQueue=0xb400007adda6c3f0 fn= 868 HdrRenderState mRenderHdrSdrRatio=1.0 caller= android.view.SyncRtSurfaceTransactionApplier.applyTransaction:100 android.view.SyncRtSurfaceTransactionApplier.lambda$scheduleApply$0:73 android.view.SyncRtSurfaceTransactionApplier.$r8$lambda$afI4fXg3U3-nBZQEDQMiNy-B06s:0 
11-23 21:24:41.252 24620 24620 I InsetsController: cancelAnimation: types=ime, animType=0, host=dev.souschef.app/dev.souschef.app.MainActivity, from=android.view.InsetsController.notifyFinished:2006 android.view.InsetsAnimationControlImpl.applyChangeInsets:335 android.view.InsetsController.lambda$new$3:957 
11-23 21:24:41.252 24620 24620 I ImeTracker: dev.souschef.app:93911fe4: onShown
11-23 21:24:41.256 24620 24691 I VRI[MainActivity]@8e53a52: mWNT: t=0xb400007c8dcf8910 mBlastBufferQueue=0xb400007adda6c3f0 fn= 869 HdrRenderState mRenderHdrSdrRatio=1.0 caller= android.view.SyncRtSurfaceTransactionApplier.applyTransaction:100 android.view.SyncRtSurfaceTransactionApplier.lambda$scheduleApply$0:73 android.view.SyncRtSurfaceTransactionApplier.$r8$lambda$afI4fXg3U3-nBZQEDQMiNy-B06s:0 
11-23 21:24:41.356 24620 24620 D UiControllerImpl: Injecting string: "E2E Pantry Item 1763951076850"
11-23 21:24:41.372 24620 24620 I VRI[MainActivity]@8e53a52: ViewPostIme key 0
11-23 21:24:41.399 24620 24620 I VRI[MainActivity]@8e53a52: The input has been finished in ImeInputStage.
11-23 21:24:41.433 24620 24620 I VRI[MainActivity]@8e53a52: ViewPostIme key 1
11-23 21:24:41.449 24620 24620 I VRI[MainActivity]@8e53a52: ViewPostIme key 1
11-23 21:24:41.487 24620 24620 I VRI[MainActivity]@8e53a52: The input has been finished in ImeInputStage.
11-23 21:24:41.511 24620 24620 I VRI[MainActivity]@8e53a52: ViewPostIme key 1
11-23 21:24:41.521 24620 24620 I VRI[MainActivity]@8e53a52: ViewPostIme key 0
11-23 21:24:41.568 24620 24620 I VRI[MainActivity]@8e53a52: The input has been finished in ImeInputStage.
11-23 21:24:41.600 24620 24620 I VRI[MainActivity]@8e53a52: ViewPostIme key 1
11-23 21:24:41.613 24620 24620 I VRI[MainActivity]@8e53a52: ViewPostIme key 1
11-23 21:24:41.631 24620 24620 I VRI[MainActivity]@8e53a52: The input has been finished in ImeInputStage.
11-23 21:24:41.698 24620 24620 I VRI[MainActivity]@8e53a52: ViewPostIme key 1
11-23 21:24:41.725 24620 24620 I VRI[MainActivity]@8e53a52: ViewPostIme key 0
11-23 21:24:41.804 24620 24620 I VRI[MainActivity]@8e53a52: The input has been finished in ImeInputStage.
11-23 21:24:41.825 24620 24620 I VRI[MainActivity]@8e53a52: ViewPostIme key 1
11-23 21:24:41.839 24620 24620 I VRI[MainActivity]@8e53a52: ViewPostIme key 1
11-23 21:24:41.861 24620 24620 I VRI[MainActivity]@8e53a52: The input has been finished in ImeInputStage.
11-23 21:24:41.881 24620 24620 I VRI[MainActivity]@8e53a52: ViewPostIme key 1
11-23 21:24:41.897 24620 24620 I VRI[MainActivity]@8e53a52: The input has been finished in ImeInputStage.
11-23 21:24:41.927 24620 24620 I VRI[MainActivity]@8e53a52: ViewPostIme key 1
11-23 21:24:41.942 24620 24620 I VRI[MainActivity]@8e53a52: The input has been finished in ImeInputStage.
11-23 21:24:42.038 24620 24620 I VRI[MainActivity]@8e53a52: ViewPostIme key 1
11-23 21:24:42.053 24620 24620 I VRI[MainActivity]@8e53a52: The input has been finished in ImeInputStage.
11-23 21:24:42.083 24620 24620 I VRI[MainActivity]@8e53a52: ViewPostIme key 1
11-23 21:24:42.090 24620 24620 I VRI[MainActivity]@8e53a52: The input has been finished in ImeInputStage.
11-23 21:24:42.114 24620 24620 I VRI[MainActivity]@8e53a52: ViewPostIme key 1
11-23 21:24:42.125 24620 24620 I VRI[MainActivity]@8e53a52: The input has been finished in ImeInputStage.
11-23 21:24:42.148 24620 24620 I VRI[MainActivity]@8e53a52: ViewPostIme key 1
11-23 21:24:42.159 24620 24620 I VRI[MainActivity]@8e53a52: ViewPostIme key 0
11-23 21:24:42.181 24620 24620 I VRI[MainActivity]@8e53a52: The input has been finished in ImeInputStage.
11-23 21:24:42.212 24620 24620 I VRI[MainActivity]@8e53a52: ViewPostIme key 1
11-23 21:24:42.239 24620 24620 D ScrollView: initGoToTop
11-23 21:24:42.241 24620 24620 I VRI[MainActivity]@8e53a52: ViewPostIme key 1
11-23 21:24:42.267 24620 24620 I VRI[MainActivity]@8e53a52: The input has been finished in ImeInputStage.
11-23 21:24:42.288 24620 24620 I VRI[MainActivity]@8e53a52: ViewPostIme key 1
11-23 21:24:42.298 24620 24620 I VRI[MainActivity]@8e53a52: The input has been finished in ImeInputStage.
11-23 21:24:42.398 24620 24620 I InputMethodManager_LC: showSoftInput(View,I)
11-23 21:24:42.399 24620 24620 I ImeTracker: dev.souschef.app:3bfb4704: onRequestShow at ORIGIN_CLIENT reason SHOW_SOFT_INPUT fromUser false
11-23 21:24:42.399 24620 24620 I InputMethodManager_LC: ssi(): flags=0 view=dev.souschef.app reason=SHOW_SOFT_INPUT
11-23 21:24:42.402 24620 24620 D InputMethodManagerUtils: startInputInner - Id : 0
11-23 21:24:42.403 24620 24620 I InputMethodManager: startInputInner - IInputMethodManagerGlobalInvoker.startInputOrWindowGainedFocus
11-23 21:24:42.407 24620 24620 D InsetsController: show(ime(), fromIme=false)
11-23 21:24:42.407 24620 24620 I ImeTracker: dev.souschef.app:3bfb4704: onCancelled at PHASE_CLIENT_APPLY_ANIMATION
11-23 21:24:42.414 24620 24958 D InputTransport: Input channel constructed: 'ClientS', fd=207
11-23 21:24:42.442 24620 24620 W RemoteInputConnectionImpl: requestCursorUpdates on inactive InputConnection
11-23 21:24:42.443 24620 24620 W WindowOnBackDispatcher: sendCancelIfRunning: isInProgress=false callback=android.view.ImeBackAnimationController@57788b6
11-23 21:24:42.475 24620 24620 I VRI[MainActivity]@8e53a52: ViewPostIme key 1
11-23 21:24:42.530 24620 24620 I VRI[MainActivity]@8e53a52: The input has been finished in ImeInputStage.
11-23 21:24:42.549 24620 24620 I VRI[MainActivity]@8e53a52: ViewPostIme key 1
11-23 21:24:42.597 24620 24620 I VRI[MainActivity]@8e53a52: The input has been finished in ImeInputStage.
11-23 21:24:42.613 24620 24620 I VRI[MainActivity]@8e53a52: ViewPostIme key 1
11-23 21:24:42.622 24620 24620 I VRI[MainActivity]@8e53a52: The input has been finished in ImeInputStage.
11-23 21:24:42.902 24620 25137 I MMKV    : <MMKV_IO.cpp:545::writeActualSize> [sous-chef-storage_temp] increase sequence to 3, crc 3141448159, actualSize 14571
11-23 21:24:42.902 24620 25137 I MMKV    : <MMKV.cpp:1182::sync> MMKV::sync, SyncFlag = 1
11-23 21:24:42.906 24620 25137 I ReactNativeJS: 💾 Cache: Persisted cache (14 KB)
11-23 21:24:42.989 24620 25137 I ReactNativeJS: '%c🚀 ✅ QUERY AutocompleteItems 354ms', 'color: #22c55e; font-weight: bold'
11-23 21:24:42.990 24620 25137 I ReactNativeJS: '   📤 Variables:', { input: { query: 'E2E P' } }
11-23 21:24:43.028 24620 24620 I VRI[MainActivity]@8e53a52: ViewPostIme key 1
11-23 21:24:43.099 24620 24620 I VRI[MainActivity]@8e53a52: The input has been finished in ImeInputStage.
11-23 21:24:43.137 24620 24620 I VRI[MainActivity]@8e53a52: ViewPostIme key 1
11-23 21:24:43.146 24620 24620 I VRI[MainActivity]@8e53a52: The input has been finished in ImeInputStage.
11-23 21:24:43.203 24620 24620 I VRI[MainActivity]@8e53a52: ViewPostIme key 1
11-23 21:24:43.254 24620 24620 I VRI[MainActivity]@8e53a52: The input has been finished in ImeInputStage.
11-23 21:24:43.275 24620 24620 I VRI[MainActivity]@8e53a52: ViewPostIme key 1
11-23 21:24:43.283 24620 24620 I VRI[MainActivity]@8e53a52: The input has been finished in ImeInputStage.
11-23 21:24:43.300 24620 24620 I VRI[MainActivity]@8e53a52: ViewPostIme key 1
11-23 21:24:43.306 24620 24620 I VRI[MainActivity]@8e53a52: The input has been finished in ImeInputStage.
11-23 21:24:43.325 24620 24620 I VRI[MainActivity]@8e53a52: ViewPostIme key 1
11-23 21:24:43.332 24620 24620 I VRI[MainActivity]@8e53a52: The input has been finished in ImeInputStage.
11-23 21:24:43.356 24620 24620 I VRI[MainActivity]@8e53a52: ViewPostIme key 1
11-23 21:24:43.363 24620 24620 I VRI[MainActivity]@8e53a52: The input has been finished in ImeInputStage.
11-23 21:24:43.381 24620 24620 I VRI[MainActivity]@8e53a52: ViewPostIme key 1
11-23 21:24:43.389 24620 24620 I VRI[MainActivity]@8e53a52: The input has been finished in ImeInputStage.
11-23 21:24:43.474 24620 24620 I VRI[MainActivity]@8e53a52: ViewPostIme key 1
11-23 21:24:43.533 24620 24620 I VRI[MainActivity]@8e53a52: The input has been finished in ImeInputStage.
11-23 21:24:43.567 24620 24620 I VRI[MainActivity]@8e53a52: ViewPostIme key 1
11-23 21:24:43.574 24620 24620 I VRI[MainActivity]@8e53a52: The input has been finished in ImeInputStage.
11-23 21:24:43.593 24620 24620 I VRI[MainActivity]@8e53a52: ViewPostIme key 1
11-23 21:24:43.599 24620 24620 I VRI[MainActivity]@8e53a52: The input has been finished in ImeInputStage.
11-23 21:24:43.618 24620 24620 I VRI[MainActivity]@8e53a52: ViewPostIme key 1
11-23 21:24:43.641 24620 24620 I VRI[MainActivity]@8e53a52: The input has been finished in ImeInputStage.
11-23 21:24:43.654 24620 24620 I VRI[MainActivity]@8e53a52: ViewPostIme key 1
11-23 21:24:43.656 24620 24659 I DetoxWSClient: Sending out action 'invokeResult' (ID #53)
11-23 21:24:43.656 24620 24659 I DetoxDispatcher: Done with action 'invoke'
11-23 21:24:43.660 24620 24664 D DetoxWSClient: Received action 'invoke' (ID #54, params={"target":{"type":"Class","value":"com.wix.detox.espresso.DetoxAssertion"},"method":"waitForAssertMatcher","args":[{"type":"Invocation","value":{"target":{"type":"Class","value":"androidx.test.espresso.Espresso"},"method":"onView","args":[{"type":"Invocation","value":{"target":{"type":"Class","value":"com.wix.detox.espresso.DetoxMatcher"},"method":"matcherForTestId","args":["add-pantry-item-name-input",{"type":"boolean","value":false}]}}]}},{"type":"Invocation","value":{"target":{"type":"Class","value":"com.wix.detox.espresso.DetoxMatcher"},"method":"matcherForSufficientlyVisible","args":[{"type":"Integer","value":75}]}},{"type":"Double","value":1}]})
11-23 21:24:43.661 24620 24659 I DetoxDispatcher: Handling action 'invoke' (ID #54)...
11-23 21:24:43.662 24620 24659 D Detox   : class com.wix.detox.espresso.DetoxMatcher, matcherForTestId, [add-pantry-item-name-input, false]
11-23 21:24:43.663 24620 24659 D Detox   : class androidx.test.espresso.Espresso, onView, [(view.getTag() is "add-pantry-item-name-input" and view has effective visibility <VISIBLE>)]
11-23 21:24:43.665 24620 24659 D Detox   : class com.wix.detox.espresso.DetoxMatcher, matcherForSufficientlyVisible, [75]
11-23 21:24:43.665 24620 24659 D Detox   : class com.wix.detox.espresso.DetoxAssertion, waitForAssertMatcher, [androidx.test.espresso.ViewInteraction@5a19557, (view has effective visibility <VISIBLE> and view.getGlobalVisibleRect() covers at least <75> percent of the view's area), 1.0]
11-23 21:24:43.677 24620 25137 I ReactNativeJS: '%c🚀 ✅ QUERY AutocompleteItems 528ms', 'color: #22c55e; font-weight: bold'
11-23 21:24:43.678 24620 25137 I ReactNativeJS: '   📤 Variables:', { input: { query: 'E2E Pm 1' } }
11-23 21:24:43.764 24620 24620 I VRI[MainActivity]@8e53a52: call setFrameRateCategory for touch hint category=no preference, reason=boost timeout, vri=VRI[MainActivity]@8e53a52
11-23 21:24:43.767 24620 24620 I ViewInteraction: Checking 'MatchesViewAssertion(Detox){viewMatcher=(view has effective visibility <VISIBLE> and view.getGlobalVisibleRect() covers at least <75> percent of the view's area)}' assertion on view (view.getTag() is "add-pantry-item-name-input" and view has effective visibility <VISIBLE>)
11-23 21:24:43.777 24620 24659 I DetoxWSClient: Sending out action 'invokeResult' (ID #54)
11-23 21:24:43.777 24620 24659 I DetoxDispatcher: Done with action 'invoke'
11-23 21:24:43.784 24620 24664 D DetoxWSClient: Received action 'invoke' (ID #55, params={"target":{"type":"Class","value":"com.wix.detox.espresso.EspressoDetox"},"method":"perform","args":[{"type":"Invocation","value":{"target":{"type":"Class","value":"com.wix.detox.espresso.DetoxMatcher"},"method":"matcherForTestId","args":["add-pantry-item-name-input",{"type":"boolean","value":false}]}},{"type":"Invocation","value":{"target":{"type":"Class","value":"com.wix.detox.espresso.DetoxViewActions"},"method":"typeText","args":["\n"]}}]})
11-23 21:24:43.784 24620 24659 I DetoxDispatcher: Handling action 'invoke' (ID #55)...
11-23 21:24:43.785 24620 24659 D Detox   : class com.wix.detox.espresso.DetoxMatcher, matcherForTestId, [add-pantry-item-name-input, false]
11-23 21:24:43.786 24620 24659 D Detox   : class com.wix.detox.espresso.DetoxViewActions, typeText, [
11-23 21:24:43.786 24620 24659 D Detox   : ]
11-23 21:24:43.786 24620 24659 D Detox   : class com.wix.detox.espresso.EspressoDetox, perform, [(view.getTag() is "add-pantry-item-name-input" and view has effective visibility <VISIBLE>), com.wix.detox.espresso.action.DetoxTypeTextAction@f90e0df]
11-23 21:24:43.802 24620 24620 I ViewInteraction: Performing 'Click to focus & type text (
11-23 21:24:43.802 24620 24620 I ViewInteraction: )' action on view (view.getTag() is "add-pantry-item-name-input" and view has effective visibility <VISIBLE>)
11-23 21:24:43.815 24620 24620 I VRI[MainActivity]@8e53a52: ViewPostIme pointer 0
11-23 21:24:43.832 24620 24620 I VRI[MainActivity]@8e53a52: call setFrameRateCategory for touch hint category=high hint, reason=touch, vri=VRI[MainActivity]@8e53a52
11-23 21:24:43.845 24620 24620 I VRI[MainActivity]@8e53a52: ViewPostIme pointer 1
11-23 21:24:43.848 24620 24620 W unknown:ReactNative: Can't cancel already finished gesture. Is a child View trying to start a gesture from an UP/CANCEL event?
11-23 21:24:44.298 24620 24620 D UiControllerImpl: Injecting string: "
11-23 21:24:44.298 24620 24620 D UiControllerImpl: "
11-23 21:24:44.306 24620 24620 I VRI[MainActivity]@8e53a52: The input has been finished in ImeInputStage.
11-23 21:24:44.314 24620 24620 I VRI[MainActivity]@8e53a52: setInTouchMode(false), android.view.ViewRootImpl.checkForLeavingTouchModeAndConsume:10965 android.view.ViewRootImpl.-$$Nest$mcheckForLeavingTouchModeAndConsume:0 android.view.ViewRootImpl$EarlyPostImeInputStage.processKeyEvent:9438 android.view.ViewRootImpl$EarlyPostImeInputStage.onProcess:9422 android.view.ViewRootImpl$InputStage.deliver:8901 android.view.ViewRootImpl.deliverInputEvent:12785 android.view.ViewRootImpl.doProcessInputEvents:12673 android.view.ViewRootImpl.enqueueInputEvent:12628 android.view.ViewRootImpl$ViewRootHandler.handleMessageImpl:8422 android.view.ViewRootImpl$ViewRootHandler.handleMessage:8301 
11-23 21:24:44.315 24620 24620 I VRI[MainActivity]@8e53a52: ViewPostIme key 0
11-23 21:24:44.323 24620 24620 I ImeTracker: dev.souschef.app:ac8a0f2: onRequestHide at ORIGIN_CLIENT reason HIDE_SOFT_INPUT fromUser false
11-23 21:24:44.324 24620 24620 I InputMethodManager_LC: hsifw() - flag : 0
11-23 21:24:44.324 24620 24620 D InputMethodManagerUtils: startInputInner - Id : 0
11-23 21:24:44.324 24620 24620 I InputMethodManager: startInputInner - IInputMethodManagerGlobalInvoker.startInputOrWindowGainedFocus
11-23 21:24:44.325 24620 24620 I InputMethodManager_LC: hsifw() - mService.hideSoftInput
11-23 21:24:44.326 24620 24620 D InsetsController: hide(ime(), fromIme=false)
11-23 21:24:44.326 24620 24620 W WindowOnBackDispatcher: sendCancelIfRunning: isInProgress=false callback=android.view.ImeBackAnimationController@57788b6
11-23 21:24:44.329 24620 24620 D InsetsController: Setting requestedVisibleTypes to -9 (was -1)
11-23 21:24:44.330 24620 24620 I InsetsController: setRequestedVisibleTypes: visible=false, mask=ime, host=dev.souschef.app/dev.souschef.app.MainActivity, from=android.view.InsetsController.controlAnimationUnchecked:1604 android.view.InsetsController.applyAnimation:2416 android.view.InsetsController.applyAnimation:2343 android.view.InsetsController.hide:1540 android.view.inputmethod.InputMethodManager.hideSoftInputFromWindow:2889 android.view.inputmethod.InputMethodManager.hideSoftInputFromWindow:2812 android.view.inputmethod.InputMethodManager.hideSoftInputFromWindow:2773 com.facebook.react.views.textinput.ReactEditText.hideSoftKeyboard:865 com.facebook.react.views.textinput.ReactEditText.clearFocusAndMaybeRefocus$ReactAndroid_debug:388 com.facebook.react.views.textinput.ReactTextInputManager.addEventEmitters$lambda$3:966 
11-23 21:24:44.330 24620 24958 D InputTransport: Input channel constructed: 'ClientS', fd=213
11-23 21:24:44.331 24620 24620 I InsetsController: controlAnimationUncheckedInner: Added types=ime, animType=1, host=dev.souschef.app/dev.souschef.app.MainActivity, from=android.view.InsetsController.controlAnimationUnchecked:1608 android.view.InsetsController.applyAnimation:2416 android.view.InsetsController.applyAnimation:2343 
11-23 21:24:44.338 24620 24620 I BLASTBufferQueue_Java: update, w= 1440 h= 3088 mName = VRI[MainActivity]@8e53a52 mNativeObject= 0xb400007adda6c3f0 sc.mNativeObject= 0xb400007b7da35d50 format= -1 caller= android.view.ViewRootImpl.updateBlastSurfaceIfNeeded:3574 android.view.ViewRootImpl.relayoutWindow:11685 android.view.ViewRootImpl.performTraversals:4804 android.view.ViewRootImpl.doTraversal:3924 android.view.ViewRootImpl$TraversalRunnable.run:12903 android.view.Choreographer$CallbackRecord.run:1901 
11-23 21:24:44.339 24620 24620 I VRI[MainActivity]@8e53a52: Relayout returned: old=(0,0,1440,3088) new=(0,0,1440,3088) relayoutAsync=true req=(1440,3088)0 dur=1 res=0x0 s={true 0xb400007beda57a40} ch=false seqId=0
11-23 21:24:44.350 24620 24620 I VRI[MainActivity]@8e53a52: registerCallbackForPendingTransactions
11-23 21:24:44.353 24620 24692 I VRI[MainActivity]@8e53a52: mWNT: t=0xb400007c8dd9f950 mBlastBufferQueue=0xb400007adda6c3f0 fn= 934 HdrRenderState mRenderHdrSdrRatio=1.0 caller= android.view.SyncRtSurfaceTransactionApplier.applyTransaction:100 android.view.SyncRtSurfaceTransactionApplier.lambda$scheduleApply$0:73 android.view.SyncRtSurfaceTransactionApplier.$r8$lambda$afI4fXg3U3-nBZQEDQMiNy-B06s:0 
11-23 21:24:44.353 24620 24692 I VRI[MainActivity]@8e53a52: mWNT: t=0xb400007c8ddab810 mBlastBufferQueue=0xb400007adda6c3f0 fn= 934 HdrRenderState mRenderHdrSdrRatio=1.0 caller= android.view.ViewRootImpl$10.onFrameDraw:6536 android.view.ViewRootImpl$4.onFrameDraw:2489 android.view.ThreadedRenderer$1.onFrameDraw:718 
11-23 21:24:44.354 24620 25137 I ReactNativeJS: '%c🚀 ✅ QUERY AutocompleteItems 223ms', 'color: #22c55e; font-weight: bold'
11-23 21:24:44.355 24620 25137 I ReactNativeJS: '   📤 Variables:', { input: { query: 'E2E Pm 1763951076850' } }
11-23 21:24:44.356 24620 24620 W RemoteInputConnectionImpl: requestCursorUpdates on inactive InputConnection
11-23 21:24:44.358 24620 24620 I ImeTracker: dev.souschef.app:34b6debf: onRequestHide at ORIGIN_CLIENT reason HIDE_SOFT_INPUT fromUser false
11-23 21:24:44.358 24620 24620 I InputMethodManager_LC: hsifw() - flag : 0
11-23 21:24:44.358 24620 24620 I InputMethodManager_LC: hsifw() - mService.hideSoftInput
11-23 21:24:44.358 24620 24620 D InsetsController: hide(ime(), fromIme=false)
11-23 21:24:44.359 24620 24620 I ImeTracker: dev.souschef.app:34b6debf: onCancelled at PHASE_CLIENT_ALREADY_HIDDEN
11-23 21:24:44.374 24620 24691 I VRI[MainActivity]@8e53a52: mWNT: t=0xb400007c8ddac0d0 mBlastBufferQueue=0xb400007adda6c3f0 fn= 935 HdrRenderState mRenderHdrSdrRatio=1.0 caller= android.view.SyncRtSurfaceTransactionApplier.applyTransaction:100 android.view.SyncRtSurfaceTransactionApplier.lambda$scheduleApply$0:73 android.view.SyncRtSurfaceTransactionApplier.$r8$lambda$afI4fXg3U3-nBZQEDQMiNy-B06s:0 
11-23 21:24:44.403 24620 24692 I VRI[MainActivity]@8e53a52: mWNT: t=0xb400007c8dcb4a50 mBlastBufferQueue=0xb400007adda6c3f0 fn= 936 HdrRenderState mRenderHdrSdrRatio=1.0 caller= android.view.SyncRtSurfaceTransactionApplier.applyTransaction:100 android.view.SyncRtSurfaceTransactionApplier.lambda$scheduleApply$0:73 android.view.SyncRtSurfaceTransactionApplier.$r8$lambda$afI4fXg3U3-nBZQEDQMiNy-B06s:0 
11-23 21:24:44.407 24620 24691 I VRI[MainActivity]@8e53a52: mWNT: t=0xb400007c8dda9510 mBlastBufferQueue=0xb400007adda6c3f0 fn= 937 HdrRenderState mRenderHdrSdrRatio=1.0 caller= android.view.SyncRtSurfaceTransactionApplier.applyTransaction:100 android.view.SyncRtSurfaceTransactionApplier.lambda$scheduleApply$0:73 android.view.SyncRtSurfaceTransactionApplier.$r8$lambda$afI4fXg3U3-nBZQEDQMiNy-B06s:0 
11-23 21:24:44.425 24620 24692 I VRI[MainActivity]@8e53a52: mWNT: t=0xb400007c8dc44890 mBlastBufferQueue=0xb400007adda6c3f0 fn= 938 HdrRenderState mRenderHdrSdrRatio=1.0 caller= android.view.SyncRtSurfaceTransactionApplier.applyTransaction:100 android.view.SyncRtSurfaceTransactionApplier.lambda$scheduleApply$0:73 android.view.SyncRtSurfaceTransactionApplier.$r8$lambda$afI4fXg3U3-nBZQEDQMiNy-B06s:0 
11-23 21:24:44.431 24620 24691 I VRI[MainActivity]@8e53a52: mWNT: t=0xb400007c8dcb7290 mBlastBufferQueue=0xb400007adda6c3f0 fn= 939 HdrRenderState mRenderHdrSdrRatio=1.0 caller= android.view.SyncRtSurfaceTransactionApplier.applyTransaction:100 android.view.SyncRtSurfaceTransactionApplier.lambda$scheduleApply$0:73 android.view.SyncRtSurfaceTransactionApplier.$r8$lambda$afI4fXg3U3-nBZQEDQMiNy-B06s:0 
11-23 21:24:44.434 24620 24692 I VRI[MainActivity]@8e53a52: mWNT: t=0xb400007c8dcb7ed0 mBlastBufferQueue=0xb400007adda6c3f0 fn= 940 HdrRenderState mRenderHdrSdrRatio=1.0 caller= android.view.SyncRtSurfaceTransactionApplier.applyTransaction:100 android.view.SyncRtSurfaceTransactionApplier.lambda$scheduleApply$0:73 android.view.SyncRtSurfaceTransactionApplier.$r8$lambda$afI4fXg3U3-nBZQEDQMiNy-B06s:0 
11-23 21:24:44.445 24620 24691 I VRI[MainActivity]@8e53a52: mWNT: t=0xb400007c8dc485d0 mBlastBufferQueue=0xb400007adda6c3f0 fn= 941 HdrRenderState mRenderHdrSdrRatio=1.0 caller= android.view.SyncRtSurfaceTransactionApplier.applyTransaction:100 android.view.SyncRtSurfaceTransactionApplier.lambda$scheduleApply$0:73 android.view.SyncRtSurfaceTransactionApplier.$r8$lambda$afI4fXg3U3-nBZQEDQMiNy-B06s:0 
11-23 21:24:44.460 24620 24692 I VRI[MainActivity]@8e53a52: mWNT: t=0xb400007c8dd28950 mBlastBufferQueue=0xb400007adda6c3f0 fn= 942 HdrRenderState mRenderHdrSdrRatio=1.0 caller= android.view.SyncRtSurfaceTransactionApplier.applyTransaction:100 android.view.SyncRtSurfaceTransactionApplier.lambda$scheduleApply$0:73 android.view.SyncRtSurfaceTransactionApplier.$r8$lambda$afI4fXg3U3-nBZQEDQMiNy-B06s:0 
11-23 21:24:44.503 24620 24691 I VRI[MainActivity]@8e53a52: mWNT: t=0xb400007c8dd2d490 mBlastBufferQueue=0xb400007adda6c3f0 fn= 943 HdrRenderState mRenderHdrSdrRatio=1.0 caller= android.view.SyncRtSurfaceTransactionApplier.applyTransaction:100 android.view.SyncRtSurfaceTransactionApplier.lambda$scheduleApply$0:73 android.view.SyncRtSurfaceTransactionApplier.$r8$lambda$afI4fXg3U3-nBZQEDQMiNy-B06s:0 
11-23 21:24:44.505 24620 24620 I InsetsController: onStateChanged: host=dev.souschef.app/dev.souschef.app.MainActivity, from=android.view.ViewRootImpl.onInsetsStateChanged:3026, state=InsetsState: {mDisplayFrame=Rect(0, 0 - 1440, 3088), mDisplayCutout=DisplayCutout{insets=Rect(0, 100 - 0, 0) waterfall=Insets{left=0, top=0, right=0, bottom=0} boundingRect={Bounds=[Rect(0, 0 - 0, 0), Rect(683, 0 - 758, 100), Rect(0, 0 - 0, 0), Rect(0, 0 - 0, 0)]} cutoutPathParserInfo={CutoutPathParserInfo{displayWidth=1440 displayHeight=3088 physicalDisplayWidth=1440 physicalDisplayHeight=3088 density={3.75} cutoutSpec={M 0,0 H -10 V 26.66666666666667 H 10 V 0 H 0 Z @dp} rotation={0} scale={1.0} physicalPixelDisplaySizeRatio={1.0}}} sideOverrides={}}, mRoundedCorners=RoundedCorners{[RoundedCorner{position=TopLeft, radius=15, center=Point(15, 15)}, RoundedCorner{position=TopRight, radius=15, center=Point(1425, 15)}, RoundedCorner{position=BottomRight, radius=15, center=Point(1425, 3073)}, RoundedCorner{position=BottomLeft, radius=15, center=Point(15, 3073)}]}  mRoundedCornerFrame=Rect(0, 0 - 1440, 3088), mPrivacyIndicatorBounds=PrivacyIndicatorBounds {static bounds=Rect(1275, 0 - 1440, 100) rotation=0}, mDisplayShape=DisplayShape{ spec=-311912193 displayWidth=1440 displayHeight=3088 physicalPixelDisplaySizeRatio=1.0 rotation=0 offsetX=0 offsetY=0 scale=1.0}, mSources= { InsetsSource: {b11d0001 mType=navigationBars mFrame=[0,3032][1440,3088] mVisible=true mFlags=SUPPRESS_SCRIM mSideHint=BOTTOM mBoundingRects=null}, InsetsSource: {b11d0004 mType=systemGestures mFrame=[0,0][84,3088] mVisible=true mFlags= mSideHint=LEFT mBoundingRects=null}, InsetsSource: {b11d0005 mType=mandatorySystemGestures mFrame=[0,2968][1440,3088] mVisible=true mFlags= mSideHint=BOTTOM mBoundingRects=null}, InsetsSource: {b11d0006 mType=tappableElement mFrame=[0,0][0,0] mVisible=true mFlags= mSideHint=NONE mBoundingRects=null}, InsetsSource: {b11d0024 mType=systemGestures mFrame=[1356,0][1440,3088] mVisible=true mFlags= mSideHint=RIGHT mBoundingRects=null}, InsetsSource: {ecac0000 mType=statusBars mFrame=[0,0][1440,100] mVisible=true mFlags= mSideHint=TOP mBoundingRects=null}, InsetsSource: {ecac0005 mType=mandatorySystemGestures mFrame=[0,0][1440,145] mVisible=true mFlags= mSideHint=TOP mBoundingRects=null}, InsetsSource: {ecac0006 mType=tappableElement mFrame=[0,0][1440,100] mVisible=true mFlags= mSideHint=TOP mBoundingRects=null}, InsetsSource: {3 mType=ime mFrame=[0,1922][1440,3088] mVisible=true mFlags= mSideHint=BOTTOM mBoundingRects=null}, InsetsSource: {27 mType=displayCutout mFrame=[0,0][1440,100] mVisible=true mFlags= mSideHint=TOP mBoundingRects=null} }
11-23 21:24:44.506 24620 24620 I VRI[MainActivity]@8e53a52: handleResized, frames=ClientWindowFrames{frame=[0,0][1440,3088] display=[0,0][1440,3088] parentFrame=[0,0][0,0]} displayId=0 dragResizing=false compatScale=1.0 frameChanged=false attachedFrameChanged=false configChanged=false displayChanged=false compatScaleChanged=false dragResizingChanged=false
11-23 21:24:44.511 24620 24692 I VRI[MainActivity]@8e53a52: mWNT: t=0xb400007c8dda65d0 mBlastBufferQueue=0xb400007adda6c3f0 fn= 944 HdrRenderState mRenderHdrSdrRatio=1.0 caller= android.view.SyncRtSurfaceTransactionApplier.applyTransaction:100 android.view.SyncRtSurfaceTransactionApplier.lambda$scheduleApply$0:73 android.view.SyncRtSurfaceTransactionApplier.$r8$lambda$afI4fXg3U3-nBZQEDQMiNy-B06s:0 
11-23 21:24:44.523 24620 24691 I VRI[MainActivity]@8e53a52: mWNT: t=0xb400007c8dd2a010 mBlastBufferQueue=0xb400007adda6c3f0 fn= 945 HdrRenderState mRenderHdrSdrRatio=1.0 caller= android.view.SyncRtSurfaceTransactionApplier.applyTransaction:100 android.view.SyncRtSurfaceTransactionApplier.lambda$scheduleApply$0:73 android.view.SyncRtSurfaceTransactionApplier.$r8$lambda$afI4fXg3U3-nBZQEDQMiNy-B06s:0 
11-23 21:24:44.529 24620 24692 I VRI[MainActivity]@8e53a52: mWNT: t=0xb400007c8dd2a1d0 mBlastBufferQueue=0xb400007adda6c3f0 fn= 946 HdrRenderState mRenderHdrSdrRatio=1.0 caller= android.view.SyncRtSurfaceTransactionApplier.applyTransaction:100 android.view.SyncRtSurfaceTransactionApplier.lambda$scheduleApply$0:73 android.view.SyncRtSurfaceTransactionApplier.$r8$lambda$afI4fXg3U3-nBZQEDQMiNy-B06s:0 
11-23 21:24:44.531 24620 24691 I VRI[MainActivity]@8e53a52: mWNT: t=0xb400007c8dd29050 mBlastBufferQueue=0xb400007adda6c3f0 fn= 947 HdrRenderState mRenderHdrSdrRatio=1.0 caller= android.view.SyncRtSurfaceTransactionApplier.applyTransaction:100 android.view.SyncRtSurfaceTransactionApplier.lambda$scheduleApply$0:73 android.view.SyncRtSurfaceTransactionApplier.$r8$lambda$afI4fXg3U3-nBZQEDQMiNy-B06s:0 
11-23 21:24:44.538 24620 24692 I VRI[MainActivity]@8e53a52: mWNT: t=0xb400007c8dd4da90 mBlastBufferQueue=0xb400007adda6c3f0 fn= 948 HdrRenderState mRenderHdrSdrRatio=1.0 caller= android.view.SyncRtSurfaceTransactionApplier.applyTransaction:100 android.view.SyncRtSurfaceTransactionApplier.lambda$scheduleApply$0:73 android.view.SyncRtSurfaceTransactionApplier.$r8$lambda$afI4fXg3U3-nBZQEDQMiNy-B06s:0 
11-23 21:24:44.541 24620 24620 I VRI[MainActivity]@8e53a52: ViewPostIme key 1
11-23 21:24:44.549 24620 24691 I VRI[MainActivity]@8e53a52: mWNT: t=0xb400007c8dd4dc50 mBlastBufferQueue=0xb400007adda6c3f0 fn= 949 HdrRenderState mRenderHdrSdrRatio=1.0 caller= android.view.SyncRtSurfaceTransactionApplier.applyTransaction:100 android.view.SyncRtSurfaceTransactionApplier.lambda$scheduleApply$0:73 android.view.SyncRtSurfaceTransactionApplier.$r8$lambda$afI4fXg3U3-nBZQEDQMiNy-B06s:0 
11-23 21:24:44.558 24620 24692 I VRI[MainActivity]@8e53a52: mWNT: t=0xb400007c8dd4f310 mBlastBufferQueue=0xb400007adda6c3f0 fn= 950 HdrRenderState mRenderHdrSdrRatio=1.0 caller= android.view.SyncRtSurfaceTransactionApplier.applyTransaction:100 android.view.SyncRtSurfaceTransactionApplier.lambda$scheduleApply$0:73 android.view.SyncRtSurfaceTransactionApplier.$r8$lambda$afI4fXg3U3-nBZQEDQMiNy-B06s:0 
11-23 21:24:44.559 24620 24659 I DetoxWSClient: Sending out action 'invokeResult' (ID #55)
11-23 21:24:44.560 24620 24659 I DetoxDispatcher: Done with action 'invoke'
11-23 21:24:44.567 24620 24691 I VRI[MainActivity]@8e53a52: mWNT: t=0xb400007c8dd4a0d0 mBlastBufferQueue=0xb400007adda6c3f0 fn= 951 HdrRenderState mRenderHdrSdrRatio=1.0 caller= android.view.SyncRtSurfaceTransactionApplier.applyTransaction:100 android.view.SyncRtSurfaceTransactionApplier.lambda$scheduleApply$0:73 android.view.SyncRtSurfaceTransactionApplier.$r8$lambda$afI4fXg3U3-nBZQEDQMiNy-B06s:0 
11-23 21:24:44.570 24620 24664 D DetoxWSClient: Received action 'invoke' (ID #56, params={"target":{"type":"Class","value":"com.wix.detox.espresso.EspressoDetox"},"method":"perform","args":[{"type":"Invocation","value":{"target":{"type":"Class","value":"com.wix.detox.espresso.DetoxMatcher"},"method":"matcherForTestId","args":["add-pantry-item-quantity-input",{"type":"boolean","value":false}]}},{"type":"Invocation","value":{"target":{"type":"Class","value":"androidx.test.espresso.action.ViewActions"},"method":"replaceText","args":["1"]}}]})
11-23 21:24:44.571 24620 24659 I DetoxDispatcher: Handling action 'invoke' (ID #56)...
11-23 21:24:44.572 24620 24659 D Detox   : class com.wix.detox.espresso.DetoxMatcher, matcherForTestId, [add-pantry-item-quantity-input, false]
11-23 21:24:44.573 24620 24692 I VRI[MainActivity]@8e53a52: mWNT: t=0xb400007c8dd4f150 mBlastBufferQueue=0xb400007adda6c3f0 fn= 952 HdrRenderState mRenderHdrSdrRatio=1.0 caller= android.view.SyncRtSurfaceTransactionApplier.applyTransaction:100 android.view.SyncRtSurfaceTransactionApplier.lambda$scheduleApply$0:73 android.view.SyncRtSurfaceTransactionApplier.$r8$lambda$afI4fXg3U3-nBZQEDQMiNy-B06s:0 
11-23 21:24:44.575 24620 24659 D Detox   : class androidx.test.espresso.action.ViewActions, replaceText, [1]
11-23 21:24:44.576 24620 24659 D Detox   : class com.wix.detox.espresso.EspressoDetox, perform, [(view.getTag() is "add-pantry-item-quantity-input" and view has effective visibility <VISIBLE>), androidx.test.espresso.action.ReplaceTextAction@ecc15d4]
11-23 21:24:44.581 24620 24691 I VRI[MainActivity]@8e53a52: mWNT: t=0xb400007c8dd4d710 mBlastBufferQueue=0xb400007adda6c3f0 fn= 953 HdrRenderState mRenderHdrSdrRatio=1.0 caller= android.view.SyncRtSurfaceTransactionApplier.applyTransaction:100 android.view.SyncRtSurfaceTransactionApplier.lambda$scheduleApply$0:73 android.view.SyncRtSurfaceTransactionApplier.$r8$lambda$afI4fXg3U3-nBZQEDQMiNy-B06s:0 
11-23 21:24:44.593 24620 24692 I VRI[MainActivity]@8e53a52: mWNT: t=0xb400007c8dab56d0 mBlastBufferQueue=0xb400007adda6c3f0 fn= 954 HdrRenderState mRenderHdrSdrRatio=1.0 caller= android.view.SyncRtSurfaceTransactionApplier.applyTransaction:100 android.view.SyncRtSurfaceTransactionApplier.lambda$scheduleApply$0:73 android.view.SyncRtSurfaceTransactionApplier.$r8$lambda$afI4fXg3U3-nBZQEDQMiNy-B06s:0 
11-23 21:24:44.600 24620 24691 I VRI[MainActivity]@8e53a52: mWNT: t=0xb400007c8dad55d0 mBlastBufferQueue=0xb400007adda6c3f0 fn= 955 HdrRenderState mRenderHdrSdrRatio=1.0 caller= android.view.SyncRtSurfaceTransactionApplier.applyTransaction:100 android.view.SyncRtSurfaceTransactionApplier.lambda$scheduleApply$0:73 android.view.SyncRtSurfaceTransactionApplier.$r8$lambda$afI4fXg3U3-nBZQEDQMiNy-B06s:0 
11-23 21:24:44.601 24620 24620 I ViewInteraction: Performing 'replace text(1)' action on view (view.getTag() is "add-pantry-item-quantity-input" and view has effective visibility <VISIBLE>)
11-23 21:24:44.628 24620 24659 I DetoxWSClient: Sending out action 'invokeResult' (ID #56)
11-23 21:24:44.628 24620 24659 I DetoxDispatcher: Done with action 'invoke'
11-23 21:24:44.634 24620 24664 D DetoxWSClient: Received action 'invoke' (ID #57, params={"target":{"type":"Class","value":"com.wix.detox.espresso.EspressoDetox"},"method":"perform","args":[{"type":"Invocation","value":{"target":{"type":"Class","value":"com.wix.detox.espresso.DetoxMatcher"},"method":"matcherForTestId","args":["add-pantry-item-unit-picker",{"type":"boolean","value":false}]}},{"type":"Invocation","value":{"target":{"type":"Class","value":"androidx.test.espresso.action.ViewActions"},"method":"clearText","args":[]}}]})
11-23 21:24:44.635 24620 24659 I DetoxDispatcher: Handling action 'invoke' (ID #57)...
11-23 21:24:44.635 24620 24659 D Detox   : class com.wix.detox.espresso.DetoxMatcher, matcherForTestId, [add-pantry-item-unit-picker, false]
11-23 21:24:44.636 24620 24659 D Detox   : class androidx.test.espresso.action.ViewActions, clearText, []
11-23 21:24:44.637 24620 24659 D Detox   : class com.wix.detox.espresso.EspressoDetox, perform, [(view.getTag() is "add-pantry-item-unit-picker" and view has effective visibility <VISIBLE>), androidx.test.espresso.action.ReplaceTextAction@45ccb3b]
11-23 21:24:44.637 24620 24692 I VRI[MainActivity]@8e53a52: mWNT: t=0xb400007c8dabb550 mBlastBufferQueue=0xb400007adda6c3f0 fn= 956 HdrRenderState mRenderHdrSdrRatio=1.0 caller= android.view.SyncRtSurfaceTransactionApplier.applyTransaction:100 android.view.SyncRtSurfaceTransactionApplier.lambda$scheduleApply$0:73 android.view.SyncRtSurfaceTransactionApplier.$r8$lambda$afI4fXg3U3-nBZQEDQMiNy-B06s:0 
11-23 21:24:44.640 24620 24691 I VRI[MainActivity]@8e53a52: mWNT: t=0xb400007c8dda9510 mBlastBufferQueue=0xb400007adda6c3f0 fn= 957 HdrRenderState mRenderHdrSdrRatio=1.0 caller= android.view.SyncRtSurfaceTransactionApplier.applyTransaction:100 android.view.SyncRtSurfaceTransactionApplier.lambda$scheduleApply$0:73 android.view.SyncRtSurfaceTransactionApplier.$r8$lambda$afI4fXg3U3-nBZQEDQMiNy-B06s:0 
11-23 21:24:44.648 24620 24692 I VRI[MainActivity]@8e53a52: mWNT: t=0xb400007c8dcbf410 mBlastBufferQueue=0xb400007adda6c3f0 fn= 958 HdrRenderState mRenderHdrSdrRatio=1.0 caller= android.view.SyncRtSurfaceTransactionApplier.applyTransaction:100 android.view.SyncRtSurfaceTransactionApplier.lambda$scheduleApply$0:73 android.view.SyncRtSurfaceTransactionApplier.$r8$lambda$afI4fXg3U3-nBZQEDQMiNy-B06s:0 
11-23 21:24:44.650 24620 24620 I ViewInteraction: Performing 'replace text()' action on view (view.getTag() is "add-pantry-item-unit-picker" and view has effective visibility <VISIBLE>)
11-23 21:24:44.665 24620 24620 I InsetsController: cancelAnimation: types=ime, animType=1, host=dev.souschef.app/dev.souschef.app.MainActivity, from=android.view.InsetsController.notifyFinished:2006 android.view.InsetsAnimationControlImpl.applyChangeInsets:335 android.view.InsetsController.lambda$new$3:957 
11-23 21:24:44.666 24620 24659 I DetoxWSClient: Sending out action 'invokeResult' (ID #57)
11-23 21:24:44.666 24620 24659 I DetoxDispatcher: Done with action 'invoke'
11-23 21:24:44.669 24620 24620 I BLASTBufferQueue_Java: update, w= 1440 h= 3088 mName = VRI[MainActivity]@8e53a52 mNativeObject= 0xb400007adda6c3f0 sc.mNativeObject= 0xb400007b7da35d50 format= -1 caller= android.view.ViewRootImpl.updateBlastSurfaceIfNeeded:3574 android.view.ViewRootImpl.relayoutWindow:11685 android.view.ViewRootImpl.performTraversals:4804 android.view.ViewRootImpl.doTraversal:3924 android.view.ViewRootImpl$TraversalRunnable.run:12903 android.view.Choreographer$CallbackRecord.run:1901 
11-23 21:24:44.669 24620 24620 I VRI[MainActivity]@8e53a52: Relayout returned: old=(0,0,1440,3088) new=(0,0,1440,3088) relayoutAsync=true req=(1440,3088)0 dur=1 res=0x0 s={true 0xb400007beda57a40} ch=false seqId=0
11-23 21:24:44.672 24620 24664 D DetoxWSClient: Received action 'invoke' (ID #58, params={"target":{"type":"Class","value":"com.wix.detox.espresso.EspressoDetox"},"method":"perform","args":[{"type":"Invocation","value":{"target":{"type":"Class","value":"com.wix.detox.espresso.DetoxMatcher"},"method":"matcherForTestId","args":["add-pantry-item-unit-picker",{"type":"boolean","value":false}]}},{"type":"Invocation","value":{"target":{"type":"Class","value":"com.wix.detox.espresso.DetoxViewActions"},"method":"typeText","args":["ct"]}}]})
11-23 21:24:44.673 24620 24659 I DetoxDispatcher: Handling action 'invoke' (ID #58)...
11-23 21:24:44.673 24620 24620 I VRI[MainActivity]@8e53a52: registerCallbackForPendingTransactions
11-23 21:24:44.673 24620 24659 D Detox   : class com.wix.detox.espresso.DetoxMatcher, matcherForTestId, [add-pantry-item-unit-picker, false]
11-23 21:24:44.674 24620 24659 D Detox   : class com.wix.detox.espresso.DetoxViewActions, typeText, [ct]
11-23 21:24:44.674 24620 24659 D Detox   : class com.wix.detox.espresso.EspressoDetox, perform, [(view.getTag() is "add-pantry-item-unit-picker" and view has effective visibility <VISIBLE>), com.wix.detox.espresso.action.DetoxTypeTextAction@e6386e]
11-23 21:24:44.675 24620 24691 I VRI[MainActivity]@8e53a52: mWNT: t=0xb400007c8dd41f50 mBlastBufferQueue=0xb400007adda6c3f0 fn= 959 HdrRenderState mRenderHdrSdrRatio=1.0 caller= android.view.SyncRtSurfaceTransactionApplier.applyTransaction:100 android.view.SyncRtSurfaceTransactionApplier.lambda$scheduleApply$0:73 android.view.SyncRtSurfaceTransactionApplier.$r8$lambda$afI4fXg3U3-nBZQEDQMiNy-B06s:0 
11-23 21:24:44.676 24620 24691 I VRI[MainActivity]@8e53a52: mWNT: t=0xb400007c8dd42110 mBlastBufferQueue=0xb400007adda6c3f0 fn= 959 HdrRenderState mRenderHdrSdrRatio=1.0 caller= android.view.ViewRootImpl$10.onFrameDraw:6536 android.view.ViewRootImpl$4.onFrameDraw:2489 android.view.ThreadedRenderer$1.onFrameDraw:718 
11-23 21:24:44.678 24620 24620 I ViewInteraction: Performing 'Click to focus & type text (ct)' action on view (view.getTag() is "add-pantry-item-unit-picker" and view has effective visibility <VISIBLE>)
11-23 21:24:44.698 24620 24620 I InsetsController: onStateChanged: host=dev.souschef.app/dev.souschef.app.MainActivity, from=android.view.ViewRootImpl.onInsetsStateChanged:3026, state=InsetsState: {mDisplayFrame=Rect(0, 0 - 1440, 3088), mDisplayCutout=DisplayCutout{insets=Rect(0, 100 - 0, 0) waterfall=Insets{left=0, top=0, right=0, bottom=0} boundingRect={Bounds=[Rect(0, 0 - 0, 0), Rect(683, 0 - 758, 100), Rect(0, 0 - 0, 0), Rect(0, 0 - 0, 0)]} cutoutPathParserInfo={CutoutPathParserInfo{displayWidth=1440 displayHeight=3088 physicalDisplayWidth=1440 physicalDisplayHeight=3088 density={3.75} cutoutSpec={M 0,0 H -10 V 26.66666666666667 H 10 V 0 H 0 Z @dp} rotation={0} scale={1.0} physicalPixelDisplaySizeRatio={1.0}}} sideOverrides={}}, mRoundedCorners=RoundedCorners{[RoundedCorner{position=TopLeft, radius=15, center=Point(15, 15)}, RoundedCorner{position=TopRight, radius=15, center=Point(1425, 15)}, RoundedCorner{position=BottomRight, radius=15, center=Point(1425, 3073)}, RoundedCorner{position=BottomLeft, radius=15, center=Point(15, 3073)}]}  mRoundedCornerFrame=Rect(0, 0 - 1440, 3088), mPrivacyIndicatorBounds=PrivacyIndicatorBounds {static bounds=Rect(1275, 0 - 1440, 100) rotation=0}, mDisplayShape=DisplayShape{ spec=-311912193 displayWidth=1440 displayHeight=3088 physicalPixelDisplaySizeRatio=1.0 rotation=0 offsetX=0 offsetY=0 scale=1.0}, mSources= { InsetsSource: {b11d0001 mType=navigationBars mFrame=[0,3032][1440,3088] mVisible=true mFlags=SUPPRESS_SCRIM mSideHint=BOTTOM mBoundingRects=null}, InsetsSource: {b11d0004 mType=systemGestures mFrame=[0,0][84,3088] mVisible=true mFlags= mSideHint=LEFT mBoundingRects=null}, InsetsSource: {b11d0005 mType=mandatorySystemGestures mFrame=[0,2968][1440,3088] mVisible=true mFlags= mSideHint=BOTTOM mBoundingRects=null}, InsetsSource: {b11d0006 mType=tappableElement mFrame=[0,0][0,0] mVisible=true mFlags= mSideHint=NONE mBoundingRects=null}, InsetsSource: {b11d0024 mType=systemGestures mFrame=[1356,0][1440,3088] mVisible=true mFlags= mSideHint=RIGHT mBoundingRects=null}, InsetsSource: {ecac0000 mType=statusBars mFrame=[0,0][1440,100] mVisible=true mFlags= mSideHint=TOP mBoundingRects=null}, InsetsSource: {ecac0005 mType=mandatorySystemGestures mFrame=[0,0][1440,145] mVisible=true mFlags= mSideHint=TOP mBoundingRects=null}, InsetsSource: {ecac0006 mType=tappableElement mFrame=[0,0][1440,100] mVisible=true mFlags= mSideHint=TOP mBoundingRects=null}, InsetsSource: {3 mType=ime mFrame=[0,1922][1440,3088] mVisible=false mFlags= mSideHint=BOTTOM mBoundingRects=null}, InsetsSource: {27 mType=displayCutout mFrame=[0,0][1440,100] mVisible=true mFlags= mSideHint=TOP mBoundingRects=null} }
11-23 21:24:44.698 24620 24620 I VRI[MainActivity]@8e53a52: handleResized, frames=ClientWindowFrames{frame=[0,0][1440,3088] display=[0,0][1440,3088] parentFrame=[0,0][0,0]} displayId=0 dragResizing=false compatScale=1.0 frameChanged=false attachedFrameChanged=false configChanged=false displayChanged=false compatScaleChanged=false dragResizingChanged=false
11-23 21:24:44.703 24620 24620 I VRI[MainActivity]@8e53a52: ViewPostIme pointer 0
11-23 21:24:44.721 24620 24620 W WindowOnBackDispatcher: sendCancelIfRunning: isInProgress=false callback=android.view.ImeBackAnimationController@57788b6
11-23 21:24:44.736 24620 24620 I VRI[MainActivity]@8e53a52: ViewPostIme pointer 1
11-23 21:24:44.744 24620 24620 D InputMethodManagerUtils: startInputInner - Id : 0
11-23 21:24:44.745 24620 24620 I InputMethodManager: startInputInner - IInputMethodManagerGlobalInvoker.startInputOrWindowGainedFocus
11-23 21:24:44.748 24620 24620 I AutofillManager: showAutofillDialog() return false due to improve fill dialog
11-23 21:24:44.748 24620 24620 I InputMethodManager_LC: showSoftInput(View,I)
11-23 21:24:44.749 24620 24620 I ImeTracker: dev.souschef.app:bb5f19d1: onRequestShow at ORIGIN_CLIENT reason SHOW_SOFT_INPUT fromUser true
11-23 21:24:44.749 24620 24620 I InputMethodManager_LC: ssi(): flags=0 view=dev.souschef.app reason=SHOW_SOFT_INPUT
11-23 21:24:44.749 24620 24620 D InsetsController: show(ime(), fromIme=false)
11-23 21:24:44.749 24620 24620 D InsetsController: Setting requestedVisibleTypes to -1 (was -9)
11-23 21:24:44.750 24620 24620 I InsetsController: setRequestedVisibleTypes: visible=true, mask=ime, host=dev.souschef.app/dev.souschef.app.MainActivity, from=android.view.InsetsController.controlAnimationUnchecked:1604 android.view.InsetsController.applyAnimation:2416 android.view.InsetsController.applyAnimation:2343 android.view.InsetsController.show:1422 android.view.inputmethod.InputMethodManager.showSoftInput:2659 android.view.inputmethod.InputMethodManager.showSoftInput:2571 android.view.inputmethod.InputMethodManager.showSoftInput:2563 android.view.inputmethod.InputMethodManager.showSoftInput:2491 android.widget.TextView.onTouchEvent:14078 com.facebook.react.views.textinput.ReactEditText.onTouchEvent:323 
11-23 21:24:44.751 24620 24620 I InsetsController: controlAnimationUncheckedInner: Added types=ime, animType=0, host=dev.souschef.app/dev.souschef.app.MainActivity, from=android.view.InsetsController.controlAnimationUnchecked:1608 android.view.InsetsController.applyAnimation:2416 android.view.InsetsController.applyAnimation:2343 
11-23 21:24:44.756 24620 24638 D InputTransport: Input channel constructed: 'ClientS', fd=208
11-23 21:24:44.763 24620 24620 I BLASTBufferQueue_Java: update, w= 1440 h= 3088 mName = VRI[MainActivity]@8e53a52 mNativeObject= 0xb400007adda6c3f0 sc.mNativeObject= 0xb400007b7da35d50 format= -1 caller= android.view.ViewRootImpl.updateBlastSurfaceIfNeeded:3574 android.view.ViewRootImpl.relayoutWindow:11685 android.view.ViewRootImpl.performTraversals:4804 android.view.ViewRootImpl.doTraversal:3924 android.view.ViewRootImpl$TraversalRunnable.run:12903 android.view.Choreographer$CallbackRecord.run:1901 
11-23 21:24:44.763 24620 24620 I VRI[MainActivity]@8e53a52: Relayout returned: old=(0,0,1440,3088) new=(0,0,1440,3088) relayoutAsync=true req=(1440,3088)0 dur=6 res=0x0 s={true 0xb400007beda57a40} ch=false seqId=0
11-23 21:24:44.770 24620 24620 I VRI[MainActivity]@8e53a52: registerCallbackForPendingTransactions
11-23 21:24:44.778 24620 24692 I VRI[MainActivity]@8e53a52: mWNT: t=0xb400007c8ddb2f10 mBlastBufferQueue=0xb400007adda6c3f0 fn= 962 HdrRenderState mRenderHdrSdrRatio=1.0 caller= android.view.SyncRtSurfaceTransactionApplier.applyTransaction:100 android.view.SyncRtSurfaceTransactionApplier.lambda$scheduleApply$0:73 android.view.SyncRtSurfaceTransactionApplier.$r8$lambda$afI4fXg3U3-nBZQEDQMiNy-B06s:0 
11-23 21:24:44.778 24620 24692 I VRI[MainActivity]@8e53a52: mWNT: t=0xb400007c8ddb3290 mBlastBufferQueue=0xb400007adda6c3f0 fn= 962 HdrRenderState mRenderHdrSdrRatio=1.0 caller= android.view.ViewRootImpl$10.onFrameDraw:6536 android.view.ViewRootImpl$4.onFrameDraw:2489 android.view.ThreadedRenderer$1.onFrameDraw:718 
11-23 21:24:44.780 24620 24620 I InsetsController: onStateChanged: host=dev.souschef.app/dev.souschef.app.MainActivity, from=android.view.ViewRootImpl.onInsetsStateChanged:3026, state=InsetsState: {mDisplayFrame=Rect(0, 0 - 1440, 3088), mDisplayCutout=DisplayCutout{insets=Rect(0, 100 - 0, 0) waterfall=Insets{left=0, top=0, right=0, bottom=0} boundingRect={Bounds=[Rect(0, 0 - 0, 0), Rect(683, 0 - 758, 100), Rect(0, 0 - 0, 0), Rect(0, 0 - 0, 0)]} cutoutPathParserInfo={CutoutPathParserInfo{displayWidth=1440 displayHeight=3088 physicalDisplayWidth=1440 physicalDisplayHeight=3088 density={3.75} cutoutSpec={M 0,0 H -10 V 26.66666666666667 H 10 V 0 H 0 Z @dp} rotation={0} scale={1.0} physicalPixelDisplaySizeRatio={1.0}}} sideOverrides={}}, mRoundedCorners=RoundedCorners{[RoundedCorner{position=TopLeft, radius=15, center=Point(15, 15)}, RoundedCorner{position=TopRight, radius=15, center=Point(1425, 15)}, RoundedCorner{position=BottomRight, radius=15, center=Point(1425, 3073)}, RoundedCorner{position=BottomLeft, radius=15, center=Point(15, 3073)}]}  mRoundedCornerFrame=Rect(0, 0 - 1440, 3088), mPrivacyIndicatorBounds=PrivacyIndicatorBounds {static bounds=Rect(1275, 0 - 1440, 100) rotation=0}, mDisplayShape=DisplayShape{ spec=-311912193 displayWidth=1440 displayHeight=3088 physicalPixelDisplaySizeRatio=1.0 rotation=0 offsetX=0 offsetY=0 scale=1.0}, mSources= { InsetsSource: {b11d0001 mType=navigationBars mFrame=[0,3032][1440,3088] mVisible=true mFlags=SUPPRESS_SCRIM mSideHint=BOTTOM mBoundingRects=null}, InsetsSource: {b11d0004 mType=systemGestures mFrame=[0,0][84,3088] mVisible=true mFlags= mSideHint=LEFT mBoundingRects=null}, InsetsSource: {b11d0005 mType=mandatorySystemGestures mFrame=[0,2968][1440,3088] mVisible=true mFlags= mSideHint=BOTTOM mBoundingRects=null}, InsetsSource: {b11d0006 mType=tappableElement mFrame=[0,0][0,0] mVisible=true mFlags= mSideHint=NONE mBoundingRects=null}, InsetsSource: {b11d0024 mType=systemGestures mFrame=[1356,0][1440,3088] mVisible=true mFlags= mSideHint=RIGHT mBoundingRects=null}, InsetsSource: {ecac0000 mType=statusBars mFrame=[0,0][1440,100] mVisible=true mFlags= mSideHint=TOP mBoundingRects=null}, InsetsSource: {ecac0005 mType=mandatorySystemGestures mFrame=[0,0][1440,145] mVisible=true mFlags= mSideHint=TOP mBoundingRects=null}, InsetsSource: {ecac0006 mType=tappableElement mFrame=[0,0][1440,100] mVisible=true mFlags= mSideHint=TOP mBoundingRects=null}, InsetsSource: {3 mType=ime mFrame=[0,1922][1440,3088] mVisible=false mFlags= mSideHint=BOTTOM mBoundingRects=null}, InsetsSource: {27 mType=displayCutout mFrame=[0,0][1440,100] mVisible=true mFlags= mSideHint=TOP mBoundingRects=null} }
11-23 21:24:44.781 24620 24620 I InsetsSourceConsumer: applyRequestedVisibilityToControl: visible=true, type=navigationBars, host=dev.souschef.app/dev.souschef.app.MainActivity
11-23 21:24:44.787 24620 24620 I ImeTracker: system_server:65529923: onCancelled at PHASE_CLIENT_ON_CONTROLS_CHANGED
11-23 21:24:44.789 24620 24620 I InputMethodManager_LC: showSoftInput(View,I)
11-23 21:24:44.796 24620 24620 I ImeTracker: dev.souschef.app:fc5cc652: onRequestShow at ORIGIN_CLIENT reason SHOW_SOFT_INPUT fromUser false
11-23 21:24:44.796 24620 24620 I InputMethodManager_LC: ssi(): flags=0 view=dev.souschef.app reason=SHOW_SOFT_INPUT
11-23 21:24:44.797 24620 24620 D InsetsController: show(ime(), fromIme=false)
11-23 21:24:44.797 24620 24620 I ImeTracker: dev.souschef.app:fc5cc652: onCancelled at PHASE_CLIENT_APPLY_ANIMATION
11-23 21:24:44.804 24620 24691 I VRI[MainActivity]@8e53a52: mWNT: t=0xb400007c8dd28b10 mBlastBufferQueue=0xb400007adda6c3f0 fn= 963 HdrRenderState mRenderHdrSdrRatio=1.0 caller= android.view.SyncRtSurfaceTransactionApplier.applyTransaction:100 android.view.SyncRtSurfaceTransactionApplier.lambda$scheduleApply$0:73 android.view.SyncRtSurfaceTransactionApplier.$r8$lambda$afI4fXg3U3-nBZQEDQMiNy-B06s:0 
11-23 21:24:44.806 24620 24620 I InsetsController: onStateChanged: host=dev.souschef.app/dev.souschef.app.MainActivity, from=android.view.ViewRootImpl.onInsetsStateChanged:3026, state=InsetsState: {mDisplayFrame=Rect(0, 0 - 1440, 3088), mDisplayCutout=DisplayCutout{insets=Rect(0, 100 - 0, 0) waterfall=Insets{left=0, top=0, right=0, bottom=0} boundingRect={Bounds=[Rect(0, 0 - 0, 0), Rect(683, 0 - 758, 100), Rect(0, 0 - 0, 0), Rect(0, 0 - 0, 0)]} cutoutPathParserInfo={CutoutPathParserInfo{displayWidth=1440 displayHeight=3088 physicalDisplayWidth=1440 physicalDisplayHeight=3088 density={3.75} cutoutSpec={M 0,0 H -10 V 26.66666666666667 H 10 V 0 H 0 Z @dp} rotation={0} scale={1.0} physicalPixelDisplaySizeRatio={1.0}}} sideOverrides={}}, mRoundedCorners=RoundedCorners{[RoundedCorner{position=TopLeft, radius=15, center=Point(15, 15)}, RoundedCorner{position=TopRight, radius=15, center=Point(1425, 15)}, RoundedCorner{position=BottomRight, radius=15, center=Point(1425, 3073)}, RoundedCorner{position=BottomLeft, radius=15, center=Point(15, 3073)}]}  mRoundedCornerFrame=Rect(0, 0 - 1440, 3088), mPrivacyIndicatorBounds=PrivacyIndicatorBounds {static bounds=Rect(1275, 0 - 1440, 100) rotation=0}, mDisplayShape=DisplayShape{ spec=-311912193 displayWidth=1440 displayHeight=3088 physicalPixelDisplaySizeRatio=1.0 rotation=0 offsetX=0 offsetY=0 scale=1.0}, mSources= { InsetsSource: {b11d0001 mType=navigationBars mFrame=[0,3032][1440,3088] mVisible=true mFlags=SUPPRESS_SCRIM mSideHint=BOTTOM mBoundingRects=null}, InsetsSource: {b11d0004 mType=systemGestures mFrame=[0,0][84,3088] mVisible=true mFlags= mSideHint=LEFT mBoundingRects=null}, InsetsSource: {b11d0005 mType=mandatorySystemGestures mFrame=[0,2968][1440,3088] mVisible=true mFlags= mSideHint=BOTTOM mBoundingRects=null}, InsetsSource: {b11d0006 mType=tappableElement mFrame=[0,0][0,0] mVisible=true mFlags= mSideHint=NONE mBoundingRects=null}, InsetsSource: {b11d0024 mType=systemGestures mFrame=[1356,0][1440,3088] mVisible=true mFlags= mSideHint=RIGHT mBoundingRects=null}, InsetsSource: {ecac0000 mType=statusBars mFrame=[0,0][1440,100] mVisible=true mFlags= mSideHint=TOP mBoundingRects=null}, InsetsSource: {ecac0005 mType=mandatorySystemGestures mFrame=[0,0][1440,145] mVisible=true mFlags= mSideHint=TOP mBoundingRects=null}, InsetsSource: {ecac0006 mType=tappableElement mFrame=[0,0][1440,100] mVisible=true mFlags= mSideHint=TOP mBoundingRects=null}, InsetsSource: {3 mType=ime mFrame=[0,1922][1440,3088] mVisible=true mFlags= mSideHint=BOTTOM mBoundingRects=null}, InsetsSource: {27 mType=displayCutout mFrame=[0,0][1440,100] mVisible=true mFlags= mSideHint=TOP mBoundingRects=null} }
11-23 21:24:44.807 24620 24620 I VRI[MainActivity]@8e53a52: handleResized, frames=ClientWindowFrames{frame=[0,0][1440,3088] display=[0,0][1440,3088] parentFrame=[0,0][0,0]} displayId=0 dragResizing=false compatScale=1.0 frameChanged=false attachedFrameChanged=false configChanged=false displayChanged=false compatScaleChanged=false dragResizingChanged=false
11-23 21:24:44.809 24620 24620 I ImeTracker: system_server:3ccab4ac: onCancelled at PHASE_CLIENT_ON_CONTROLS_CHANGED
11-23 21:24:44.816 24620 24692 I VRI[MainActivity]@8e53a52: mWNT: t=0xb400007c8ddb06d0 mBlastBufferQueue=0xb400007adda6c3f0 fn= 964 HdrRenderState mRenderHdrSdrRatio=1.0 caller= android.view.SyncRtSurfaceTransactionApplier.applyTransaction:100 android.view.SyncRtSurfaceTransactionApplier.lambda$scheduleApply$0:73 android.view.SyncRtSurfaceTransactionApplier.$r8$lambda$afI4fXg3U3-nBZQEDQMiNy-B06s:0 
11-23 21:24:44.825 24620 24691 I VRI[MainActivity]@8e53a52: mWNT: t=0xb400007c8ddaf390 mBlastBufferQueue=0xb400007adda6c3f0 fn= 965 HdrRenderState mRenderHdrSdrRatio=1.0 caller= android.view.SyncRtSurfaceTransactionApplier.applyTransaction:100 android.view.SyncRtSurfaceTransactionApplier.lambda$scheduleApply$0:73 android.view.SyncRtSurfaceTransactionApplier.$r8$lambda$afI4fXg3U3-nBZQEDQMiNy-B06s:0 
11-23 21:24:44.835 24620 24692 I VRI[MainActivity]@8e53a52: mWNT: t=0xb400007c8ddac0d0 mBlastBufferQueue=0xb400007adda6c3f0 fn= 966 HdrRenderState mRenderHdrSdrRatio=1.0 caller= android.view.SyncRtSurfaceTransactionApplier.applyTransaction:100 android.view.SyncRtSurfaceTransactionApplier.lambda$scheduleApply$0:73 android.view.SyncRtSurfaceTransactionApplier.$r8$lambda$afI4fXg3U3-nBZQEDQMiNy-B06s:0 
11-23 21:24:44.851 24620 24691 I VRI[MainActivity]@8e53a52: mWNT: t=0xb400007c8ddb0510 mBlastBufferQueue=0xb400007adda6c3f0 fn= 967 HdrRenderState mRenderHdrSdrRatio=1.0 caller= android.view.SyncRtSurfaceTransactionApplier.applyTransaction:100 android.view.SyncRtSurfaceTransactionApplier.lambda$scheduleApply$0:73 android.view.SyncRtSurfaceTransactionApplier.$r8$lambda$afI4fXg3U3-nBZQEDQMiNy-B06s:0 
11-23 21:24:44.887 24620 24692 I VRI[MainActivity]@8e53a52: mWNT: t=0xb400007c8ddb1150 mBlastBufferQueue=0xb400007adda6c3f0 fn= 968 HdrRenderState mRenderHdrSdrRatio=1.0 caller= android.view.SyncRtSurfaceTransactionApplier.applyTransaction:100 android.view.SyncRtSurfaceTransactionApplier.lambda$scheduleApply$0:73 android.view.SyncRtSurfaceTransactionApplier.$r8$lambda$afI4fXg3U3-nBZQEDQMiNy-B06s:0 
11-23 21:24:44.901 24620 24691 I VRI[MainActivity]@8e53a52: mWNT: t=0xb400007c8dda1a90 mBlastBufferQueue=0xb400007adda6c3f0 fn= 969 HdrRenderState mRenderHdrSdrRatio=1.0 caller= android.view.SyncRtSurfaceTransactionApplier.applyTransaction:100 android.view.SyncRtSurfaceTransactionApplier.lambda$scheduleApply$0:73 android.view.SyncRtSurfaceTransactionApplier.$r8$lambda$afI4fXg3U3-nBZQEDQMiNy-B06s:0 
11-23 21:24:44.904 24620 24620 I InsetsController: onStateChanged: host=dev.souschef.app/dev.souschef.app.MainActivity, from=android.view.ViewRootImpl.onInsetsStateChanged:3026, state=InsetsState: {mDisplayFrame=Rect(0, 0 - 1440, 3088), mDisplayCutout=DisplayCutout{insets=Rect(0, 100 - 0, 0) waterfall=Insets{left=0, top=0, right=0, bottom=0} boundingRect={Bounds=[Rect(0, 0 - 0, 0), Rect(683, 0 - 758, 100), Rect(0, 0 - 0, 0), Rect(0, 0 - 0, 0)]} cutoutPathParserInfo={CutoutPathParserInfo{displayWidth=1440 displayHeight=3088 physicalDisplayWidth=1440 physicalDisplayHeight=3088 density={3.75} cutoutSpec={M 0,0 H -10 V 26.66666666666667 H 10 V 0 H 0 Z @dp} rotation={0} scale={1.0} physicalPixelDisplaySizeRatio={1.0}}} sideOverrides={}}, mRoundedCorners=RoundedCorners{[RoundedCorner{position=TopLeft, radius=15, center=Point(15, 15)}, RoundedCorner{position=TopRight, radius=15, center=Point(1425, 15)}, RoundedCorner{position=BottomRight, radius=15, center=Point(1425, 3073)}, RoundedCorner{position=BottomLeft, radius=15, center=Point(15, 3073)}]}  mRoundedCornerFrame=Rect(0, 0 - 1440, 3088), mPrivacyIndicatorBounds=PrivacyIndicatorBounds {static bounds=Rect(1275, 0 - 1440, 100) rotation=0}, mDisplayShape=DisplayShape{ spec=-311912193 displayWidth=1440 displayHeight=3088 physicalPixelDisplaySizeRatio=1.0 rotation=0 offsetX=0 offsetY=0 scale=1.0}, mSources= { InsetsSource: {b11d0001 mType=navigationBars mFrame=[0,3032][1440,3088] mVisible=true mFlags=SUPPRESS_SCRIM mSideHint=BOTTOM mBoundingRects=null}, InsetsSource: {b11d0004 mType=systemGestures mFrame=[0,0][84,3088] mVisible=true mFlags= mSideHint=LEFT mBoundingRects=null}, InsetsSource: {b11d0005 mType=mandatorySystemGestures mFrame=[0,2968][1440,3088] mVisible=true mFlags= mSideHint=BOTTOM mBoundingRects=null}, InsetsSource: {b11d0006 mType=tappableElement mFrame=[0,0][0,0] mVisible=true mFlags= mSideHint=NONE mBoundingRects=null}, InsetsSource: {b11d0024 mType=systemGestures mFrame=[1356,0][1440,3088] mVisible=true mFlags= mSideHint=RIGHT mBoundingRects=null}, InsetsSource: {ecac0000 mType=statusBars mFrame=[0,0][1440,100] mVisible=true mFlags= mSideHint=TOP mBoundingRects=null}, InsetsSource: {ecac0005 mType=mandatorySystemGestures mFrame=[0,0][1440,145] mVisible=true mFlags= mSideHint=TOP mBoundingRects=null}, InsetsSource: {ecac0006 mType=tappableElement mFrame=[0,0][1440,100] mVisible=true mFlags= mSideHint=TOP mBoundingRects=null}, InsetsSource: {3 mType=ime mFrame=[0,2076][1440,3088] mVisible=true mFlags= mSideHint=BOTTOM mBoundingRects=null}, InsetsSource: {27 mType=displayCutout mFrame=[0,0][1440,100] mVisible=true mFlags= mSideHint=TOP mBoundingRects=null} }
11-23 21:24:44.904 24620 24620 I VRI[MainActivity]@8e53a52: handleResized, frames=ClientWindowFrames{frame=[0,0][1440,3088] display=[0,0][1440,3088] parentFrame=[0,0][0,0]} displayId=0 dragResizing=false compatScale=1.0 frameChanged=false attachedFrameChanged=false configChanged=false displayChanged=false compatScaleChanged=false dragResizingChanged=false
11-23 21:24:44.920 24620 24692 I VRI[MainActivity]@8e53a52: mWNT: t=0xb400007c8dd509d0 mBlastBufferQueue=0xb400007adda6c3f0 fn= 970 HdrRenderState mRenderHdrSdrRatio=1.0 caller= android.view.SyncRtSurfaceTransactionApplier.applyTransaction:100 android.view.SyncRtSurfaceTransactionApplier.lambda$scheduleApply$0:73 android.view.SyncRtSurfaceTransactionApplier.$r8$lambda$afI4fXg3U3-nBZQEDQMiNy-B06s:0 
11-23 21:24:44.940 24620 24691 I VRI[MainActivity]@8e53a52: mWNT: t=0xb400007c8dc485d0 mBlastBufferQueue=0xb400007adda6c3f0 fn= 971 HdrRenderState mRenderHdrSdrRatio=1.0 caller= android.view.SyncRtSurfaceTransactionApplier.applyTransaction:100 android.view.SyncRtSurfaceTransactionApplier.lambda$scheduleApply$0:73 android.view.SyncRtSurfaceTransactionApplier.$r8$lambda$afI4fXg3U3-nBZQEDQMiNy-B06s:0 
11-23 21:24:44.958 24620 24692 I VRI[MainActivity]@8e53a52: mWNT: t=0xb400007c8ddb2650 mBlastBufferQueue=0xb400007adda6c3f0 fn= 972 HdrRenderState mRenderHdrSdrRatio=1.0 caller= android.view.SyncRtSurfaceTransactionApplier.applyTransaction:100 android.view.SyncRtSurfaceTransactionApplier.lambda$scheduleApply$0:73 android.view.SyncRtSurfaceTransactionApplier.$r8$lambda$afI4fXg3U3-nBZQEDQMiNy-B06s:0 
11-23 21:24:44.976 24620 24691 I VRI[MainActivity]@8e53a52: mWNT: t=0xb400007c8ddabf10 mBlastBufferQueue=0xb400007adda6c3f0 fn= 973 HdrRenderState mRenderHdrSdrRatio=1.0 caller= android.view.SyncRtSurfaceTransactionApplier.applyTransaction:100 android.view.SyncRtSurfaceTransactionApplier.lambda$scheduleApply$0:73 android.view.SyncRtSurfaceTransactionApplier.$r8$lambda$afI4fXg3U3-nBZQEDQMiNy-B06s:0 
11-23 21:24:44.993 24620 24692 I VRI[MainActivity]@8e53a52: mWNT: t=0xb400007c8dcb7ed0 mBlastBufferQueue=0xb400007adda6c3f0 fn= 974 HdrRenderState mRenderHdrSdrRatio=1.0 caller= android.view.SyncRtSurfaceTransactionApplier.applyTransaction:100 android.view.SyncRtSurfaceTransactionApplier.lambda$scheduleApply$0:73 android.view.SyncRtSurfaceTransactionApplier.$r8$lambda$afI4fXg3U3-nBZQEDQMiNy-B06s:0 
11-23 21:24:45.011 24620 24691 I VRI[MainActivity]@8e53a52: mWNT: t=0xb400007c8dcb7290 mBlastBufferQueue=0xb400007adda6c3f0 fn= 975 HdrRenderState mRenderHdrSdrRatio=1.0 caller= android.view.SyncRtSurfaceTransactionApplier.applyTransaction:100 android.view.SyncRtSurfaceTransactionApplier.lambda$scheduleApply$0:73 android.view.SyncRtSurfaceTransactionApplier.$r8$lambda$afI4fXg3U3-nBZQEDQMiNy-B06s:0 
11-23 21:24:45.027 24620 24692 I VRI[MainActivity]@8e53a52: mWNT: t=0xb400007c8dc44890 mBlastBufferQueue=0xb400007adda6c3f0 fn= 976 HdrRenderState mRenderHdrSdrRatio=1.0 caller= android.view.SyncRtSurfaceTransactionApplier.applyTransaction:100 android.view.SyncRtSurfaceTransactionApplier.lambda$scheduleApply$0:73 android.view.SyncRtSurfaceTransactionApplier.$r8$lambda$afI4fXg3U3-nBZQEDQMiNy-B06s:0 
11-23 21:24:45.044 24620 24691 I VRI[MainActivity]@8e53a52: mWNT: t=0xb400007c8ddb1bd0 mBlastBufferQueue=0xb400007adda6c3f0 fn= 977 HdrRenderState mRenderHdrSdrRatio=1.0 caller= android.view.SyncRtSurfaceTransactionApplier.applyTransaction:100 android.view.SyncRtSurfaceTransactionApplier.lambda$scheduleApply$0:73 android.view.SyncRtSurfaceTransactionApplier.$r8$lambda$afI4fXg3U3-nBZQEDQMiNy-B06s:0 
11-23 21:24:45.061 24620 24692 I VRI[MainActivity]@8e53a52: mWNT: t=0xb400007c8ddb29d0 mBlastBufferQueue=0xb400007adda6c3f0 fn= 978 HdrRenderState mRenderHdrSdrRatio=1.0 caller= android.view.SyncRtSurfaceTransactionApplier.applyTransaction:100 android.view.SyncRtSurfaceTransactionApplier.lambda$scheduleApply$0:73 android.view.SyncRtSurfaceTransactionApplier.$r8$lambda$afI4fXg3U3-nBZQEDQMiNy-B06s:0 
11-23 21:24:45.077 24620 24691 I VRI[MainActivity]@8e53a52: mWNT: t=0xb400007c8ddb0190 mBlastBufferQueue=0xb400007adda6c3f0 fn= 979 HdrRenderState mRenderHdrSdrRatio=1.0 caller= android.view.SyncRtSurfaceTransactionApplier.applyTransaction:100 android.view.SyncRtSurfaceTransactionApplier.lambda$scheduleApply$0:73 android.view.SyncRtSurfaceTransactionApplier.$r8$lambda$afI4fXg3U3-nBZQEDQMiNy-B06s:0 
11-23 21:24:45.090 24620 24692 I VRI[MainActivity]@8e53a52: mWNT: t=0xb400007c8ddb1690 mBlastBufferQueue=0xb400007adda6c3f0 fn= 980 HdrRenderState mRenderHdrSdrRatio=1.0 caller= android.view.SyncRtSurfaceTransactionApplier.applyTransaction:100 android.view.SyncRtSurfaceTransactionApplier.lambda$scheduleApply$0:73 android.view.SyncRtSurfaceTransactionApplier.$r8$lambda$afI4fXg3U3-nBZQEDQMiNy-B06s:0 
11-23 21:24:45.097 24620 24691 I VRI[MainActivity]@8e53a52: mWNT: t=0xb400007c8ddaf010 mBlastBufferQueue=0xb400007adda6c3f0 fn= 981 HdrRenderState mRenderHdrSdrRatio=1.0 caller= android.view.SyncRtSurfaceTransactionApplier.applyTransaction:100 android.view.SyncRtSurfaceTransactionApplier.lambda$scheduleApply$0:73 android.view.SyncRtSurfaceTransactionApplier.$r8$lambda$afI4fXg3U3-nBZQEDQMiNy-B06s:0 
11-23 21:24:45.105 24620 24692 I VRI[MainActivity]@8e53a52: mWNT: t=0xb400007c8ddb0350 mBlastBufferQueue=0xb400007adda6c3f0 fn= 982 HdrRenderState mRenderHdrSdrRatio=1.0 caller= android.view.SyncRtSurfaceTransactionApplier.applyTransaction:100 android.view.SyncRtSurfaceTransactionApplier.lambda$scheduleApply$0:73 android.view.SyncRtSurfaceTransactionApplier.$r8$lambda$afI4fXg3U3-nBZQEDQMiNy-B06s:0 
11-23 21:24:45.111 24620 24691 I VRI[MainActivity]@8e53a52: mWNT: t=0xb400007c8ddb3450 mBlastBufferQueue=0xb400007adda6c3f0 fn= 983 HdrRenderState mRenderHdrSdrRatio=1.0 caller= android.view.SyncRtSurfaceTransactionApplier.applyTransaction:100 android.view.SyncRtSurfaceTransactionApplier.lambda$scheduleApply$0:73 android.view.SyncRtSurfaceTransactionApplier.$r8$lambda$afI4fXg3U3-nBZQEDQMiNy-B06s:0 
11-23 21:24:45.119 24620 24692 I VRI[MainActivity]@8e53a52: mWNT: t=0xb400007c8ddaf550 mBlastBufferQueue=0xb400007adda6c3f0 fn= 984 HdrRenderState mRenderHdrSdrRatio=1.0 caller= android.view.SyncRtSurfaceTransactionApplier.applyTransaction:100 android.view.SyncRtSurfaceTransactionApplier.lambda$scheduleApply$0:73 android.view.SyncRtSurfaceTransactionApplier.$r8$lambda$afI4fXg3U3-nBZQEDQMiNy-B06s:0 
11-23 21:24:45.131 24620 24691 I VRI[MainActivity]@8e53a52: mWNT: t=0xb400007c8dad55d0 mBlastBufferQueue=0xb400007adda6c3f0 fn= 985 HdrRenderState mRenderHdrSdrRatio=1.0 caller= android.view.SyncRtSurfaceTransactionApplier.applyTransaction:100 android.view.SyncRtSurfaceTransactionApplier.lambda$scheduleApply$0:73 android.view.SyncRtSurfaceTransactionApplier.$r8$lambda$afI4fXg3U3-nBZQEDQMiNy-B06s:0 
11-23 21:24:45.135 24620 24620 I InsetsController: cancelAnimation: types=ime, animType=0, host=dev.souschef.app/dev.souschef.app.MainActivity, from=android.view.InsetsController.notifyFinished:2006 android.view.InsetsAnimationControlImpl.applyChangeInsets:335 android.view.InsetsController.lambda$new$3:957 
11-23 21:24:45.135 24620 24620 I ImeTracker: dev.souschef.app:bb5f19d1: onShown
11-23 21:24:45.141 24620 24620 I BLASTBufferQueue_Java: update, w= 1440 h= 3088 mName = VRI[MainActivity]@8e53a52 mNativeObject= 0xb400007adda6c3f0 sc.mNativeObject= 0xb400007b7da35d50 format= -1 caller= android.view.ViewRootImpl.updateBlastSurfaceIfNeeded:3574 android.view.ViewRootImpl.relayoutWindow:11685 android.view.ViewRootImpl.performTraversals:4804 android.view.ViewRootImpl.doTraversal:3924 android.view.ViewRootImpl$TraversalRunnable.run:12903 android.view.Choreographer$CallbackRecord.run:1901 
11-23 21:24:45.141 24620 24620 I VRI[MainActivity]@8e53a52: Relayout returned: old=(0,0,1440,3088) new=(0,0,1440,3088) relayoutAsync=true req=(1440,3088)0 dur=1 res=0x0 s={true 0xb400007beda57a40} ch=false seqId=0
11-23 21:24:45.146 24620 24620 I VRI[MainActivity]@8e53a52: registerCallbackForPendingTransactions
11-23 21:24:45.147 24620 24692 I VRI[MainActivity]@8e53a52: mWNT: t=0xb400007c8dab56d0 mBlastBufferQueue=0xb400007adda6c3f0 fn= 986 HdrRenderState mRenderHdrSdrRatio=1.0 caller= android.view.SyncRtSurfaceTransactionApplier.applyTransaction:100 android.view.SyncRtSurfaceTransactionApplier.lambda$scheduleApply$0:73 android.view.SyncRtSurfaceTransactionApplier.$r8$lambda$afI4fXg3U3-nBZQEDQMiNy-B06s:0 
11-23 21:24:45.148 24620 24692 I VRI[MainActivity]@8e53a52: mWNT: t=0xb400007c8ddb06d0 mBlastBufferQueue=0xb400007adda6c3f0 fn= 986 HdrRenderState mRenderHdrSdrRatio=1.0 caller= android.view.ViewRootImpl$10.onFrameDraw:6536 android.view.ViewRootImpl$4.onFrameDraw:2489 android.view.ThreadedRenderer$1.onFrameDraw:718 
11-23 21:24:45.187 24620 24620 D UiControllerImpl: Injecting string: "ct"
11-23 21:24:45.199 24620 24620 I VRI[MainActivity]@8e53a52: The input has been finished in ImeInputStage.
11-23 21:24:45.226 24620 24620 I VRI[MainActivity]@8e53a52: ViewPostIme key 1
11-23 21:24:45.242 24620 24620 I VRI[MainActivity]@8e53a52: The input has been finished in ImeInputStage.
11-23 21:24:45.260 24620 24620 I VRI[MainActivity]@8e53a52: ViewPostIme key 1
11-23 21:24:45.261 24620 24659 I DetoxWSClient: Sending out action 'invokeResult' (ID #58)
11-23 21:24:45.262 24620 24659 I DetoxDispatcher: Done with action 'invoke'
11-23 21:24:45.265 24620 24664 D DetoxWSClient: Received action 'invoke' (ID #59, params={"target":{"type":"Class","value":"com.wix.detox.espresso.EspressoDetox"},"method":"perform","args":[{"type":"Invocation","value":{"target":{"type":"Class","value":"com.wix.detox.espresso.DetoxMatcher"},"method":"matcherForTestId","args":["add-pantry-item-unit-picker",{"type":"boolean","value":false}]}},{"type":"Invocation","value":{"target":{"type":"Class","value":"com.wix.detox.espresso.DetoxViewActions"},"method":"typeText","args":["\n"]}}]})
11-23 21:24:45.268 24620 24659 I DetoxDispatcher: Handling action 'invoke' (ID #59)...
11-23 21:24:45.269 24620 24659 D Detox   : class com.wix.detox.espresso.DetoxMatcher, matcherForTestId, [add-pantry-item-unit-picker, false]
11-23 21:24:45.270 24620 24659 D Detox   : class com.wix.detox.espresso.DetoxViewActions, typeText, [
11-23 21:24:45.270 24620 24659 D Detox   : ]
11-23 21:24:45.270 24620 24659 D Detox   : class com.wix.detox.espresso.EspressoDetox, perform, [(view.getTag() is "add-pantry-item-unit-picker" and view has effective visibility <VISIBLE>), com.wix.detox.espresso.action.DetoxTypeTextAction@eae1a91]
11-23 21:24:45.276 24620 24620 I ViewInteraction: Performing 'Click to focus & type text (
11-23 21:24:45.276 24620 24620 I ViewInteraction: )' action on view (view.getTag() is "add-pantry-item-unit-picker" and view has effective visibility <VISIBLE>)
11-23 21:24:45.296 24620 24620 I VRI[MainActivity]@8e53a52: ViewPostIme pointer 0
11-23 21:24:45.315 24620 24620 I VRI[MainActivity]@8e53a52: ViewPostIme pointer 1
11-23 21:24:45.319 24620 24620 I AutofillManager: showAutofillDialog() return false due to improve fill dialog
11-23 21:24:45.319 24620 24620 I InputMethodManager_LC: showSoftInput(View,I)
11-23 21:24:45.319 24620 24620 I ImeTracker: dev.souschef.app:19c2cc0c: onRequestShow at ORIGIN_CLIENT reason SHOW_SOFT_INPUT fromUser true
11-23 21:24:45.320 24620 24620 I InputMethodManager_LC: ssi(): flags=0 view=dev.souschef.app reason=SHOW_SOFT_INPUT
11-23 21:24:45.320 24620 24620 D InsetsController: show(ime(), fromIme=false)
11-23 21:24:45.320 24620 24620 I ImeTracker: dev.souschef.app:19c2cc0c: onCancelled at PHASE_CLIENT_APPLY_ANIMATION
11-23 21:24:45.389 24620 24620 I WindowManager: WindowManagerGlobal#addView, ty=1002, view=android.widget.PopupWindow$PopupDecorView{ef479a2 V.E...... R.....I. 0,0-0,0}, caller=android.view.WindowManagerImpl.addView:158 android.widget.PopupWindow.invokePopup:1692 android.widget.PopupWindow.showAtLocation:1418 
11-23 21:24:45.390 24620 24620 D ViewRootImpl: desktopMode is false
11-23 21:24:45.390 24620 24620 I ViewRootImpl: dVRR is disabled
11-23 21:24:45.391 24620 24676 D NativeCustomFrequencyManager: [NativeCFMS] BpCustomFrequencyManager::BpCustomFrequencyManager()
11-23 21:24:45.396 24620 24620 D InputTransport: Input channel constructed: '3ef874f', fd=293
11-23 21:24:45.397 24620 24620 I InsetsController: onStateChanged: host=PopupWindow:a5596d, from=android.view.ViewRootImpl.onInsetsStateChanged:3026, state=InsetsState: {mDisplayFrame=Rect(0, 0 - 1440, 3088), mDisplayCutout=DisplayCutout{insets=Rect(0, 100 - 0, 0) waterfall=Insets{left=0, top=0, right=0, bottom=0} boundingRect={Bounds=[Rect(0, 0 - 0, 0), Rect(683, 0 - 758, 100), Rect(0, 0 - 0, 0), Rect(0, 0 - 0, 0)]} cutoutPathParserInfo={CutoutPathParserInfo{displayWidth=1440 displayHeight=3088 physicalDisplayWidth=1440 physicalDisplayHeight=3088 density={3.75} cutoutSpec={M 0,0 H -10 V 26.66666666666667 H 10 V 0 H 0 Z @dp} rotation={0} scale={1.0} physicalPixelDisplaySizeRatio={1.0}}} sideOverrides={}}, mRoundedCorners=RoundedCorners{[RoundedCorner{position=TopLeft, radius=15, center=Point(15, 15)}, RoundedCorner{position=TopRight, radius=15, center=Point(1425, 15)}, RoundedCorner{position=BottomRight, radius=15, center=Point(1425, 3073)}, RoundedCorner{position=BottomLeft, radius=15, center=Point(15, 3073)}]}  mRoundedCornerFrame=Rect(0, 0 - 1440, 3088), mPrivacyIndicatorBounds=PrivacyIndicatorBounds {static bounds=Rect(1275, 0 - 1440, 100) rotation=0}, mDisplayShape=DisplayShape{ spec=-311912193 displayWidth=1440 displayHeight=3088 physicalPixelDisplaySizeRatio=1.0 rotation=0 offsetX=0 offsetY=0 scale=1.0}, mSources= { InsetsSource: {b11d0001 mType=navigationBars mFrame=[0,3032][1440,3088] mVisible=true mFlags=SUPPRESS_SCRIM mSideHint=BOTTOM mBoundingRects=null}, InsetsSource: {b11d0004 mType=systemGestures mFrame=[0,0][84,3088] mVisible=true mFlags= mSideHint=LEFT mBoundingRects=null}, InsetsSource: {b11d0005 mType=mandatorySystemGestures mFrame=[0,2968][1440,3088] mVisible=true mFlags= mSideHint=BOTTOM mBoundingRects=null}, InsetsSource: {b11d0006 mType=tappableElement mFrame=[0,0][0,0] mVisible=true mFlags= mSideHint=NONE mBoundingRects=null}, InsetsSource: {b11d0024 mType=systemGestures mFrame=[1356,0][1440,3088] mVisible=true mFlags= mSideHint=RIGHT mBoundingRects=null}, InsetsSource: {ecac0000 mType=statusBars mFrame=[0,0][1440,100] mVisible=true mFlags= mSideHint=TOP mBoundingRects=null}, InsetsSource: {ecac0005 mType=mandatorySystemGestures mFrame=[0,0][1440,145] mVisible=true mFlags= mSideHint=TOP mBoundingRects=null}, InsetsSource: {ecac0006 mType=tappableElement mFrame=[0,0][1440,100] mVisible=true mFlags= mSideHint=TOP mBoundingRects=null}, InsetsSource: {27 mType=displayCutout mFrame=[0,0][1440,100] mVisible=true mFlags= mSideHint=TOP mBoundingRects=null} }
11-23 21:24:45.397 24620 24620 I VRI[PopupWindow:a5596d]@735633: synced displayState. AttachInfo displayState=2
11-23 21:24:45.400 24620 24620 I VRI[PopupWindow:a5596d]@735633: setView = android.widget.PopupWindow$PopupDecorView@ef479a2 IsHRR=false mFlingFrameRateChange=0 TM=true
11-23 21:24:45.445 24620 24620 W libc    : Access denied finding property "vendor.display.enable_optimal_refresh_rate"
11-23 21:24:45.446 24620 24620 I BufferQueueProducer: [](id:602c00000007,api:0,p:500046768,c:24620) setDequeueTimeout:2077252342
11-23 21:24:45.446 24620 24620 I BLASTBufferQueue_Java: new BLASTBufferQueue, mName= VRI[PopupWindow:a5596d]@735633 mNativeObject= 0xb400007adda8a5d0 caller= android.view.ViewRootImpl.updateBlastSurfaceIfNeeded:3585 android.view.ViewRootImpl.relayoutWindow:11685 android.view.ViewRootImpl.performTraversals:4804 android.view.ViewRootImpl.doTraversal:3924 android.view.ViewRootImpl$TraversalRunnable.run:12903 android.view.Choreographer$CallbackRecord.run:1901 android.view.Choreographer$CallbackRecord.run:1910 android.view.Choreographer.doCallbacks:1367 android.view.Choreographer.doFrame:1292 android.view.Choreographer$FrameDisplayEventReceiver.run:1870 
11-23 21:24:45.446 24620 24620 I BLASTBufferQueue_Java: update, w= 113 h= 135 mName = VRI[PopupWindow:a5596d]@735633 mNativeObject= 0xb400007adda8a5d0 sc.mNativeObject= 0xb400007b7da97550 format= -3 caller= android.view.ViewRootImpl.updateBlastSurfaceIfNeeded:3590 android.view.ViewRootImpl.relayoutWindow:11685 android.view.ViewRootImpl.performTraversals:4804 android.view.ViewRootImpl.doTraversal:3924 android.view.ViewRootImpl$TraversalRunnable.run:12903 android.view.Choreographer$CallbackRecord.run:1901 
11-23 21:24:45.447 24620 24620 W libc    : Access denied finding property "vendor.display.enable_optimal_refresh_rate"
11-23 21:24:45.448 24620 24620 I VRI[PopupWindow:a5596d]@735633: Relayout returned: old=(106,1980,219,2115) new=(106,1980,219,2115) relayoutAsync=false req=(113,135)0 dur=8 res=0x3 s={true 0xb400007bee094f20} ch=true seqId=0
11-23 21:24:45.449 24620 24620 I VRI[PopupWindow:a5596d]@735633: performConfigurationChange setNightDimText nightDimLevel=0
11-23 21:24:45.450 24620 24620 D VRI[PopupWindow:a5596d]@735633: mThreadedRenderer.initialize() mSurface={isValid=true 0xb400007bee094f20} hwInitialized=true
11-23 21:24:45.452 24620 24620 D VRI[PopupWindow:a5596d]@735633: reportNextDraw android.view.ViewRootImpl.performTraversals:5443 android.view.ViewRootImpl.doTraversal:3924 android.view.ViewRootImpl$TraversalRunnable.run:12903 android.view.Choreographer$CallbackRecord.run:1901 android.view.Choreographer$CallbackRecord.run:1910 
11-23 21:24:45.452 24620 24620 D VRI[PopupWindow:a5596d]@735633: Setup new sync=wmsSync-VRI[PopupWindow:a5596d]@735633#26
11-23 21:24:45.452 24620 24620 I VRI[PopupWindow:a5596d]@735633: Creating new active sync group VRI[PopupWindow:a5596d]@735633#27
11-23 21:24:45.453 24620 24620 D VRI[PopupWindow:a5596d]@735633: registerCallbacksForSync syncBuffer=false
11-23 21:24:45.463 24620 24691 D VRI[PopupWindow:a5596d]@735633: Received frameDrawingCallback syncResult=0 frameNum=1.
11-23 21:24:45.464 24620 24691 I VRI[PopupWindow:a5596d]@735633: mWNT: t=0xb400007c8ddc1290 mBlastBufferQueue=0xb400007adda8a5d0 fn= 1 HdrRenderState mRenderHdrSdrRatio=1.0 caller= android.view.ViewRootImpl$12.onFrameDraw:15441 android.view.ThreadedRenderer$1.onFrameDraw:718 <bottom of call stack> 
11-23 21:24:45.464 24620 24691 I VRI[PopupWindow:a5596d]@735633: Setting up sync and frameCommitCallback
11-23 21:24:45.465 24620 24676 I BLASTBufferQueue: [VRI[PopupWindow:a5596d]@735633#7](f:0,a:0,s:0) onFrameAvailable the first frame is available
11-23 21:24:45.465 24620 24676 I SurfaceComposerClient: apply transaction with the first frame. layerId: 58478, bufferData(ID: 105742094827551, frameNumber: 1)
11-23 21:24:45.465 24620 24676 I VRI[PopupWindow:a5596d]@735633: Received frameCommittedCallback lastAttemptedDrawFrameNum=1 didProduceBuffer=true
11-23 21:24:45.467 24620 24676 D HWUI    : CFMS:: SetUp Pid : 24620    Tid : 24676
11-23 21:24:45.467 24620 24620 D VRI[PopupWindow:a5596d]@735633: reportDrawFinished seqId=0
11-23 21:24:45.474 24620 24676 D HWUI    : HWUI - treat SMPTE_170M as sRGB
11-23 21:24:45.557 24620 24620 I VRI[PopupWindow:a5596d]@735633: handleResized, frames=ClientWindowFrames{frame=[106,1980][219,2115] display=[-100000,-100000][100000,100000] parentFrame=[0,0][0,0] attachedFrame=[0,0][1440,3088]} displayId=0 dragResizing=false compatScale=1.0 frameChanged=false attachedFrameChanged=false configChanged=false displayChanged=false compatScaleChanged=false dragResizingChanged=false
11-23 21:24:45.557 24620 24620 I VRI[PopupWindow:a5596d]@735633: handleResized mSyncSeqId = 0
11-23 21:24:45.558 24620 24620 D VRI[PopupWindow:a5596d]@735633: reportNextDraw android.view.ViewRootImpl.handleResized:2983 android.view.ViewRootImpl.-$$Nest$mhandleResized:0 android.view.ViewRootImpl$W.resized:14082 android.app.servertransaction.WindowStateResizeItem.execute:93 android.app.servertransaction.WindowStateTransactionItem.execute:62 
11-23 21:24:45.566 24620 24620 D VRI[PopupWindow:a5596d]@735633: Setup new sync=wmsSync-VRI[PopupWindow:a5596d]@735633#28
11-23 21:24:45.566 24620 24620 I VRI[PopupWindow:a5596d]@735633: Creating new active sync group VRI[PopupWindow:a5596d]@735633#29
11-23 21:24:45.569 24620 24620 D VRI[PopupWindow:a5596d]@735633: registerCallbacksForSync syncBuffer=false
11-23 21:24:45.572 24620 24692 D VRI[PopupWindow:a5596d]@735633: Received frameDrawingCallback syncResult=0 frameNum=3.
11-23 21:24:45.572 24620 24692 I VRI[PopupWindow:a5596d]@735633: Setting up sync and frameCommitCallback
11-23 21:24:45.577 24620 24676 I VRI[PopupWindow:a5596d]@735633: Received frameCommittedCallback lastAttemptedDrawFrameNum=3 didProduceBuffer=true
11-23 21:24:45.577 24620 24620 D VRI[PopupWindow:a5596d]@735633: reportDrawFinished seqId=0
11-23 21:24:45.591 24620 24620 W WindowOnBackDispatcher: sendCancelIfRunning: isInProgress=false callback=android.widget.PopupWindow$PopupDecorView$$ExternalSyntheticLambda1@c37cd7f
11-23 21:24:45.592 24620 24620 I WindowManager: WindowManagerGlobal#removeView, ty=1002, view=android.widget.PopupWindow$PopupDecorView{ef479a2 V.E...... R......D 0,0-113,135}, caller=android.view.WindowManagerGlobal.removeView:654 android.view.WindowManagerImpl.removeViewImmediate:216 android.widget.PopupWindow.dismissImmediate:2415 
11-23 21:24:45.599 24620 24620 I VRI[PopupWindow:a5596d]@735633: dispatchDetachedFromWindow
11-23 21:24:45.608 24620 24620 D InputTransport: Input channel destroyed: '3ef874f', fd=293
11-23 21:24:45.719 24620 24620 D UiControllerImpl: Injecting string: "
11-23 21:24:45.719 24620 24620 D UiControllerImpl: "
11-23 21:24:45.752 24620 24620 I VRI[MainActivity]@8e53a52: The input has been finished in ImeInputStage.
11-23 21:24:45.772 24620 24620 I VRI[MainActivity]@8e53a52: setInTouchMode(false), android.view.ViewRootImpl.checkForLeavingTouchModeAndConsume:10965 android.view.ViewRootImpl.-$$Nest$mcheckForLeavingTouchModeAndConsume:0 android.view.ViewRootImpl$EarlyPostImeInputStage.processKeyEvent:9438 android.view.ViewRootImpl$EarlyPostImeInputStage.onProcess:9422 android.view.ViewRootImpl$InputStage.deliver:8901 android.view.ViewRootImpl.deliverInputEvent:12785 android.view.ViewRootImpl.doProcessInputEvents:12673 android.view.ViewRootImpl.enqueueInputEvent:12628 android.view.ViewRootImpl$ViewRootHandler.handleMessageImpl:8422 android.view.ViewRootImpl$ViewRootHandler.handleMessage:8301 
11-23 21:24:45.777 24620 24620 I VRI[MainActivity]@8e53a52: ViewPostIme key 0
11-23 21:24:45.786 24620 24620 I ImeTracker: dev.souschef.app:4e530747: onRequestHide at ORIGIN_CLIENT reason HIDE_SOFT_INPUT fromUser false
11-23 21:24:45.786 24620 24620 I InputMethodManager_LC: hsifw() - flag : 0
11-23 21:24:45.786 24620 24620 D InputMethodManagerUtils: startInputInner - Id : 0
11-23 21:24:45.786 24620 24620 I InputMethodManager: startInputInner - IInputMethodManagerGlobalInvoker.startInputOrWindowGainedFocus
11-23 21:24:45.787 24620 24620 I InputMethodManager_LC: hsifw() - mService.hideSoftInput
11-23 21:24:45.787 24620 24620 D InsetsController: hide(ime(), fromIme=false)
11-23 21:24:45.787 24620 24620 W WindowOnBackDispatcher: sendCancelIfRunning: isInProgress=false callback=android.view.ImeBackAnimationController@57788b6
11-23 21:24:45.788 24620 24620 D InsetsController: Setting requestedVisibleTypes to -9 (was -1)
11-23 21:24:45.788 24620 24620 I InsetsController: setRequestedVisibleTypes: visible=false, mask=ime, host=dev.souschef.app/dev.souschef.app.MainActivity, from=android.view.InsetsController.controlAnimationUnchecked:1604 android.view.InsetsController.applyAnimation:2416 android.view.InsetsController.applyAnimation:2343 android.view.InsetsController.hide:1540 android.view.inputmethod.InputMethodManager.hideSoftInputFromWindow:2889 android.view.inputmethod.InputMethodManager.hideSoftInputFromWindow:2812 android.view.inputmethod.InputMethodManager.hideSoftInputFromWindow:2773 com.facebook.react.views.textinput.ReactEditText.hideSoftKeyboard:865 com.facebook.react.views.textinput.ReactEditText.clearFocusAndMaybeRefocus$ReactAndroid_debug:388 com.facebook.react.views.textinput.ReactTextInputManager.addEventEmitters$lambda$3:966 
11-23 21:24:45.789 24620 24620 I InsetsController: controlAnimationUncheckedInner: Added types=ime, animType=1, host=dev.souschef.app/dev.souschef.app.MainActivity, from=android.view.InsetsController.controlAnimationUnchecked:1608 android.view.InsetsController.applyAnimation:2416 android.view.InsetsController.applyAnimation:2343 
11-23 21:24:45.793 24620 24620 I BLASTBufferQueue_Java: update, w= 1440 h= 3088 mName = VRI[MainActivity]@8e53a52 mNativeObject= 0xb400007adda6c3f0 sc.mNativeObject= 0xb400007b7da35d50 format= -1 caller= android.view.ViewRootImpl.updateBlastSurfaceIfNeeded:3574 android.view.ViewRootImpl.relayoutWindow:11685 android.view.ViewRootImpl.performTraversals:4804 android.view.ViewRootImpl.doTraversal:3924 android.view.ViewRootImpl$TraversalRunnable.run:12903 android.view.Choreographer$CallbackRecord.run:1901 
11-23 21:24:45.793 24620 24620 I VRI[MainActivity]@8e53a52: Relayout returned: old=(0,0,1440,3088) new=(0,0,1440,3088) relayoutAsync=true req=(1440,3088)0 dur=1 res=0x0 s={true 0xb400007beda57a40} ch=false seqId=0
11-23 21:24:45.793 24620 24640 D InputTransport: Input channel constructed: 'ClientS', fd=201
11-23 21:24:45.797 24620 24620 I VRI[MainActivity]@8e53a52: registerCallbackForPendingTransactions
11-23 21:24:45.801 24620 24691 I VRI[MainActivity]@8e53a52: mWNT: t=0xb400007c8dbe8710 mBlastBufferQueue=0xb400007adda6c3f0 fn= 994 HdrRenderState mRenderHdrSdrRatio=1.0 caller= android.view.SyncRtSurfaceTransactionApplier.applyTransaction:100 android.view.SyncRtSurfaceTransactionApplier.lambda$scheduleApply$0:73 android.view.SyncRtSurfaceTransactionApplier.$r8$lambda$afI4fXg3U3-nBZQEDQMiNy-B06s:0 
11-23 21:24:45.801 24620 24691 I VRI[MainActivity]@8e53a52: mWNT: t=0xb400007c8dbc2450 mBlastBufferQueue=0xb400007adda6c3f0 fn= 994 HdrRenderState mRenderHdrSdrRatio=1.0 caller= android.view.ViewRootImpl$10.onFrameDraw:6536 android.view.ViewRootImpl$4.onFrameDraw:2489 android.view.ThreadedRenderer$1.onFrameDraw:718 
11-23 21:24:45.804 24620 24620 W RemoteInputConnectionImpl: requestCursorUpdates on inactive InputConnection
11-23 21:24:45.812 24620 24620 D ScrollView: initGoToTop
11-23 21:24:45.822 24620 24692 I VRI[MainActivity]@8e53a52: mWNT: t=0xb400007c8db2e110 mBlastBufferQueue=0xb400007adda6c3f0 fn= 995 HdrRenderState mRenderHdrSdrRatio=1.0 caller= android.view.SyncRtSurfaceTransactionApplier.applyTransaction:100 android.view.SyncRtSurfaceTransactionApplier.lambda$scheduleApply$0:73 android.view.SyncRtSurfaceTransactionApplier.$r8$lambda$afI4fXg3U3-nBZQEDQMiNy-B06s:0 
11-23 21:24:45.829 24620 24691 I VRI[MainActivity]@8e53a52: mWNT: t=0xb400007c8db45090 mBlastBufferQueue=0xb400007adda6c3f0 fn= 996 HdrRenderState mRenderHdrSdrRatio=1.0 caller= android.view.SyncRtSurfaceTransactionApplier.applyTransaction:100 android.view.SyncRtSurfaceTransactionApplier.lambda$scheduleApply$0:73 android.view.SyncRtSurfaceTransactionApplier.$r8$lambda$afI4fXg3U3-nBZQEDQMiNy-B06s:0 
11-23 21:24:45.844 24620 24692 I VRI[MainActivity]@8e53a52: mWNT: t=0xb400007c8dbd4c10 mBlastBufferQueue=0xb400007adda6c3f0 fn= 997 HdrRenderState mRenderHdrSdrRatio=1.0 caller= android.view.SyncRtSurfaceTransactionApplier.applyTransaction:100 android.view.SyncRtSurfaceTransactionApplier.lambda$scheduleApply$0:73 android.view.SyncRtSurfaceTransactionApplier.$r8$lambda$afI4fXg3U3-nBZQEDQMiNy-B06s:0 
11-23 21:24:45.853 24620 24691 I VRI[MainActivity]@8e53a52: mWNT: t=0xb400007c8dbd7b50 mBlastBufferQueue=0xb400007adda6c3f0 fn= 998 HdrRenderState mRenderHdrSdrRatio=1.0 caller= android.view.SyncRtSurfaceTransactionApplier.applyTransaction:100 android.view.SyncRtSurfaceTransactionApplier.lambda$scheduleApply$0:73 android.view.SyncRtSurfaceTransactionApplier.$r8$lambda$afI4fXg3U3-nBZQEDQMiNy-B06s:0 
11-23 21:24:45.861 24620 24692 I VRI[MainActivity]@8e53a52: mWNT: t=0xb400007c8dbf3990 mBlastBufferQueue=0xb400007adda6c3f0 fn= 999 HdrRenderState mRenderHdrSdrRatio=1.0 caller= android.view.SyncRtSurfaceTransactionApplier.applyTransaction:100 android.view.SyncRtSurfaceTransactionApplier.lambda$scheduleApply$0:73 android.view.SyncRtSurfaceTransactionApplier.$r8$lambda$afI4fXg3U3-nBZQEDQMiNy-B06s:0 
11-23 21:24:45.870 24620 24691 I VRI[MainActivity]@8e53a52: mWNT: t=0xb400007c8db83d10 mBlastBufferQueue=0xb400007adda6c3f0 fn= 1000 HdrRenderState mRenderHdrSdrRatio=1.0 caller= android.view.SyncRtSurfaceTransactionApplier.applyTransaction:100 android.view.SyncRtSurfaceTransactionApplier.lambda$scheduleApply$0:73 android.view.SyncRtSurfaceTransactionApplier.$r8$lambda$afI4fXg3U3-nBZQEDQMiNy-B06s:0 
11-23 21:24:45.957 24620 24620 I VRI[MainActivity]@8e53a52: ViewPostIme key 1
11-23 21:24:45.958 24620 24692 I VRI[MainActivity]@8e53a52: mWNT: t=0xb400007c8dbf3d10 mBlastBufferQueue=0xb400007adda6c3f0 fn= 1001 HdrRenderState mRenderHdrSdrRatio=1.0 caller= android.view.SyncRtSurfaceTransactionApplier.applyTransaction:100 android.view.SyncRtSurfaceTransactionApplier.lambda$scheduleApply$0:73 android.view.SyncRtSurfaceTransactionApplier.$r8$lambda$afI4fXg3U3-nBZQEDQMiNy-B06s:0 
11-23 21:24:45.961 24620 24620 I ImeTracker: dev.souschef.app:d0cb799f: onRequestHide at ORIGIN_CLIENT reason HIDE_SOFT_INPUT fromUser false
11-23 21:24:45.961 24620 24620 I InputMethodManager_LC: hsifw() - flag : 0
11-23 21:24:45.965 24620 24620 D InputMethodManagerUtils: startInputInner - Id : 0
11-23 21:24:45.965 24620 24620 I InputMethodManager: startInputInner - IInputMethodManagerGlobalInvoker.startInputOrWindowGainedFocus
11-23 21:24:45.967 24620 24620 I InputMethodManager_LC: hsifw() - mService.hideSoftInput
11-23 21:24:45.968 24620 24620 D InsetsController: hide(ime(), fromIme=false)
11-23 21:24:45.968 24620 24620 I ImeTracker: dev.souschef.app:d0cb799f: onCancelled at PHASE_CLIENT_ALREADY_HIDDEN
11-23 21:24:45.971 24620 24640 D InputTransport: Input channel constructed: 'ClientS', fd=224
11-23 21:24:45.985 24620 24691 I VRI[MainActivity]@8e53a52: mWNT: t=0xb400007c8dc35c50 mBlastBufferQueue=0xb400007adda6c3f0 fn= 1002 HdrRenderState mRenderHdrSdrRatio=1.0 caller= android.view.SyncRtSurfaceTransactionApplier.applyTransaction:100 android.view.SyncRtSurfaceTransactionApplier.lambda$scheduleApply$0:73 android.view.SyncRtSurfaceTransactionApplier.$r8$lambda$afI4fXg3U3-nBZQEDQMiNy-B06s:0 
11-23 21:24:46.007 24620 24620 I InsetsController: onStateChanged: host=dev.souschef.app/dev.souschef.app.MainActivity, from=android.view.ViewRootImpl.onInsetsStateChanged:3026, state=InsetsState: {mDisplayFrame=Rect(0, 0 - 1440, 3088), mDisplayCutout=DisplayCutout{insets=Rect(0, 100 - 0, 0) waterfall=Insets{left=0, top=0, right=0, bottom=0} boundingRect={Bounds=[Rect(0, 0 - 0, 0), Rect(683, 0 - 758, 100), Rect(0, 0 - 0, 0), Rect(0, 0 - 0, 0)]} cutoutPathParserInfo={CutoutPathParserInfo{displayWidth=1440 displayHeight=3088 physicalDisplayWidth=1440 physicalDisplayHeight=3088 density={3.75} cutoutSpec={M 0,0 H -10 V 26.66666666666667 H 10 V 0 H 0 Z @dp} rotation={0} scale={1.0} physicalPixelDisplaySizeRatio={1.0}}} sideOverrides={}}, mRoundedCorners=RoundedCorners{[RoundedCorner{position=TopLeft, radius=15, center=Point(15, 15)}, RoundedCorner{position=TopRight, radius=15, center=Point(1425, 15)}, RoundedCorner{position=BottomRight, radius=15, center=Point(1425, 3073)}, RoundedCorner{position=BottomLeft, radius=15, center=Point(15, 3073)}]}  mRoundedCornerFrame=Rect(0, 0 - 1440, 3088), mPrivacyIndicatorBounds=PrivacyIndicatorBounds {static bounds=Rect(1275, 0 - 1440, 100) rotation=0}, mDisplayShape=DisplayShape{ spec=-311912193 displayWidth=1440 displayHeight=3088 physicalPixelDisplaySizeRatio=1.0 rotation=0 offsetX=0 offsetY=0 scale=1.0}, mSources= { InsetsSource: {b11d0001 mType=navigationBars mFrame=[0,3032][1440,3088] mVisible=true mFlags=SUPPRESS_SCRIM mSideHint=BOTTOM mBoundingRects=null}, InsetsSource: {b11d0004 mType=systemGestures mFrame=[0,0][84,3088] mVisible=true mFlags= mSideHint=LEFT mBoundingRects=null}, InsetsSource: {b11d0005 mType=mandatorySystemGestures mFrame=[0,2968][1440,3088] mVisible=true mFlags= mSideHint=BOTTOM mBoundingRects=null}, InsetsSource: {b11d0006 mType=tappableElement mFrame=[0,0][0,0] mVisible=true mFlags= mSideHint=NONE mBoundingRects=null}, InsetsSource: {b11d0024 mType=systemGestures mFrame=[1356,0][1440,3088] mVisible=true mFlags= mSideHint=RIGHT mBoundingRects=null}, InsetsSource: {ecac0000 mType=statusBars mFrame=[0,0][1440,100] mVisible=true mFlags= mSideHint=TOP mBoundingRects=null}, InsetsSource: {ecac0005 mType=mandatorySystemGestures mFrame=[0,0][1440,145] mVisible=true mFlags= mSideHint=TOP mBoundingRects=null}, InsetsSource: {ecac0006 mType=tappableElement mFrame=[0,0][1440,100] mVisible=true mFlags= mSideHint=TOP mBoundingRects=null}, InsetsSource: {3 mType=ime mFrame=[0,1922][1440,3088] mVisible=true mFlags= mSideHint=BOTTOM mBoundingRects=null}, InsetsSource: {27 mType=displayCutout mFrame=[0,0][1440,100] mVisible=true mFlags= mSideHint=TOP mBoundingRects=null} }
11-23 21:24:46.007 24620 24620 I VRI[MainActivity]@8e53a52: handleResized, frames=ClientWindowFrames{frame=[0,0][1440,3088] display=[0,0][1440,3088] parentFrame=[0,0][0,0]} displayId=0 dragResizing=false compatScale=1.0 frameChanged=false attachedFrameChanged=false configChanged=false displayChanged=false compatScaleChanged=false dragResizingChanged=false
11-23 21:24:46.043 24620 24620 W WindowOnBackDispatcher: sendCancelIfRunning: isInProgress=false callback=android.view.ImeBackAnimationController@57788b6
11-23 21:24:46.046 24620 24692 I VRI[MainActivity]@8e53a52: mWNT: t=0xb400007c8dc3ce10 mBlastBufferQueue=0xb400007adda6c3f0 fn= 1003 HdrRenderState mRenderHdrSdrRatio=1.0 caller= android.view.SyncRtSurfaceTransactionApplier.applyTransaction:100 android.view.SyncRtSurfaceTransactionApplier.lambda$scheduleApply$0:73 android.view.SyncRtSurfaceTransactionApplier.$r8$lambda$afI4fXg3U3-nBZQEDQMiNy-B06s:0 
11-23 21:24:46.088 24620 24691 I VRI[MainActivity]@8e53a52: mWNT: t=0xb400007c8dc93f10 mBlastBufferQueue=0xb400007adda6c3f0 fn= 1004 HdrRenderState mRenderHdrSdrRatio=1.0 caller= android.view.SyncRtSurfaceTransactionApplier.applyTransaction:100 android.view.SyncRtSurfaceTransactionApplier.lambda$scheduleApply$0:73 android.view.SyncRtSurfaceTransactionApplier.$r8$lambda$afI4fXg3U3-nBZQEDQMiNy-B06s:0 
11-23 21:24:46.099 24620 24620 I InsetsController: onStateChanged: host=dev.souschef.app/dev.souschef.app.MainActivity, from=android.view.ViewRootImpl.onInsetsStateChanged:3026, state=InsetsState: {mDisplayFrame=Rect(0, 0 - 1440, 3088), mDisplayCutout=DisplayCutout{insets=Rect(0, 100 - 0, 0) waterfall=Insets{left=0, top=0, right=0, bottom=0} boundingRect={Bounds=[Rect(0, 0 - 0, 0), Rect(683, 0 - 758, 100), Rect(0, 0 - 0, 0), Rect(0, 0 - 0, 0)]} cutoutPathParserInfo={CutoutPathParserInfo{displayWidth=1440 displayHeight=3088 physicalDisplayWidth=1440 physicalDisplayHeight=3088 density={3.75} cutoutSpec={M 0,0 H -10 V 26.66666666666667 H 10 V 0 H 0 Z @dp} rotation={0} scale={1.0} physicalPixelDisplaySizeRatio={1.0}}} sideOverrides={}}, mRoundedCorners=RoundedCorners{[RoundedCorner{position=TopLeft, radius=15, center=Point(15, 15)}, RoundedCorner{position=TopRight, radius=15, center=Point(1425, 15)}, RoundedCorner{position=BottomRight, radius=15, center=Point(1425, 3073)}, RoundedCorner{position=BottomLeft, radius=15, center=Point(15, 3073)}]}  mRoundedCornerFrame=Rect(0, 0 - 1440, 3088), mPrivacyIndicatorBounds=PrivacyIndicatorBounds {static bounds=Rect(1275, 0 - 1440, 100) rotation=0}, mDisplayShape=DisplayShape{ spec=-311912193 displayWidth=1440 displayHeight=3088 physicalPixelDisplaySizeRatio=1.0 rotation=0 offsetX=0 offsetY=0 scale=1.0}, mSources= { InsetsSource: {b11d0001 mType=navigationBars mFrame=[0,3032][1440,3088] mVisible=true mFlags=SUPPRESS_SCRIM mSideHint=BOTTOM mBoundingRects=null}, InsetsSource: {b11d0004 mType=systemGestures mFrame=[0,0][84,3088] mVisible=true mFlags= mSideHint=LEFT mBoundingRects=null}, InsetsSource: {b11d0005 mType=mandatorySystemGestures mFrame=[0,2968][1440,3088] mVisible=true mFlags= mSideHint=BOTTOM mBoundingRects=null}, InsetsSource: {b11d0006 mType=tappableElement mFrame=[0,0][0,0] mVisible=true mFlags= mSideHint=NONE mBoundingRects=null}, InsetsSource: {b11d0024 mType=systemGestures mFrame=[1356,0][1440,3088] mVisible=true mFlags= mSideHint=RIGHT mBoundingRects=null}, InsetsSource: {ecac0000 mType=statusBars mFrame=[0,0][1440,100] mVisible=true mFlags= mSideHint=TOP mBoundingRects=null}, InsetsSource: {ecac0005 mType=mandatorySystemGestures mFrame=[0,0][1440,145] mVisible=true mFlags= mSideHint=TOP mBoundingRects=null}, InsetsSource: {ecac0006 mType=tappableElement mFrame=[0,0][1440,100] mVisible=true mFlags= mSideHint=TOP mBoundingRects=null}, InsetsSource: {3 mType=ime mFrame=[0,2076][1440,3088] mVisible=true mFlags= mSideHint=BOTTOM mBoundingRects=null}, InsetsSource: {27 mType=displayCutout mFrame=[0,0][1440,100] mVisible=true mFlags= mSideHint=TOP mBoundingRects=null} }
11-23 21:24:46.100 24620 24620 I VRI[MainActivity]@8e53a52: handleResized, frames=ClientWindowFrames{frame=[0,0][1440,3088] display=[0,0][1440,3088] parentFrame=[0,0][0,0]} displayId=0 dragResizing=false compatScale=1.0 frameChanged=false attachedFrameChanged=false configChanged=false displayChanged=false compatScaleChanged=false dragResizingChanged=false
11-23 21:24:46.157 24620 24620 I InsetsController: cancelAnimation: types=ime, animType=1, host=dev.souschef.app/dev.souschef.app.MainActivity, from=android.view.InsetsController.notifyFinished:2006 android.view.InsetsAnimationControlImpl.applyChangeInsets:335 android.view.InsetsController.lambda$new$3:957 
11-23 21:24:46.169 24620 24692 I VRI[MainActivity]@8e53a52: mWNT: t=0xb400007c8dcec190 mBlastBufferQueue=0xb400007adda6c3f0 fn= 1005 HdrRenderState mRenderHdrSdrRatio=1.0 caller= android.view.SyncRtSurfaceTransactionApplier.applyTransaction:100 android.view.SyncRtSurfaceTransactionApplier.lambda$scheduleApply$0:73 android.view.SyncRtSurfaceTransactionApplier.$r8$lambda$afI4fXg3U3-nBZQEDQMiNy-B06s:0 
11-23 21:24:46.210 24620 24620 I InsetsController: onStateChanged: host=dev.souschef.app/dev.souschef.app.MainActivity, from=android.view.ViewRootImpl.onInsetsStateChanged:3026, state=InsetsState: {mDisplayFrame=Rect(0, 0 - 1440, 3088), mDisplayCutout=DisplayCutout{insets=Rect(0, 100 - 0, 0) waterfall=Insets{left=0, top=0, right=0, bottom=0} boundingRect={Bounds=[Rect(0, 0 - 0, 0), Rect(683, 0 - 758, 100), Rect(0, 0 - 0, 0), Rect(0, 0 - 0, 0)]} cutoutPathParserInfo={CutoutPathParserInfo{displayWidth=1440 displayHeight=3088 physicalDisplayWidth=1440 physicalDisplayHeight=3088 density={3.75} cutoutSpec={M 0,0 H -10 V 26.66666666666667 H 10 V 0 H 0 Z @dp} rotation={0} scale={1.0} physicalPixelDisplaySizeRatio={1.0}}} sideOverrides={}}, mRoundedCorners=RoundedCorners{[RoundedCorner{position=TopLeft, radius=15, center=Point(15, 15)}, RoundedCorner{position=TopRight, radius=15, center=Point(1425, 15)}, RoundedCorner{position=BottomRight, radius=15, center=Point(1425, 3073)}, RoundedCorner{position=BottomLeft, radius=15, center=Point(15, 3073)}]}  mRoundedCornerFrame=Rect(0, 0 - 1440, 3088), mPrivacyIndicatorBounds=PrivacyIndicatorBounds {static bounds=Rect(1275, 0 - 1440, 100) rotation=0}, mDisplayShape=DisplayShape{ spec=-311912193 displayWidth=1440 displayHeight=3088 physicalPixelDisplaySizeRatio=1.0 rotation=0 offsetX=0 offsetY=0 scale=1.0}, mSources= { InsetsSource: {b11d0001 mType=navigationBars mFrame=[0,3032][1440,3088] mVisible=true mFlags=SUPPRESS_SCRIM mSideHint=BOTTOM mBoundingRects=null}, InsetsSource: {b11d0004 mType=systemGestures mFrame=[0,0][84,3088] mVisible=true mFlags= mSideHint=LEFT mBoundingRects=null}, InsetsSource: {b11d0005 mType=mandatorySystemGestures mFrame=[0,2968][1440,3088] mVisible=true mFlags= mSideHint=BOTTOM mBoundingRects=null}, InsetsSource: {b11d0006 mType=tappableElement mFrame=[0,0][0,0] mVisible=true mFlags= mSideHint=NONE mBoundingRects=null}, InsetsSource: {b11d0024 mType=systemGestures mFrame=[1356,0][1440,3088] mVisible=true mFlags= mSideHint=RIGHT mBoundingRects=null}, InsetsSource: {ecac0000 mType=statusBars mFrame=[0,0][1440,100] mVisible=true mFlags= mSideHint=TOP mBoundingRects=null}, InsetsSource: {ecac0005 mType=mandatorySystemGestures mFrame=[0,0][1440,145] mVisible=true mFlags= mSideHint=TOP mBoundingRects=null}, InsetsSource: {ecac0006 mType=tappableElement mFrame=[0,0][1440,100] mVisible=true mFlags= mSideHint=TOP mBoundingRects=null}, InsetsSource: {3 mType=ime mFrame=[0,2076][1440,3088] mVisible=false mFlags= mSideHint=BOTTOM mBoundingRects=null}, InsetsSource: {27 mType=displayCutout mFrame=[0,0][1440,100] mVisible=true mFlags= mSideHint=TOP mBoundingRects=null} }
11-23 21:24:46.210 24620 24620 I VRI[MainActivity]@8e53a52: handleResized, frames=ClientWindowFrames{frame=[0,0][1440,3088] display=[0,0][1440,3088] parentFrame=[0,0][0,0]} displayId=0 dragResizing=false compatScale=1.0 frameChanged=false attachedFrameChanged=false configChanged=false displayChanged=false compatScaleChanged=false dragResizingChanged=false
11-23 21:24:46.212 24620 24620 W WindowOnBackDispatcher: sendCancelIfRunning: isInProgress=false callback=android.view.ImeBackAnimationController@57788b6
11-23 21:24:46.220 24620 24620 I InsetsSourceConsumer: applyRequestedVisibilityToControl: visible=false, type=ime, host=dev.souschef.app/dev.souschef.app.MainActivity
11-23 21:24:46.220 24620 24620 I InsetsSourceConsumer: applyRequestedVisibilityToControl: visible=true, type=navigationBars, host=dev.souschef.app/dev.souschef.app.MainActivity
11-23 21:24:46.221 24620 24620 I ImeTracker: system_server:7c79195b: onCancelled at PHASE_CLIENT_ON_CONTROLS_CHANGED
11-23 21:24:46.229 24620 24691 I VRI[MainActivity]@8e53a52: mWNT: t=0xb400007c8dcb1cd0 mBlastBufferQueue=0xb400007adda6c3f0 fn= 1008 HdrRenderState mRenderHdrSdrRatio=1.0 caller= android.view.SyncRtSurfaceTransactionApplier.applyTransaction:100 android.view.SyncRtSurfaceTransactionApplier.lambda$scheduleApply$0:73 android.view.SyncRtSurfaceTransactionApplier.$r8$lambda$afI4fXg3U3-nBZQEDQMiNy-B06s:0 
11-23 21:24:46.307 24620 24659 I DetoxWSClient: Sending out action 'invokeResult' (ID #59)
11-23 21:24:46.308 24620 24659 I DetoxDispatcher: Done with action 'invoke'
11-23 21:24:46.308 24620 25137 I ReactNativeJS: '%c🚀 ✅ QUERY SearchUnits 79ms', 'color: #22c55e; font-weight: bold'
11-23 21:24:46.309 24620 25137 I ReactNativeJS: '   📤 Variables:', { query: 'ct' }
11-23 21:24:46.315 24620 24664 D DetoxWSClient: Received action 'invoke' (ID #60, params={"target":{"type":"Class","value":"com.wix.detox.espresso.DetoxAssertion"},"method":"waitForAssertMatcher","args":[{"type":"Invocation","value":{"target":{"type":"Class","value":"androidx.test.espresso.Espresso"},"method":"onView","args":[{"type":"Invocation","value":{"target":{"type":"Class","value":"com.wix.detox.espresso.DetoxMatcher"},"method":"matcherForTestId","args":["add-pantry-item-submit-button",{"type":"boolean","value":false}]}}]}},{"type":"Invocation","value":{"target":{"type":"Class","value":"com.wix.detox.espresso.DetoxMatcher"},"method":"matcherForSufficientlyVisible","args":[{"type":"Integer","value":75}]}},{"type":"Double","value":5}]})
11-23 21:24:46.317 24620 24659 I DetoxDispatcher: Handling action 'invoke' (ID #60)...
11-23 21:24:46.318 24620 24659 D Detox   : class com.wix.detox.espresso.DetoxMatcher, matcherForTestId, [add-pantry-item-submit-button, false]
11-23 21:24:46.319 24620 24659 D Detox   : class androidx.test.espresso.Espresso, onView, [(view.getTag() is "add-pantry-item-submit-button" and view has effective visibility <VISIBLE>)]
11-23 21:24:46.320 24620 24659 D Detox   : class com.wix.detox.espresso.DetoxMatcher, matcherForSufficientlyVisible, [75]
11-23 21:24:46.321 24620 24659 D Detox   : class com.wix.detox.espresso.DetoxAssertion, waitForAssertMatcher, [androidx.test.espresso.ViewInteraction@16f7023, (view has effective visibility <VISIBLE> and view.getGlobalVisibleRect() covers at least <75> percent of the view's area), 5.0]
11-23 21:24:46.345 24620 24620 I ViewInteraction: Checking 'MatchesViewAssertion(Detox){viewMatcher=(view has effective visibility <VISIBLE> and view.getGlobalVisibleRect() covers at least <75> percent of the view's area)}' assertion on view (view.getTag() is "add-pantry-item-submit-button" and view has effective visibility <VISIBLE>)
11-23 21:24:46.351 24620 24659 I DetoxWSClient: Sending out action 'invokeResult' (ID #60)
11-23 21:24:46.351 24620 24659 I DetoxDispatcher: Done with action 'invoke'
11-23 21:24:46.356 24620 24664 D DetoxWSClient: Received action 'invoke' (ID #61, params={"target":{"type":"Class","value":"com.wix.detox.espresso.EspressoDetox"},"method":"perform","args":[{"type":"Invocation","value":{"target":{"type":"Class","value":"com.wix.detox.espresso.DetoxMatcher"},"method":"matcherForTestId","args":["add-pantry-item-submit-button",{"type":"boolean","value":false}]}},{"type":"Invocation","value":{"target":{"type":"Class","value":"com.wix.detox.espresso.DetoxViewActions"},"method":"click","args":[]}}]})
11-23 21:24:46.357 24620 24659 I DetoxDispatcher: Handling action 'invoke' (ID #61)...
11-23 21:24:46.358 24620 24659 D Detox   : class com.wix.detox.espresso.DetoxMatcher, matcherForTestId, [add-pantry-item-submit-button, false]
11-23 21:24:46.359 24620 24659 D Detox   : class com.wix.detox.espresso.DetoxViewActions, click, []
11-23 21:24:46.359 24620 24659 D Detox   : class com.wix.detox.espresso.EspressoDetox, perform, [(view.getTag() is "add-pantry-item-submit-button" and view has effective visibility <VISIBLE>), com.wix.detox.espresso.action.RNClickAction@a60c09b]
11-23 21:24:46.362 24620 24620 I ViewInteraction: Performing 'com.wix.detox.espresso.action.detoxsingletap@8c36c38 click' action on view (view.getTag() is "add-pantry-item-submit-button" and view has effective visibility <VISIBLE>)
11-23 21:24:46.376 24620 24620 I VRI[MainActivity]@8e53a52: ViewPostIme pointer 0
11-23 21:24:46.415 24620 24620 I VRI[MainActivity]@8e53a52: ViewPostIme pointer 1
11-23 21:24:46.419 24620 24620 W unknown:ReactNative: Can't cancel already finished gesture. Is a child View trying to start a gesture from an UP/CANCEL event?
11-23 21:24:46.610 24620 25137 I ReactNativeJS: 💾 Cache: Persisted cache (14 KB)
11-23 21:24:46.642 24620 25137 I ReactNativeJS: '%c🚀 ✅ QUERY SearchUnits 135ms', 'color: #22c55e; font-weight: bold'
11-23 21:24:46.643 24620 25137 I ReactNativeJS: '   📤 Variables:', { query: 'Ct' }
11-23 21:24:46.753 24620 24620 I InsetsController: onStateChanged: host=dev.souschef.app/dev.souschef.app.MainActivity, from=android.view.ViewRootImpl.onInsetsStateChanged:3026, state=InsetsState: {mDisplayFrame=Rect(0, 0 - 1440, 3088), mDisplayCutout=DisplayCutout{insets=Rect(0, 100 - 0, 0) waterfall=Insets{left=0, top=0, right=0, bottom=0} boundingRect={Bounds=[Rect(0, 0 - 0, 0), Rect(683, 0 - 758, 100), Rect(0, 0 - 0, 0), Rect(0, 0 - 0, 0)]} cutoutPathParserInfo={CutoutPathParserInfo{displayWidth=1440 displayHeight=3088 physicalDisplayWidth=1440 physicalDisplayHeight=3088 density={3.75} cutoutSpec={M 0,0 H -10 V 26.66666666666667 H 10 V 0 H 0 Z @dp} rotation={0} scale={1.0} physicalPixelDisplaySizeRatio={1.0}}} sideOverrides={}}, mRoundedCorners=RoundedCorners{[RoundedCorner{position=TopLeft, radius=15, center=Point(15, 15)}, RoundedCorner{position=TopRight, radius=15, center=Point(1425, 15)}, RoundedCorner{position=BottomRight, radius=15, center=Point(1425, 3073)}, RoundedCorner{position=BottomLeft, radius=15, center=Point(15, 3073)}]}  mRoundedCornerFrame=Rect(0, 0 - 1440, 3088), mPrivacyIndicatorBounds=PrivacyIndicatorBounds {static bounds=Rect(1275, 0 - 1440, 100) rotation=0}, mDisplayShape=DisplayShape{ spec=-311912193 displayWidth=1440 displayHeight=3088 physicalPixelDisplaySizeRatio=1.0 rotation=0 offsetX=0 offsetY=0 scale=1.0}, mSources= { InsetsSource: {b11d0001 mType=navigationBars mFrame=[0,3032][1440,3088] mVisible=true mFlags=SUPPRESS_SCRIM mSideHint=BOTTOM mBoundingRects=null}, InsetsSource: {b11d0004 mType=systemGestures mFrame=[0,0][84,3088] mVisible=true mFlags= mSideHint=LEFT mBoundingRects=null}, InsetsSource: {b11d0005 mType=mandatorySystemGestures mFrame=[0,2968][1440,3088] mVisible=true mFlags= mSideHint=BOTTOM mBoundingRects=null}, InsetsSource: {b11d0006 mType=tappableElement mFrame=[0,0][0,0] mVisible=true mFlags= mSideHint=NONE mBoundingRects=null}, InsetsSource: {b11d0024 mType=systemGestures mFrame=[1356,0][1440,3088] mVisible=true mFlags= mSideHint=RIGHT mBoundingRects=null}, InsetsSource: {ecac0000 mType=statusBars mFrame=[0,0][1440,100] mVisible=true mFlags= mSideHint=TOP mBoundingRects=null}, InsetsSource: {ecac0005 mType=mandatorySystemGestures mFrame=[0,0][1440,145] mVisible=true mFlags= mSideHint=TOP mBoundingRects=null}, InsetsSource: {ecac0006 mType=tappableElement mFrame=[0,0][1440,100] mVisible=true mFlags= mSideHint=TOP mBoundingRects=null}, InsetsSource: {3 mType=ime mFrame=[0,0][0,0] mVisible=false mFlags= mSideHint=NONE mBoundingRects=null}, InsetsSource: {27 mType=displayCutout mFrame=[0,0][1440,100] mVisible=true mFlags= mSideHint=TOP mBoundingRects=null} }
11-23 21:24:46.754 24620 24620 I VRI[MainActivity]@8e53a52: handleResized, frames=ClientWindowFrames{frame=[0,0][1440,3088] display=[0,0][1440,3088] parentFrame=[0,0][0,0]} displayId=0 dragResizing=false compatScale=1.0 frameChanged=false attachedFrameChanged=false configChanged=false displayChanged=false compatScaleChanged=false dragResizingChanged=false
11-23 21:24:46.764 24620 24620 I InsetsController: onStateChanged: host=dev.souschef.app/dev.souschef.app.MainActivity, from=android.view.ViewRootImpl.onInsetsStateChanged:3026, state=InsetsState: {mDisplayFrame=Rect(0, 0 - 1440, 3088), mDisplayCutout=DisplayCutout{insets=Rect(0, 100 - 0, 0) waterfall=Insets{left=0, top=0, right=0, bottom=0} boundingRect={Bounds=[Rect(0, 0 - 0, 0), Rect(683, 0 - 758, 100), Rect(0, 0 - 0, 0), Rect(0, 0 - 0, 0)]} cutoutPathParserInfo={CutoutPathParserInfo{displayWidth=1440 displayHeight=3088 physicalDisplayWidth=1440 physicalDisplayHeight=3088 density={3.75} cutoutSpec={M 0,0 H -10 V 26.66666666666667 H 10 V 0 H 0 Z @dp} rotation={0} scale={1.0} physicalPixelDisplaySizeRatio={1.0}}} sideOverrides={}}, mRoundedCorners=RoundedCorners{[RoundedCorner{position=TopLeft, radius=15, center=Point(15, 15)}, RoundedCorner{position=TopRight, radius=15, center=Point(1425, 15)}, RoundedCorner{position=BottomRight, radius=15, center=Point(1425, 3073)}, RoundedCorner{position=BottomLeft, radius=15, center=Point(15, 3073)}]}  mRoundedCornerFrame=Rect(0, 0 - 1440, 3088), mPrivacyIndicatorBounds=PrivacyIndicatorBounds {static bounds=Rect(1275, 0 - 1440, 100) rotation=0}, mDisplayShape=DisplayShape{ spec=-311912193 displayWidth=1440 displayHeight=3088 physicalPixelDisplaySizeRatio=1.0 rotation=0 offsetX=0 offsetY=0 scale=1.0}, mSources= { InsetsSource: {b11d0001 mType=navigationBars mFrame=[0,3032][1440,3088] mVisible=true mFlags=SUPPRESS_SCRIM mSideHint=BOTTOM mBoundingRects=null}, InsetsSource: {b11d0004 mType=systemGestures mFrame=[0,0][84,3088] mVisible=true mFlags= mSideHint=LEFT mBoundingRects=null}, InsetsSource: {b11d0005 mType=mandatorySystemGestures mFrame=[0,2968][1440,3088] mVisible=true mFlags= mSideHint=BOTTOM mBoundingRects=null}, InsetsSource: {b11d0006 mType=tappableElement mFrame=[0,0][0,0] mVisible=true mFlags= mSideHint=NONE mBoundingRects=null}, InsetsSource: {b11d0024 mType=systemGestures mFrame=[1356,0][1440,3088] mVisible=true mFlags= mSideHint=RIGHT mBoundingRects=null}, InsetsSource: {ecac0000 mType=statusBars mFrame=[0,0][1440,100] mVisible=true mFlags= mSideHint=TOP mBoundingRects=null}, InsetsSource: {ecac0005 mType=mandatorySystemGestures mFrame=[0,0][1440,145] mVisible=true mFlags= mSideHint=TOP mBoundingRects=null}, InsetsSource: {ecac0006 mType=tappableElement mFrame=[0,0][1440,100] mVisible=true mFlags= mSideHint=TOP mBoundingRects=null}, InsetsSource: {3 mType=ime mFrame=[0,0][0,0] mVisible=false mFlags= mSideHint=NONE mBoundingRects=null}, InsetsSource: {27 mType=displayCutout mFrame=[0,0][1440,100] mVisible=true mFlags= mSideHint=TOP mBoundingRects=null} }
11-23 21:24:46.764 24620 24620 I VRI[MainActivity]@8e53a52: handleResized, frames=ClientWindowFrames{frame=[0,0][1440,3088] display=[0,0][1440,3088] parentFrame=[0,0][0,0]} displayId=0 dragResizing=false compatScale=1.0 frameChanged=false attachedFrameChanged=false configChanged=false displayChanged=false compatScaleChanged=false dragResizingChanged=false
11-23 21:24:46.851 24620 24620 I ImeTracker: dev.souschef.app:191777a6: onRequestHide at ORIGIN_CLIENT reason HIDE_SOFT_INPUT fromUser false
11-23 21:24:46.851 24620 24620 I InputMethodManager_LC: hsifw() - flag : 0
11-23 21:24:46.851 24620 24620 I InputMethodManager_LC: hsifw() - mService.hideSoftInput
11-23 21:24:46.852 24620 24620 D InsetsController: hide(ime(), fromIme=false)
11-23 21:24:46.852 24620 24620 I ImeTracker: dev.souschef.app:191777a6: onCancelled at PHASE_CLIENT_ALREADY_HIDDEN
11-23 21:24:46.871 24620 24620 I ImeTracker: dev.souschef.app:ee7b89a7: onRequestHide at ORIGIN_CLIENT reason HIDE_SOFT_INPUT_CLOSE_CURRENT_SESSION fromUser false
11-23 21:24:46.871 24620 24620 D InsetsController: hide(ime(), fromIme=false)
11-23 21:24:46.871 24620 24620 I ImeTracker: dev.souschef.app:ee7b89a7: onCancelled at PHASE_CLIENT_ALREADY_HIDDEN
11-23 21:24:46.882 24620 24659 I DetoxWSClient: Sending out action 'invokeResult' (ID #61)
11-23 21:24:46.882 24620 24659 I DetoxDispatcher: Done with action 'invoke'
11-23 21:24:46.892 24620 24664 D DetoxWSClient: Received action 'invoke' (ID #62, params={"target":{"type":"Class","value":"com.wix.detox.espresso.DetoxAssertion"},"method":"waitForAssertMatcher","args":[{"type":"Invocation","value":{"target":{"type":"Class","value":"androidx.test.espresso.Espresso"},"method":"onView","args":[{"type":"Invocation","value":{"target":{"type":"Class","value":"com.wix.detox.espresso.DetoxMatcher"},"method":"matcherForText","args":["Please enter a valid quantity",{"type":"boolean","value":false}]}}]}},{"type":"Invocation","value":{"target":{"type":"Class","value":"com.wix.detox.espresso.DetoxMatcher"},"method":"matcherForSufficientlyVisible","args":[{"type":"Integer","value":75}]}},{"type":"Double","value":2}]})
11-23 21:24:46.893 24620 24659 I DetoxDispatcher: Handling action 'invoke' (ID #62)...
11-23 21:24:46.894 24620 24659 D Detox   : class com.wix.detox.espresso.DetoxMatcher, matcherForText, [Please enter a valid quantity, false]
11-23 21:24:46.895 24620 24659 D Detox   : class androidx.test.espresso.Espresso, onView, [(an instance of android.widget.TextView and view.getText() with or without transformation to match: is "Please enter a valid quantity" and view has effective visibility <VISIBLE>)]
11-23 21:24:46.897 24620 24659 D Detox   : class com.wix.detox.espresso.DetoxMatcher, matcherForSufficientlyVisible, [75]
11-23 21:24:46.898 24620 24659 D Detox   : class com.wix.detox.espresso.DetoxAssertion, waitForAssertMatcher, [androidx.test.espresso.ViewInteraction@e022482, (view has effective visibility <VISIBLE> and view.getGlobalVisibleRect() covers at least <75> percent of the view's area), 2.0]
11-23 21:24:46.936 24620 24620 I ViewInteraction: Checking 'MatchesViewAssertion(Detox){viewMatcher=(view has effective visibility <VISIBLE> and view.getGlobalVisibleRect() covers at least <75> percent of the view's area)}' assertion on view (an instance of android.widget.TextView and view.getText() with or without transformation to match: is "Please enter a valid quantity" and view has effective visibility <VISIBLE>)
11-23 21:24:47.006 24620 24620 I ViewInteraction: Checking 'MatchesViewAssertion(Detox){viewMatcher=(view has effective visibility <VISIBLE> and view.getGlobalVisibleRect() covers at least <75> percent of the view's area)}' assertion on view (an instance of android.widget.TextView and view.getText() with or without transformation to match: is "Please enter a valid quantity" and view has effective visibility <VISIBLE>)
11-23 21:24:47.071 24620 24620 I ViewInteraction: Checking 'MatchesViewAssertion(Detox){viewMatcher=(view has effective visibility <VISIBLE> and view.getGlobalVisibleRect() covers at least <75> percent of the view's area)}' assertion on view (an instance of android.widget.TextView and view.getText() with or without transformation to match: is "Please enter a valid quantity" and view has effective visibility <VISIBLE>)
11-23 21:24:47.134 24620 24620 I ViewInteraction: Checking 'MatchesViewAssertion(Detox){viewMatcher=(view has effective visibility <VISIBLE> and view.getGlobalVisibleRect() covers at least <75> percent of the view's area)}' assertion on view (an instance of android.widget.TextView and view.getText() with or without transformation to match: is "Please enter a valid quantity" and view has effective visibility <VISIBLE>)
11-23 21:24:47.225 24620 24620 I ViewInteraction: Checking 'MatchesViewAssertion(Detox){viewMatcher=(view has effective visibility <VISIBLE> and view.getGlobalVisibleRect() covers at least <75> percent of the view's area)}' assertion on view (an instance of android.widget.TextView and view.getText() with or without transformation to match: is "Please enter a valid quantity" and view has effective visibility <VISIBLE>)
11-23 21:24:47.241 24620 24631 I ev.souschef.app: Background concurrent mark compact GC freed 25MB AllocSpace bytes, 35(2340KB) LOS objects, 66% free, 17MB/52MB, paused 1.129ms,3.966ms total 123.152ms
11-23 21:24:47.249 24620 24632 D InputTransport: Input channel destroyed: 'ClientS', fd=200
11-23 21:24:47.252 24620 24632 D InputTransport: Input channel destroyed: 'ClientS', fd=207
11-23 21:24:47.255 24620 24632 D InputTransport: Input channel destroyed: 'ClientS', fd=213
11-23 21:24:47.257 24620 24632 D InputTransport: Input channel destroyed: 'ClientS', fd=208
11-23 21:24:47.260 24620 24632 D InputTransport: Input channel destroyed: 'ClientS', fd=201
11-23 21:24:47.260 24620 24632 D InputTransport: Input channel destroyed: 'ClientS', fd=224
11-23 21:24:47.290 24620 24620 I ViewInteraction: Checking 'MatchesViewAssertion(Detox){viewMatcher=(view has effective visibility <VISIBLE> and view.getGlobalVisibleRect() covers at least <75> percent of the view's area)}' assertion on view (an instance of android.widget.TextView and view.getText() with or without transformation to match: is "Please enter a valid quantity" and view has effective visibility <VISIBLE>)
11-23 21:24:47.358 24620 24620 I ViewInteraction: Checking 'MatchesViewAssertion(Detox){viewMatcher=(view has effective visibility <VISIBLE> and view.getGlobalVisibleRect() covers at least <75> percent of the view's area)}' assertion on view (an instance of android.widget.TextView and view.getText() with or without transformation to match: is "Please enter a valid quantity" and view has effective visibility <VISIBLE>)
11-23 21:24:47.428 24620 24620 I ViewInteraction: Checking 'MatchesViewAssertion(Detox){viewMatcher=(view has effective visibility <VISIBLE> and view.getGlobalVisibleRect() covers at least <75> percent of the view's area)}' assertion on view (an instance of android.widget.TextView and view.getText() with or without transformation to match: is "Please enter a valid quantity" and view has effective visibility <VISIBLE>)
11-23 21:24:47.492 24620 24620 I ViewInteraction: Checking 'MatchesViewAssertion(Detox){viewMatcher=(view has effective visibility <VISIBLE> and view.getGlobalVisibleRect() covers at least <75> percent of the view's area)}' assertion on view (an instance of android.widget.TextView and view.getText() with or without transformation to match: is "Please enter a valid quantity" and view has effective visibility <VISIBLE>)
11-23 21:24:47.560 24620 24620 I ViewInteraction: Checking 'MatchesViewAssertion(Detox){viewMatcher=(view has effective visibility <VISIBLE> and view.getGlobalVisibleRect() covers at least <75> percent of the view's area)}' assertion on view (an instance of android.widget.TextView and view.getText() with or without transformation to match: is "Please enter a valid quantity" and view has effective visibility <VISIBLE>)
11-23 21:24:47.628 24620 24620 I ViewInteraction: Checking 'MatchesViewAssertion(Detox){viewMatcher=(view has effective visibility <VISIBLE> and view.getGlobalVisibleRect() covers at least <75> percent of the view's area)}' assertion on view (an instance of android.widget.TextView and view.getText() with or without transformation to match: is "Please enter a valid quantity" and view has effective visibility <VISIBLE>)
11-23 21:24:47.696 24620 24620 I ViewInteraction: Checking 'MatchesViewAssertion(Detox){viewMatcher=(view has effective visibility <VISIBLE> and view.getGlobalVisibleRect() covers at least <75> percent of the view's area)}' assertion on view (an instance of android.widget.TextView and view.getText() with or without transformation to match: is "Please enter a valid quantity" and view has effective visibility <VISIBLE>)
11-23 21:24:47.764 24620 24620 I ViewInteraction: Checking 'MatchesViewAssertion(Detox){viewMatcher=(view has effective visibility <VISIBLE> and view.getGlobalVisibleRect() covers at least <75> percent of the view's area)}' assertion on view (an instance of android.widget.TextView and view.getText() with or without transformation to match: is "Please enter a valid quantity" and view has effective visibility <VISIBLE>)
11-23 21:24:47.831 24620 24620 I ViewInteraction: Checking 'MatchesViewAssertion(Detox){viewMatcher=(view has effective visibility <VISIBLE> and view.getGlobalVisibleRect() covers at least <75> percent of the view's area)}' assertion on view (an instance of android.widget.TextView and view.getText() with or without transformation to match: is "Please enter a valid quantity" and view has effective visibility <VISIBLE>)
11-23 21:24:47.890 24620 24620 I ViewInteraction: Checking 'MatchesViewAssertion(Detox){viewMatcher=(view has effective visibility <VISIBLE> and view.getGlobalVisibleRect() covers at least <75> percent of the view's area)}' assertion on view (an instance of android.widget.TextView and view.getText() with or without transformation to match: is "Please enter a valid quantity" and view has effective visibility <VISIBLE>)
11-23 21:24:47.957 24620 24620 I ViewInteraction: Checking 'MatchesViewAssertion(Detox){viewMatcher=(view has effective visibility <VISIBLE> and view.getGlobalVisibleRect() covers at least <75> percent of the view's area)}' assertion on view (an instance of android.widget.TextView and view.getText() with or without transformation to match: is "Please enter a valid quantity" and view has effective visibility <VISIBLE>)
11-23 21:24:48.023 24620 24620 I ViewInteraction: Checking 'MatchesViewAssertion(Detox){viewMatcher=(view has effective visibility <VISIBLE> and view.getGlobalVisibleRect() covers at least <75> percent of the view's area)}' assertion on view (an instance of android.widget.TextView and view.getText() with or without transformation to match: is "Please enter a valid quantity" and view has effective visibility <VISIBLE>)
11-23 21:24:48.081 24620 24620 I ViewInteraction: Checking 'MatchesViewAssertion(Detox){viewMatcher=(view has effective visibility <VISIBLE> and view.getGlobalVisibleRect() covers at least <75> percent of the view's area)}' assertion on view (an instance of android.widget.TextView and view.getText() with or without transformation to match: is "Please enter a valid quantity" and view has effective visibility <VISIBLE>)
11-23 21:24:48.149 24620 24620 I ViewInteraction: Checking 'MatchesViewAssertion(Detox){viewMatcher=(view has effective visibility <VISIBLE> and view.getGlobalVisibleRect() covers at least <75> percent of the view's area)}' assertion on view (an instance of android.widget.TextView and view.getText() with or without transformation to match: is "Please enter a valid quantity" and view has effective visibility <VISIBLE>)
11-23 21:24:48.216 24620 24620 I ViewInteraction: Checking 'MatchesViewAssertion(Detox){viewMatcher=(view has effective visibility <VISIBLE> and view.getGlobalVisibleRect() covers at least <75> percent of the view's area)}' assertion on view (an instance of android.widget.TextView and view.getText() with or without transformation to match: is "Please enter a valid quantity" and view has effective visibility <VISIBLE>)
11-23 21:24:48.284 24620 24620 I ViewInteraction: Checking 'MatchesViewAssertion(Detox){viewMatcher=(view has effective visibility <VISIBLE> and view.getGlobalVisibleRect() covers at least <75> percent of the view's area)}' assertion on view (an instance of android.widget.TextView and view.getText() with or without transformation to match: is "Please enter a valid quantity" and view has effective visibility <VISIBLE>)
11-23 21:24:48.349 24620 24620 I ViewInteraction: Checking 'MatchesViewAssertion(Detox){viewMatcher=(view has effective visibility <VISIBLE> and view.getGlobalVisibleRect() covers at least <75> percent of the view's area)}' assertion on view (an instance of android.widget.TextView and view.getText() with or without transformation to match: is "Please enter a valid quantity" and view has effective visibility <VISIBLE>)
11-23 21:24:48.436 24620 24620 I ViewInteraction: Checking 'MatchesViewAssertion(Detox){viewMatcher=(view has effective visibility <VISIBLE> and view.getGlobalVisibleRect() covers at least <75> percent of the view's area)}' assertion on view (an instance of android.widget.TextView and view.getText() with or without transformation to match: is "Please enter a valid quantity" and view has effective visibility <VISIBLE>)
11-23 21:24:48.500 24620 24620 I ViewInteraction: Checking 'MatchesViewAssertion(Detox){viewMatcher=(view has effective visibility <VISIBLE> and view.getGlobalVisibleRect() covers at least <75> percent of the view's area)}' assertion on view (an instance of android.widget.TextView and view.getText() with or without transformation to match: is "Please enter a valid quantity" and view has effective visibility <VISIBLE>)
11-23 21:24:48.565 24620 24620 I ViewInteraction: Checking 'MatchesViewAssertion(Detox){viewMatcher=(view has effective visibility <VISIBLE> and view.getGlobalVisibleRect() covers at least <75> percent of the view's area)}' assertion on view (an instance of android.widget.TextView and view.getText() with or without transformation to match: is "Please enter a valid quantity" and view has effective visibility <VISIBLE>)
11-23 21:24:48.629 24620 24620 I ViewInteraction: Checking 'MatchesViewAssertion(Detox){viewMatcher=(view has effective visibility <VISIBLE> and view.getGlobalVisibleRect() covers at least <75> percent of the view's area)}' assertion on view (an instance of android.widget.TextView and view.getText() with or without transformation to match: is "Please enter a valid quantity" and view has effective visibility <VISIBLE>)
11-23 21:24:48.694 24620 24620 I ViewInteraction: Checking 'MatchesViewAssertion(Detox){viewMatcher=(view has effective visibility <VISIBLE> and view.getGlobalVisibleRect() covers at least <75> percent of the view's area)}' assertion on view (an instance of android.widget.TextView and view.getText() with or without transformation to match: is "Please enter a valid quantity" and view has effective visibility <VISIBLE>)
11-23 21:24:48.725 24620 25137 I ReactNativeJS: 💾 Cache: Persisted cache (15 KB)
11-23 21:24:48.760 24620 24620 I ViewInteraction: Checking 'MatchesViewAssertion(Detox){viewMatcher=(view has effective visibility <VISIBLE> and view.getGlobalVisibleRect() covers at least <75> percent of the view's area)}' assertion on view (an instance of android.widget.TextView and view.getText() with or without transformation to match: is "Please enter a valid quantity" and view has effective visibility <VISIBLE>)
11-23 21:24:48.827 24620 24620 I ViewInteraction: Checking 'MatchesViewAssertion(Detox){viewMatcher=(view has effective visibility <VISIBLE> and view.getGlobalVisibleRect() covers at least <75> percent of the view's area)}' assertion on view (an instance of android.widget.TextView and view.getText() with or without transformation to match: is "Please enter a valid quantity" and view has effective visibility <VISIBLE>)
11-23 21:24:48.894 24620 24620 I ViewInteraction: Checking 'MatchesViewAssertion(Detox){viewMatcher=(view has effective visibility <VISIBLE> and view.getGlobalVisibleRect() covers at least <75> percent of the view's area)}' assertion on view (an instance of android.widget.TextView and view.getText() with or without transformation to match: is "Please enter a valid quantity" and view has effective visibility <VISIBLE>)
11-23 21:24:48.920 24620 24659 I DetoxActionHandlers: Test exception
11-23 21:24:48.920 24620 24659 I DetoxActionHandlers: java.lang.reflect.InvocationTargetException
11-23 21:24:48.920 24620 24659 I DetoxActionHandlers: 	at java.lang.reflect.Method.invoke(Native Method)
11-23 21:24:48.920 24620 24659 I DetoxActionHandlers: 	at org.apache.commons.lang3.reflect.MethodUtils.invokeStaticMethod(MethodUtils.java:443)
11-23 21:24:48.920 24620 24659 I DetoxActionHandlers: 	at org.apache.commons.lang3.reflect.MethodUtils.invokeStaticMethod(MethodUtils.java:405)
11-23 21:24:48.920 24620 24659 I DetoxActionHandlers: 	at com.wix.invoke.types.ClassTarget.execute(ClassTarget.java:23)
11-23 21:24:48.920 24620 24659 I DetoxActionHandlers: 	at com.wix.invoke.types.Target.invoke(Target.java:59)
11-23 21:24:48.920 24620 24659 I DetoxActionHandlers: 	at com.wix.invoke.MethodInvocation.invoke(MethodInvocation.java:35)
11-23 21:24:48.920 24620 24659 I DetoxActionHandlers: 	at com.wix.invoke.MethodInvocation.invoke(MethodInvocation.java:26)
11-23 21:24:48.920 24620 24659 I DetoxActionHandlers: 	at com.wix.invoke.MethodInvocation.invoke(MethodInvocation.java:20)
11-23 21:24:48.920 24620 24659 I DetoxActionHandlers: 	at com.wix.detox.adapters.server.InvokeActionHandler.handle(DetoxActionHandlers.kt:54)
11-23 21:24:48.920 24620 24659 I DetoxActionHandlers: 	at com.wix.detox.adapters.server.ActionsExecutor.executeAction$lambda$2$lambda$1(DetoxActionsDispatcher.kt:76)
11-23 21:24:48.920 24620 24659 I DetoxActionHandlers: 	at com.wix.detox.adapters.server.ActionsExecutor.$r8$lambda$GVbB7LHtBHxNHGbgYnHJ6YrwCqs(Unknown Source:0)
11-23 21:24:48.920 24620 24659 I DetoxActionHandlers: 	at com.wix.detox.adapters.server.ActionsExecutor$$ExternalSyntheticLambda0.run(D8$$SyntheticClass:0)
11-23 21:24:48.920 24620 24659 I DetoxActionHandlers: 	at android.os.Handler.handleCallback(Handler.java:995)
11-23 21:24:48.920 24620 24659 I DetoxActionHandlers: 	at android.os.Handler.dispatchMessage(Handler.java:103)
11-23 21:24:48.920 24620 24659 I DetoxActionHandlers: 	at android.os.Looper.loopOnce(Looper.java:273)
11-23 21:24:48.920 24620 24659 I DetoxActionHandlers: 	at android.os.Looper.loop(Looper.java:363)
11-23 21:24:48.920 24620 24659 I DetoxActionHandlers: 	at com.wix.detox.adapters.server.ActionsExecutor._init_$lambda$0(DetoxActionsDispatcher.kt:62)
11-23 21:24:48.920 24620 24659 I DetoxActionHandlers: 	at com.wix.detox.adapters.server.ActionsExecutor.$r8$lambda$xlgL0CQim6vNM0wWEqM8JIDgZUE(Unknown Source:0)
11-23 21:24:48.920 24620 24659 I DetoxActionHandlers: 	at com.wix.detox.adapters.server.ActionsExecutor$$ExternalSyntheticLambda1.run(D8$$SyntheticClass:0)
11-23 21:24:48.920 24620 24659 I DetoxActionHandlers: 	at java.lang.Thread.run(Thread.java:1119)
11-23 21:24:48.920 24620 24659 I DetoxActionHandlers: Caused by: com.wix.detox.common.DetoxErrors$DetoxRuntimeException: 2.0sec timeout expired without matching of given matcher: (view has effective visibility <VISIBLE> and view.getGlobalVisibleRect() covers at least <75> percent of the view's area)
11-23 21:24:48.920 24620 24659 I DetoxActionHandlers: 	at com.wix.detox.espresso.DetoxAssertion.waitForAssertMatcher(DetoxAssertion.java:72)
11-23 21:24:48.920 24620 24659 I DetoxActionHandlers: 	... 20 more
11-23 21:24:48.920 24620 24659 I DetoxWSClient: Sending out action 'testFailed' (ID #62)
11-23 21:24:48.922 24620 24659 I DetoxDispatcher: Done with action 'invoke'
11-23 21:24:48.927 24620 24664 D DetoxWSClient: Received action 'invoke' (ID #63, params={"target":{"type":"Class","value":"com.wix.detox.espresso.DetoxAssertion"},"method":"waitForAssertMatcher","args":[{"type":"Invocation","value":{"target":{"type":"Class","value":"androidx.test.espresso.Espresso"},"method":"onView","args":[{"type":"Invocation","value":{"target":{"type":"Class","value":"com.wix.detox.espresso.DetoxMatcher"},"method":"matcherForTestId","args":["pantry-screen",{"type":"boolean","value":false}]}}]}},{"type":"Invocation","value":{"target":{"type":"Class","value":"com.wix.detox.espresso.DetoxMatcher"},"method":"matcherForSufficientlyVisible","args":[{"type":"Integer","value":75}]}},{"type":"Double","value":5}]})
11-23 21:24:48.927 24620 24659 I DetoxDispatcher: Handling action 'invoke' (ID #63)...
11-23 21:24:48.928 24620 24659 D Detox   : class com.wix.detox.espresso.DetoxMatcher, matcherForTestId, [pantry-screen, false]
11-23 21:24:48.929 24620 24659 D Detox   : class androidx.test.espresso.Espresso, onView, [(view.getTag() is "pantry-screen" and view has effective visibility <VISIBLE>)]
11-23 21:24:48.931 24620 24659 D Detox   : class com.wix.detox.espresso.DetoxMatcher, matcherForSufficientlyVisible, [75]
11-23 21:24:48.931 24620 24659 D Detox   : class com.wix.detox.espresso.DetoxAssertion, waitForAssertMatcher, [androidx.test.espresso.ViewInteraction@c4276bf, (view has effective visibility <VISIBLE> and view.getGlobalVisibleRect() covers at least <75> percent of the view's area), 5.0]
11-23 21:24:48.971 24620 24620 I ViewInteraction: Checking 'MatchesViewAssertion(Detox){viewMatcher=(view has effective visibility <VISIBLE> and view.getGlobalVisibleRect() covers at least <75> percent of the view's area)}' assertion on view (view.getTag() is "pantry-screen" and view has effective visibility <VISIBLE>)
11-23 21:24:49.035 24620 24620 I ViewInteraction: Checking 'MatchesViewAssertion(Detox){viewMatcher=(view has effective visibility <VISIBLE> and view.getGlobalVisibleRect() covers at least <75> percent of the view's area)}' assertion on view (view.getTag() is "pantry-screen" and view has effective visibility <VISIBLE>)
11-23 21:24:49.100 24620 24620 I ViewInteraction: Checking 'MatchesViewAssertion(Detox){viewMatcher=(view has effective visibility <VISIBLE> and view.getGlobalVisibleRect() covers at least <75> percent of the view's area)}' assertion on view (view.getTag() is "pantry-screen" and view has effective visibility <VISIBLE>)
11-23 21:24:49.163 24620 24620 I ViewInteraction: Checking 'MatchesViewAssertion(Detox){viewMatcher=(view has effective visibility <VISIBLE> and view.getGlobalVisibleRect() covers at least <75> percent of the view's area)}' assertion on view (view.getTag() is "pantry-screen" and view has effective visibility <VISIBLE>)
11-23 21:24:49.225 24620 24620 I ViewInteraction: Checking 'MatchesViewAssertion(Detox){viewMatcher=(view has effective visibility <VISIBLE> and view.getGlobalVisibleRect() covers at least <75> percent of the view's area)}' assertion on view (view.getTag() is "pantry-screen" and view has effective visibility <VISIBLE>)
11-23 21:24:49.290 24620 24620 I ViewInteraction: Checking 'MatchesViewAssertion(Detox){viewMatcher=(view has effective visibility <VISIBLE> and view.getGlobalVisibleRect() covers at least <75> percent of the view's area)}' assertion on view (view.getTag() is "pantry-screen" and view has effective visibility <VISIBLE>)
11-23 21:24:49.355 24620 24620 I ViewInteraction: Checking 'MatchesViewAssertion(Detox){viewMatcher=(view has effective visibility <VISIBLE> and view.getGlobalVisibleRect() covers at least <75> percent of the view's area)}' assertion on view (view.getTag() is "pantry-screen" and view has effective visibility <VISIBLE>)
11-23 21:24:49.417 24620 24620 I ViewInteraction: Checking 'MatchesViewAssertion(Detox){viewMatcher=(view has effective visibility <VISIBLE> and view.getGlobalVisibleRect() covers at least <75> percent of the view's area)}' assertion on view (view.getTag() is "pantry-screen" and view has effective visibility <VISIBLE>)
11-23 21:24:49.423 24620 24620 I VRI[MainActivity]@8e53a52: call setFrameRateCategory for touch hint category=no preference, reason=boost timeout, vri=VRI[MainActivity]@8e53a52
11-23 21:24:49.483 24620 24620 I ViewInteraction: Checking 'MatchesViewAssertion(Detox){viewMatcher=(view has effective visibility <VISIBLE> and view.getGlobalVisibleRect() covers at least <75> percent of the view's area)}' assertion on view (view.getTag() is "pantry-screen" and view has effective visibility <VISIBLE>)
11-23 21:24:49.548 24620 24620 I ViewInteraction: Checking 'MatchesViewAssertion(Detox){viewMatcher=(view has effective visibility <VISIBLE> and view.getGlobalVisibleRect() covers at least <75> percent of the view's area)}' assertion on view (view.getTag() is "pantry-screen" and view has effective visibility <VISIBLE>)
11-23 21:24:49.610 24620 24620 I ViewInteraction: Checking 'MatchesViewAssertion(Detox){viewMatcher=(view has effective visibility <VISIBLE> and view.getGlobalVisibleRect() covers at least <75> percent of the view's area)}' assertion on view (view.getTag() is "pantry-screen" and view has effective visibility <VISIBLE>)
11-23 21:24:49.678 24620 24620 I ViewInteraction: Checking 'MatchesViewAssertion(Detox){viewMatcher=(view has effective visibility <VISIBLE> and view.getGlobalVisibleRect() covers at least <75> percent of the view's area)}' assertion on view (view.getTag() is "pantry-screen" and view has effective visibility <VISIBLE>)
11-23 21:24:49.722 24620 24631 I ev.souschef.app: Background concurrent mark compact GC freed 26MB AllocSpace bytes, 154(11MB) LOS objects, 66% free, 16MB/48MB, paused 817us,3.515ms total 111.108ms
11-23 21:24:49.748 24620 24620 I ViewInteraction: Checking 'MatchesViewAssertion(Detox){viewMatcher=(view has effective visibility <VISIBLE> and view.getGlobalVisibleRect() covers at least <75> percent of the view's area)}' assertion on view (view.getTag() is "pantry-screen" and view has effective visibility <VISIBLE>)
11-23 21:24:49.803 24620 24620 I ViewInteraction: Checking 'MatchesViewAssertion(Detox){viewMatcher=(view has effective visibility <VISIBLE> and view.getGlobalVisibleRect() covers at least <75> percent of the view's area)}' assertion on view (view.getTag() is "pantry-screen" and view has effective visibility <VISIBLE>)
11-23 21:24:49.868 24620 24620 I ViewInteraction: Checking 'MatchesViewAssertion(Detox){viewMatcher=(view has effective visibility <VISIBLE> and view.getGlobalVisibleRect() covers at least <75> percent of the view's area)}' assertion on view (view.getTag() is "pantry-screen" and view has effective visibility <VISIBLE>)
11-23 21:24:49.931 24620 24620 I ViewInteraction: Checking 'MatchesViewAssertion(Detox){viewMatcher=(view has effective visibility <VISIBLE> and view.getGlobalVisibleRect() covers at least <75> percent of the view's area)}' assertion on view (view.getTag() is "pantry-screen" and view has effective visibility <VISIBLE>)
11-23 21:24:49.993 24620 24620 I ViewInteraction: Checking 'MatchesViewAssertion(Detox){viewMatcher=(view has effective visibility <VISIBLE> and view.getGlobalVisibleRect() covers at least <75> percent of the view's area)}' assertion on view (view.getTag() is "pantry-screen" and view has effective visibility <VISIBLE>)
11-23 21:24:50.057 24620 24620 I ViewInteraction: Checking 'MatchesViewAssertion(Detox){viewMatcher=(view has effective visibility <VISIBLE> and view.getGlobalVisibleRect() covers at least <75> percent of the view's area)}' assertion on view (view.getTag() is "pantry-screen" and view has effective visibility <VISIBLE>)
11-23 21:24:50.112 24620 24620 I ViewInteraction: Checking 'MatchesViewAssertion(Detox){viewMatcher=(view has effective visibility <VISIBLE> and view.getGlobalVisibleRect() covers at least <75> percent of the view's area)}' assertion on view (view.getTag() is "pantry-screen" and view has effective visibility <VISIBLE>)
11-23 21:24:50.177 24620 24620 I ViewInteraction: Checking 'MatchesViewAssertion(Detox){viewMatcher=(view has effective visibility <VISIBLE> and view.getGlobalVisibleRect() covers at least <75> percent of the view's area)}' assertion on view (view.getTag() is "pantry-screen" and view has effective visibility <VISIBLE>)
11-23 21:24:50.241 24620 24620 I ViewInteraction: Checking 'MatchesViewAssertion(Detox){viewMatcher=(view has effective visibility <VISIBLE> and view.getGlobalVisibleRect() covers at least <75> percent of the view's area)}' assertion on view (view.getTag() is "pantry-screen" and view has effective visibility <VISIBLE>)
11-23 21:24:50.295 24620 24620 I ViewInteraction: Checking 'MatchesViewAssertion(Detox){viewMatcher=(view has effective visibility <VISIBLE> and view.getGlobalVisibleRect() covers at least <75> percent of the view's area)}' assertion on view (view.getTag() is "pantry-screen" and view has effective visibility <VISIBLE>)
11-23 21:24:50.362 24620 24620 I ViewInteraction: Checking 'MatchesViewAssertion(Detox){viewMatcher=(view has effective visibility <VISIBLE> and view.getGlobalVisibleRect() covers at least <75> percent of the view's area)}' assertion on view (view.getTag() is "pantry-screen" and view has effective visibility <VISIBLE>)
11-23 21:24:50.426 24620 24620 I ViewInteraction: Checking 'MatchesViewAssertion(Detox){viewMatcher=(view has effective visibility <VISIBLE> and view.getGlobalVisibleRect() covers at least <75> percent of the view's area)}' assertion on view (view.getTag() is "pantry-screen" and view has effective visibility <VISIBLE>)
11-23 21:24:50.490 24620 24620 I ViewInteraction: Checking 'MatchesViewAssertion(Detox){viewMatcher=(view has effective visibility <VISIBLE> and view.getGlobalVisibleRect() covers at least <75> percent of the view's area)}' assertion on view (view.getTag() is "pantry-screen" and view has effective visibility <VISIBLE>)
11-23 21:24:50.552 24620 24620 I ViewInteraction: Checking 'MatchesViewAssertion(Detox){viewMatcher=(view has effective visibility <VISIBLE> and view.getGlobalVisibleRect() covers at least <75> percent of the view's area)}' assertion on view (view.getTag() is "pantry-screen" and view has effective visibility <VISIBLE>)
11-23 21:24:50.615 24620 24620 I ViewInteraction: Checking 'MatchesViewAssertion(Detox){viewMatcher=(view has effective visibility <VISIBLE> and view.getGlobalVisibleRect() covers at least <75> percent of the view's area)}' assertion on view (view.getTag() is "pantry-screen" and view has effective visibility <VISIBLE>)
11-23 21:24:50.670 24620 24620 I ViewInteraction: Checking 'MatchesViewAssertion(Detox){viewMatcher=(view has effective visibility <VISIBLE> and view.getGlobalVisibleRect() covers at least <75> percent of the view's area)}' assertion on view (view.getTag() is "pantry-screen" and view has effective visibility <VISIBLE>)
11-23 21:24:50.728 24620 24620 I ViewInteraction: Checking 'MatchesViewAssertion(Detox){viewMatcher=(view has effective visibility <VISIBLE> and view.getGlobalVisibleRect() covers at least <75> percent of the view's area)}' assertion on view (view.getTag() is "pantry-screen" and view has effective visibility <VISIBLE>)
11-23 21:24:50.793 24620 24620 I ViewInteraction: Checking 'MatchesViewAssertion(Detox){viewMatcher=(view has effective visibility <VISIBLE> and view.getGlobalVisibleRect() covers at least <75> percent of the view's area)}' assertion on view (view.getTag() is "pantry-screen" and view has effective visibility <VISIBLE>)
11-23 21:24:50.857 24620 24620 I ViewInteraction: Checking 'MatchesViewAssertion(Detox){viewMatcher=(view has effective visibility <VISIBLE> and view.getGlobalVisibleRect() covers at least <75> percent of the view's area)}' assertion on view (view.getTag() is "pantry-screen" and view has effective visibility <VISIBLE>)
11-23 21:24:50.911 24620 24620 I ViewInteraction: Checking 'MatchesViewAssertion(Detox){viewMatcher=(view has effective visibility <VISIBLE> and view.getGlobalVisibleRect() covers at least <75> percent of the view's area)}' assertion on view (view.getTag() is "pantry-screen" and view has effective visibility <VISIBLE>)
11-23 21:24:50.976 24620 24620 I ViewInteraction: Checking 'MatchesViewAssertion(Detox){viewMatcher=(view has effective visibility <VISIBLE> and view.getGlobalVisibleRect() covers at least <75> percent of the view's area)}' assertion on view (view.getTag() is "pantry-screen" and view has effective visibility <VISIBLE>)
11-23 21:24:51.040 24620 24620 I ViewInteraction: Checking 'MatchesViewAssertion(Detox){viewMatcher=(view has effective visibility <VISIBLE> and view.getGlobalVisibleRect() covers at least <75> percent of the view's area)}' assertion on view (view.getTag() is "pantry-screen" and view has effective visibility <VISIBLE>)
11-23 21:24:51.104 24620 24620 I ViewInteraction: Checking 'MatchesViewAssertion(Detox){viewMatcher=(view has effective visibility <VISIBLE> and view.getGlobalVisibleRect() covers at least <75> percent of the view's area)}' assertion on view (view.getTag() is "pantry-screen" and view has effective visibility <VISIBLE>)
11-23 21:24:51.169 24620 24620 I ViewInteraction: Checking 'MatchesViewAssertion(Detox){viewMatcher=(view has effective visibility <VISIBLE> and view.getGlobalVisibleRect() covers at least <75> percent of the view's area)}' assertion on view (view.getTag() is "pantry-screen" and view has effective visibility <VISIBLE>)
11-23 21:24:51.234 24620 24620 I ViewInteraction: Checking 'MatchesViewAssertion(Detox){viewMatcher=(view has effective visibility <VISIBLE> and view.getGlobalVisibleRect() covers at least <75> percent of the view's area)}' assertion on view (view.getTag() is "pantry-screen" and view has effective visibility <VISIBLE>)
11-23 21:24:51.295 24620 24620 I ViewInteraction: Checking 'MatchesViewAssertion(Detox){viewMatcher=(view has effective visibility <VISIBLE> and view.getGlobalVisibleRect() covers at least <75> percent of the view's area)}' assertion on view (view.getTag() is "pantry-screen" and view has effective visibility <VISIBLE>)
11-23 21:24:51.359 24620 24620 I ViewInteraction: Checking 'MatchesViewAssertion(Detox){viewMatcher=(view has effective visibility <VISIBLE> and view.getGlobalVisibleRect() covers at least <75> percent of the view's area)}' assertion on view (view.getTag() is "pantry-screen" and view has effective visibility <VISIBLE>)
11-23 21:24:51.424 24620 24620 I ViewInteraction: Checking 'MatchesViewAssertion(Detox){viewMatcher=(view has effective visibility <VISIBLE> and view.getGlobalVisibleRect() covers at least <75> percent of the view's area)}' assertion on view (view.getTag() is "pantry-screen" and view has effective visibility <VISIBLE>)
11-23 21:24:51.480 24620 24620 I ViewInteraction: Checking 'MatchesViewAssertion(Detox){viewMatcher=(view has effective visibility <VISIBLE> and view.getGlobalVisibleRect() covers at least <75> percent of the view's area)}' assertion on view (view.getTag() is "pantry-screen" and view has effective visibility <VISIBLE>)
11-23 21:24:51.545 24620 24620 I ViewInteraction: Checking 'MatchesViewAssertion(Detox){viewMatcher=(view has effective visibility <VISIBLE> and view.getGlobalVisibleRect() covers at least <75> percent of the view's area)}' assertion on view (view.getTag() is "pantry-screen" and view has effective visibility <VISIBLE>)
11-23 21:24:51.609 24620 24620 I ViewInteraction: Checking 'MatchesViewAssertion(Detox){viewMatcher=(view has effective visibility <VISIBLE> and view.getGlobalVisibleRect() covers at least <75> percent of the view's area)}' assertion on view (view.getTag() is "pantry-screen" and view has effective visibility <VISIBLE>)
11-23 21:24:51.673 24620 24620 I ViewInteraction: Checking 'MatchesViewAssertion(Detox){viewMatcher=(view has effective visibility <VISIBLE> and view.getGlobalVisibleRect() covers at least <75> percent of the view's area)}' assertion on view (view.getTag() is "pantry-screen" and view has effective visibility <VISIBLE>)
11-23 21:24:51.737 24620 24620 I ViewInteraction: Checking 'MatchesViewAssertion(Detox){viewMatcher=(view has effective visibility <VISIBLE> and view.getGlobalVisibleRect() covers at least <75> percent of the view's area)}' assertion on view (view.getTag() is "pantry-screen" and view has effective visibility <VISIBLE>)
11-23 21:24:51.802 24620 24620 I ViewInteraction: Checking 'MatchesViewAssertion(Detox){viewMatcher=(view has effective visibility <VISIBLE> and view.getGlobalVisibleRect() covers at least <75> percent of the view's area)}' assertion on view (view.getTag() is "pantry-screen" and view has effective visibility <VISIBLE>)
11-23 21:24:51.884 24620 24620 I ViewInteraction: Checking 'MatchesViewAssertion(Detox){viewMatcher=(view has effective visibility <VISIBLE> and view.getGlobalVisibleRect() covers at least <75> percent of the view's area)}' assertion on view (view.getTag() is "pantry-screen" and view has effective visibility <VISIBLE>)
11-23 21:24:51.944 24620 24620 I ViewInteraction: Checking 'MatchesViewAssertion(Detox){viewMatcher=(view has effective visibility <VISIBLE> and view.getGlobalVisibleRect() covers at least <75> percent of the view's area)}' assertion on view (view.getTag() is "pantry-screen" and view has effective visibility <VISIBLE>)
11-23 21:24:52.007 24620 24620 I ViewInteraction: Checking 'MatchesViewAssertion(Detox){viewMatcher=(view has effective visibility <VISIBLE> and view.getGlobalVisibleRect() covers at least <75> percent of the view's area)}' assertion on view (view.getTag() is "pantry-screen" and view has effective visibility <VISIBLE>)
11-23 21:24:52.067 24620 24620 I ViewInteraction: Checking 'MatchesViewAssertion(Detox){viewMatcher=(view has effective visibility <VISIBLE> and view.getGlobalVisibleRect() covers at least <75> percent of the view's area)}' assertion on view (view.getTag() is "pantry-screen" and view has effective visibility <VISIBLE>)
11-23 21:24:52.131 24620 24620 I ViewInteraction: Checking 'MatchesViewAssertion(Detox){viewMatcher=(view has effective visibility <VISIBLE> and view.getGlobalVisibleRect() covers at least <75> percent of the view's area)}' assertion on view (view.getTag() is "pantry-screen" and view has effective visibility <VISIBLE>)
11-23 21:24:52.194 24620 24620 I ViewInteraction: Checking 'MatchesViewAssertion(Detox){viewMatcher=(view has effective visibility <VISIBLE> and view.getGlobalVisibleRect() covers at least <75> percent of the view's area)}' assertion on view (view.getTag() is "pantry-screen" and view has effective visibility <VISIBLE>)
11-23 21:24:52.260 24620 24620 I ViewInteraction: Checking 'MatchesViewAssertion(Detox){viewMatcher=(view has effective visibility <VISIBLE> and view.getGlobalVisibleRect() covers at least <75> percent of the view's area)}' assertion on view (view.getTag() is "pantry-screen" and view has effective visibility <VISIBLE>)
11-23 21:24:52.322 24620 24620 I ViewInteraction: Checking 'MatchesViewAssertion(Detox){viewMatcher=(view has effective visibility <VISIBLE> and view.getGlobalVisibleRect() covers at least <75> percent of the view's area)}' assertion on view (view.getTag() is "pantry-screen" and view has effective visibility <VISIBLE>)
11-23 21:24:52.383 24620 24620 I ViewInteraction: Checking 'MatchesViewAssertion(Detox){viewMatcher=(view has effective visibility <VISIBLE> and view.getGlobalVisibleRect() covers at least <75> percent of the view's area)}' assertion on view (view.getTag() is "pantry-screen" and view has effective visibility <VISIBLE>)
11-23 21:24:52.447 24620 24620 I ViewInteraction: Checking 'MatchesViewAssertion(Detox){viewMatcher=(view has effective visibility <VISIBLE> and view.getGlobalVisibleRect() covers at least <75> percent of the view's area)}' assertion on view (view.getTag() is "pantry-screen" and view has effective visibility <VISIBLE>)
11-23 21:24:52.502 24620 24620 I ViewInteraction: Checking 'MatchesViewAssertion(Detox){viewMatcher=(view has effective visibility <VISIBLE> and view.getGlobalVisibleRect() covers at least <75> percent of the view's area)}' assertion on view (view.getTag() is "pantry-screen" and view has effective visibility <VISIBLE>)
11-23 21:24:52.564 24620 24620 I ViewInteraction: Checking 'MatchesViewAssertion(Detox){viewMatcher=(view has effective visibility <VISIBLE> and view.getGlobalVisibleRect() covers at least <75> percent of the view's area)}' assertion on view (view.getTag() is "pantry-screen" and view has effective visibility <VISIBLE>)
11-23 21:24:52.627 24620 24620 I ViewInteraction: Checking 'MatchesViewAssertion(Detox){viewMatcher=(view has effective visibility <VISIBLE> and view.getGlobalVisibleRect() covers at least <75> percent of the view's area)}' assertion on view (view.getTag() is "pantry-screen" and view has effective visibility <VISIBLE>)
11-23 21:24:52.690 24620 24620 I ViewInteraction: Checking 'MatchesViewAssertion(Detox){viewMatcher=(view has effective visibility <VISIBLE> and view.getGlobalVisibleRect() covers at least <75> percent of the view's area)}' assertion on view (view.getTag() is "pantry-screen" and view has effective visibility <VISIBLE>)
11-23 21:24:52.753 24620 24620 I ViewInteraction: Checking 'MatchesViewAssertion(Detox){viewMatcher=(view has effective visibility <VISIBLE> and view.getGlobalVisibleRect() covers at least <75> percent of the view's area)}' assertion on view (view.getTag() is "pantry-screen" and view has effective visibility <VISIBLE>)
11-23 21:24:52.819 24620 24620 I ViewInteraction: Checking 'MatchesViewAssertion(Detox){viewMatcher=(view has effective visibility <VISIBLE> and view.getGlobalVisibleRect() covers at least <75> percent of the view's area)}' assertion on view (view.getTag() is "pantry-screen" and view has effective visibility <VISIBLE>)
11-23 21:24:52.882 24620 24620 I ViewInteraction: Checking 'MatchesViewAssertion(Detox){viewMatcher=(view has effective visibility <VISIBLE> and view.getGlobalVisibleRect() covers at least <75> percent of the view's area)}' assertion on view (view.getTag() is "pantry-screen" and view has effective visibility <VISIBLE>)
11-23 21:24:52.963 24620 24620 I ViewInteraction: Checking 'MatchesViewAssertion(Detox){viewMatcher=(view has effective visibility <VISIBLE> and view.getGlobalVisibleRect() covers at least <75> percent of the view's area)}' assertion on view (view.getTag() is "pantry-screen" and view has effective visibility <VISIBLE>)
11-23 21:24:53.025 24620 24620 I ViewInteraction: Checking 'MatchesViewAssertion(Detox){viewMatcher=(view has effective visibility <VISIBLE> and view.getGlobalVisibleRect() covers at least <75> percent of the view's area)}' assertion on view (view.getTag() is "pantry-screen" and view has effective visibility <VISIBLE>)
11-23 21:24:53.079 24620 24620 I ViewInteraction: Checking 'MatchesViewAssertion(Detox){viewMatcher=(view has effective visibility <VISIBLE> and view.getGlobalVisibleRect() covers at least <75> percent of the view's area)}' assertion on view (view.getTag() is "pantry-screen" and view has effective visibility <VISIBLE>)
11-23 21:24:53.144 24620 24620 I ViewInteraction: Checking 'MatchesViewAssertion(Detox){viewMatcher=(view has effective visibility <VISIBLE> and view.getGlobalVisibleRect() covers at least <75> percent of the view's area)}' assertion on view (view.getTag() is "pantry-screen" and view has effective visibility <VISIBLE>)
11-23 21:24:53.207 24620 24620 I ViewInteraction: Checking 'MatchesViewAssertion(Detox){viewMatcher=(view has effective visibility <VISIBLE> and view.getGlobalVisibleRect() covers at least <75> percent of the view's area)}' assertion on view (view.getTag() is "pantry-screen" and view has effective visibility <VISIBLE>)
11-23 21:24:53.261 24620 24620 I ViewInteraction: Checking 'MatchesViewAssertion(Detox){viewMatcher=(view has effective visibility <VISIBLE> and view.getGlobalVisibleRect() covers at least <75> percent of the view's area)}' assertion on view (view.getTag() is "pantry-screen" and view has effective visibility <VISIBLE>)
11-23 21:24:53.322 24620 24620 I ViewInteraction: Checking 'MatchesViewAssertion(Detox){viewMatcher=(view has effective visibility <VISIBLE> and view.getGlobalVisibleRect() covers at least <75> percent of the view's area)}' assertion on view (view.getTag() is "pantry-screen" and view has effective visibility <VISIBLE>)
11-23 21:24:53.386 24620 24620 I ViewInteraction: Checking 'MatchesViewAssertion(Detox){viewMatcher=(view has effective visibility <VISIBLE> and view.getGlobalVisibleRect() covers at least <75> percent of the view's area)}' assertion on view (view.getTag() is "pantry-screen" and view has effective visibility <VISIBLE>)
11-23 21:24:53.449 24620 24620 I ViewInteraction: Checking 'MatchesViewAssertion(Detox){viewMatcher=(view has effective visibility <VISIBLE> and view.getGlobalVisibleRect() covers at least <75> percent of the view's area)}' assertion on view (view.getTag() is "pantry-screen" and view has effective visibility <VISIBLE>)
11-23 21:24:53.511 24620 24620 I ViewInteraction: Checking 'MatchesViewAssertion(Detox){viewMatcher=(view has effective visibility <VISIBLE> and view.getGlobalVisibleRect() covers at least <75> percent of the view's area)}' assertion on view (view.getTag() is "pantry-screen" and view has effective visibility <VISIBLE>)
11-23 21:24:53.576 24620 24620 I ViewInteraction: Checking 'MatchesViewAssertion(Detox){viewMatcher=(view has effective visibility <VISIBLE> and view.getGlobalVisibleRect() covers at least <75> percent of the view's area)}' assertion on view (view.getTag() is "pantry-screen" and view has effective visibility <VISIBLE>)
11-23 21:24:53.641 24620 24620 I ViewInteraction: Checking 'MatchesViewAssertion(Detox){viewMatcher=(view has effective visibility <VISIBLE> and view.getGlobalVisibleRect() covers at least <75> percent of the view's area)}' assertion on view (view.getTag() is "pantry-screen" and view has effective visibility <VISIBLE>)
11-23 21:24:53.704 24620 24620 I ViewInteraction: Checking 'MatchesViewAssertion(Detox){viewMatcher=(view has effective visibility <VISIBLE> and view.getGlobalVisibleRect() covers at least <75> percent of the view's area)}' assertion on view (view.getTag() is "pantry-screen" and view has effective visibility <VISIBLE>)
11-23 21:24:53.768 24620 24620 I ViewInteraction: Checking 'MatchesViewAssertion(Detox){viewMatcher=(view has effective visibility <VISIBLE> and view.getGlobalVisibleRect() covers at least <75> percent of the view's area)}' assertion on view (view.getTag() is "pantry-screen" and view has effective visibility <VISIBLE>)
11-23 21:24:53.833 24620 24620 I ViewInteraction: Checking 'MatchesViewAssertion(Detox){viewMatcher=(view has effective visibility <VISIBLE> and view.getGlobalVisibleRect() covers at least <75> percent of the view's area)}' assertion on view (view.getTag() is "pantry-screen" and view has effective visibility <VISIBLE>)
11-23 21:24:53.886 24620 24620 I ViewInteraction: Checking 'MatchesViewAssertion(Detox){viewMatcher=(view has effective visibility <VISIBLE> and view.getGlobalVisibleRect() covers at least <75> percent of the view's area)}' assertion on view (view.getTag() is "pantry-screen" and view has effective visibility <VISIBLE>)
11-23 21:24:53.950 24620 24620 I ViewInteraction: Checking 'MatchesViewAssertion(Detox){viewMatcher=(view has effective visibility <VISIBLE> and view.getGlobalVisibleRect() covers at least <75> percent of the view's area)}' assertion on view (view.getTag() is "pantry-screen" and view has effective visibility <VISIBLE>)
11-23 21:24:53.975 24620 24659 I DetoxActionHandlers: Test exception
11-23 21:24:53.975 24620 24659 I DetoxActionHandlers: java.lang.reflect.InvocationTargetException
11-23 21:24:53.975 24620 24659 I DetoxActionHandlers: 	at java.lang.reflect.Method.invoke(Native Method)
11-23 21:24:53.975 24620 24659 I DetoxActionHandlers: 	at org.apache.commons.lang3.reflect.MethodUtils.invokeStaticMethod(MethodUtils.java:443)
11-23 21:24:53.975 24620 24659 I DetoxActionHandlers: 	at org.apache.commons.lang3.reflect.MethodUtils.invokeStaticMethod(MethodUtils.java:405)
11-23 21:24:53.975 24620 24659 I DetoxActionHandlers: 	at com.wix.invoke.types.ClassTarget.execute(ClassTarget.java:23)
11-23 21:24:53.975 24620 24659 I DetoxActionHandlers: 	at com.wix.invoke.types.Target.invoke(Target.java:59)
11-23 21:24:53.975 24620 24659 I DetoxActionHandlers: 	at com.wix.invoke.MethodInvocation.invoke(MethodInvocation.java:35)
11-23 21:24:53.975 24620 24659 I DetoxActionHandlers: 	at com.wix.invoke.MethodInvocation.invoke(MethodInvocation.java:26)
11-23 21:24:53.975 24620 24659 I DetoxActionHandlers: 	at com.wix.invoke.MethodInvocation.invoke(MethodInvocation.java:20)
11-23 21:24:53.975 24620 24659 I DetoxActionHandlers: 	at com.wix.detox.adapters.server.InvokeActionHandler.handle(DetoxActionH