--------- beginning of main
11-23 21:20:14.625 22610 22610 I ev.souschef.app: Late-enabling -Xcheck:jni
11-23 21:20:14.657 22610 22610 I ev.souschef.app: Using CollectorTypeCMC GC.
11-23 21:20:14.673 22610 22610 D nativeloader: Load libframework-connectivity-tiramisu-jni.so using APEX ns com_android_tethering for caller /apex/com.android.tethering/javalib/framework-connectivity-t.jar: ok
11-23 21:20:14.681 22610 22610 D ActivityThread: setConscryptValidator
11-23 21:20:14.681 22610 22610 D ActivityThread: setConscryptValidator - put
--------- beginning of system
11-23 21:20:14.763 22610 22610 W ActivityThread: Package uses different ABI(s) than its instrumentation: package[dev.souschef.app]: arm64-v8a, null instrumentation[dev.souschef.app.test]: null, null
11-23 21:20:14.773 22610 22610 D nativeloader: Configuring clns-9 for other apk /system/framework/sec_camerax_impl.jar. target_sdk_version=36, uses_libraries=ALL, library_path=/data/app/~~cT0nUzgItyvjFeqdK-jcWA==/dev.souschef.app.test-Z8t0Ik2vy0UdG-f2m0BU3Q==/lib/arm64:/data/app/~~cMMqPc4QqcehGnNd1rV4Mw==/dev.souschef.app-iBav3zEwDhB_8ElEFXzvrA==/lib/arm64:/data/app/~~cT0nUzgItyvjFeqdK-jcWA==/dev.souschef.app.test-Z8t0Ik2vy0UdG-f2m0BU3Q==/base.apk!/lib/arm64-v8a:/data/app/~~cMMqPc4QqcehGnNd1rV4Mw==/dev.souschef.app-iBav3zEwDhB_8ElEFXzvrA==/base.apk!/lib/arm64-v8a, permitted_path=/data:/mnt/expand:/data/user/0/dev.souschef.app
11-23 21:20:14.773 22610 22610 D nativeloader: Extending system_exposed_libraries: libhumantracking.arcsoft.so:libPortraitDistortionCorrection.arcsoft.so:libPortraitDistortionCorrectionCali.arcsoft.so:libface_landmark.arcsoft.so:libFacialStickerEngine.arcsoft.so:libfrtracking_engine.arcsoft.so:libFaceRecognition.arcsoft.so:libveengine.arcsoft.so:lib_pet_detection.arcsoft.so:libae_bracket_hdr.arcsoft.so:libhigh_res.arcsoft.so:libhybrid_high_dynamic_range.arcsoft.so:libimage_enhancement.arcsoft.so:liblow_light_hdr.arcsoft.so:libhigh_dynamic_range.arcsoft.so:libsuperresolution_raw.arcsoft.so:libuwsuperresolution.arcsoft.so:libFacialAttributeDetection.arcsoft.so:libobjectcapture_jni.arcsoft.so:libobjectcapture.arcsoft.so:libaudiomirroring_jni.audiomirroring.samsung.so:libBeauty_v4.camera.samsung.so:libexifa.camera.samsung.so:libjpega.camera.samsung.so:libOpenCv.camera.samsung.so:libBestPhoto.camera.samsung.so:libC2paDps.camera.samsung.so:libVideoClassifier.camera.samsung.so:libImageScreener.camera.samsung.so:libMyFilter.camera.samsung.so:libtflite2.myfilters
11-23 21:20:15.516 22610 22610 D nativeloader: Configuring clns-10 for other apk /system/framework/android.test.runner.jar:/system/framework/android.test.mock.jar:/system/framework/android.test.base.jar:/data/app/~~cT0nUzgItyvjFeqdK-jcWA==/dev.souschef.app.test-Z8t0Ik2vy0UdG-f2m0BU3Q==/base.apk:/data/app/~~cMMqPc4QqcehGnNd1rV4Mw==/dev.souschef.app-iBav3zEwDhB_8ElEFXzvrA==/base.apk. target_sdk_version=36, uses_libraries=, library_path=/data/app/~~cT0nUzgItyvjFeqdK-jcWA==/dev.souschef.app.test-Z8t0Ik2vy0UdG-f2m0BU3Q==/lib/arm64:/data/app/~~cMMqPc4QqcehGnNd1rV4Mw==/dev.souschef.app-iBav3zEwDhB_8ElEFXzvrA==/lib/arm64:/data/app/~~cT0nUzgItyvjFeqdK-jcWA==/dev.souschef.app.test-Z8t0Ik2vy0UdG-f2m0BU3Q==/base.apk!/lib/arm64-v8a:/data/app/~~cMMqPc4QqcehGnNd1rV4Mw==/dev.souschef.app-iBav3zEwDhB_8ElEFXzvrA==/base.apk!/lib/arm64-v8a, permitted_path=/data:/mnt/expand:/data/user/0/dev.souschef.app
11-23 21:20:15.528 22610 22610 V GraphicsEnvironment: Currently set values for:
11-23 21:20:15.528 22610 22610 V GraphicsEnvironment:   angle_gl_driver_selection_pkgs=[]
11-23 21:20:15.528 22610 22610 V GraphicsEnvironment:   angle_gl_driver_selection_values=[]
11-23 21:20:15.528 22610 22610 V GraphicsEnvironment: dev.souschef.app is not listed in per-application setting
11-23 21:20:15.528 22610 22610 V GraphicsEnvironment: ANGLE allowlist from config: 
11-23 21:20:15.528 22610 22610 V GraphicsEnvironment: dev.souschef.app is not listed in ANGLE allowlist or settings, returning default
11-23 21:20:15.528 22610 22610 V GraphicsEnvironment: App is not on the allowlist for updatable production driver.
11-23 21:20:15.532 22610 22610 D ApplicationLoaders: Returning zygote-cached class loader: /system/framework/android.test.base.jar
11-23 21:20:15.534 22610 22610 D nativeloader: Configuring clns-11 for other apk /system/framework/android.test.mock.jar. target_sdk_version=36, uses_libraries=ALL, library_path=/data/app/~~cT0nUzgItyvjFeqdK-jcWA==/dev.souschef.app.test-Z8t0Ik2vy0UdG-f2m0BU3Q==/lib/arm64:/data/app/~~cMMqPc4QqcehGnNd1rV4Mw==/dev.souschef.app-iBav3zEwDhB_8ElEFXzvrA==/lib/arm64, permitted_path=/data:/mnt/expand
11-23 21:20:15.534 22610 22610 D nativeloader: Extending system_exposed_libraries: libhumantracking.arcsoft.so:libPortraitDistortionCorrection.arcsoft.so:libPortraitDistortionCorrectionCali.arcsoft.so:libface_landmark.arcsoft.so:libFacialStickerEngine.arcsoft.so:libfrtracking_engine.arcsoft.so:libFaceRecognition.arcsoft.so:libveengine.arcsoft.so:lib_pet_detection.arcsoft.so:libae_bracket_hdr.arcsoft.so:libhigh_res.arcsoft.so:libhybrid_high_dynamic_range.arcsoft.so:libimage_enhancement.arcsoft.so:liblow_light_hdr.arcsoft.so:libhigh_dynamic_range.arcsoft.so:libsuperresolution_raw.arcsoft.so:libuwsuperresolution.arcsoft.so:libFacialAttributeDetection.arcsoft.so:libobjectcapture_jni.arcsoft.so:libobjectcapture.arcsoft.so:libaudiomirroring_jni.audiomirroring.samsung.so:libBeauty_v4.camera.samsung.so:libexifa.camera.samsung.so:libjpega.camera.samsung.so:libOpenCv.camera.samsung.so:libBestPhoto.camera.samsung.so:libC2paDps.camera.samsung.so:libVideoClassifier.camera.samsung.so:libImageScreener.camera.samsung.so:libMyFilter.camera.samsung.so:libtflite2.myfilters
11-23 21:20:15.535 22610 22610 D ApplicationLoaders: Returning zygote-cached class loader: /system/framework/android.test.base.jar
11-23 21:20:15.537 22610 22610 D nativeloader: Configuring clns-12 for other apk /system/framework/android.test.runner.jar. target_sdk_version=36, uses_libraries=ALL, library_path=/data/app/~~cT0nUzgItyvjFeqdK-jcWA==/dev.souschef.app.test-Z8t0Ik2vy0UdG-f2m0BU3Q==/lib/arm64:/data/app/~~cMMqPc4QqcehGnNd1rV4Mw==/dev.souschef.app-iBav3zEwDhB_8ElEFXzvrA==/lib/arm64, permitted_path=/data:/mnt/expand
11-23 21:20:15.537 22610 22610 D nativeloader: Extending system_exposed_libraries: libhumantracking.arcsoft.so:libPortraitDistortionCorrection.arcsoft.so:libPortraitDistortionCorrectionCali.arcsoft.so:libface_landmark.arcsoft.so:libFacialStickerEngine.arcsoft.so:libfrtracking_engine.arcsoft.so:libFaceRecognition.arcsoft.so:libveengine.arcsoft.so:lib_pet_detection.arcsoft.so:libae_bracket_hdr.arcsoft.so:libhigh_res.arcsoft.so:libhybrid_high_dynamic_range.arcsoft.so:libimage_enhancement.arcsoft.so:liblow_light_hdr.arcsoft.so:libhigh_dynamic_range.arcsoft.so:libsuperresolution_raw.arcsoft.so:libuwsuperresolution.arcsoft.so:libFacialAttributeDetection.arcsoft.so:libobjectcapture_jni.arcsoft.so:libobjectcapture.arcsoft.so:libaudiomirroring_jni.audiomirroring.samsung.so:libBeauty_v4.camera.samsung.so:libexifa.camera.samsung.so:libjpega.camera.samsung.so:libOpenCv.camera.samsung.so:libBestPhoto.camera.samsung.so:libC2paDps.camera.samsung.so:libVideoClassifier.camera.samsung.so:libImageScreener.camera.samsung.so:libMyFilter.camera.samsung.so:libtflite2.myfilters
11-23 21:20:16.194 22610 22610 I AndroidJUnitRunner: newApplication dev.souschef.app.MainApplication
11-23 21:20:16.223 22610 22610 D WM-WrkMgrInitializer: Initializing WorkManager with default configuration.
11-23 21:20:16.262 22610 22610 D NOTIFEE : (context): received application context
11-23 21:20:16.270 22610 22639 E ashmem  : Pinning is deprecated since Android Q. Please use trim or other methods.
11-23 21:20:16.281 22610 22610 I AndroidJUnitRunner: onCreate Bundle[mParcelledData.dataSize=260]
11-23 21:20:16.283 22610 22610 D AndroidJUnitRunner: Use the raw file system for managing file I/O.
11-23 21:20:16.371 22610 22610 V TestEventClient: No service name argument was given (testDiscoveryService, testRunEventService or orchestratorService)
11-23 21:20:16.372 22610 22643 D AndroidJUnitRunner: onStart is called.
11-23 21:20:16.375 22610 22610 W SoLoader: Initializing SoLoader: 0
11-23 21:20:16.376 22610 22610 W SoLoader: Recording new base apk path: /data/app/~~cMMqPc4QqcehGnNd1rV4Mw==/dev.souschef.app-iBav3zEwDhB_8ElEFXzvrA==/base.apk
11-23 21:20:16.376 22610 22610 W SoLoader: Previously recorded 0 base apk paths.
11-23 21:20:16.377 22610 22610 I SoLoader: Preparing SO source: DirectorySoSource[root = /vendor/lib64 flags = 2]
11-23 21:20:16.377 22610 22610 I SoLoader: Preparing SO source: DirectorySoSource[root = /system/lib64 flags = 2]
11-23 21:20:16.377 22610 22610 I SoLoader: Preparing SO source: DirectApkSoSource[root = [/data/app/~~cMMqPc4QqcehGnNd1rV4Mw==/dev.souschef.app-iBav3zEwDhB_8ElEFXzvrA==/base.apk!/lib/arm64-v8a]]
11-23 21:20:16.458 22610 22610 I SoLoader: Preparing SO source: ApplicationSoSource[DirectorySoSource[root = /data/app/~~cMMqPc4QqcehGnNd1rV4Mw==/dev.souschef.app-iBav3zEwDhB_8ElEFXzvrA==/lib/arm64 flags = 0]]
11-23 21:20:16.458 22610 22610 I SoLoader: init finish: 4 SO sources prepared
11-23 21:20:16.459 22610 22610 W SoLoader: SoLoader initialized: 8
11-23 21:20:16.489 22610 22610 D nativeloader: Load /data/app/~~cMMqPc4QqcehGnNd1rV4Mw==/dev.souschef.app-iBav3zEwDhB_8ElEFXzvrA==/base.apk!/lib/arm64-v8a/libc++_shared.so using class loader ns clns-10 (caller=/data/app/~~cMMqPc4QqcehGnNd1rV4Mw==/dev.souschef.app-iBav3zEwDhB_8ElEFXzvrA==/base.apk!classes20.dex): ok
11-23 21:20:16.503 22610 22610 D nativeloader: Load /data/app/~~cMMqPc4QqcehGnNd1rV4Mw==/dev.souschef.app-iBav3zEwDhB_8ElEFXzvrA==/base.apk!/lib/arm64-v8a/libjsi.so using class loader ns clns-10 (caller=/data/app/~~cMMqPc4QqcehGnNd1rV4Mw==/dev.souschef.app-iBav3zEwDhB_8ElEFXzvrA==/base.apk!classes20.dex): ok
11-23 21:20:16.517 22610 22610 D nativeloader: Load /data/app/~~cMMqPc4QqcehGnNd1rV4Mw==/dev.souschef.app-iBav3zEwDhB_8ElEFXzvrA==/base.apk!/lib/arm64-v8a/libfbjni.so using class loader ns clns-10 (caller=/data/app/~~cMMqPc4QqcehGnNd1rV4Mw==/dev.souschef.app-iBav3zEwDhB_8ElEFXzvrA==/base.apk!classes20.dex): ok
11-23 21:20:16.528 22610 22610 D nativeloader: Load /data/app/~~cMMqPc4QqcehGnNd1rV4Mw==/dev.souschef.app-iBav3zEwDhB_8ElEFXzvrA==/base.apk!/lib/arm64-v8a/libreactnative.so using class loader ns clns-10 (caller=/data/app/~~cMMqPc4QqcehGnNd1rV4Mw==/dev.souschef.app-iBav3zEwDhB_8ElEFXzvrA==/base.apk!classes20.dex): ok
11-23 21:20:16.528 22610 22610 D jni_lib_merge: Entering merged library JNI_OnLoad.
11-23 21:20:16.528 22610 22610 D jni_lib_merge: Preparing 12 pre-merged libs (including stub)
11-23 21:20:16.528 22610 22610 D jni_lib_merge: Preparing to register libfabricjni_so.  onload_func: 0x7a07264aa4
11-23 21:20:16.528 22610 22610 D jni_lib_merge: Preparing to register libreact_devsupportjni_so.  onload_func: 0x7a074820e4
11-23 21:20:16.528 22610 22610 D jni_lib_merge: Preparing to register libreact_featureflagsjni_so.  onload_func: 0x7a07491c38
11-23 21:20:16.528 22610 22610 D jni_lib_merge: Preparing to register libreact_newarchdefaults_so.  onload_func: 0x7a0751da3c
11-23 21:20:16.528 22610 22610 D jni_lib_merge: Preparing to register libreactnativeblob_so.  onload_func: 0x7a0770ec50
11-23 21:20:16.528 22610 22610 D jni_lib_merge: Preparing to register libreactnativejni_so.  onload_func: 0x7a07751bec
11-23 21:20:16.528 22610 22610 D jni_lib_merge: Preparing to register libreactnativejni_common_so.  onload_func: 0x7a07762610
11-23 21:20:16.528 22610 22610 D jni_lib_merge: Preparing to register librninstance_so.  onload_func: 0x7a077aaecc
11-23 21:20:16.528 22610 22610 D jni_lib_merge: Preparing to register libturbomodulejsijni_so.  onload_func: 0x7a078c8a58
11-23 21:20:16.528 22610 22610 D jni_lib_merge: Preparing to register libuimanagerjni_so.  onload_func: 0x7a078e1a0c
11-23 21:20:16.529 22610 22610 D jni_lib_merge: Preparing to register libyoga_so.  onload_func: 0x7a078f1490
11-23 21:20:16.529 22610 22610 D jni_lib_merge: About to register 11 actual methods.
11-23 21:20:16.561 22610 22610 D nativeloader: Load /data/app/~~cMMqPc4QqcehGnNd1rV4Mw==/dev.souschef.app-iBav3zEwDhB_8ElEFXzvrA==/base.apk!/lib/arm64-v8a/libreact_codegen_rnscreens.so using class loader ns clns-10 (caller=/data/app/~~cMMqPc4QqcehGnNd1rV4Mw==/dev.souschef.app-iBav3zEwDhB_8ElEFXzvrA==/base.apk!classes20.dex): ok
11-23 21:20:16.561 22610 22610 D jni_lib_merge: Entering merged library JNI_OnLoad.
11-23 21:20:16.561 22610 22610 D jni_lib_merge: Preparing 12 pre-merged libs (including stub)
11-23 21:20:16.561 22610 22610 D jni_lib_merge: Preparing to register libfabricjni_so.  onload_func: 0x7a07264aa4
11-23 21:20:16.561 22610 22610 D jni_lib_merge: Preparing to register libreact_devsupportjni_so.  onload_func: 0x7a074820e4
11-23 21:20:16.561 22610 22610 D jni_lib_merge: Preparing to register libreact_featureflagsjni_so.  onload_func: 0x7a07491c38
11-23 21:20:16.561 22610 22610 D jni_lib_merge: Preparing to register libreact_newarchdefaults_so.  onload_func: 0x7a0751da3c
11-23 21:20:16.561 22610 22610 D jni_lib_merge: Preparing to register libreactnativeblob_so.  onload_func: 0x7a0770ec50
11-23 21:20:16.561 22610 22610 D jni_lib_merge: Preparing to register libreactnativejni_so.  onload_func: 0x7a07751bec
11-23 21:20:16.561 22610 22610 D jni_lib_merge: Preparing to register libreactnativejni_common_so.  onload_func: 0x7a07762610
11-23 21:20:16.561 22610 22610 D jni_lib_merge: Preparing to register librninstance_so.  onload_func: 0x7a077aaecc
11-23 21:20:16.561 22610 22610 D jni_lib_merge: Preparing to register libturbomodulejsijni_so.  onload_func: 0x7a078c8a58
11-23 21:20:16.561 22610 22610 D jni_lib_merge: Preparing to register libuimanagerjni_so.  onload_func: 0x7a078e1a0c
11-23 21:20:16.561 22610 22610 D jni_lib_merge: Preparing to register libyoga_so.  onload_func: 0x7a078f1490
11-23 21:20:16.561 22610 22610 D jni_lib_merge: About to register 11 actual methods.
11-23 21:20:16.573 22610 22610 D nativeloader: Load /data/app/~~cMMqPc4QqcehGnNd1rV4Mw==/dev.souschef.app-iBav3zEwDhB_8ElEFXzvrA==/base.apk!/lib/arm64-v8a/libreact_codegen_rnsvg.so using class loader ns clns-10 (caller=/data/app/~~cMMqPc4QqcehGnNd1rV4Mw==/dev.souschef.app-iBav3zEwDhB_8ElEFXzvrA==/base.apk!classes20.dex): ok
11-23 21:20:16.573 22610 22610 D jni_lib_merge: Entering merged library JNI_OnLoad.
11-23 21:20:16.573 22610 22610 D jni_lib_merge: Preparing 12 pre-merged libs (including stub)
11-23 21:20:16.573 22610 22610 D jni_lib_merge: Preparing to register libfabricjni_so.  onload_func: 0x7a07264aa4
11-23 21:20:16.573 22610 22610 D jni_lib_merge: Preparing to register libreact_devsupportjni_so.  onload_func: 0x7a074820e4
11-23 21:20:16.573 22610 22610 D jni_lib_merge: Preparing to register libreact_featureflagsjni_so.  onload_func: 0x7a07491c38
11-23 21:20:16.573 22610 22610 D jni_lib_merge: Preparing to register libreact_newarchdefaults_so.  onload_func: 0x7a0751da3c
11-23 21:20:16.573 22610 22610 D jni_lib_merge: Preparing to register libreactnativeblob_so.  onload_func: 0x7a0770ec50
11-23 21:20:16.573 22610 22610 D jni_lib_merge: Preparing to register libreactnativejni_so.  onload_func: 0x7a07751bec
11-23 21:20:16.573 22610 22610 D jni_lib_merge: Preparing to register libreactnativejni_common_so.  onload_func: 0x7a07762610
11-23 21:20:16.573 22610 22610 D jni_lib_merge: Preparing to register librninstance_so.  onload_func: 0x7a077aaecc
11-23 21:20:16.573 22610 22610 D jni_lib_merge: Preparing to register libturbomodulejsijni_so.  onload_func: 0x7a078c8a58
11-23 21:20:16.573 22610 22610 D jni_lib_merge: Preparing to register libuimanagerjni_so.  onload_func: 0x7a078e1a0c
11-23 21:20:16.573 22610 22610 D jni_lib_merge: Preparing to register libyoga_so.  onload_func: 0x7a078f1490
11-23 21:20:16.573 22610 22610 D jni_lib_merge: About to register 11 actual methods.
11-23 21:20:16.584 22610 22610 D nativeloader: Load /data/app/~~cMMqPc4QqcehGnNd1rV4Mw==/dev.souschef.app-iBav3zEwDhB_8ElEFXzvrA==/base.apk!/lib/arm64-v8a/libreact_codegen_safeareacontext.so using class loader ns clns-10 (caller=/data/app/~~cMMqPc4QqcehGnNd1rV4Mw==/dev.souschef.app-iBav3zEwDhB_8ElEFXzvrA==/base.apk!classes20.dex): ok
11-23 21:20:16.595 22610 22610 D nativeloader: Load /data/app/~~cMMqPc4QqcehGnNd1rV4Mw==/dev.souschef.app-iBav3zEwDhB_8ElEFXzvrA==/base.apk!/lib/arm64-v8a/libreact_codegen_rnpicker.so using class loader ns clns-10 (caller=/data/app/~~cMMqPc4QqcehGnNd1rV4Mw==/dev.souschef.app-iBav3zEwDhB_8ElEFXzvrA==/base.apk!classes20.dex): ok
11-23 21:20:16.595 22610 22610 D jni_lib_merge: Entering merged library JNI_OnLoad.
11-23 21:20:16.595 22610 22610 D jni_lib_merge: Preparing 12 pre-merged libs (including stub)
11-23 21:20:16.595 22610 22610 D jni_lib_merge: Preparing to register libfabricjni_so.  onload_func: 0x7a07264aa4
11-23 21:20:16.595 22610 22610 D jni_lib_merge: Preparing to register libreact_devsupportjni_so.  onload_func: 0x7a074820e4
11-23 21:20:16.595 22610 22610 D jni_lib_merge: Preparing to register libreact_featureflagsjni_so.  onload_func: 0x7a07491c38
11-23 21:20:16.595 22610 22610 D jni_lib_merge: Preparing to register libreact_newarchdefaults_so.  onload_func: 0x7a0751da3c
11-23 21:20:16.595 22610 22610 D jni_lib_merge: Preparing to register libreactnativeblob_so.  onload_func: 0x7a0770ec50
11-23 21:20:16.595 22610 22610 D jni_lib_merge: Preparing to register libreactnativejni_so.  onload_func: 0x7a07751bec
11-23 21:20:16.595 22610 22610 D jni_lib_merge: Preparing to register libreactnativejni_common_so.  onload_func: 0x7a07762610
11-23 21:20:16.595 22610 22610 D jni_lib_merge: Preparing to register librninstance_so.  onload_func: 0x7a077aaecc
11-23 21:20:16.595 22610 22610 D jni_lib_merge: Preparing to register libturbomodulejsijni_so.  onload_func: 0x7a078c8a58
11-23 21:20:16.595 22610 22610 D jni_lib_merge: Preparing to register libuimanagerjni_so.  onload_func: 0x7a078e1a0c
11-23 21:20:16.595 22610 22610 D jni_lib_merge: Preparing to register libyoga_so.  onload_func: 0x7a078f1490
11-23 21:20:16.595 22610 22610 D jni_lib_merge: About to register 11 actual methods.
11-23 21:20:16.602 22610 22610 D nativeloader: Load /data/app/~~cMMqPc4QqcehGnNd1rV4Mw==/dev.souschef.app-iBav3zEwDhB_8ElEFXzvrA==/base.apk!/lib/arm64-v8a/libappmodules.so using class loader ns clns-10 (caller=/data/app/~~cMMqPc4QqcehGnNd1rV4Mw==/dev.souschef.app-iBav3zEwDhB_8ElEFXzvrA==/base.apk!classes20.dex): ok
11-23 21:20:16.632 22610 22610 I Choreographer: Skipped 44 frames!  The application may be doing too much work on its main thread.
11-23 21:20:16.643 22610 22643 I InstrConnection: Could not send broadcast or register receiver (isolatedProcess?)
11-23 21:20:16.647 22610 22643 D TestRequestBuilder: Using class path scanning to discover tests
11-23 21:20:16.648 22610 22643 I TestRequestBuilder: Scanning classpath to find tests in paths [/data/app/~~cT0nUzgItyvjFeqdK-jcWA==/dev.souschef.app.test-Z8t0Ik2vy0UdG-f2m0BU3Q==/base.apk]
11-23 21:20:16.648 22610 22643 W ev.souschef.app: Opening an oat file without a class loader. Are you using the deprecated DexFile APIs?
11-23 21:20:17.369 22610 22643 I TestRunner: run started: 1 tests
11-23 21:20:17.369 22610 22643 I TestRunner: started: runDetoxTests(dev.souschef.app.DetoxTest)
11-23 21:20:17.379 22610 22643 I Detox   : Detox server connection details: url=ws://localhost:8099, sessionId=sous-chef-e2e
11-23 21:20:17.387 22610 22643 W FileTestStorage: Output properties is not supported.
11-23 21:20:17.388 22610 22643 I Tracing : Tracer added: class androidx.test.platform.tracing.AndroidXTracer
11-23 21:20:17.401 22610 22643 D EventInjectionStrategy: Creating injection strategy with input manager.
11-23 21:20:17.402 22610 22643 I ev.souschef.app: hiddenapi: Accessing hidden method Landroid/hardware/input/InputManager;->getInstance()Landroid/hardware/input/InputManager; (runtime_flags=0, domain=platform, api=unsupported) from Landroidx/test/espresso/base/InputManagerEventInjectionStrategy; (domain=app) using reflection: allowed
11-23 21:20:17.403 22610 22643 I ev.souschef.app: hiddenapi: Accessing hidden method Landroid/hardware/input/InputManager;->injectInputEvent(Landroid/view/InputEvent;I)Z (runtime_flags=0, domain=platform, api=unsupported) from Landroidx/test/espresso/base/InputManagerEventInjectionStrategy; (domain=app) using reflection: allowed
11-23 21:20:17.403 22610 22643 I ev.souschef.app: hiddenapi: Accessing hidden field Landroid/hardware/input/InputManager;->INJECT_INPUT_EVENT_MODE_WAIT_FOR_FINISH:I (runtime_flags=0, domain=platform, api=unsupported) from Landroidx/test/espresso/base/InputManagerEventInjectionStrategy; (domain=app) using reflection: allowed
11-23 21:20:17.411 22610 22643 I ev.souschef.app: hiddenapi: Accessing hidden field Ljava/lang/reflect/Field;->accessFlags:I (runtime_flags=0, domain=core-platform, api=unsupported) from Lorg/joor/Reflect; (domain=app) using reflection: allowed
11-23 21:20:17.416 22610 22643 I Detox   : Connecting to server...
11-23 21:20:17.416 22610 22643 I DetoxWSClient: At connectToServer
11-23 21:20:17.493 22610 22659 D DetoxWSClient: At onOpen
11-23 21:20:17.493 22610 22659 I DetoxWSClient: Sending out action 'login' (ID #0)
11-23 21:20:17.493 22610 22659 I Detox   : Connected to server!
11-23 21:20:17.497 22610 22659 D DetoxWSClient: Received action 'loginSuccess' (ID #0, params={"testerConnected":true,"appConnected":true})
11-23 21:20:17.497 22610 22655 I DetoxDispatcher: Handling action 'loginSuccess' (ID #0)...
11-23 21:20:17.497 22610 22643 I Detox   : Launching the tested activity!
11-23 21:20:17.497 22610 22655 I DetoxDispatcher: Done with action 'loginSuccess'
11-23 21:20:17.537 22610 22659 D DetoxWSClient: Received action 'isReady' (ID #-1000, params={})
11-23 21:20:17.537 22610 22655 I DetoxDispatcher: Handling action 'isReady' (ID #-1000)...
11-23 21:20:17.550 22610 22610 D ActivityThread: dev.souschef.app will use render engine as VK
11-23 21:20:17.550 22610 22610 D HWUI    : HWUI - treat SMPTE_170M as sRGB
11-23 21:20:17.551 22610 22671 I DisplayManager: Choreographer implicitly registered for the refresh rate.
11-23 21:20:17.553 22610 22671 D HWUI    : CacheManager constructor. deviceInfo=(1080, 1920)
11-23 21:20:17.556 22610 22671 I AdrenoGLES-0: QUALCOMM build                   : 0c393b63cf, I94e2bd5684
11-23 21:20:17.556 22610 22671 I AdrenoGLES-0: Build Date                       : 05/02/25
11-23 21:20:17.556 22610 22671 I AdrenoGLES-0: OpenGL ES Shader Compiler Version: EV031.36.08.33
11-23 21:20:17.556 22610 22671 I AdrenoGLES-0: Local Branch                     : 
11-23 21:20:17.556 22610 22671 I AdrenoGLES-0: Remote Branch                    : refs/tags/AU_LINUX_ANDROID_LA.VENDOR.1.0.R1.11.00.00.816.269
11-23 21:20:17.556 22610 22671 I AdrenoGLES-0: Remote Branch                    : NONE
11-23 21:20:17.556 22610 22671 I AdrenoGLES-0: Reconstruct Branch               : NOTHING
11-23 21:20:17.556 22610 22671 I AdrenoGLES-0: Build Config                     : S P 12.1.1 AArch64
11-23 21:20:17.556 22610 22671 I AdrenoGLES-0: Driver Path                      : /vendor/lib64/egl/libGLESv2_adreno.so
11-23 21:20:17.556 22610 22671 I AdrenoGLES-0: Driver Version                   : 0615.98
11-23 21:20:17.568 22610 22671 I AdrenoGLES-0: PFP: 0x01730181, ME: 0x00000000
11-23 21:20:17.574 22610 22671 W Adreno-AppProfiles: Could not find QSPM HAL service. Skipping adreno profile processing.
11-23 21:20:17.575 22610 22610 D AppCompatDelegate: Checking for metadata for AppLocalesMetadataHolderService : Service not found
11-23 21:20:17.579 22610 22610 D LifecycleMonitor: Lifecycle status change: dev.souschef.app.MainActivity@d25bfb8 in: PRE_ON_CREATE
11-23 21:20:17.598 22610 22610 I NitroMmkvOnLoad: Loading NitroMmkv C++ library...
11-23 21:20:17.600 22610 22610 D nativeloader: Load /data/app/~~cMMqPc4QqcehGnNd1rV4Mw==/dev.souschef.app-iBav3zEwDhB_8ElEFXzvrA==/base.apk!/lib/arm64-v8a/libNitroMmkv.so using class loader ns clns-10 (caller=/data/app/~~cMMqPc4QqcehGnNd1rV4Mw==/dev.souschef.app-iBav3zEwDhB_8ElEFXzvrA==/base.apk!classes7.dex): ok
11-23 21:20:17.600 22610 22610 I Nitro.HybridObjectRegistry: Registering HybridObject "MMKVFactory"...
11-23 21:20:17.600 22610 22610 I Nitro.HybridObjectRegistry: Successfully registered HybridObject "MMKVFactory"!
11-23 21:20:17.600 22610 22610 I Nitro.HybridObjectRegistry: Registering HybridObject "MMKVPlatformContext"...
11-23 21:20:17.600 22610 22610 I Nitro.HybridObjectRegistry: Successfully registered HybridObject "MMKVPlatformContext"!
11-23 21:20:17.600 22610 22610 I NitroMmkvOnLoad: Successfully loaded NitroMmkv C++ library!
11-23 21:20:17.611 22610 22610 D nativeloader: Load /data/app/~~cMMqPc4QqcehGnNd1rV4Mw==/dev.souschef.app-iBav3zEwDhB_8ElEFXzvrA==/base.apk!/lib/arm64-v8a/libhermesvm.so using class loader ns clns-10 (caller=/data/app/~~cMMqPc4QqcehGnNd1rV4Mw==/dev.souschef.app-iBav3zEwDhB_8ElEFXzvrA==/base.apk!classes20.dex): ok
11-23 21:20:17.612 22610 22610 D nativeloader: Load /data/app/~~cMMqPc4QqcehGnNd1rV4Mw==/dev.souschef.app-iBav3zEwDhB_8ElEFXzvrA==/base.apk!/lib/arm64-v8a/libhermestooling.so using class loader ns clns-10 (caller=/data/app/~~cMMqPc4QqcehGnNd1rV4Mw==/dev.souschef.app-iBav3zEwDhB_8ElEFXzvrA==/base.apk!classes20.dex): ok
11-23 21:20:17.612 22610 22610 D jni_lib_merge: Entering merged library JNI_OnLoad.
11-23 21:20:17.612 22610 22610 D jni_lib_merge: Preparing 4 pre-merged libs (including stub)
11-23 21:20:17.612 22610 22610 D jni_lib_merge: Preparing to register libhermes_executor_so.  onload_func: 0x7969aaf400
11-23 21:20:17.612 22610 22610 D jni_lib_merge: Preparing to register libhermesinstancejni_so.  onload_func: 0x7969ae5848
11-23 21:20:17.612 22610 22610 D jni_lib_merge: Preparing to register libjsijniprofiler_so.  onload_func: 0x7969ae788c
11-23 21:20:17.612 22610 22610 D jni_lib_merge: About to register 3 actual methods.
11-23 21:20:17.629 22610 22610 D SensorManager: registerListener :: 11, lsm6dso LSM6DSO Accelerometer Non-wakeup, 66667, 0, 
11-23 21:20:17.659 22610 22610 W unknown:BridgelessReact: ReactHost{0}.startSurface(surfaceId = 0): Schedule
11-23 21:20:17.659 22610 22610 W unknown:BridgelessReact: ReactHost{0}.attachSurface(surfaceId = 0)
11-23 21:20:17.660 22610 22683 W unknown:BridgelessReact: ReactHost{0}.getOrCreateReactInstanceTask()
11-23 21:20:17.660 22610 22683 W unknown:BridgelessReact: ReactHost{0}.getOrCreateReactInstanceTask(): Start
11-23 21:20:17.660 22610 22683 D Detox.RNMarker: REACT_BRIDGELESS_LOADING_START (null)
11-23 21:20:17.660 22610 22683 W unknown:BridgelessReact: ReactHost{0}.getJSBundleLoader()
11-23 21:20:17.660 22610 22683 W unknown:BridgelessReact: ReactHost{0}.isMetroRunning()
11-23 21:20:17.662 22610 22610 D CompatChangeReporter: Compat change id reported: 377864165; UID 11181; state: ENABLED
11-23 21:20:17.663 22610 22610 D DesktopModeFlags: Toggle override initialized to: OVERRIDE_UNSET
11-23 21:20:17.667 22610 22610 I DecorView: setWindowBackground: isPopOver=false color=fffafafa d=android.graphics.drawable.ColorDrawable@67529f
11-23 21:20:17.671 22610 22610 I ev.souschef.app: hiddenapi: Accessing hidden method Landroid/view/ViewGroup;->makeOptionalFitsSystemWindows()V (runtime_flags=0, domain=platform, api=unsupported) from Landroidx/appcompat/widget/ViewUtils; (domain=app) using reflection: allowed
11-23 21:20:17.672 22610 22610 D LifecycleMonitor: Lifecycle status change: dev.souschef.app.MainActivity@d25bfb8 in: CREATED
11-23 21:20:17.673 22610 22610 D LifecycleMonitor: Lifecycle status change: dev.souschef.app.MainActivity@d25bfb8 in: STARTED
11-23 21:20:17.675 22610 22684 W unknown:BridgelessReact: ReactHost{0}.isMetroRunning(): Async result = true
11-23 21:20:17.677 22610 22610 W unknown:BridgelessReact: ReactHost{0}.onHostResume(activity)
11-23 21:20:17.677 22610 22610 W unknown:ReactNative: Packager connection already open, nooping.
11-23 21:20:17.677 22610 22610 D LifecycleMonitor: Lifecycle status change: dev.souschef.app.MainActivity@d25bfb8 in: RESUMED
11-23 21:20:17.677 22610 22683 W unknown:BridgelessReact: ReactHost{0}.loadJSBundleFromMetro()
11-23 21:20:17.679 22610 22683 D Detox.RNMarker: DOWNLOAD_START (null)
11-23 21:20:17.682 22610 22610 D ViewRootImpl: desktopMode is false
11-23 21:20:17.684 22610 22610 I ViewRootImpl: dVRR is disabled
11-23 21:20:17.684 22610 22610 D HardwareRenderer: onDisplayChanged. displayId=0 current wxh=1440x3088 mLargest wxh=0x0
11-23 21:20:17.684 22610 22610 D HardwareRenderer: Set largestWidth and largestHeight as logical resolution. (1440x3088)
11-23 21:20:17.684 22610 22671 D HWUI    : setMaxSurfaceArea requested wxh=(1440,3088) requestedSurfaceArea(4446720) mMaxSurfaceArea(2073600)
11-23 21:20:17.685 22610 22671 D NativeCustomFrequencyManager: [NativeCFMS] BpCustomFrequencyManager::BpCustomFrequencyManager()
11-23 21:20:17.692 22610 22610 D InputTransport: Input channel constructed: '1d291e2', fd=143
11-23 21:20:17.692 22610 22610 I InsetsController: onStateChanged: host=dev.souschef.app/dev.souschef.app.MainActivity, from=android.view.ViewRootImpl.onInsetsStateChanged:3026, state=InsetsState: {mDisplayFrame=Rect(0, 0 - 1440, 3088), mDisplayCutout=DisplayCutout{insets=Rect(0, 100 - 0, 0) waterfall=Insets{left=0, top=0, right=0, bottom=0} boundingRect={Bounds=[Rect(0, 0 - 0, 0), Rect(683, 0 - 758, 100), Rect(0, 0 - 0, 0), Rect(0, 0 - 0, 0)]} cutoutPathParserInfo={CutoutPathParserInfo{displayWidth=1440 displayHeight=3088 physicalDisplayWidth=1440 physicalDisplayHeight=3088 density={3.75} cutoutSpec={M 0,0 H -10 V 26.66666666666667 H 10 V 0 H 0 Z @dp} rotation={0} scale={1.0} physicalPixelDisplaySizeRatio={1.0}}} sideOverrides={}}, mRoundedCorners=RoundedCorners{[RoundedCorner{position=TopLeft, radius=15, center=Point(15, 15)}, RoundedCorner{position=TopRight, radius=15, center=Point(1425, 15)}, RoundedCorner{position=BottomRight, radius=15, center=Point(1425, 3073)}, RoundedCorner{position=BottomLeft, radius=15, center=Point(15, 3073)}]}  mRoundedCornerFrame=Rect(0, 0 - 1440, 3088), mPrivacyIndicatorBounds=PrivacyIndicatorBounds {static bounds=Rect(1275, 0 - 1440, 100) rotation=0}, mDisplayShape=DisplayShape{ spec=-311912193 displayWidth=1440 displayHeight=3088 physicalPixelDisplaySizeRatio=1.0 rotation=0 offsetX=0 offsetY=0 scale=1.0}, mSources= { InsetsSource: {b11d0001 mType=navigationBars mFrame=[0,3032][1440,3088] mVisible=true mFlags=SUPPRESS_SCRIM mSideHint=BOTTOM mBoundingRects=null}, InsetsSource: {b11d0004 mType=systemGestures mFrame=[0,0][84,3088] mVisible=true mFlags= mSideHint=LEFT mBoundingRects=null}, InsetsSource: {b11d0005 mType=mandatorySystemGestures mFrame=[0,2968][1440,3088] mVisible=true mFlags= mSideHint=BOTTOM mBoundingRects=null}, InsetsSource: {b11d0006 mType=tappableElement mFrame=[0,0][0,0] mVisible=true mFlags= mSideHint=NONE mBoundingRects=null}, InsetsSource: {b11d0024 mType=systemGestures mFrame=[1356,0][1440,3088] mVisible=true mFlags= mSideHint=RIGHT mBoundingRects=null}, InsetsSource: {ecac0000 mType=statusBars mFrame=[0,0][1440,100] mVisible=true mFlags= mSideHint=TOP mBoundingRects=null}, InsetsSource: {ecac0005 mType=mandatorySystemGestures mFrame=[0,0][1440,145] mVisible=true mFlags= mSideHint=TOP mBoundingRects=null}, InsetsSource: {ecac0006 mType=tappableElement mFrame=[0,0][1440,100] mVisible=true mFlags= mSideHint=TOP mBoundingRects=null}, InsetsSource: {3 mType=ime mFrame=[0,0][0,0] mVisible=false mFlags= mSideHint=NONE mBoundingRects=null}, InsetsSource: {27 mType=displayCutout mFrame=[0,0][1440,100] mVisible=true mFlags= mSideHint=TOP mBoundingRects=null} }
11-23 21:20:17.693 22610 22610 I VRI[MainActivity]@8e53a52: synced displayState. AttachInfo displayState=2
11-23 21:20:17.695 22610 22610 I VRI[MainActivity]@8e53a52: setView = com.android.internal.policy.DecorView@f78a99e IsHRR=false mFlingFrameRateChange=0 TM=false
11-23 21:20:17.695 22610 22610 I IDS_TAG : Starting IDS observe window
11-23 21:20:17.695 22610 22610 I IDS_TAG : Getting Shared Preference for dev.souschef.app.MainApplication@a30e246 uid = 11181
11-23 21:20:17.696 22610 22610 I IDS_TAG : App dev.souschef.app.MainApplication@a30e246 has not finished training
11-23 21:20:17.698 22610 22610 I IDS_TAG : Background Changed updated UI for IDS
11-23 21:20:17.701 22610 22610 I IDS_TAG : View Inflated updated UI for IDS
11-23 21:20:17.702 22610 22610 I WindowManager: WindowManagerGlobal#addView, ty=1000, view=android.widget.PopupWindow$PopupDecorView{2bced11 V.E...... R.....I. 0,0-0,0}, caller=android.view.WindowManagerImpl.addView:158 android.widget.PopupWindow.invokePopup:1692 android.widget.PopupWindow.showAtLocation:1418 
11-23 21:20:17.702 22610 22610 D ViewRootImpl: desktopMode is false
11-23 21:20:17.702 22610 22610 I ViewRootImpl: dVRR is disabled
11-23 21:20:17.703 22610 22671 D NativeCustomFrequencyManager: [NativeCFMS] BpCustomFrequencyManager::BpCustomFrequencyManager()
11-23 21:20:17.705 22610 22610 E WindowManager: Couldn't add view: android.widget.PopupWindow$PopupDecorView{2bced11 V.E...... R.....I. 0,0-0,0}
11-23 21:20:17.705 22610 22610 E WindowManager: android.view.WindowManager$BadTokenException: Unable to add window -- token null is not valid; is your activity running?
11-23 21:20:17.705 22610 22610 E WindowManager: 	at android.view.ViewRootImpl.setView(ViewRootImpl.java:2042)
11-23 21:20:17.705 22610 22610 E WindowManager: 	at android.view.WindowManagerGlobal.addView(WindowManagerGlobal.java:604)
11-23 21:20:17.705 22610 22610 E WindowManager: 	at android.view.WindowManagerImpl.addView(WindowManagerImpl.java:158)
11-23 21:20:17.705 22610 22610 E WindowManager: 	at android.widget.PopupWindow.invokePopup(PopupWindow.java:1692)
11-23 21:20:17.705 22610 22610 E WindowManager: 	at android.widget.PopupWindow.showAtLocation(PopupWindow.java:1418)
11-23 21:20:17.705 22610 22610 E WindowManager: 	at android.widget.PopupWindow.showAtLocation(PopupWindow.java:1384)
11-23 21:20:17.705 22610 22610 E WindowManager: 	at com.facebook.react.devsupport.DefaultDevLoadingViewImplementation.showInternal(DefaultDevLoadingViewImplementation.kt:94)
11-23 21:20:17.705 22610 22610 E WindowManager: 	at com.facebook.react.devsupport.DefaultDevLoadingViewImplementation.showMessage$lambda$0(DefaultDevLoadingViewImplementation.kt:39)
11-23 21:20:17.705 22610 22610 E WindowManager: 	at com.facebook.react.devsupport.DefaultDevLoadingViewImplementation.$r8$lambda$Ocmkqkmh3lajgBQuKhYFJfMXqgE(Unknown Source:0)
11-23 21:20:17.705 22610 22610 E WindowManager: 	at com.facebook.react.devsupport.DefaultDevLoadingViewImplementation$$ExternalSyntheticLambda2.run(D8$$SyntheticClass:0)
11-23 21:20:17.705 22610 22610 E WindowManager: 	at android.os.Handler.handleCallback(Handler.java:995)
11-23 21:20:17.705 22610 22610 E WindowManager: 	at android.os.Handler.dispatchMessage(Handler.java:103)
11-23 21:20:17.705 22610 22610 E WindowManager: 	at android.os.Looper.loopOnce(Looper.java:273)
11-23 21:20:17.705 22610 22610 E WindowManager: 	at android.os.Looper.loop(Looper.java:363)
11-23 21:20:17.705 22610 22610 E WindowManager: 	at android.app.ActivityThread.main(ActivityThread.java:10060)
11-23 21:20:17.705 22610 22610 E WindowManager: 	at java.lang.reflect.Method.invoke(Native Method)
11-23 21:20:17.705 22610 22610 E WindowManager: 	at com.android.internal.os.RuntimeInit$MethodAndArgsCaller.run(RuntimeInit.java:632)
11-23 21:20:17.705 22610 22610 E WindowManager: 	at com.android.internal.os.ZygoteInit.main(ZygoteInit.java:975)
11-23 21:20:17.705 22610 22610 I WindowManager: WindowManagerGlobal#removeView, ty=1000, view=android.widget.PopupWindow$PopupDecorView{2bced11 V.E...... R.....I. 0,0-0,0}, caller=android.view.WindowManagerGlobal.addView:611 android.view.WindowManagerImpl.addView:158 android.widget.PopupWindow.invokePopup:1692 
11-23 21:20:17.706 22610 22671 D HWUI    : CacheManager::trimMemory(20)
11-23 21:20:17.706 22610 22610 E unknown:ReactNative: Unable to display loading message because react activity isn't active, message: Loading from localhost:8081…
11-23 21:20:17.706 22610 22671 D HWUI    : HWUI - treat SMPTE_170M as sRGB
11-23 21:20:17.707 22610 22610 I IDS_TAG : Closing IDS observe window
11-23 21:20:17.707 22610 22610 I IDS_TAG : Getting Shared Preference for dev.souschef.app.MainApplication@a30e246 uid = 11181
11-23 21:20:17.707 22610 22610 I IDS_TAG : IDS disabled for dev.souschef.app.MainApplication@a30e246
11-23 21:20:17.707 22610 22610 I IDS_TAG : IDS count updated to -1 for dev.souschef.app.MainApplication@a30e246
11-23 21:20:17.724 22610 22610 E ev.souschef.app: Unable to open libpenguin.so: dlopen failed: library "libpenguin.so" not found.
11-23 21:20:17.724 22610 22610 W libc    : Access denied finding property "vendor.display.enable_optimal_refresh_rate"
11-23 21:20:17.724 22610 22610 I BufferQueueProducer: [](id:585200000000,api:0,p:497372688,c:22610) setDequeueTimeout:2077252342
11-23 21:20:17.724 22610 22610 I BLASTBufferQueue_Java: new BLASTBufferQueue, mName= VRI[MainActivity]@8e53a52 mNativeObject= 0xb400007adda683b0 caller= android.view.ViewRootImpl.updateBlastSurfaceIfNeeded:3585 android.view.ViewRootImpl.relayoutWindow:11685 android.view.ViewRootImpl.performTraversals:4804 android.view.ViewRootImpl.doTraversal:3924 android.view.ViewRootImpl$TraversalRunnable.run:12903 android.view.Choreographer$CallbackRecord.run:1901 android.view.Choreographer$CallbackRecord.run:1910 android.view.Choreographer.doCallbacks:1367 android.view.Choreographer.doFrame:1292 android.view.Choreographer$FrameDisplayEventReceiver.run:1870 
11-23 21:20:17.724 22610 22610 I BLASTBufferQueue_Java: update, w= 1440 h= 3088 mName = VRI[MainActivity]@8e53a52 mNativeObject= 0xb400007adda683b0 sc.mNativeObject= 0xb400007b7da38150 format= -1 caller= android.view.ViewRootImpl.updateBlastSurfaceIfNeeded:3590 android.view.ViewRootImpl.relayoutWindow:11685 android.view.ViewRootImpl.performTraversals:4804 android.view.ViewRootImpl.doTraversal:3924 android.view.ViewRootImpl$TraversalRunnable.run:12903 android.view.Choreographer$CallbackRecord.run:1901 
11-23 21:20:17.725 22610 22610 W libc    : Access denied finding property "vendor.display.enable_optimal_refresh_rate"
11-23 21:20:17.725 22610 22610 I VRI[MainActivity]@8e53a52: Relayout returned: old=(0,0,1440,3088) new=(0,0,1440,3088) relayoutAsync=false req=(1440,3088)0 dur=10 res=0x3 s={true 0xb400007beda54050} ch=true seqId=0
11-23 21:20:17.726 22610 22610 I VRI[MainActivity]@8e53a52: performConfigurationChange setNightDimText nightDimLevel=0
11-23 21:20:17.726 22610 22610 D VRI[MainActivity]@8e53a52: mThreadedRenderer.initialize() mSurface={isValid=true 0xb400007beda54050} hwInitialized=true
11-23 21:20:17.727 22610 22610 D VRI[MainActivity]@8e53a52: reportNextDraw android.view.ViewRootImpl.performTraversals:5443 android.view.ViewRootImpl.doTraversal:3924 android.view.ViewRootImpl$TraversalRunnable.run:12903 android.view.Choreographer$CallbackRecord.run:1901 android.view.Choreographer$CallbackRecord.run:1910 
11-23 21:20:17.727 22610 22610 D VRI[MainActivity]@8e53a52: Setup new sync=wmsSync-VRI[MainActivity]@8e53a52#0
11-23 21:20:17.728 22610 22610 I VRI[MainActivity]@8e53a52: Creating new active sync group VRI[MainActivity]@8e53a52#1
11-23 21:20:17.728 22610 22610 D VRI[MainActivity]@8e53a52: registerCallbacksForSync syncBuffer=false
11-23 21:20:17.730 22610 22687 D VRI[MainActivity]@8e53a52: Received frameDrawingCallback syncResult=0 frameNum=1.
11-23 21:20:17.730 22610 22687 I VRI[MainActivity]@8e53a52: mWNT: t=0xb400007c8da62d90 mBlastBufferQueue=0xb400007adda683b0 fn= 1 HdrRenderState mRenderHdrSdrRatio=1.0 caller= android.view.ViewRootImpl$12.onFrameDraw:15441 android.view.ThreadedRenderer$1.onFrameDraw:718 <bottom of call stack> 
11-23 21:20:17.730 22610 22687 I VRI[MainActivity]@8e53a52: Setting up sync and frameCommitCallback
11-23 21:20:17.732 22610 22671 I BLASTBufferQueue: [VRI[MainActivity]@8e53a52#0](f:0,a:0,s:0) onFrameAvailable the first frame is available
11-23 21:20:17.732 22610 22671 I SurfaceComposerClient: apply transaction with the first frame. layerId: 58312, bufferData(ID: 97109210562562, frameNumber: 1)
11-23 21:20:17.732 22610 22671 I VRI[MainActivity]@8e53a52: Received frameCommittedCallback lastAttemptedDrawFrameNum=1 didProduceBuffer=true
11-23 21:20:17.733 22610 22671 D HWUI    : CFMS:: SetUp Pid : 22610    Tid : 22671
11-23 21:20:17.733 22610 22610 D VRI[MainActivity]@8e53a52: reportDrawFinished seqId=0
11-23 21:20:17.734 22610 22610 I InsetsSourceConsumer: applyRequestedVisibilityToControl: visible=true, type=statusBars, host=dev.souschef.app/dev.souschef.app.MainActivity
11-23 21:20:17.734 22610 22610 I InsetsSourceConsumer: applyRequestedVisibilityToControl: visible=true, type=navigationBars, host=dev.souschef.app/dev.souschef.app.MainActivity
11-23 21:20:17.750 22610 22610 D VRI[MainActivity]@8e53a52: mThreadedRenderer.initializeIfNeeded()#2 mSurface={isValid=true 0xb400007beda54050}
11-23 21:20:17.751 22610 22610 W unknown:BridgelessReact: ReactHost{0}.raiseSoftException(onWindowFocusChange(hasFocus = "true")): Tried to access onWindowFocusChange while context is not ready
11-23 21:20:17.752 22610 22610 E unknown:ReactHost: Unhandled SoftException
11-23 21:20:17.752 22610 22610 E unknown:ReactHost: com.facebook.react.bridge.ReactNoCrashSoftException: raiseSoftException(onWindowFocusChange(hasFocus = "true")): Tried to access onWindowFocusChange while context is not ready
11-23 21:20:17.752 22610 22610 E unknown:ReactHost: 	at com.facebook.react.runtime.ReactHostImpl.raiseSoftException(ReactHostImpl.kt:826)
11-23 21:20:17.752 22610 22610 E unknown:ReactHost: 	at com.facebook.react.runtime.ReactHostImpl.raiseSoftException$default(ReactHostImpl.kt:817)
11-23 21:20:17.752 22610 22610 E unknown:ReactHost: 	at com.facebook.react.runtime.ReactHostImpl.onWindowFocusChange(ReactHostImpl.kt:619)
11-23 21:20:17.752 22610 22610 E unknown:ReactHost: 	at com.facebook.react.ReactDelegate.onWindowFocusChanged(ReactDelegate.kt:232)
11-23 21:20:17.752 22610 22610 E unknown:ReactHost: 	at com.facebook.react.ReactActivityDelegate.onWindowFocusChanged(ReactActivityDelegate.java:236)
11-23 21:20:17.752 22610 22610 E unknown:ReactHost: 	at com.facebook.react.ReactActivity.onWindowFocusChanged(ReactActivity.java:158)
11-23 21:20:17.752 22610 22610 E unknown:ReactHost: 	at androidx.appcompat.view.WindowCallbackWrapper.onWindowFocusChanged(WindowCallbackWrapper.java:124)
11-23 21:20:17.752 22610 22610 E unknown:ReactHost: 	at com.android.internal.policy.DecorView.onWindowFocusChanged(DecorView.java:2430)
11-23 21:20:17.752 22610 22610 E unknown:ReactHost: 	at android.view.View.dispatchWindowFocusChanged(View.java:17541)
11-23 21:20:17.752 22610 22610 E unknown:ReactHost: 	at android.view.ViewGroup.dispatchWindowFocusChanged(ViewGroup.java:1542)
11-23 21:20:17.752 22610 22610 E unknown:ReactHost: 	at android.view.ViewRootImpl.dispatchFocusEvent(ViewRootImpl.java:5958)
11-23 21:20:17.752 22610 22610 E unknown:ReactHost: 	at android.view.ViewRootImpl.handleWindowFocusChanged(ViewRootImpl.java:5841)
11-23 21:20:17.752 22610 22610 E unknown:ReactHost: 	at android.view.ViewRootImpl.-$$Nest$mhandleWindowFocusChanged(Unknown Source:0)
11-23 21:20:17.752 22610 22610 E unknown:ReactHost: 	at android.view.ViewRootImpl$ViewRootHandler.handleMessageImpl(ViewRootImpl.java:8391)
11-23 21:20:17.752 22610 22610 E unknown:ReactHost: 	at android.view.ViewRootImpl$ViewRootHandler.handleMessage(ViewRootImpl.java:8301)
11-23 21:20:17.752 22610 22610 E unknown:ReactHost: 	at android.os.Handler.dispatchMessage(Handler.java:110)
11-23 21:20:17.752 22610 22610 E unknown:ReactHost: 	at android.os.Looper.loopOnce(Looper.java:273)
11-23 21:20:17.752 22610 22610 E unknown:ReactHost: 	at android.os.Looper.loop(Looper.java:363)
11-23 21:20:17.752 22610 22610 E unknown:ReactHost: 	at android.app.ActivityThread.main(ActivityThread.java:10060)
11-23 21:20:17.752 22610 22610 E unknown:ReactHost: 	at java.lang.reflect.Method.invoke(Native Method)
11-23 21:20:17.752 22610 22610 E unknown:ReactHost: 	at com.android.internal.os.RuntimeInit$MethodAndArgsCaller.run(RuntimeInit.java:632)
11-23 21:20:17.752 22610 22610 E unknown:ReactHost: 	at com.android.internal.os.ZygoteInit.main(ZygoteInit.java:975)
11-23 21:20:17.752 22610 22610 D InputMethodManagerUtils: startInputInner - Id : 0
11-23 21:20:17.752 22610 22610 I InputMethodManager: startInputInner - IInputMethodManagerGlobalInvoker.startInputOrWindowGainedFocus
11-23 21:20:17.761 22610 22610 I InputMethodManager: handleMessage: setImeVisibility visible=false
11-23 21:20:17.761 22610 22610 D InsetsController: hide(ime(), fromIme=false)
11-23 21:20:17.761 22610 22610 I ImeTracker: dev.souschef.app:162cbe80: onCancelled at PHASE_CLIENT_ALREADY_HIDDEN
11-23 21:20:17.765 22610 22619 D InputTransport: Input channel constructed: 'ClientS', fd=158
11-23 21:20:17.924 22610 22614 I ev.souschef.app: Compiler allocated 5101KB to compile void android.view.ViewRootImpl.performTraversals()
11-23 21:20:18.329 22610 22684 D Detox.RNMarker: DOWNLOAD_END ({"url":"http:\/\/localhost:8081\/index.bundle?platform=android&dev=true&lazy=true&minify=false&app=dev.souschef.app&modulesOnly=false&runModule=true&excludeSource=true&sourcePaths=url-server","filesChangedCount":0})
11-23 21:20:18.329 22610 22684 W unknown:BridgelessReact: ReactHost{0}.loadJSBundleFromMetro(): Creating BundleLoader
11-23 21:20:18.330 22610 22683 W unknown:BridgelessReact: ReactHost{0}.getOrCreateReactContext(): Creating BridgelessReactContext
11-23 21:20:18.331 22610 22683 W unknown:BridgelessReact: ReactHost{0}.getOrCreateReactInstanceTask(): Creating ReactInstance
11-23 21:20:18.354 22610 22701 D InstallReferrerState: OK
11-23 21:20:18.366 22610 22683 D nativeloader: Load /data/app/~~cMMqPc4QqcehGnNd1rV4Mw==/dev.souschef.app-iBav3zEwDhB_8ElEFXzvrA==/base.apk!/lib/arm64-v8a/libVisionCamera.so using class loader ns clns-10 (caller=/data/app/~~cMMqPc4QqcehGnNd1rV4Mw==/dev.souschef.app-iBav3zEwDhB_8ElEFXzvrA==/base.apk!classes9.dex): ok
11-23 21:20:18.367 22610 22683 I CameraManagerGlobal: Connecting to camera service
11-23 21:20:18.369 22610 22683 D VendorTagDescriptor: addVendorDescriptor: vendor tag id 14172875900359437128 added
11-23 21:20:18.371 22610 22692 I CameraManagerGlobal: Camera 0 facing CAMERA_FACING_BACK state now CAMERA_STATE_CLOSED for client com.ebay.mobile API Level 2 User Id 0Device Id 0
11-23 21:20:18.371 22610 22648 I CameraManagerGlobal: Camera 1 facing CAMERA_FACING_FRONT state now CAMERA_STATE_CLOSED for client com.samsung.android.smartface API Level 2 User Id 0Device Id 0
11-23 21:20:18.371 22610 22708 I CameraDevices: Initializing ProcessCameraProvider...
11-23 21:20:18.371 22610 22648 I CameraManagerGlobal: Camera 2 facing CAMERA_FACING_BACK state now CAMERA_STATE_CLOSED for client android.system API Level 2 User Id 0Device Id 0
11-23 21:20:18.371 22610 22648 I CameraManagerGlobal: Camera 20 facing CAMERA_FACING_BACK state now CAMERA_STATE_CLOSED for client com.sec.android.app.camera API Level 2 User Id 0Device Id 0
11-23 21:20:18.371 22610 22648 I CameraManagerGlobal: Camera 21 facing CAMERA_FACING_BACK state now CAMERA_STATE_CLOSED for client android.system API Level 2 User Id 0Device Id 0
11-23 21:20:18.372 22610 22648 I CameraManagerGlobal: Camera 23 facing CAMERA_FACING_BACK state now CAMERA_STATE_CLOSED for client android.system API Level 2 User Id 0Device Id 0
11-23 21:20:18.372 22610 22648 I CameraManagerGlobal: Camera 3 facing CAMERA_FACING_FRONT state now CAMERA_STATE_CLOSED for client android.system API Level 2 User Id 0Device Id 0
11-23 21:20:18.372 22610 22648 I CameraManagerGlobal: Camera 4 facing CAMERA_FACING_FRONT state now CAMERA_STATE_CLOSED for client client.pid<1892> API Level 2 User Id 0Device Id 0
11-23 21:20:18.372 22610 22648 I CameraManagerGlobal: Camera 52 facing CAMERA_FACING_BACK state now CAMERA_STATE_CLOSED for client android.system API Level 2 User Id 0Device Id 0
11-23 21:20:18.372 22610 22648 I CameraManagerGlobal: Camera 54 facing CAMERA_FACING_BACK state now CAMERA_STATE_CLOSED for client android.system API Level 2 User Id 0Device Id 0
11-23 21:20:18.372 22610 22648 I CameraManagerGlobal: Camera 56 facing CAMERA_FACING_BACK state now CAMERA_STATE_CLOSED for client com.sec.android.app.camera API Level 2 User Id 0Device Id 0
11-23 21:20:18.372 22610 22648 I CameraManagerGlobal: Camera 58 facing CAMERA_FACING_BACK state now CAMERA_STATE_CLOSED for client android.system API Level 2 User Id 0Device Id 0
11-23 21:20:18.372 22610 22648 I CameraManagerGlobal: Camera 90 facing CAMERA_FACING_FRONT state now CAMERA_STATE_CLOSED for client android.system API Level 2 User Id 0Device Id 0
11-23 21:20:18.377 22610 22708 D QuirkSettingsLoader: QuirkSettings$MetadataHolderService is not found.
11-23 21:20:18.377 22610 22708 D CameraX : QuirkSettings from app metadata: null
11-23 21:20:18.377 22610 22708 D CameraX : QuirkSettings by default: QuirkSettings{enabledWhenDeviceHasQuirk=true, forceEnabledQuirks=[], forceDisabledQuirks=[]}
11-23 21:20:18.381 22610 22710 D DeviceQuirks: camera2 DeviceQuirks = ZslDisablerQuirk
11-23 21:20:18.396 22610 22710 D CameraRepository: Added camera: 0
11-23 21:20:18.400 22610 22710 D CameraQuirks: camera2 CameraQuirks = 
11-23 21:20:18.406 22610 22710 I Camera2CameraInfo: Device Level: INFO_SUPPORTED_HARDWARE_LEVEL_3
11-23 21:20:18.407 22610 22710 I CameraManager: registerAvailabilityCallback: Is device callback = false
11-23 21:20:18.407 22610 22710 I CameraManagerGlobal: postSingleUpdate device: camera id 0 status STATUS_PRESENT
11-23 21:20:18.408 22610 22710 I CameraManagerGlobal: postSingleUpdate device: camera id 1 status STATUS_PRESENT
11-23 21:20:18.408 22610 22710 I CameraManagerGlobal: postSingleUpdate device: camera id 2 status STATUS_PRESENT
11-23 21:20:18.408 22610 22710 I CameraManagerGlobal: postSingleUpdate device: camera id 3 status STATUS_PRESENT
11-23 21:20:18.408 22610 22710 D CameraRepository: Added camera: 1
11-23 21:20:18.408 22610 22710 D CameraQuirks: camera2 CameraQuirks = 
11-23 21:20:18.409 22610 22683 W unknown:BridgelessReact: ReactHost{0}.getOrCreateReactInstanceTask(): Loading JS Bundle
11-23 21:20:18.409 22610 22710 I Camera2CameraInfo: Device Level: INFO_SUPPORTED_HARDWARE_LEVEL_FULL
11-23 21:20:18.409 22610 22683 W unknown:BridgelessReact: ReactHost{0}.getOrCreateReactInstanceTask(): Calling DevSupportManagerBase.onNewReactContextCreated(reactContext)
11-23 21:20:18.409 22610 22710 I CameraManager: registerAvailabilityCallback: Is device callback = false
11-23 21:20:18.409 22610 22710 I CameraManagerGlobal: postSingleUpdate device: camera id 0 status STATUS_PRESENT
11-23 21:20:18.409 22610 22710 I CameraManagerGlobal: postSingleUpdate device: camera id 1 status STATUS_PRESENT
11-23 21:20:18.409 22610 22710 I CameraManagerGlobal: postSingleUpdate device: camera id 2 status STATUS_PRESENT
11-23 21:20:18.409 22610 22710 I CameraManagerGlobal: postSingleUpdate device: camera id 3 status STATUS_PRESENT
11-23 21:20:18.410 22610 22710 D CameraRepository: Added camera: 2
11-23 21:20:18.410 22610 22710 D CameraQuirks: camera2 CameraQuirks = 
11-23 21:20:18.410 22610 22710 I Camera2CameraInfo: Device Level: INFO_SUPPORTED_HARDWARE_LEVEL_LIMITED
11-23 21:20:18.410 22610 22710 I CameraManager: registerAvailabilityCallback: Is device callback = false
11-23 21:20:18.410 22610 22710 I CameraManagerGlobal: postSingleUpdate device: camera id 0 status STATUS_PRESENT
11-23 21:20:18.410 22610 22710 I CameraManagerGlobal: postSingleUpdate device: camera id 1 status STATUS_PRESENT
11-23 21:20:18.411 22610 22710 I CameraManagerGlobal: postSingleUpdate device: camera id 2 status STATUS_PRESENT
11-23 21:20:18.411 22610 22710 I CameraManagerGlobal: postSingleUpdate device: camera id 3 status STATUS_PRESENT
11-23 21:20:18.411 22610 22610 W unknown:ReactNative: Packager connection already open, nooping.
11-23 21:20:18.411 22610 22710 D CameraRepository: Added camera: 3
11-23 21:20:18.411 22610 22610 W unknown:BridgelessReact: ReactContext.onHostResume()
11-23 21:20:18.411 22610 22610 W unknown:BridgelessReact: ReactHost{0}.getOrCreateReactInstanceTask(): Executing ReactInstanceEventListeners
11-23 21:20:18.411 22610 22610 I DetoxRNLoading: Got new RN-context through listener
11-23 21:20:18.411 22610 22683 W unknown:BridgelessReact: ReactHost{0}.startSurface(surfaceId = 0): Execute
11-23 21:20:18.412 22610 22710 D CameraQuirks: camera2 CameraQuirks = 
11-23 21:20:18.412 22610 22710 I Camera2CameraInfo: Device Level: INFO_SUPPORTED_HARDWARE_LEVEL_FULL
11-23 21:20:18.413 22610 22710 I CameraManager: registerAvailabilityCallback: Is device callback = false
11-23 21:20:18.413 22610 22710 I CameraManagerGlobal: postSingleUpdate device: camera id 0 status STATUS_PRESENT
11-23 21:20:18.413 22610 22710 I CameraManagerGlobal: postSingleUpdate device: camera id 1 status STATUS_PRESENT
11-23 21:20:18.413 22610 22710 I CameraManagerGlobal: postSingleUpdate device: camera id 2 status STATUS_PRESENT
11-23 21:20:18.413 22610 22697 D Detox.RNMarker: RUN_JS_BUNDLE_START (/index.bundle?platform=android&dev=true&lazy=true&minify=false&app=dev.souschef.app&modulesOnly=false&runModule=true&excludeSource=true&sourcePaths=url-server)
11-23 21:20:18.414 22610 22710 I CameraManagerGlobal: postSingleUpdate device: camera id 3 status STATUS_PRESENT
11-23 21:20:18.418 22610 22655 W ev.souschef.app: Long monitor contention with owner Instr: androidx.test.runner.AndroidJUnitRunner (22643) at void com.wix.detox.DetoxMain.launchActivityOnCue(android.content.Context, com.wix.detox.ActivityLaunchHelper)(DetoxMain.kt:53) waiters=0 in void com.wix.detox.DetoxMain$setupActionHandlers$SynchronizedActionHandler.handle(java.lang.String, long) for 871ms
11-23 21:20:18.418 22610 22710 D CameraValidator: Verifying camera lens facing on b0q, lensFacingInteger: null
11-23 21:20:18.419 22610 22610 I ev.souschef.app: hiddenapi: Accessing hidden method Landroid/os/MessageQueue;->next()Landroid/os/Message; (runtime_flags=0, domain=platform, api=unsupported) from Landroidx/test/espresso/base/Interrogator; (domain=app) using reflection: allowed
11-23 21:20:18.419 22610 22610 I ev.souschef.app: hiddenapi: Accessing hidden field Landroid/os/MessageQueue;->mMessages:Landroid/os/Message; (runtime_flags=0, domain=platform, api=unsupported) from Landroidx/test/espresso/base/Interrogator; (domain=app) using reflection: allowed
11-23 21:20:18.419 22610 22610 I ev.souschef.app: hiddenapi: Accessing hidden method Landroid/os/Message;->recycleUnchecked()V (runtime_flags=0, domain=platform, api=unsupported) from Landroidx/test/espresso/base/Interrogator; (domain=app) using reflection: allowed
11-23 21:20:18.419 22610 22610 I Detox   : Wait is over: App is now idle!
11-23 21:20:18.420 22610 22655 I DetoxWSClient: Sending out action 'ready' (ID #-1000)
11-23 21:20:18.420 22610 22655 I DetoxDispatcher: Done with action 'isReady'
11-23 21:20:18.420 22610 22715 I CameraDevices: Initializing ExtensionsManager...
11-23 21:20:18.421 22610 22715 I cx/ExtensionVersion: extension library version = 1.4.0, device version = 1.5.0
11-23 21:20:18.422 22610 22715 D ExtenderVersion: Selected vendor runtime: 1.5.0
11-23 21:20:18.422 22610 22715 I cx/ServiceInitializer: init: app version = 1.4.0
11-23 21:20:18.422 22610 22715 I cx/ServiceInitializer: bind to extension service
11-23 21:20:18.422 22610 22715 I cx/ServiceInitializer: bindService start. intent = Intent { cmp=com.samsung.android.cameraxservice/com.samsung.android.camerax.service.CameraExtensionService }
11-23 21:20:18.430 22610 22716 I cx/ServiceInitializer: service connected
11-23 21:20:18.430 22610 22715 I cx/ServiceInitializer: Service is available
11-23 21:20:18.430 22610 22715 D ExtensionsManager: Successfully initialized extensions
11-23 21:20:18.430 22610 22715 I CameraDevices: Successfully initialized!
11-23 21:20:18.434 22610 22698 I unistylesOnLoad: Loading unistyles C++ library...
11-23 21:20:18.437 22610 22698 D nativeloader: Load /data/app/~~cMMqPc4QqcehGnNd1rV4Mw==/dev.souschef.app-iBav3zEwDhB_8ElEFXzvrA==/base.apk!/lib/arm64-v8a/libunistyles.so using class loader ns clns-10 (caller=/data/app/~~cMMqPc4QqcehGnNd1rV4Mw==/dev.souschef.app-iBav3zEwDhB_8ElEFXzvrA==/base.apk!classes15.dex): ok
11-23 21:20:18.437 22610 22715 D DeviceQuirks: video DeviceQuirks = CameraUseInconsistentTimebaseQuirk
11-23 21:20:18.438 22610 22698 I unistylesOnLoad: Successfully loaded unistyles C++ library!
11-23 21:20:18.438 22610 22715 D CapabilitiesByQuality: profiles = ImmutableEncoderProfilesProxy{defaultDurationSeconds=30, recommendedFileFormat=2, audioProfiles=[AudioProfileProxy{codec=3, mediaType=audio/mp4a-latm, bitrate=256000, sampleRate=48000, channels=2, profile=1}], videoProfiles=[VideoProfileProxy{codec=2, mediaType=video/avc, bitrate=48000000, frameRate=30, width=3840, height=2160, profile=-1, bitDepth=8, chromaSubsampling=0, hdrFormat=0}]}
11-23 21:20:18.439 22610 22715 D CapabilitiesByQuality: profiles = ImmutableEncoderProfilesProxy{defaultDurationSeconds=30, recommendedFileFormat=2, audioProfiles=[AudioProfileProxy{codec=3, mediaType=audio/mp4a-latm, bitrate=256000, sampleRate=48000, channels=2, profile=1}], videoProfiles=[VideoProfileProxy{codec=2, mediaType=video/avc, bitrate=17000000, frameRate=30, width=1920, height=1080, profile=-1, bitDepth=8, chromaSubsampling=0, hdrFormat=0}]}
11-23 21:20:18.439 22610 22715 D CapabilitiesByQuality: profiles = ImmutableEncoderProfilesProxy{defaultDurationSeconds=30, recommendedFileFormat=2, audioProfiles=[AudioProfileProxy{codec=3, mediaType=audio/mp4a-latm, bitrate=256000, sampleRate=48000, channels=2, profile=1}], videoProfiles=[VideoProfileProxy{codec=2, mediaType=video/avc, bitrate=12000000, frameRate=30, width=1280, height=720, profile=-1, bitDepth=8, chromaSubsampling=0, hdrFormat=0}]}
11-23 21:20:18.439 22610 22715 D CapabilitiesByQuality: profiles = ImmutableEncoderProfilesProxy{defaultDurationSeconds=30, recommendedFileFormat=2, audioProfiles=[AudioProfileProxy{codec=3, mediaType=audio/mp4a-latm, bitrate=256000, sampleRate=48000, channels=2, profile=1}], videoProfiles=[VideoProfileProxy{codec=2, mediaType=video/avc, bitrate=3449000, frameRate=30, width=720, height=480, profile=-1, bitDepth=8, chromaSubsampling=0, hdrFormat=0}]}
11-23 21:20:18.441 22610 22698 W BridgelessReactContext: [WARNING] Bridgeless doesn't support CatalystInstance. Accessing an API that's not part of the new architecture is not encouraged usage.
11-23 21:20:18.443 22610 22715 D DeviceQuirks: extensions DeviceQuirks = CrashWhenOnDisableTooSoon | GetAvailableKeysNeedsOnInit
11-23 21:20:18.449 22610 22715 D CameraCharacteristicsUtil: isAvailableFeature(mode 202) : true
11-23 21:20:18.449 22610 22715 D CameraCharacteristicsUtil: isAvailableDynamicShotInfo : true
11-23 21:20:18.449 22610 22715 D CameraCharacteristicsUtil: isAvailableFeature(mode 101) : true
11-23 21:20:18.449 22610 22715 I cx/HdrExt#0: isExtensionAvailable: cameraId = 0, false
11-23 21:20:18.450 22610 22715 D CameraCharacteristicsUtil: isAvailableFeature(mode 201) : true
11-23 21:20:18.450 22610 22715 D CameraCharacteristicsUtil: isAvailableDynamicShotInfo : true
11-23 21:20:18.450 22610 22715 D CameraCharacteristicsUtil: isAvailableFeature(mode 101) : true
11-23 21:20:18.450 22610 22715 I cx/NightExt#1: isExtensionAvailable: cameraId = 0, false
11-23 21:20:18.450 22610 22715 D CameraCharacteristicsUtil: isAvailableFeature(mode 203) : false
11-23 21:20:18.450 22610 22715 I cx/SuperNightExt#2: isExtensionAvailable: cameraId = 0, false
11-23 21:20:18.474 22610 22715 D CapabilitiesByQuality: profiles = ImmutableEncoderProfilesProxy{defaultDurationSeconds=30, recommendedFileFormat=2, audioProfiles=[AudioProfileProxy{codec=3, mediaType=audio/mp4a-latm, bitrate=256000, sampleRate=48000, channels=2, profile=1}], videoProfiles=[VideoProfileProxy{codec=2, mediaType=video/avc, bitrate=17000000, frameRate=30, width=1920, height=1080, profile=-1, bitDepth=8, chromaSubsampling=0, hdrFormat=0}]}
11-23 21:20:18.474 22610 22715 D CapabilitiesByQuality: profiles = ImmutableEncoderProfilesProxy{defaultDurationSeconds=30, recommendedFileFormat=2, audioProfiles=[AudioProfileProxy{codec=3, mediaType=audio/mp4a-latm, bitrate=256000, sampleRate=48000, channels=2, profile=1}], videoProfiles=[VideoProfileProxy{codec=2, mediaType=video/avc, bitrate=12000000, frameRate=30, width=1280, height=720, profile=-1, bitDepth=8, chromaSubsampling=0, hdrFormat=0}]}
11-23 21:20:18.474 22610 22715 D CapabilitiesByQuality: profiles = ImmutableEncoderProfilesProxy{defaultDurationSeconds=30, recommendedFileFormat=2, audioProfiles=[AudioProfileProxy{codec=3, mediaType=audio/mp4a-latm, bitrate=256000, sampleRate=48000, channels=2, profile=1}], videoProfiles=[VideoProfileProxy{codec=2, mediaType=video/avc, bitrate=3449000, frameRate=30, width=720, height=480, profile=-1, bitDepth=8, chromaSubsampling=0, hdrFormat=0}]}
11-23 21:20:18.475 22610 22715 D CameraCharacteristicsUtil: isAvailableFeature(mode 202) : true
11-23 21:20:18.475 22610 22715 D CameraCharacteristicsUtil: isAvailableDynamicShotInfo : true
11-23 21:20:18.475 22610 22715 D CameraCharacteristicsUtil: isAvailableFeature(mode 101) : true
11-23 21:20:18.475 22610 22715 I cx/HdrExt#3: isExtensionAvailable: cameraId = 1, false
11-23 21:20:18.475 22610 22715 D CameraCharacteristicsUtil: isAvailableFeature(mode 201) : true
11-23 21:20:18.475 22610 22715 D CameraCharacteristicsUtil: isAvailableDynamicShotInfo : true
11-23 21:20:18.475 22610 22715 D CameraCharacteristicsUtil: isAvailableFeature(mode 101) : true
11-23 21:20:18.475 22610 22715 I cx/NightExt#4: isExtensionAvailable: cameraId = 1, false
11-23 21:20:18.475 22610 22715 D CameraCharacteristicsUtil: isAvailableFeature(mode 203) : false
11-23 21:20:18.475 22610 22715 I cx/SuperNightExt#5: isExtensionAvailable: cameraId = 1, false
11-23 21:20:18.489 22610 22715 D CapabilitiesByQuality: profiles = ImmutableEncoderProfilesProxy{defaultDurationSeconds=30, recommendedFileFormat=2, audioProfiles=[AudioProfileProxy{codec=3, mediaType=audio/mp4a-latm, bitrate=256000, sampleRate=48000, channels=2, profile=1}], videoProfiles=[VideoProfileProxy{codec=2, mediaType=video/avc, bitrate=17000000, frameRate=30, width=1920, height=1080, profile=-1, bitDepth=8, chromaSubsampling=0, hdrFormat=0}]}
11-23 21:20:18.490 22610 22715 D CapabilitiesByQuality: profiles = ImmutableEncoderProfilesProxy{defaultDurationSeconds=30, recommendedFileFormat=2, audioProfiles=[AudioProfileProxy{codec=3, mediaType=audio/mp4a-latm, bitrate=256000, sampleRate=48000, channels=2, profile=1}], videoProfiles=[VideoProfileProxy{codec=2, mediaType=video/avc, bitrate=12000000, frameRate=30, width=1280, height=720, profile=-1, bitDepth=8, chromaSubsampling=0, hdrFormat=0}]}
11-23 21:20:18.490 22610 22715 D CapabilitiesByQuality: profiles = ImmutableEncoderProfilesProxy{defaultDurationSeconds=30, recommendedFileFormat=2, audioProfiles=[AudioProfileProxy{codec=3, mediaType=audio/mp4a-latm, bitrate=256000, sampleRate=48000, channels=2, profile=1}], videoProfiles=[VideoProfileProxy{codec=2, mediaType=video/avc, bitrate=3449000, frameRate=30, width=720, height=480, profile=-1, bitDepth=8, chromaSubsampling=0, hdrFormat=0}]}
11-23 21:20:18.490 22610 22715 D CameraCharacteristicsUtil: isAvailableFeature(mode 202) : true
11-23 21:20:18.490 22610 22715 D CameraCharacteristicsUtil: isAvailableDynamicShotInfo : true
11-23 21:20:18.490 22610 22715 D CameraCharacteristicsUtil: isAvailableFeature(mode 101) : true
11-23 21:20:18.490 22610 22715 I cx/HdrExt#6: isExtensionAvailable: cameraId = 2, false
11-23 21:20:18.491 22610 22715 D CameraCharacteristicsUtil: isAvailableFeature(mode 201) : true
11-23 21:20:18.491 22610 22715 D CameraCharacteristicsUtil: isAvailableDynamicShotInfo : true
11-23 21:20:18.491 22610 22715 D CameraCharacteristicsUtil: isAvailableFeature(mode 101) : true
11-23 21:20:18.491 22610 22715 I cx/NightExt#7: isExtensionAvailable: cameraId = 2, false
11-23 21:20:18.491 22610 22715 D CameraCharacteristicsUtil: isAvailableFeature(mode 203) : false
11-23 21:20:18.491 22610 22715 I cx/SuperNightExt#8: isExtensionAvailable: cameraId = 2, false
11-23 21:20:18.505 22610 22715 D CapabilitiesByQuality: profiles = ImmutableEncoderProfilesProxy{defaultDurationSeconds=30, recommendedFileFormat=2, audioProfiles=[AudioProfileProxy{codec=3, mediaType=audio/mp4a-latm, bitrate=256000, sampleRate=48000, channels=2, profile=1}], videoProfiles=[VideoProfileProxy{codec=2, mediaType=video/avc, bitrate=17000000, frameRate=30, width=1920, height=1080, profile=-1, bitDepth=8, chromaSubsampling=0, hdrFormat=0}]}
11-23 21:20:18.505 22610 22715 D CapabilitiesByQuality: profiles = ImmutableEncoderProfilesProxy{defaultDurationSeconds=30, recommendedFileFormat=2, audioProfiles=[AudioProfileProxy{codec=3, mediaType=audio/mp4a-latm, bitrate=256000, sampleRate=48000, channels=2, profile=1}], videoProfiles=[VideoProfileProxy{codec=2, mediaType=video/avc, bitrate=12000000, frameRate=30, width=1280, height=720, profile=-1, bitDepth=8, chromaSubsampling=0, hdrFormat=0}]}
11-23 21:20:18.505 22610 22715 D CapabilitiesByQuality: profiles = ImmutableEncoderProfilesProxy{defaultDurationSeconds=30, recommendedFileFormat=2, audioProfiles=[AudioProfileProxy{codec=3, mediaType=audio/mp4a-latm, bitrate=256000, sampleRate=48000, channels=2, profile=1}], videoProfiles=[VideoProfileProxy{codec=2, mediaType=video/avc, bitrate=3449000, frameRate=30, width=720, height=480, profile=-1, bitDepth=8, chromaSubsampling=0, hdrFormat=0}]}
11-23 21:20:18.506 22610 22715 D CameraCharacteristicsUtil: isAvailableFeature(mode 202) : true
11-23 21:20:18.506 22610 22715 D CameraCharacteristicsUtil: isAvailableDynamicShotInfo : true
11-23 21:20:18.506 22610 22715 D CameraCharacteristicsUtil: isAvailableFeature(mode 101) : true
11-23 21:20:18.506 22610 22715 I cx/HdrExt#9: isExtensionAvailable: cameraId = 3, false
11-23 21:20:18.506 22610 22715 D CameraCharacteristicsUtil: isAvailableFeature(mode 201) : true
11-23 21:20:18.506 22610 22715 D CameraCharacteristicsUtil: isAvailableDynamicShotInfo : true
11-23 21:20:18.506 22610 22715 D CameraCharacteristicsUtil: isAvailableFeature(mode 101) : true
11-23 21:20:18.506 22610 22715 I cx/NightExt#10: isExtensionAvailable: cameraId = 3, false
11-23 21:20:18.506 22610 22715 D CameraCharacteristicsUtil: isAvailableFeature(mode 203) : false
11-23 21:20:18.506 22610 22715 I cx/SuperNightExt#11: isExtensionAvailable: cameraId = 3, false
11-23 21:20:18.766 22610 22698 I WebViewFactory: Loading com.google.android.webview version 142.0.7444.102 (code 744410233)
11-23 21:20:18.769 22610 22698 V ResourcesManager: The following library key has been added: ResourcesKey{ mHash=a3ac2951 mResDir=null mSplitDirs=[] mOverlayDirs=[] mLibDirs=[/data/app/~~tvoUFl1ih_wZhroNvtiPhw==/com.google.android.webview-FAwkKInsUwrkFYH9__nZNg==/base.apk,/data/app/~~iOjg4v7FUGEqeG5ov2UHFg==/com.google.android.trichromelibrary_744410233-x5KmF7_bd6W3qDnzcG5isA==/base.apk,/system_ext/framework/androidx.window.extensions.jar] mDisplayId=0 mOverrideConfig=v36 mCompatInfo={450dpi always-compat} mLoaders=[]}
11-23 21:20:18.770 22610 22698 W ev.souschef.app: Failed to find entry 'classes.dex': Entry not found
11-23 21:20:18.770 22610 22698 D nativeloader: Configuring clns-13 for other apk /data/app/~~iOjg4v7FUGEqeG5ov2UHFg==/com.google.android.trichromelibrary_744410233-x5KmF7_bd6W3qDnzcG5isA==/base.apk. target_sdk_version=36, uses_libraries=ALL, library_path=/data/app/~~tvoUFl1ih_wZhroNvtiPhw==/com.google.android.webview-FAwkKInsUwrkFYH9__nZNg==/lib/arm64:/data/app/~~tvoUFl1ih_wZhroNvtiPhw==/com.google.android.webview-FAwkKInsUwrkFYH9__nZNg==/base.apk!/lib/arm64-v8a:/data/app/~~iOjg4v7FUGEqeG5ov2UHFg==/com.google.android.trichromelibrary_744410233-x5KmF7_bd6W3qDnzcG5isA==/base.apk!/lib/arm64-v8a, permitted_path=/data:/mnt/expand
11-23 21:20:18.770 22610 22698 D nativeloader: Extending system_exposed_libraries: libhumantracking.arcsoft.so:libPortraitDistortionCorrection.arcsoft.so:libPortraitDistortionCorrectionCali.arcsoft.so:libface_landmark.arcsoft.so:libFacialStickerEngine.arcsoft.so:libfrtracking_engine.arcsoft.so:libFaceRecognition.arcsoft.so:libveengine.arcsoft.so:lib_pet_detection.arcsoft.so:libae_bracket_hdr.arcsoft.so:libhigh_res.arcsoft.so:libhybrid_high_dynamic_range.arcsoft.so:libimage_enhancement.arcsoft.so:liblow_light_hdr.arcsoft.so:libhigh_dynamic_range.arcsoft.so:libsuperresolution_raw.arcsoft.so:libuwsuperresolution.arcsoft.so:libFacialAttributeDetection.arcsoft.so:libobjectcapture_jni.arcsoft.so:libobjectcapture.arcsoft.so:libaudiomirroring_jni.audiomirroring.samsung.so:libBeauty_v4.camera.samsung.so:libexifa.camera.samsung.so:libjpega.camera.samsung.so:libOpenCv.camera.samsung.so:libBestPhoto.camera.samsung.so:libC2paDps.camera.samsung.so:libVideoClassifier.camera.samsung.so:libImageScreener.camera.samsung.so:libMyFilter.camera.samsung.so:libtflite2.myfilters
11-23 21:20:18.771 22610 22698 D ApplicationLoaders: Returning zygote-cached class loader: /system_ext/framework/androidx.window.extensions.jar
11-23 21:20:18.772 22610 22698 W ev.souschef.app: Loading /data/app/~~tvoUFl1ih_wZhroNvtiPhw==/com.google.android.webview-FAwkKInsUwrkFYH9__nZNg==/oat/arm64/base.odex non-executable as it requires an image which we failed to load
11-23 21:20:18.773 22610 22698 D nativeloader: Configuring clns-14 for other apk /data/app/~~tvoUFl1ih_wZhroNvtiPhw==/com.google.android.webview-FAwkKInsUwrkFYH9__nZNg==/base.apk. target_sdk_version=36, uses_libraries=, library_path=/data/app/~~tvoUFl1ih_wZhroNvtiPhw==/com.google.android.webview-FAwkKInsUwrkFYH9__nZNg==/lib/arm64:/data/app/~~tvoUFl1ih_wZhroNvtiPhw==/com.google.android.webview-FAwkKInsUwrkFYH9__nZNg==/base.apk!/lib/arm64-v8a:/data/app/~~iOjg4v7FUGEqeG5ov2UHFg==/com.google.android.trichromelibrary_744410233-x5KmF7_bd6W3qDnzcG5isA==/base.apk!/lib/arm64-v8a, permitted_path=/data:/mnt/expand
11-23 21:20:18.784 22610 22698 I cr_WVCFactoryProvider: version=142.0.7444.102 (744410233) minSdkVersion=29 multiprocess=true packageId=2 splits=<none>
11-23 21:20:18.788 22610 22698 D nativeloader: Load /data/app/~~iOjg4v7FUGEqeG5ov2UHFg==/com.google.android.trichromelibrary_744410233-x5KmF7_bd6W3qDnzcG5isA==/base.apk!/lib/arm64-v8a/libmonochrome_64.so using class loader ns clns-14 (caller=/data/app/~~tvoUFl1ih_wZhroNvtiPhw==/com.google.android.webview-FAwkKInsUwrkFYH9__nZNg==/base.apk): ok
11-23 21:20:18.789 22610 22698 D nativeloader: Load /system/lib64/libwebviewchromium_plat_support.so using class loader ns clns-14 (caller=/data/app/~~tvoUFl1ih_wZhroNvtiPhw==/com.google.android.webview-FAwkKInsUwrkFYH9__nZNg==/base.apk): ok
11-23 21:20:18.791 22610 22720 I chromium: [1123/212018.791497:INFO:android_webview/browser/variations/variations_seed_loader.cc:67] Failed to open file for reading.: No such file or directory (2)
11-23 21:20:18.791 22610 22720 I chromium: [1123/212018.791679:INFO:android_webview/browser/variations/variations_seed_loader.cc:67] Failed to open file for reading.: No such file or directory (2)
11-23 21:20:18.795 22610 22698 I cr_LibraryLoader: Successfully loaded native library
11-23 21:20:18.796 22610 22698 I cr_CachingUmaRecorder: Flushed 18 samples from 18 histograms, 0 samples were dropped.
11-23 21:20:18.800 22610 22697 I ReactNativeJS: 🔧 Apollo: Memory management configured for mobile
11-23 21:20:18.806 22610 22697 I Nitro.HybridObjectRegistry: Registering HybridObject "UnistylesRuntime"...
11-23 21:20:18.807 22610 22697 I Nitro.HybridObjectRegistry: Successfully registered HybridObject "UnistylesRuntime"!
11-23 21:20:18.807 22610 22697 I Nitro.HybridObjectRegistry: Registering HybridObject "UnistylesStyleSheet"...
11-23 21:20:18.807 22610 22697 I Nitro.HybridObjectRegistry: Successfully registered HybridObject "UnistylesStyleSheet"!
11-23 21:20:18.807 22610 22697 I Nitro.HybridObjectRegistry: Registering HybridObject "UnistylesShadowRegistry"...
11-23 21:20:18.807 22610 22697 I Nitro.HybridObjectRegistry: Successfully registered HybridObject "UnistylesShadowRegistry"!
11-23 21:20:18.808 22610 22697 I NitroModules: Loading NitroModules C++ library...
11-23 21:20:18.809 22610 22697 D nativeloader: Load /data/app/~~cMMqPc4QqcehGnNd1rV4Mw==/dev.souschef.app-iBav3zEwDhB_8ElEFXzvrA==/base.apk!/lib/arm64-v8a/libNitroModules.so using class loader ns clns-10 (caller=/data/app/~~cMMqPc4QqcehGnNd1rV4Mw==/dev.souschef.app-iBav3zEwDhB_8ElEFXzvrA==/base.apk!classes12.dex): ok
11-23 21:20:18.809 22610 22697 I NitroModules: Successfully loaded NitroModules C++ library!
11-23 21:20:18.809 22610 22697 I Nitro.Dispatcher: Installing global Dispatcher Holder into Runtime "HermesRuntime[RNBridgeless] (Thread #521503044544)"...
11-23 21:20:18.810 22610 22697 I Nitro.HybridObjectPrototype: Creating new JS prototype for C++ instance type "HybridNitroModulesProxy"...
11-23 21:20:18.810 22610 22697 I Nitro.HybridObjectPrototype: Creating new JS prototype for C++ instance type "HybridObject"...
11-23 21:20:18.810 22610 22697 I Nitro.JSICache: Creating new JSICache<T> for runtime HermesRuntime[RNBridgeless] (Thread #521503044544)..
11-23 21:20:18.831 22610 22697 W unknown:ViewManagerPropertyUpdater: Could not find generated setter for class com.th3rdwave.safeareacontext.SafeAreaProviderManager
11-23 21:20:18.833 22610 22697 W unknown:ViewManagerPropertyUpdater: Could not find generated setter for class com.facebook.react.uimanager.LayoutShadowNode
11-23 21:20:18.835 22610 22697 W unknown:ViewManagerPropertyUpdater: Could not find generated setter for class com.swmansion.rnscreens.SearchBarManager
11-23 21:20:18.835 22610 22697 W unknown:ViewManagerPropertyUpdater: Could not find generated setter for class com.swmansion.rnscreens.ScreenFooterManager
11-23 21:20:18.836 22610 22697 W unknown:ViewManagerPropertyUpdater: Could not find generated setter for class com.swmansion.rnscreens.gamma.tabs.TabScreenViewManager
11-23 21:20:18.836 22610 22697 W unknown:ViewManagerPropertyUpdater: Could not find generated setter for class com.swmansion.rnscreens.ScreenContainerViewManager
11-23 21:20:18.837 22610 22697 W unknown:ViewManagerPropertyUpdater: Could not find generated setter for class com.swmansion.rnscreens.gamma.tabs.TabsHostViewManager
11-23 21:20:18.838 22610 22697 W unknown:ViewManagerPropertyUpdater: Could not find generated setter for class com.swmansion.rnscreens.ModalScreenViewManager
11-23 21:20:18.838 22610 22697 W unknown:ViewManagerPropertyUpdater: Could not find generated setter for class com.swmansion.rnscreens.ScreenStackHeaderConfigViewManager
11-23 21:20:18.839 22610 22697 E unknown:UIManagerModuleConstantsHelper: Direct event name for 'CameraView' doesn't correspond to the naming convention, expected 'topEventName'->'onEventName', got 'topCameraStarted'->'onStarted'
11-23 21:20:18.839 22610 22697 E unknown:UIManagerModuleConstantsHelper: Direct event name for 'CameraView' doesn't correspond to the naming convention, expected 'topEventName'->'onEventName', got 'topCameraError'->'onError'
11-23 21:20:18.839 22610 22697 E unknown:UIManagerModuleConstantsHelper: Direct event name for 'CameraView' doesn't correspond to the naming convention, expected 'topEventName'->'onEventName', got 'topCameraViewReady'->'onViewReady'
11-23 21:20:18.839 22610 22697 E unknown:UIManagerModuleConstantsHelper: Direct event name for 'CameraView' doesn't correspond to the naming convention, expected 'topEventName'->'onEventName', got 'topCameraAverageFpsChanged'->'onAverageFpsChanged'
11-23 21:20:18.839 22610 22697 E unknown:UIManagerModuleConstantsHelper: Direct event name for 'CameraView' doesn't correspond to the naming convention, expected 'topEventName'->'onEventName', got 'topCameraShutter'->'onShutter'
11-23 21:20:18.839 22610 22697 E unknown:UIManagerModuleConstantsHelper: Direct event name for 'CameraView' doesn't correspond to the naming convention, expected 'topEventName'->'onEventName', got 'topCameraOutputOrientationChanged'->'onOutputOrientationChanged'
11-23 21:20:18.839 22610 22697 E unknown:UIManagerModuleConstantsHelper: Direct event name for 'CameraView' doesn't correspond to the naming convention, expected 'topEventName'->'onEventName', got 'topCameraInitialized'->'onInitialized'
11-23 21:20:18.839 22610 22697 E unknown:UIManagerModuleConstantsHelper: Direct event name for 'CameraView' doesn't correspond to the naming convention, expected 'topEventName'->'onEventName', got 'topCameraCodeScanned'->'onCodeScanned'
11-23 21:20:18.839 22610 22697 E unknown:UIManagerModuleConstantsHelper: Direct event name for 'CameraView' doesn't correspond to the naming convention, expected 'topEventName'->'onEventName', got 'topCameraPreviewOrientationChanged'->'onPreviewOrientationChanged'
11-23 21:20:18.839 22610 22697 E unknown:UIManagerModuleConstantsHelper: Direct event name for 'CameraView' doesn't correspond to the naming convention, expected 'topEventName'->'onEventName', got 'topCameraStopped'->'onStopped'
11-23 21:20:18.839 22610 22697 E unknown:UIManagerModuleConstantsHelper: Direct event name for 'CameraView' doesn't correspond to the naming convention, expected 'topEventName'->'onEventName', got 'topCameraPreviewStarted'->'onPreviewStarted'
11-23 21:20:18.839 22610 22697 E unknown:UIManagerModuleConstantsHelper: Direct event name for 'CameraView' doesn't correspond to the naming convention, expected 'topEventName'->'onEventName', got 'topCameraPreviewStopped'->'onPreviewStopped'
11-23 21:20:18.839 22610 22697 W unknown:ViewManagerPropertyUpdater: Could not find generated setter for class com.mrousavy.camera.react.CameraViewManager
11-23 21:20:18.840 22610 22697 W unknown:ViewManagerPropertyUpdater: Could not find generated setter for class com.swmansion.rnscreens.ScreenContentWrapperManager
11-23 21:20:18.840 22610 22697 W unknown:ViewManagerPropertyUpdater: Could not find generated setter for class com.th3rdwave.safeareacontext.SafeAreaViewManager
11-23 21:20:18.841 22610 22697 W unknown:ViewManagerPropertyUpdater: Could not find generated setter for class com.th3rdwave.safeareacontext.SafeAreaViewShadowNode
11-23 21:20:18.842 22610 22697 W unknown:ViewManagerPropertyUpdater: Could not find generated setter for class com.swmansion.rnscreens.safearea.SafeAreaViewManager
11-23 21:20:18.842 22610 22697 W unknown:ViewManagerPropertyUpdater: Could not find generated setter for class com.swmansion.rnscreens.safearea.paper.SafeAreaViewShadowNode
11-23 21:20:18.842 22610 22697 W unknown:ViewManagerPropertyUpdater: Could not find generated setter for class com.swmansion.rnscreens.ScreenViewManager
11-23 21:20:18.843 22610 22697 W unknown:ViewManagerPropertyUpdater: Could not find generated setter for class com.reactnativepagerview.PagerViewViewManager
11-23 21:20:18.843 22610 22697 W unknown:ViewManagerPropertyUpdater: Could not find generated setter for class com.swmansion.rnscreens.ScreenStackHeaderSubviewManager
11-23 21:20:18.844 22610 22697 W unknown:ViewManagerPropertyUpdater: Could not find generated setter for class com.reactnativecommunity.picker.ReactDialogPickerManager
11-23 21:20:18.844 22610 22697 W unknown:ViewManagerPropertyUpdater: Could not find generated setter for class com.reactnativecommunity.picker.ReactPickerShadowNode
11-23 21:20:18.844 22610 22697 W unknown:ViewManagerPropertyUpdater: Could not find generated setter for class com.swmansion.rnscreens.ScreenStackViewManager
11-23 21:20:18.845 22610 22697 W unknown:ViewManagerPropertyUpdater: Could not find generated setter for class com.reactnativecommunity.picker.ReactDropdownPickerManager
11-23 21:20:18.899 22610 22697 W unknown:ViewManagerPropertyUpdater: Could not find generated setter for class com.horcrux.svg.RenderableViewManager$FeMergeManager
11-23 21:20:18.900 22610 22697 W unknown:ViewManagerPropertyUpdater: Could not find generated setter for class com.horcrux.svg.VirtualViewManager$RenderableShadowNode
11-23 21:20:18.904 22610 22697 W unknown:ViewManagerPropertyUpdater: Could not find generated setter for class com.facebook.react.views.safeareaview.ReactSafeAreaViewManager
11-23 21:20:18.907 22610 22697 W unknown:ViewManagerPropertyUpdater: Could not find generated setter for class com.horcrux.svg.RenderableViewManager$LinearGradientManager
11-23 21:20:18.910 22610 22697 W unknown:ViewManagerPropertyUpdater: Could not find generated setter for class com.facebook.react.views.progressbar.ReactProgressBarViewManager
11-23 21:20:18.911 22610 22697 W unknown:ViewManagerPropertyUpdater: Could not find generated setter for class com.facebook.react.views.progressbar.ProgressBarShadowNode
11-23 21:20:18.914 22610 22697 W unknown:ViewManagerPropertyUpdater: Could not find generated setter for class com.horcrux.svg.RenderableViewManager$FeColorMatrixManager
11-23 21:20:18.917 22610 22697 W unknown:ViewManagerPropertyUpdater: Could not find generated setter for class com.horcrux.svg.RenderableViewManager$SymbolManager
11-23 21:20:18.921 22610 22697 W unknown:ViewManagerPropertyUpdater: Could not find generated setter for class com.horcrux.svg.RenderableViewManager$PatternManager
11-23 21:20:18.926 22610 22697 W unknown:ViewManagerPropertyUpdater: Could not find generated setter for class com.horcrux.svg.SvgViewManager
11-23 21:20:18.930 22610 22697 W unknown:ViewManagerPropertyUpdater: Could not find generated setter for class com.facebook.react.views.switchview.ReactSwitchManager
11-23 21:20:18.931 22610 22697 W unknown:ViewManagerPropertyUpdater: Could not find generated setter for class com.facebook.react.views.switchview.ReactSwitchShadowNode
11-23 21:20:18.934 22610 22697 W unknown:ViewManagerPropertyUpdater: Could not find generated setter for class com.horcrux.svg.RenderableViewManager$UseViewManager
11-23 21:20:18.938 22610 22697 W unknown:ViewManagerPropertyUpdater: Could not find generated setter for class com.horcrux.svg.RenderableViewManager$TSpanViewManager
11-23 21:20:18.942 22610 22697 W unknown:ViewManagerPropertyUpdater: Could not find generated setter for class com.horcrux.svg.RenderableViewManager$FilterManager
11-23 21:20:18.945 22610 22697 W unknown:ViewManagerPropertyUpdater: Could not find generated setter for class com.horcrux.svg.RenderableViewManager$MarkerManager
11-23 21:20:18.950 22610 22697 W unknown:ViewManagerPropertyUpdater: Could not find generated setter for class com.swmansion.gesturehandler.react.RNGestureHandlerButtonViewManager
11-23 21:20:18.954 22610 22697 W unknown:ViewManagerPropertyUpdater: Could not find generated setter for class com.horcrux.svg.RenderableViewManager$ForeignObjectManager
11-23 21:20:18.958 22610 22697 W unknown:ViewManagerPropertyUpdater: Could not find generated setter for class com.horcrux.svg.RenderableViewManager$GroupViewManager
11-23 21:20:18.962 22610 22697 W unknown:ViewManagerPropertyUpdater: Could not find generated setter for class com.horcrux.svg.RenderableViewManager$TextViewManager
11-23 21:20:18.967 22610 22697 W unknown:ViewManagerPropertyUpdater: Could not find generated setter for class com.horcrux.svg.RenderableViewManager$ImageViewManager
11-23 21:20:18.971 22610 22697 W unknown:ViewManagerPropertyUpdater: Could not find generated setter for class com.horcrux.svg.RenderableViewManager$FeCompositeManager
11-23 21:20:18.975 22610 22697 W unknown:ViewManagerPropertyUpdater: Could not find generated setter for class com.horcrux.svg.RenderableViewManager$RadialGradientManager
11-23 21:20:18.979 22610 22697 W unknown:ViewManagerPropertyUpdater: Could not find generated setter for class com.facebook.react.views.unimplementedview.ReactUnimplementedViewManager
11-23 21:20:18.982 22610 22697 W unknown:ViewManagerPropertyUpdater: Could not find generated setter for class com.horcrux.svg.RenderableViewManager$FeOffsetManager
11-23 21:20:18.986 22610 22697 W unknown:ViewManagerPropertyUpdater: Could not find generated setter for class com.horcrux.svg.RenderableViewManager$PathViewManager
11-23 21:20:18.990 22610 22697 W unknown:ViewManagerPropertyUpdater: Could not find generated setter for class com.facebook.react.views.drawer.ReactDrawerLayoutManager
11-23 21:20:18.995 22610 22697 W unknown:ViewManagerPropertyUpdater: Could not find generated setter for class com.facebook.react.views.textinput.ReactTextInputManager
11-23 21:20:18.997 22610 22697 W unknown:ViewManagerPropertyUpdater: Could not find generated setter for class com.facebook.react.views.textinput.ReactTextInputShadowNode
11-23 21:20:19.002 22610 22697 W unknown:ViewManagerPropertyUpdater: Could not find generated setter for class com.horcrux.svg.RenderableViewManager$DefsViewManager
11-23 21:20:19.005 22610 22697 W unknown:ViewManagerPropertyUpdater: Could not find generated setter for class com.facebook.react.views.debuggingoverlay.DebuggingOverlayManager
11-23 21:20:19.008 22610 22697 W unknown:ViewManagerPropertyUpdater: Could not find generated setter for class com.horcrux.svg.RenderableViewManager$FeGaussianBlurManager
11-23 21:20:19.012 22610 22697 W unknown:ViewManagerPropertyUpdater: Could not find generated setter for class com.facebook.react.views.scroll.ReactHorizontalScrollViewManager
11-23 21:20:19.017 22610 22697 W unknown:ViewManagerPropertyUpdater: Could not find generated setter for class com.facebook.react.views.text.ReactTextViewManager
11-23 21:20:19.017 22610 22697 W unknown:ViewManagerPropertyUpdater: Could not find generated setter for class com.facebook.react.views.text.ReactTextShadowNode
11-23 21:20:19.021 22610 22697 W unknown:ViewManagerPropertyUpdater: Could not find generated setter for class com.facebook.react.views.scroll.ReactHorizontalScrollContainerViewManager
11-23 21:20:19.025 22610 22697 W unknown:ViewManagerPropertyUpdater: Could not find generated setter for class com.horcrux.svg.RenderableViewManager$ClipPathViewManager
11-23 21:20:19.029 22610 22697 W unknown:ViewManagerPropertyUpdater: Could not find generated setter for class com.horcrux.svg.RenderableViewManager$FeBlendManager
11-23 21:20:19.032 22610 22697 W unknown:ViewManagerPropertyUpdater: Could not find generated setter for class com.facebook.react.views.view.ReactViewManager
11-23 21:20:19.036 22610 22697 W unknown:ViewManagerPropertyUpdater: Could not find generated setter for class com.horcrux.svg.RenderableViewManager$CircleViewManager
11-23 21:20:19.040 22610 22697 W unknown:ViewManagerPropertyUpdater: Could not find generated setter for class com.facebook.react.views.modal.ReactModalHostManager
11-23 21:20:19.043 22610 22697 W unknown:ViewManagerPropertyUpdater: Could not find generated setter for class com.horcrux.svg.RenderableViewManager$EllipseViewManager
11-23 21:20:19.047 22610 22697 W unknown:ViewManagerPropertyUpdater: Could not find generated setter for class com.horcrux.svg.RenderableViewManager$LineViewManager
11-23 21:20:19.051 22610 22697 W unknown:ViewManagerPropertyUpdater: Could not find generated setter for class com.facebook.react.views.text.frescosupport.FrescoBasedReactTextInlineImageViewManager
11-23 21:20:19.051 22610 22697 W unknown:ViewManagerPropertyUpdater: Could not find generated setter for class com.facebook.react.views.text.frescosupport.FrescoBasedReactTextInlineImageShadowNode
11-23 21:20:19.054 22610 22697 W unknown:ViewManagerPropertyUpdater: Could not find generated setter for class com.horcrux.svg.RenderableViewManager$FeFloodManager
11-23 21:20:19.058 22610 22697 W unknown:ViewManagerPropertyUpdater: Could not find generated setter for class com.facebook.react.views.image.ReactImageManager
11-23 21:20:19.065 22610 22697 W unknown:ViewManagerPropertyUpdater: Could not find generated setter for class com.horcrux.svg.RenderableViewManager$MaskManager
11-23 21:20:19.069 22610 22697 W unknown:ViewManagerPropertyUpdater: Could not find generated setter for class com.horcrux.svg.RenderableViewManager$RectViewManager
11-23 21:20:19.072 22610 22697 W unknown:ViewManagerPropertyUpdater: Could not find generated setter for class com.horcrux.svg.RenderableViewManager$TextPathViewManager
11-23 21:20:19.076 22610 22697 W unknown:ViewManagerPropertyUpdater: Could not find generated setter for class com.facebook.react.views.scroll.ReactScrollViewManager
11-23 21:20:19.080 22610 22697 W unknown:ViewManagerPropertyUpdater: Could not find generated setter for class com.facebook.react.views.text.ReactVirtualTextViewManager
11-23 21:20:19.080 22610 22697 W unknown:ViewManagerPropertyUpdater: Could not find generated setter for class com.facebook.react.views.text.ReactVirtualTextShadowNode
11-23 21:20:19.083 22610 22697 W unknown:ViewManagerPropertyUpdater: Could not find generated setter for class com.facebook.react.views.swiperefresh.SwipeRefreshLayoutManager
11-23 21:20:19.086 22610 22697 W unknown:ViewManagerPropertyUpdater: Could not find generated setter for class com.facebook.react.views.text.ReactRawTextManager
11-23 21:20:19.086 22610 22697 W unknown:ViewManagerPropertyUpdater: Could not find generated setter for class com.facebook.react.views.text.ReactRawTextShadowNode
11-23 21:20:19.087 22610 22697 W unknown:ViewManagerPropertyUpdater: Could not find generated setter for class com.swmansion.gesturehandler.react.RNGestureHandlerRootViewManager
11-23 21:20:19.091 22610 22697 I Nitro.HybridObjectPrototype: Creating new JS prototype for C++ instance type "HybridStyleSheet"...
11-23 21:20:19.091 22610 22697 I Nitro.HybridObjectPrototype: Creating new JS prototype for C++ instance type "HybridUnistylesStyleSheetSpec"...
11-23 21:20:19.095 22610 22697 I Nitro.HybridObjectPrototype: Creating new JS prototype for C++ instance type "HybridUnistylesRuntime"...
11-23 21:20:19.095 22610 22697 I Nitro.HybridObjectPrototype: Creating new JS prototype for C++ instance type "HybridUnistylesRuntimeSpec"...
11-23 21:20:19.095 22610 22697 I Nitro.HybridObjectPrototype: Creating new JS prototype for C++ instance type "HybridUnistylesStatusBarSpec"...
11-23 21:20:19.095 22610 22697 I Nitro.HybridObjectPrototype: Creating new JS prototype for C++ instance type "HybridUnistylesNavigationBarSpec"...
11-23 21:20:19.096 22610 22697 I Nitro.HybridObjectPrototype: Creating new JS prototype for C++ instance type "HybridShadowRegistry"...
11-23 21:20:19.096 22610 22697 I Nitro.HybridObjectPrototype: Creating new JS prototype for C++ instance type "HybridUnistylesShadowRegistrySpec"...
11-23 21:20:19.107 22610 22697 D nativeloader: Load /data/app/~~cMMqPc4QqcehGnNd1rV4Mw==/dev.souschef.app-iBav3zEwDhB_8ElEFXzvrA==/base.apk!/lib/arm64-v8a/librnscreens.so using class loader ns clns-10 (caller=/data/app/~~cMMqPc4QqcehGnNd1rV4Mw==/dev.souschef.app-iBav3zEwDhB_8ElEFXzvrA==/base.apk!classes16.dex): ok
11-23 21:20:19.184 22610 22697 D nativeloader: Load /data/app/~~cMMqPc4QqcehGnNd1rV4Mw==/dev.souschef.app-iBav3zEwDhB_8ElEFXzvrA==/base.apk!/lib/arm64-v8a/libworklets.so using class loader ns clns-10 (caller=/data/app/~~cMMqPc4QqcehGnNd1rV4Mw==/dev.souschef.app-iBav3zEwDhB_8ElEFXzvrA==/base.apk!classes20.dex): ok
11-23 21:20:19.240 22610 22697 D nativeloader: Load /data/app/~~cMMqPc4QqcehGnNd1rV4Mw==/dev.souschef.app-iBav3zEwDhB_8ElEFXzvrA==/base.apk!/lib/arm64-v8a/libreanimated.so using class loader ns clns-10 (caller=/data/app/~~cMMqPc4QqcehGnNd1rV4Mw==/dev.souschef.app-iBav3zEwDhB_8ElEFXzvrA==/base.apk!classes20.dex): ok
11-23 21:20:19.374 22610 22697 D Detox.RNMarker: RUN_JS_BUNDLE_END (/index.bundle?platform=android&dev=true&lazy=true&minify=false&app=dev.souschef.app&modulesOnly=false&runModule=true&excludeSource=true&sourcePaths=url-server)
11-23 21:20:19.386 22610 22697 I ReactNativeJS: Running "SousChef" with {"rootTag":1,"initialProps":{},"fabric":true}
11-23 21:20:19.510 22610 22697 I Nitro.HybridObjectPrototype: Creating new JS prototype for C++ instance type "HybridMMKVPlatformContextSpec"...
11-23 21:20:19.510 22610 22697 I Nitro.HybridObjectPrototype: Creating new JS prototype for C++ instance type "HybridMMKVFactorySpec"...
11-23 21:20:19.510 22610 22697 I Nitro.MMKVFactory: Initializing MMKV with rootPath=/data/user/0/dev.souschef.app/files/mmkv
11-23 21:20:19.510 22610 22697 I MMKV    : <MMKV.cpp:166::initialize> version v2.2.4, page size 4096, arch arm64-v8a
11-23 21:20:19.510 22610 22697 I MMKV    : <MMKV.cpp:177::initialize> armv8 AES instructions is supported
11-23 21:20:19.510 22610 22697 I MMKV    : <MMKV.cpp:185::initialize> armv8 CRC32 instructions is supported
11-23 21:20:19.511 22610 22697 I MMKV    : <MMKV.cpp:223::initializeMMKV> root dir: /data/data/dev.souschef.app/files/mmkv
11-23 21:20:19.511 22610 22697 I Nitro.MMKV: Creating MMKV instance "sous-chef-storage_temp"... (Path: , Encrypted: false)
11-23 21:20:19.511 22610 22697 I MMKV    : <MemoryFile.cpp:102::open> open fd[182], flag 0x7, /data/data/dev.souschef.app/files/mmkv/sous-chef-storage_temp
11-23 21:20:19.511 22610 22697 I MMKV    : <MemoryFile.cpp:249::mmapOrCleanup> mmap to address [0x7dc6e30000], oldPtr [0x0], [/data/data/dev.souschef.app/files/mmkv/sous-chef-storage_temp]
11-23 21:20:19.511 22610 22697 I MMKV    : <MemoryFile.cpp:108::close> closing fd[182], /data/data/dev.souschef.app/files/mmkv/sous-chef-storage_temp
11-23 21:20:19.511 22610 22697 I MMKV    : <MemoryFile.cpp:102::open> open fd[182], flag 0x7, /data/data/dev.souschef.app/files/mmkv/sous-chef-storage_temp.crc
11-23 21:20:19.511 22610 22697 I MMKV    : <MemoryFile.cpp:249::mmapOrCleanup> mmap to address [0x7dc6dce000], oldPtr [0x0], [/data/data/dev.souschef.app/files/mmkv/sous-chef-storage_temp.crc]
11-23 21:20:19.511 22610 22697 I Nitro.HybridObjectPrototype: Creating new JS prototype for C++ instance type "HybridMMKVSpec"...
11-23 21:20:19.526 22610 22697 I MMKV    : <MemoryFile.cpp:102::open> open fd[183], flag 0x7, /data/data/dev.souschef.app/files/mmkv/sous-chef-storage_temp
11-23 21:20:19.526 22610 22697 I MMKV    : <MemoryFile.cpp:108::close> closing fd[183], /data/data/dev.souschef.app/files/mmkv/sous-chef-storage_temp
11-23 21:20:19.526 22610 22697 I MMKV    : <MMKV_IO.cpp:84::loadFromFile> loading [sous-chef-storage_temp] with 0 actual size, file size 4096, InterProcess 0, meta info version:0
11-23 21:20:19.526 22610 22697 I MMKV    : <MMKV_IO.cpp:133::loadFromFile> loaded [sous-chef-storage_temp] with 0 key-values
11-23 21:20:19.534 22610 22697 D ConnectivityManager: StackLog: [android.net.ConnectivityManager.sendRequestForNetwork(ConnectivityManager.java:4736)] [android.net.ConnectivityManager.registerDefaultNetworkCallbackForUid(ConnectivityManager.java:5461)] [android.net.ConnectivityManager.registerDefaultNetworkCallback(ConnectivityManager.java:5428)] [android.net.ConnectivityManager.registerDefaultNetworkCallback(ConnectivityManager.java:5402)] [com.reactnativecommunity.netinfo.NetworkCallbackConnectivityReceiver.register(NetworkCallbackConnectivityReceiver.java:62)] [com.reactnativecommunity.netinfo.NetInfoModule.initialize(NetInfoModule.java:40)] [com.facebook.react.internal.turbomodule.core.TurboModuleManager.getOrCreateModule(TurboModuleManager.kt:261)] [com.facebook.react.internal.turbomodule.core.TurboModuleManager.getModule(TurboModuleManager.kt:203)] [com.facebook.react.internal.turbomodule.core.TurboModuleManager.getLegacyCxxModule(TurboModuleManager.kt:128)] [com.facebook.jni.NativeRunnable.run(Native Method)]
11-23 21:20:19.646 22610 22697 I MMKV    : <MMKV_IO.cpp:545::writeActualSize> [sous-chef-storage_temp] increase sequence to 1, crc 746195325, actualSize 4
11-23 21:20:19.646 22610 22697 I Nitro.MMKV: Creating MMKV instance "sous-chef-storage"... (Path: , Encrypted: true)
11-23 21:20:19.646 22610 22697 I MMKV    : <MemoryFile.cpp:102::open> open fd[6], flag 0x7, /data/data/dev.souschef.app/files/mmkv/sous-chef-storage
11-23 21:20:19.647 22610 22697 I MMKV    : <MemoryFile.cpp:249::mmapOrCleanup> mmap to address [0x7ddbc85000], oldPtr [0x0], [/data/data/dev.souschef.app/files/mmkv/sous-chef-storage]
11-23 21:20:19.647 22610 22697 I MMKV    : <MemoryFile.cpp:108::close> closing fd[6], /data/data/dev.souschef.app/files/mmkv/sous-chef-storage
11-23 21:20:19.647 22610 22697 I MMKV    : <MemoryFile.cpp:102::open> open fd[6], flag 0x7, /data/data/dev.souschef.app/files/mmkv/sous-chef-storage.crc
11-23 21:20:19.647 22610 22697 I MMKV    : <MemoryFile.cpp:249::mmapOrCleanup> mmap to address [0x7ddbc84000], oldPtr [0x0], [/data/data/dev.souschef.app/files/mmkv/sous-chef-storage.crc]
11-23 21:20:19.647 22610 22697 I MMKV    : <MemoryFile.cpp:102::open> open fd[172], flag 0x7, /data/data/dev.souschef.app/files/mmkv/sous-chef-storage
11-23 21:20:19.647 22610 22697 I MMKV    : <MemoryFile.cpp:108::close> closing fd[172], /data/data/dev.souschef.app/files/mmkv/sous-chef-storage
11-23 21:20:19.647 22610 22610 I WindowManager: WindowManagerGlobal#addView, ty=1000, view=android.widget.PopupWindow$PopupDecorView{f09e133 V.E...... R.....I. 0,0-0,0}, caller=android.view.WindowManagerImpl.addView:158 android.widget.PopupWindow.invokePopup:1692 android.widget.PopupWindow.showAtLocation:1418 
11-23 21:20:19.647 22610 22697 I MMKV    : <MMKV_IO.cpp:84::loadFromFile> loading [sous-chef-storage] with 0 actual size, file size 4096, InterProcess 0, meta info version:0
11-23 21:20:19.647 22610 22697 I MMKV    : <MMKV_IO.cpp:133::loadFromFile> loaded [sous-chef-storage] with 0 key-values
11-23 21:20:19.647 22610 22610 D ViewRootImpl: desktopMode is false
11-23 21:20:19.647 22610 22610 I ViewRootImpl: dVRR is disabled
11-23 21:20:19.649 22610 22671 D NativeCustomFrequencyManager: [NativeCFMS] BpCustomFrequencyManager::BpCustomFrequencyManager()
11-23 21:20:19.654 22610 22610 D InputTransport: Input channel constructed: '425a255', fd=188
11-23 21:20:19.654 22610 22610 I InsetsController: onStateChanged: host=PopupWindow:4f250a2, from=android.view.ViewRootImpl.onInsetsStateChanged:3026, state=InsetsState: {mDisplayFrame=Rect(0, 0 - 1440, 3088), mDisplayCutout=DisplayCutout{insets=Rect(0, 100 - 0, 0) waterfall=Insets{left=0, top=0, right=0, bottom=0} boundingRect={Bounds=[Rect(0, 0 - 0, 0), Rect(683, 0 - 758, 100), Rect(0, 0 - 0, 0), Rect(0, 0 - 0, 0)]} cutoutPathParserInfo={CutoutPathParserInfo{displayWidth=1440 displayHeight=3088 physicalDisplayWidth=1440 physicalDisplayHeight=3088 density={3.75} cutoutSpec={M 0,0 H -10 V 26.66666666666667 H 10 V 0 H 0 Z @dp} rotation={0} scale={1.0} physicalPixelDisplaySizeRatio={1.0}}} sideOverrides={}}, mRoundedCorners=RoundedCorners{[RoundedCorner{position=TopLeft, radius=15, center=Point(15, 15)}, RoundedCorner{position=TopRight, radius=15, center=Point(1425, 15)}, RoundedCorner{position=BottomRight, radius=15, center=Point(1425, 3073)}, RoundedCorner{position=BottomLeft, radius=15, center=Point(15, 3073)}]}  mRoundedCornerFrame=Rect(0, 0 - 1440, 3088), mPrivacyIndicatorBounds=PrivacyIndicatorBounds {static bounds=Rect(1275, 0 - 1440, 100) rotation=0}, mDisplayShape=DisplayShape{ spec=-311912193 displayWidth=1440 displayHeight=3088 physicalPixelDisplaySizeRatio=1.0 rotation=0 offsetX=0 offsetY=0 scale=1.0}, mSources= { InsetsSource: {b11d0001 mType=navigationBars mFrame=[0,3032][1440,3088] mVisible=true mFlags=SUPPRESS_SCRIM mSideHint=BOTTOM mBoundingRects=null}, InsetsSource: {b11d0004 mType=systemGestures mFrame=[0,0][84,3088] mVisible=true mFlags= mSideHint=LEFT mBoundingRects=null}, InsetsSource: {b11d0005 mType=mandatorySystemGestures mFrame=[0,2968][1440,3088] mVisible=true mFlags= mSideHint=BOTTOM mBoundingRects=null}, InsetsSource: {b11d0006 mType=tappableElement mFrame=[0,0][0,0] mVisible=true mFlags= mSideHint=NONE mBoundingRects=null}, InsetsSource: {b11d0024 mType=systemGestures mFrame=[1356,0][1440,3088] mVisible=true mFlags= mSideHint=RIGHT mBoundingRects=null}, InsetsSource: {ecac0000 mType=statusBars mFrame=[0,0][1440,100] mVisible=true mFlags= mSideHint=TOP mBoundingRects=null}, InsetsSource: {ecac0005 mType=mandatorySystemGestures mFrame=[0,0][1440,145] mVisible=true mFlags= mSideHint=TOP mBoundingRects=null}, InsetsSource: {ecac0006 mType=tappableElement mFrame=[0,0][1440,100] mVisible=true mFlags= mSideHint=TOP mBoundingRects=null}, InsetsSource: {27 mType=displayCutout mFrame=[0,0][1440,100] mVisible=true mFlags= mSideHint=TOP mBoundingRects=null} }
11-23 21:20:19.655 22610 22610 I VRI[PopupWindow:4f250a2]@8a82269: synced displayState. AttachInfo displayState=2
11-23 21:20:19.660 22610 22610 I VRI[PopupWindow:4f250a2]@8a82269: setView = android.widget.PopupWindow$PopupDecorView@f09e133 IsHRR=false mFlingFrameRateChange=0 TM=false
11-23 21:20:19.660 22610 22671 D HWUI    : HWUI - treat SMPTE_170M as sRGB
11-23 21:20:19.670 22610 22610 W libc    : Access denied finding property "vendor.display.enable_optimal_refresh_rate"
11-23 21:20:19.670 22610 22610 I BufferQueueProducer: [](id:585200000001,api:0,p:498125808,c:22610) setDequeueTimeout:2077252342
11-23 21:20:19.670 22610 22610 I BLASTBufferQueue_Java: new BLASTBufferQueue, mName= VRI[PopupWindow:4f250a2]@8a82269 mNativeObject= 0xb400007addacfa20 caller= android.view.ViewRootImpl.updateBlastSurfaceIfNeeded:3585 android.view.ViewRootImpl.relayoutWindow:11685 android.view.ViewRootImpl.performTraversals:4804 android.view.ViewRootImpl.doTraversal:3924 android.view.ViewRootImpl$TraversalRunnable.run:12903 android.view.Choreographer$CallbackRecord.run:1901 android.view.Choreographer$CallbackRecord.run:1910 android.view.Choreographer.doCallbacks:1367 android.view.Choreographer.doFrame:1292 android.view.Choreographer$FrameDisplayEventReceiver.run:1870 
11-23 21:20:19.670 22610 22610 I BLASTBufferQueue_Java: update, w= 1440 h= 94 mName = VRI[PopupWindow:4f250a2]@8a82269 mNativeObject= 0xb400007addacfa20 sc.mNativeObject= 0xb400007b7da36890 format= -3 caller= android.view.ViewRootImpl.updateBlastSurfaceIfNeeded:3590 android.view.ViewRootImpl.relayoutWindow:11685 android.view.ViewRootImpl.performTraversals:4804 android.view.ViewRootImpl.doTraversal:3924 android.view.ViewRootImpl$TraversalRunnable.run:12903 android.view.Choreographer$CallbackRecord.run:1901 
11-23 21:20:19.670 22610 22610 W libc    : Access denied finding property "vendor.display.enable_optimal_refresh_rate"
11-23 21:20:19.671 22610 22610 I VRI[PopupWindow:4f250a2]@8a82269: Relayout returned: old=(0,100,1440,3032) new=(0,100,1440,194) relayoutAsync=false req=(1440,94)0 dur=4 res=0x3 s={true 0xb400007beda478c0} ch=true seqId=0
11-23 21:20:19.671 22610 22610 I VRI[PopupWindow:4f250a2]@8a82269: performConfigurationChange setNightDimText nightDimLevel=0
11-23 21:20:19.672 22610 22610 D VRI[PopupWindow:4f250a2]@8a82269: mThreadedRenderer.initialize() mSurface={isValid=true 0xb400007beda478c0} hwInitialized=true
11-23 21:20:19.672 22610 22610 D VRI[PopupWindow:4f250a2]@8a82269: reportNextDraw android.view.ViewRootImpl.performTraversals:5443 android.view.ViewRootImpl.doTraversal:3924 android.view.ViewRootImpl$TraversalRunnable.run:12903 android.view.Choreographer$CallbackRecord.run:1901 android.view.Choreographer$CallbackRecord.run:1910 
11-23 21:20:19.672 22610 22610 D VRI[PopupWindow:4f250a2]@8a82269: Setup new sync=wmsSync-VRI[PopupWindow:4f250a2]@8a82269#2
11-23 21:20:19.672 22610 22610 I VRI[PopupWindow:4f250a2]@8a82269: Creating new active sync group VRI[PopupWindow:4f250a2]@8a82269#3
11-23 21:20:19.673 22610 22610 D VRI[PopupWindow:4f250a2]@8a82269: registerCallbacksForSync syncBuffer=false
11-23 21:20:19.680 22610 22688 D VRI[PopupWindow:4f250a2]@8a82269: Received frameDrawingCallback syncResult=0 frameNum=1.
11-23 21:20:19.680 22610 22688 I VRI[PopupWindow:4f250a2]@8a82269: mWNT: t=0xb400007c8dad9310 mBlastBufferQueue=0xb400007addacfa20 fn= 1 HdrRenderState mRenderHdrSdrRatio=1.0 caller= android.view.ViewRootImpl$12.onFrameDraw:15441 android.view.ThreadedRenderer$1.onFrameDraw:718 <bottom of call stack> 
11-23 21:20:19.680 22610 22688 I VRI[PopupWindow:4f250a2]@8a82269: Setting up sync and frameCommitCallback
11-23 21:20:19.691 22610 22671 I BLASTBufferQueue: [VRI[PopupWindow:4f250a2]@8a82269#1](f:0,a:0,s:0) onFrameAvailable the first frame is available
11-23 21:20:19.691 22610 22671 I SurfaceComposerClient: apply transaction with the first frame. layerId: 58320, bufferData(ID: 97109210562567, frameNumber: 1)
11-23 21:20:19.691 22610 22671 I VRI[PopupWindow:4f250a2]@8a82269: Received frameCommittedCallback lastAttemptedDrawFrameNum=1 didProduceBuffer=true
11-23 21:20:19.692 22610 22671 D HWUI    : CFMS:: SetUp Pid : 22610    Tid : 22671
11-23 21:20:19.692 22610 22610 D VRI[PopupWindow:4f250a2]@8a82269: reportDrawFinished seqId=0
11-23 21:20:19.693 22610 22610 I VRI[PopupWindow:4f250a2]@8a82269: handleResized, frames=ClientWindowFrames{frame=[0,100][1440,194] display=[0,100][1440,3032] parentFrame=[0,0][0,0] attachedFrame=[0,0][1440,3088]} displayId=0 dragResizing=false compatScale=1.0 frameChanged=false attachedFrameChanged=false configChanged=false displayChanged=false compatScaleChanged=false dragResizingChanged=false
11-23 21:20:19.693 22610 22610 I VRI[PopupWindow:4f250a2]@8a82269: handleResized mSyncSeqId = 0
11-23 21:20:19.693 22610 22610 D VRI[PopupWindow:4f250a2]@8a82269: reportNextDraw android.view.ViewRootImpl.handleResized:2983 android.view.ViewRootImpl.-$$Nest$mhandleResized:0 android.view.ViewRootImpl$W.resized:14082 android.app.servertransaction.WindowStateResizeItem.execute:93 android.app.servertransaction.WindowStateTransactionItem.execute:62 
11-23 21:20:19.699 22610 22610 D VRI[PopupWindow:4f250a2]@8a82269: Setup new sync=wmsSync-VRI[PopupWindow:4f250a2]@8a82269#4
11-23 21:20:19.699 22610 22610 I VRI[PopupWindow:4f250a2]@8a82269: Creating new active sync group VRI[PopupWindow:4f250a2]@8a82269#5
11-23 21:20:19.699 22610 22610 D VRI[PopupWindow:4f250a2]@8a82269: registerCallbacksForSync syncBuffer=false
11-23 21:20:19.699 22610 22687 D VRI[PopupWindow:4f250a2]@8a82269: Received frameDrawingCallback syncResult=0 frameNum=2.
11-23 21:20:19.699 22610 22687 I VRI[PopupWindow:4f250a2]@8a82269: Setting up sync and frameCommitCallback
11-23 21:20:19.699 22610 22671 I VRI[PopupWindow:4f250a2]@8a82269: Received frameCommittedCallback lastAttemptedDrawFrameNum=2 didProduceBuffer=false
11-23 21:20:19.699 22610 22671 I BLASTBufferQueue_Java: gatherPendingTransactions, mName= VRI[PopupWindow:4f250a2]@8a82269 mNativeObject= 0xb400007addacfa20 frameNumber= 2 caller= android.view.ViewRootImpl$12.lambda$onFrameDraw$3:15525 android.view.ViewRootImpl$12.$r8$lambda$CTo3ExVBk8akdVTGlqHPAoYLRVI:0 android.view.ViewRootImpl$12$$ExternalSyntheticLambda1.onFrameCommit:0 android.view.ThreadedRenderer$1.lambda$onFrameDraw$0:730 android.view.ThreadedRenderer$1$$ExternalSyntheticLambda0.onFrameCommit:0 <bottom of call stack> 
11-23 21:20:19.700 22610 22610 D VRI[PopupWindow:4f250a2]@8a82269: reportDrawFinished seqId=0
11-23 21:20:19.804 22610 22697 I ReactNativeJS: 📦 Cache: Version mismatch (stored: undefined, current: 1.1.2), clearing cache
11-23 21:20:19.805 22610 22697 I ReactNativeJS: 🧹 Cache: Cleared persisted cache
11-23 21:20:20.193 22610 22697 I ReactNativeJS: [MemoryMonitor] Stopped
11-23 21:20:20.217 22610 22697 I ReactNativeJS: [MemoryMonitor] Started with 10000ms interval
11-23 21:20:20.218 22610 22697 I MMKV    : <MMKV_IO.cpp:545::writeActualSize> [sous-chef-storage] increase sequence to 1, crc 1758239177, actualSize 4
11-23 21:20:20.220 22610 22610 W WindowOnBackDispatcher: sendCancelIfRunning: isInProgress=false callback=android.widget.PopupWindow$PopupDecorView$$ExternalSyntheticLambda1@fdb1a08
11-23 21:20:20.220 22610 22610 I WindowManager: WindowManagerGlobal#removeView, ty=1000, view=android.widget.PopupWindow$PopupDecorView{f09e133 V.E...... R....... 0,0-1440,94}, caller=android.view.WindowManagerGlobal.removeView:654 android.view.WindowManagerImpl.removeViewImmediate:216 android.widget.PopupWindow.dismissImmediate:2415 
11-23 21:20:20.223 22610 22610 I VRI[PopupWindow:4f250a2]@8a82269: dispatchDetachedFromWindow
11-23 21:20:20.227 22610 22704 E RNKeychainManager: No entry found for service: dev.souschef.app.credentials.indicator
11-23 21:20:20.229 22610 22610 D InputTransport: Input channel destroyed: '425a255', fd=188
11-23 21:20:20.230 22610 22610 D Detox.RNMarker: CONTENT_APPEARED (SousChef)
11-23 21:20:20.235 22610 22610 I ReactNative: [GESTURE HANDLER] Initialize gesture handler for root view com.facebook.react.runtime.ReactSurfaceView{a0cdc02 V.E...... ......ID 0,0-1440,3088 #1}
11-23 21:20:20.454 22610 22697 I ReactNativeJS: 🛠️ Queue Debug Tools Available:
11-23 21:20:20.455 22610 22697 I ReactNativeJS:    Access via: __QUEUE_DEBUG__
11-23 21:20:20.455 22610 22697 I ReactNativeJS:    Commands:
11-23 21:20:20.455 22610 22697 I ReactNativeJS:      __QUEUE_DEBUG__.viewQueue()
11-23 21:20:20.455 22610 22697 I ReactNativeJS:      __QUEUE_DEBUG__.getQueueStats()
11-23 21:20:20.455 22610 22697 I ReactNativeJS:      __QUEUE_DEBUG__.processQueue()
11-23 21:20:20.455 22610 22697 I ReactNativeJS:      __QUEUE_DEBUG__.clearQueue()
11-23 21:20:20.455 22610 22697 I ReactNativeJS:      __QUEUE_DEBUG__.retryFailedMutations(userId)
11-23 21:20:20.456 22610 22697 I ReactNativeJS:      __QUEUE_DEBUG__.exportQueue()
11-23 21:20:20.456 22610 22697 I ReactNativeJS:      __QUEUE_DEBUG__.simulateOffline()
11-23 21:20:20.456 22610 22697 I ReactNativeJS:      __QUEUE_DEBUG__.simulateOnline()
11-23 21:20:20.520 22610 22697 I ReactNativeJS: ⏸️ [NotificationReceived] Subscription SKIPPED - no user ID
11-23 21:20:20.526 22610 22610 I BLASTBufferQueue_Java: update, w= 1440 h= 3088 mName = VRI[MainActivity]@8e53a52 mNativeObject= 0xb400007adda683b0 sc.mNativeObject= 0xb400007b7da38150 format= -1 caller= android.view.ViewRootImpl.updateBlastSurfaceIfNeeded:3574 android.view.ViewRootImpl.relayoutWindow:11685 android.view.ViewRootImpl.performTraversals:4804 android.view.ViewRootImpl.doTraversal:3924 android.view.ViewRootImpl$TraversalRunnable.run:12903 android.view.Choreographer$CallbackRecord.run:1901 
11-23 21:20:20.526 22610 22610 I VRI[MainActivity]@8e53a52: Relayout returned: old=(0,0,1440,3088) new=(0,0,1440,3088) relayoutAsync=true req=(1440,3088)0 dur=1 res=0x0 s={true 0xb400007beda54050} ch=false seqId=0
11-23 21:20:20.527 22610 22610 I VRI[MainActivity]@8e53a52: registerCallbackForPendingTransactions
11-23 21:20:20.528 22610 22688 I VRI[MainActivity]@8e53a52: mWNT: t=0xb400007c8daf31d0 mBlastBufferQueue=0xb400007adda683b0 fn= 3 HdrRenderState mRenderHdrSdrRatio=1.0 caller= android.view.ViewRootImpl$10.onFrameDraw:6536 android.view.ViewRootImpl$4.onFrameDraw:2489 android.view.ThreadedRenderer$1.onFrameDraw:718 
11-23 21:20:20.533 22610 22610 I BLASTBufferQueue_Java: update, w= 1440 h= 3088 mName = VRI[MainActivity]@8e53a52 mNativeObject= 0xb400007adda683b0 sc.mNativeObject= 0xb400007b7da38150 format= -1 caller= android.view.ViewRootImpl.updateBlastSurfaceIfNeeded:3574 android.view.ViewRootImpl.relayoutWindow:11685 android.view.ViewRootImpl.performTraversals:4804 android.view.ViewRootImpl.doTraversal:3924 android.view.ViewRootImpl$TraversalRunnable.run:12903 android.view.Choreographer$CallbackRecord.run:1901 
11-23 21:20:20.533 22610 22610 I VRI[MainActivity]@8e53a52: Relayout returned: old=(0,0,1440,3088) new=(0,0,1440,3088) relayoutAsync=true req=(1440,3088)0 dur=0 res=0x0 s={true 0xb400007beda54050} ch=false seqId=0
11-23 21:20:20.534 22610 22610 I VRI[MainActivity]@8e53a52: registerCallbackForPendingTransactions
11-23 21:20:20.534 22610 22687 I VRI[MainActivity]@8e53a52: mWNT: t=0xb400007c8daefd50 mBlastBufferQueue=0xb400007adda683b0 fn= 4 HdrRenderState mRenderHdrSdrRatio=1.0 caller= android.view.ViewRootImpl$10.onFrameDraw:6536 android.view.ViewRootImpl$4.onFrameDraw:2489 android.view.ThreadedRenderer$1.onFrameDraw:718 
11-23 21:20:20.581 22610 22610 D AudioSystem: onNewService: media.audio_policy service obtained 0xb400007b2db825a0
11-23 21:20:20.582 22610 22610 D AudioSystem: getService: checking for service media.audio_policy: 0xb400007b2db825a0
11-23 21:20:20.703 22610 22774 D nativeloader: Load /data/app/~~cMMqPc4QqcehGnNd1rV4Mw==/dev.souschef.app-iBav3zEwDhB_8ElEFXzvrA==/base.apk!/lib/arm64-v8a/libimagepipeline.so using class loader ns clns-10 (caller=/data/app/~~cMMqPc4QqcehGnNd1rV4Mw==/dev.souschef.app-iBav3zEwDhB_8ElEFXzvrA==/base.apk!classes20.dex): ok
11-23 21:20:20.706 22610 22774 I Kumiho-Kumiho: getPackageName: dev.souschef.app
11-23 21:20:20.710 22610 22777 I Kumiho-Kumiho: getPackageName: dev.souschef.app
11-23 21:20:20.711 22610 22777 I Kumiho-Kumiho: getPackageName: dev.souschef.app
11-23 21:20:20.894 22610 22610 D ScrollView: initGoToTop
11-23 21:20:20.894 22610 22610 I ev.souschef.app: hiddenapi: Accessing hidden field Landroid/widget/ScrollView;->mScroller:Landroid/widget/OverScroller; (runtime_flags=0, domain=platform, api=unsupported) from Lcom/facebook/react/views/scroll/ReactScrollView; (domain=app) using reflection: allowed
11-23 21:20:20.897 22610 22610 W [RNScreens]: backTitleVisible prop is not available on Android
11-23 21:20:20.897 22610 22610 W [RNScreens]: backTitleFontFamily prop is not available on Android
11-23 21:20:20.897 22610 22610 W [RNScreens]: disableBackButtonMenu prop is not available on Android
11-23 21:20:20.897 22610 22610 W [RNScreens]: largeTitleFontFamily prop is not available on Android
11-23 21:20:20.897 22610 22610 W [RNScreens]: topInsetEnabled prop is not available on Android
11-23 21:20:20.897 22610 22610 W [RNScreens]: largeTitleFontWeight prop is not available on Android
11-23 21:20:20.897 22610 22610 W [RNScreens]: largeTitleHideShadow prop is not available on Android
11-23 21:20:20.905 22610 22610 W [RNScreens]: backTitleVisible prop is not available on Android
11-23 21:20:20.905 22610 22610 W [RNScreens]: backTitleFontFamily prop is not available on Android
11-23 21:20:20.905 22610 22610 W [RNScreens]: disableBackButtonMenu prop is not available on Android
11-23 21:20:20.905 22610 22610 W [RNScreens]: largeTitleFontFamily prop is not available on Android
11-23 21:20:20.905 22610 22610 W [RNScreens]: topInsetEnabled prop is not available on Android
11-23 21:20:20.905 22610 22610 W [RNScreens]: largeTitleFontWeight prop is not available on Android
11-23 21:20:20.905 22610 22610 W [RNScreens]: largeTitleHideShadow prop is not available on Android
11-23 21:20:20.965 22610 22697 D Detox.RNMarker: REACT_BRIDGELESS_LOADING_END (null)
11-23 21:20:20.969 22610 22697 D nativeloader: Load /data/app/~~cMMqPc4QqcehGnNd1rV4Mw==/dev.souschef.app-iBav3zEwDhB_8ElEFXzvrA==/base.apk!/lib/arm64-v8a/libgesturehandler.so using class loader ns clns-10 (caller=/data/app/~~cMMqPc4QqcehGnNd1rV4Mw==/dev.souschef.app-iBav3zEwDhB_8ElEFXzvrA==/base.apk!classes20.dex): ok
11-23 21:20:20.969 22610 22697 D jni_lib_merge: Entering merged library JNI_OnLoad.
11-23 21:20:20.969 22610 22697 D jni_lib_merge: Preparing 12 pre-merged libs (including stub)
11-23 21:20:20.969 22610 22697 D jni_lib_merge: Preparing to register libfabricjni_so.  onload_func: 0x7a07264aa4
11-23 21:20:20.969 22610 22697 D jni_lib_merge: Preparing to register libreact_devsupportjni_so.  onload_func: 0x7a074820e4
11-23 21:20:20.969 22610 22697 D jni_lib_merge: Preparing to register libreact_featureflagsjni_so.  onload_func: 0x7a07491c38
11-23 21:20:20.969 22610 22697 D jni_lib_merge: Preparing to register libreact_newarchdefaults_so.  onload_func: 0x7a0751da3c
11-23 21:20:20.969 22610 22697 D jni_lib_merge: Preparing to register libreactnativeblob_so.  onload_func: 0x7a0770ec50
11-23 21:20:20.969 22610 22697 D jni_lib_merge: Preparing to register libreactnativejni_so.  onload_func: 0x7a07751bec
11-23 21:20:20.969 22610 22697 D jni_lib_merge: Preparing to register libreactnativejni_common_so.  onload_func: 0x7a07762610
11-23 21:20:20.969 22610 22697 D jni_lib_merge: Preparing to register librninstance_so.  onload_func: 0x7a077aaecc
11-23 21:20:20.969 22610 22697 D jni_lib_merge: Preparing to register libturbomodulejsijni_so.  onload_func: 0x7a078c8a58
11-23 21:20:20.969 22610 22697 D jni_lib_merge: Preparing to register libuimanagerjni_so.  onload_func: 0x7a078e1a0c
11-23 21:20:20.969 22610 22697 D jni_lib_merge: Preparing to register libyoga_so.  onload_func: 0x7a078f1490
11-23 21:20:20.969 22610 22697 D jni_lib_merge: About to register 11 actual methods.
11-23 21:20:21.426 22610 22659 D DetoxWSClient: Received action 'invoke' (ID #1, params={"target":{"type":"Class","value":"com.wix.detox.espresso.EspressoDetox"},"method":"setSynchronization","args":[{"type":"boolean","value":true}]})
11-23 21:20:21.427 22610 22655 I DetoxDispatcher: Handling action 'invoke' (ID #1)...
11-23 21:20:21.433 22610 22655 D Detox   : class com.wix.detox.espresso.EspressoDetox, setSynchronization, [true]
11-23 21:20:21.441 22610 22655 I DetoxRNIdleRes: Setting up Espresso Idling Resources for React Native
11-23 21:20:21.451 22610 22610 D DetoxRNHelpers: Native RN module resolution (class com.reactnativecommunity.asyncstorage.AsyncStorageModule): no such class
11-23 21:20:21.452 22610 22655 D IdlingRegistry: Registering idling resources: [com.wix.detox.reactnative.idlingresources.uimodule.fabric.FabricUIManagerIdlingResources@9988d4e]
11-23 21:20:21.452 22610 22655 D IdlingRegistry: Registering idling resources: [com.wix.detox.reactnative.idlingresources.animations.AnimatedModuleIdlingResource@9561e6f]
11-23 21:20:21.452 22610 22655 D IdlingRegistry: Registering idling resources: [com.wix.detox.reactnative.idlingresources.timers.FabricTimersIdlingResource@fcaf77c]
11-23 21:20:21.452 22610 22655 D IdlingRegistry: Registering idling resources: [com.wix.detox.reactnative.idlingresources.network.NetworkIdlingResource@6bb5805]
11-23 21:20:21.452 22610 22655 D IdlingRegistry: Registering idling resources: [com.wix.detox.reactnative.idlingresources.StabilizedIdlingResource@b74305a]
11-23 21:20:21.736 22610 22610 D DetoxRNHelpers: Native RN module resolution (class com.reactnativecommunity.asyncstorage.AsyncStorageModule): no such class
11-23 21:20:21.738 22610 22655 I DetoxWSClient: Sending out action 'invokeResult' (ID #1)
11-23 21:20:21.738 22610 22610 I Choreographer: Skipped 33 frames!  The application may be doing too much work on its main thread.
11-23 21:20:21.739 22610 22655 I DetoxDispatcher: Done with action 'invoke'
11-23 21:20:21.745 22610 22659 D DetoxWSClient: Received action 'invoke' (ID #2, params={"target":{"type":"Class","value":"com.wix.detox.espresso.DetoxAssertion"},"method":"waitForAssertMatcher","args":[{"type":"Invocation","value":{"target":{"type":"Class","value":"androidx.test.espresso.Espresso"},"method":"onView","args":[{"type":"Invocation","value":{"target":{"type":"Class","value":"com.wix.detox.espresso.DetoxMatcher"},"method":"matcherForTestId","args":["landing-auth-screen",{"type":"boolean","value":false}]}}]}},{"type":"Invocation","value":{"target":{"type":"Class","value":"com.wix.detox.espresso.DetoxMatcher"},"method":"matcherForSufficientlyVisible","args":[{"type":"Integer","value":75}]}},{"type":"Double","value":5}]})
11-23 21:20:21.746 22610 22655 I DetoxDispatcher: Handling action 'invoke' (ID #2)...
11-23 21:20:21.746 22610 22655 D Detox   : class com.wix.detox.espresso.DetoxMatcher, matcherForTestId, [landing-auth-screen, false]
11-23 21:20:21.748 22610 22655 D Detox   : class androidx.test.espresso.Espresso, onView, [(view.getTag() is "landing-auth-screen" and view has effective visibility <VISIBLE>)]
11-23 21:20:21.750 22610 22655 D Detox   : class com.wix.detox.espresso.DetoxMatcher, matcherForSufficientlyVisible, [75]
11-23 21:20:21.751 22610 22655 D Detox   : class com.wix.detox.espresso.DetoxAssertion, waitForAssertMatcher, [androidx.test.espresso.ViewInteraction@3709ad4, (view has effective visibility <VISIBLE> and view.getGlobalVisibleRect() covers at least <75> percent of the view's area), 5.0]
11-23 21:20:21.853 22610 22781 D ProfileInstaller: Installing profile for dev.souschef.app
11-23 21:20:22.500 22610 22610 W UiControllerImpl: Waiting for: DYNAMIC_TASKS_HAVE_IDLED for 100 iterations.
11-23 21:20:23.334 22610 22610 W UiControllerImpl: Waiting for: DYNAMIC_TASKS_HAVE_IDLED for 200 iterations.
11-23 21:20:24.158 22610 22610 W UiControllerImpl: Waiting for: DYNAMIC_TASKS_HAVE_IDLED for 300 iterations.
11-23 21:20:24.985 22610 22610 W UiControllerImpl: Waiting for: DYNAMIC_TASKS_HAVE_IDLED for 400 iterations.
11-23 21:20:25.751 22610 22610 W UiControllerImpl: Waiting for: DYNAMIC_TASKS_HAVE_IDLED for 500 iterations.
11-23 21:20:26.574 22610 22610 W UiControllerImpl: Waiting for: DYNAMIC_TASKS_HAVE_IDLED for 600 iterations.
11-23 21:20:26.757 22610 22610 D DetoxRNHelpers: Native RN module resolution (class com.reactnativecommunity.asyncstorage.AsyncStorageModule): no such class
11-23 21:20:26.766 22610 22610 D DetoxRNHelpers: Native RN module resolution (class com.reactnativecommunity.asyncstorage.AsyncStorageModule): no such class
11-23 21:20:26.774 22610 22610 I ViewInteraction: Checking 'MatchesViewAssertion(Detox){viewMatcher=(view has effective visibility <VISIBLE> and view.getGlobalVisibleRect() covers at least <75> percent of the view's area)}' assertion on view (view.getTag() is "landing-auth-screen" and view has effective visibility <VISIBLE>)
11-23 21:20:26.784 22610 22655 I DetoxWSClient: Sending out action 'invokeResult' (ID #2)
11-23 21:20:26.784 22610 22655 I DetoxDispatcher: Done with action 'invoke'
11-23 21:20:26.793 22610 22659 D DetoxWSClient: Received action 'invoke' (ID #3, params={"target":{"type":"Class","value":"com.wix.detox.espresso.DetoxAssertion"},"method":"waitForAssertMatcher","args":[{"type":"Invocation","value":{"target":{"type":"Class","value":"androidx.test.espresso.Espresso"},"method":"onView","args":[{"type":"Invocation","value":{"target":{"type":"Class","value":"com.wix.detox.espresso.DetoxMatcher"},"method":"matcherForTestId","args":["landing-login-button",{"type":"boolean","value":false}]}}]}},{"type":"Invocation","value":{"target":{"type":"Class","value":"com.wix.detox.espresso.DetoxMatcher"},"method":"matcherForSufficientlyVisible","args":[{"type":"Integer","value":75}]}},{"type":"Double","value":5}]})
11-23 21:20:26.794 22610 22655 I DetoxDispatcher: Handling action 'invoke' (ID #3)...
11-23 21:20:26.794 22610 22655 D Detox   : class com.wix.detox.espresso.DetoxMatcher, matcherForTestId, [landing-login-button, false]
11-23 21:20:26.795 22610 22655 D Detox   : class androidx.test.espresso.Espresso, onView, [(view.getTag() is "landing-login-button" and view has effective visibility <VISIBLE>)]
11-23 21:20:26.797 22610 22655 D Detox   : class com.wix.detox.espresso.DetoxMatcher, matcherForSufficientlyVisible, [75]
11-23 21:20:26.798 22610 22655 D Detox   : class com.wix.detox.espresso.DetoxAssertion, waitForAssertMatcher, [androidx.test.espresso.ViewInteraction@77e2758, (view has effective visibility <VISIBLE> and view.getGlobalVisibleRect() covers at least <75> percent of the view's area), 5.0]
11-23 21:20:26.802 22610 22610 D DetoxRNHelpers: Native RN module resolution (class com.reactnativecommunity.asyncstorage.AsyncStorageModule): no such class
11-23 21:20:26.805 22610 22610 D DetoxRNHelpers: Native RN module resolution (class com.reactnativecommunity.asyncstorage.AsyncStorageModule): no such class
11-23 21:20:26.807 22610 22610 I ViewInteraction: Checking 'MatchesViewAssertion(Detox){viewMatcher=(view has effective visibility <VISIBLE> and view.getGlobalVisibleRect() covers at least <75> percent of the view's area)}' assertion on view (view.getTag() is "landing-login-button" and view has effective visibility <VISIBLE>)
11-23 21:20:26.812 22610 22655 I DetoxWSClient: Sending out action 'invokeResult' (ID #3)
11-23 21:20:26.813 22610 22655 I DetoxDispatcher: Done with action 'invoke'
11-23 21:20:26.817 22610 22659 D DetoxWSClient: Received action 'invoke' (ID #4, params={"target":{"type":"Class","value":"com.wix.detox.espresso.EspressoDetox"},"method":"perform","args":[{"type":"Invocation","value":{"target":{"type":"Class","value":"com.wix.detox.espresso.DetoxMatcher"},"method":"matcherForTestId","args":["landing-login-button",{"type":"boolean","value":false}]}},{"type":"Invocation","value":{"target":{"type":"Class","value":"com.wix.detox.espresso.DetoxViewActions"},"method":"click","args":[]}}]})
11-23 21:20:26.817 22610 22655 I DetoxDispatcher: Handling action 'invoke' (ID #4)...
11-23 21:20:26.817 22610 22655 D Detox   : class com.wix.detox.espresso.DetoxMatcher, matcherForTestId, [landing-login-button, false]
11-23 21:20:26.818 22610 22655 D Detox   : class com.wix.detox.espresso.DetoxViewActions, click, []
11-23 21:20:26.820 22610 22655 I ev.souschef.app: hiddenapi: Accessing hidden method Landroid/view/ViewConfiguration;->getDoubleTapMinTime()I (runtime_flags=0, domain=platform, api=unsupported) from Lcom/wix/detox/espresso/action/common/DetoxViewConfigurations; (domain=app) using reflection: allowed
11-23 21:20:26.822 22610 22655 D Detox   : class com.wix.detox.espresso.EspressoDetox, perform, [(view.getTag() is "landing-login-button" and view has effective visibility <VISIBLE>), com.wix.detox.espresso.action.RNClickAction@e129917]
11-23 21:20:26.828 22610 22610 D DetoxRNHelpers: Native RN module resolution (class com.reactnativecommunity.asyncstorage.AsyncStorageModule): no such class
11-23 21:20:26.830 22610 22610 D DetoxRNHelpers: Native RN module resolution (class com.reactnativecommunity.asyncstorage.AsyncStorageModule): no such class
11-23 21:20:26.832 22610 22610 I ViewInteraction: Performing 'com.wix.detox.espresso.action.detoxsingletap@75a6104 click' action on view (view.getTag() is "landing-login-button" and view has effective visibility <VISIBLE>)
11-23 21:20:26.845 22610 22610 I VRI[MainActivity]@8e53a52: ViewPostIme pointer 0
11-23 21:20:26.859 22610 22610 I VRI[MainActivity]@8e53a52: call setFrameRateCategory for touch hint category=high hint, reason=touch, vri=VRI[MainActivity]@8e53a52
11-23 21:20:26.868 22610 22610 I VRI[MainActivity]@8e53a52: ViewPostIme pointer 1
11-23 21:20:27.177 22610 22610 D ScrollView: initGoToTop
11-23 21:20:27.182 22610 22610 W [RNScreens]: backTitleVisible prop is not available on Android
11-23 21:20:27.182 22610 22610 W [RNScreens]: backTitleFontFamily prop is not available on Android
11-23 21:20:27.182 22610 22610 W [RNScreens]: disableBackButtonMenu prop is not available on Android
11-23 21:20:27.182 22610 22610 W [RNScreens]: largeTitleFontFamily prop is not available on Android
11-23 21:20:27.182 22610 22610 W [RNScreens]: topInsetEnabled prop is not available on Android
11-23 21:20:27.183 22610 22610 W [RNScreens]: largeTitleFontWeight prop is not available on Android
11-23 21:20:27.183 22610 22610 W [RNScreens]: largeTitleHideShadow prop is not available on Android
11-23 21:20:27.330 22610 22610 I VRI[MainActivity]@8e53a52: registerCallbackForPendingTransactions
11-23 21:20:27.344 22610 22688 I VRI[MainActivity]@8e53a52: mWNT: t=0xb400007c8db68090 mBlastBufferQueue=0xb400007adda683b0 fn= 63 HdrRenderState mRenderHdrSdrRatio=1.0 caller= android.view.ViewRootImpl$10.onFrameDraw:6536 android.view.ViewRootImpl$4.onFrameDraw:2489 android.view.ThreadedRenderer$1.onFrameDraw:718 
11-23 21:20:27.740 22610 22610 D DetoxRNHelpers: Native RN module resolution (class com.reactnativecommunity.asyncstorage.AsyncStorageModule): no such class
11-23 21:20:28.042 22610 22610 D DetoxRNHelpers: Native RN module resolution (class com.reactnativecommunity.asyncstorage.AsyncStorageModule): no such class
11-23 21:20:28.045 22610 22610 D DetoxRNHelpers: Native RN module resolution (class com.reactnativecommunity.asyncstorage.AsyncStorageModule): no such class
11-23 21:20:28.114 22610 22610 D DetoxRNHelpers: Native RN module resolution (class com.reactnativecommunity.asyncstorage.AsyncStorageModule): no such class
11-23 21:20:28.116 22610 22610 D DetoxRNHelpers: Native RN module resolution (class com.reactnativecommunity.asyncstorage.AsyncStorageModule): no such class
11-23 21:20:28.120 22610 22610 D DetoxRNHelpers: Native RN module resolution (class com.reactnativecommunity.asyncstorage.AsyncStorageModule): no such class
11-23 21:20:28.124 22610 22610 D DetoxRNHelpers: Native RN module resolution (class com.reactnativecommunity.asyncstorage.AsyncStorageModule): no such class
11-23 21:20:28.125 22610 22655 I DetoxWSClient: Sending out action 'invokeResult' (ID #4)
11-23 21:20:28.126 22610 22655 I DetoxDispatcher: Done with action 'invoke'
11-23 21:20:28.131 22610 22659 D DetoxWSClient: Received action 'invoke' (ID #5, params={"target":{"type":"Class","value":"com.wix.detox.espresso.DetoxAssertion"},"method":"waitForAssertMatcher","args":[{"type":"Invocation","value":{"target":{"type":"Class","value":"androidx.test.espresso.Espresso"},"method":"onView","args":[{"type":"Invocation","value":{"target":{"type":"Class","value":"com.wix.detox.espresso.DetoxMatcher"},"method":"matcherForTestId","args":["login-screen",{"type":"boolean","value":false}]}}]}},{"type":"Invocation","value":{"target":{"type":"Class","value":"com.wix.detox.espresso.DetoxMatcher"},"method":"matcherForSufficientlyVisible","args":[{"type":"Integer","value":75}]}},{"type":"Double","value":5}]})
11-23 21:20:28.132 22610 22655 I DetoxDispatcher: Handling action 'invoke' (ID #5)...
11-23 21:20:28.132 22610 22655 D Detox   : class com.wix.detox.espresso.DetoxMatcher, matcherForTestId, [login-screen, false]
11-23 21:20:28.133 22610 22655 D Detox   : class androidx.test.espresso.Espresso, onView, [(view.getTag() is "login-screen" and view has effective visibility <VISIBLE>)]
11-23 21:20:28.135 22610 22655 D Detox   : class com.wix.detox.espresso.DetoxMatcher, matcherForSufficientlyVisible, [75]
11-23 21:20:28.136 22610 22655 D Detox   : class com.wix.detox.espresso.DetoxAssertion, waitForAssertMatcher, [androidx.test.espresso.ViewInteraction@1cfc8a6, (view has effective visibility <VISIBLE> and view.getGlobalVisibleRect() covers at least <75> percent of the view's area), 5.0]
11-23 21:20:28.140 22610 22610 D DetoxRNHelpers: Native RN module resolution (class com.reactnativecommunity.asyncstorage.AsyncStorageModule): no such class
11-23 21:20:28.142 22610 22610 D DetoxRNHelpers: Native RN module resolution (class com.reactnativecommunity.asyncstorage.AsyncStorageModule): no such class
11-23 21:20:28.146 22610 22610 I ViewInteraction: Checking 'MatchesViewAssertion(Detox){viewMatcher=(view has effective visibility <VISIBLE> and view.getGlobalVisibleRect() covers at least <75> percent of the view's area)}' assertion on view (view.getTag() is "login-screen" and view has effective visibility <VISIBLE>)
11-23 21:20:28.151 22610 22655 I DetoxWSClient: Sending out action 'invokeResult' (ID #5)
11-23 21:20:28.151 22610 22655 I DetoxDispatcher: Done with action 'invoke'
11-23 21:20:28.156 22610 22659 D DetoxWSClient: Received action 'invoke' (ID #6, params={"target":{"type":"Class","value":"com.wix.detox.espresso.DetoxAssertion"},"method":"waitForAssertMatcher","args":[{"type":"Invocation","value":{"target":{"type":"Class","value":"androidx.test.espresso.Espresso"},"method":"onView","args":[{"type":"Invocation","value":{"target":{"type":"Class","value":"com.wix.detox.espresso.DetoxMatcher"},"method":"matcherForTestId","args":["login-screen",{"type":"boolean","value":false}]}}]}},{"type":"Invocation","value":{"target":{"type":"Class","value":"com.wix.detox.espresso.DetoxMatcher"},"method":"matcherForSufficientlyVisible","args":[{"type":"Integer","value":75}]}},{"type":"Double","value":5}]})
11-23 21:20:28.157 22610 22655 I DetoxDispatcher: Handling action 'invoke' (ID #6)...
11-23 21:20:28.158 22610 22655 D Detox   : class com.wix.detox.espresso.DetoxMatcher, matcherForTestId, [login-screen, false]
11-23 21:20:28.159 22610 22655 D Detox   : class androidx.test.espresso.Espresso, onView, [(view.getTag() is "login-screen" and view has effective visibility <VISIBLE>)]
11-23 21:20:28.160 22610 22655 D Detox   : class com.wix.detox.espresso.DetoxMatcher, matcherForSufficientlyVisible, [75]
11-23 21:20:28.161 22610 22655 D Detox   : class com.wix.detox.espresso.DetoxAssertion, waitForAssertMatcher, [androidx.test.espresso.ViewInteraction@5d53e94, (view has effective visibility <VISIBLE> and view.getGlobalVisibleRect() covers at least <75> percent of the view's area), 5.0]
11-23 21:20:28.165 22610 22610 D DetoxRNHelpers: Native RN module resolution (class com.reactnativecommunity.asyncstorage.AsyncStorageModule): no such class
11-23 21:20:28.169 22610 22610 D DetoxRNHelpers: Native RN module resolution (class com.reactnativecommunity.asyncstorage.AsyncStorageModule): no such class
11-23 21:20:28.171 22610 22610 I ViewInteraction: Checking 'MatchesViewAssertion(Detox){viewMatcher=(view has effective visibility <VISIBLE> and view.getGlobalVisibleRect() covers at least <75> percent of the view's area)}' assertion on view (view.getTag() is "login-screen" and view has effective visibility <VISIBLE>)
11-23 21:20:28.176 22610 22655 I DetoxWSClient: Sending out action 'invokeResult' (ID #6)
11-23 21:20:28.177 22610 22655 I DetoxDispatcher: Done with action 'invoke'
11-23 21:20:28.181 22610 22659 D DetoxWSClient: Received action 'invoke' (ID #7, params={"target":{"type":"Class","value":"com.wix.detox.espresso.EspressoDetox"},"method":"perform","args":[{"type":"Invocation","value":{"target":{"type":"Class","value":"com.wix.detox.espresso.DetoxMatcher"},"method":"matcherForTestId","args":["login-email-input",{"type":"boolean","value":false}]}},{"type":"Invocation","value":{"target":{"type":"Class","value":"androidx.test.espresso.action.ViewActions"},"method":"clearText","args":[]}}]})
11-23 21:20:28.181 22610 22655 I DetoxDispatcher: Handling action 'invoke' (ID #7)...
11-23 21:20:28.182 22610 22655 D Detox   : class com.wix.detox.espresso.DetoxMatcher, matcherForTestId, [login-email-input, false]
11-23 21:20:28.182 22610 22655 D Detox   : class androidx.test.espresso.action.ViewActions, clearText, []
11-23 21:20:28.183 22610 22655 D Detox   : class com.wix.detox.espresso.EspressoDetox, perform, [(view.getTag() is "login-email-input" and view has effective visibility <VISIBLE>), androidx.test.espresso.action.ReplaceTextAction@f54ed3d]
11-23 21:20:28.187 22610 22610 D DetoxRNHelpers: Native RN module resolution (class com.reactnativecommunity.asyncstorage.AsyncStorageModule): no such class
11-23 21:20:28.189 22610 22610 D DetoxRNHelpers: Native RN module resolution (class com.reactnativecommunity.asyncstorage.AsyncStorageModule): no such class
11-23 21:20:28.191 22610 22610 I ViewInteraction: Performing 'replace text()' action on view (view.getTag() is "login-email-input" and view has effective visibility <VISIBLE>)
11-23 21:20:28.205 22610 22655 I DetoxWSClient: Sending out action 'invokeResult' (ID #7)
11-23 21:20:28.205 22610 22655 I DetoxDispatcher: Done with action 'invoke'
11-23 21:20:28.209 22610 22659 D DetoxWSClient: Received action 'invoke' (ID #8, params={"target":{"type":"Class","value":"com.wix.detox.espresso.EspressoDetox"},"method":"perform","args":[{"type":"Invocation","value":{"target":{"type":"Class","value":"com.wix.detox.espresso.DetoxMatcher"},"method":"matcherForTestId","args":["login-email-input",{"type":"boolean","value":false}]}},{"type":"Invocation","value":{"target":{"type":"Class","value":"com.wix.detox.espresso.DetoxViewActions"},"method":"typeText","args":["test@souschef.dev"]}}]})
11-23 21:20:28.210 22610 22655 I DetoxDispatcher: Handling action 'invoke' (ID #8)...
11-23 21:20:28.211 22610 22655 D Detox   : class com.wix.detox.espresso.DetoxMatcher, matcherForTestId, [login-email-input, false]
11-23 21:20:28.213 22610 22655 D Detox   : class com.wix.detox.espresso.DetoxViewActions, typeText, [test@souschef.dev]
11-23 21:20:28.219 22610 22655 D Detox   : class com.wix.detox.espresso.EspressoDetox, perform, [(view.getTag() is "login-email-input" and view has effective visibility <VISIBLE>), com.wix.detox.espresso.action.DetoxTypeTextAction@f464b2e]
11-23 21:20:28.236 22610 22610 D DetoxRNHelpers: Native RN module resolution (class com.reactnativecommunity.asyncstorage.AsyncStorageModule): no such class
11-23 21:20:28.239 22610 22610 D DetoxRNHelpers: Native RN module resolution (class com.reactnativecommunity.asyncstorage.AsyncStorageModule): no such class
11-23 21:20:28.242 22610 22610 I ViewInteraction: Performing 'Click to focus & type text (test@souschef.dev)' action on view (view.getTag() is "login-email-input" and view has effective visibility <VISIBLE>)
11-23 21:20:28.253 22610 22610 I VRI[MainActivity]@8e53a52: ViewPostIme pointer 0
11-23 21:20:28.284 22610 22610 I VRI[MainActivity]@8e53a52: ViewPostIme pointer 1
11-23 21:20:28.296 22610 22610 D InputMethodManagerUtils: startInputInner - Id : 0
11-23 21:20:28.296 22610 22610 I InputMethodManager: startInputInner - IInputMethodManagerGlobalInvoker.startInputOrWindowGainedFocus
11-23 21:20:28.302 22610 22610 I AutofillManager: showAutofillDialog() return false due to improve fill dialog
11-23 21:20:28.302 22610 22610 I InputMethodManager_LC: showSoftInput(View,I)
11-23 21:20:28.304 22610 22610 I ImeTracker: dev.souschef.app:8c205585: onRequestShow at ORIGIN_CLIENT reason SHOW_SOFT_INPUT fromUser true
11-23 21:20:28.305 22610 22610 I InputMethodManager_LC: ssi(): flags=0 view=dev.souschef.app reason=SHOW_SOFT_INPUT
11-23 21:20:28.305 22610 22610 D InsetsController: show(ime(), fromIme=false)
11-23 21:20:28.307 22610 22610 D InsetsController: Setting requestedVisibleTypes to -1 (was -9)
11-23 21:20:28.307 22610 22694 D InputTransport: Input channel constructed: 'ClientS', fd=197
11-23 21:20:28.308 22610 22610 I InsetsController: setRequestedVisibleTypes: visible=true, mask=ime, host=dev.souschef.app/dev.souschef.app.MainActivity, from=android.view.InsetsController.controlAnimationUnchecked:1604 android.view.InsetsController.applyAnimation:2416 android.view.InsetsController.applyAnimation:2343 android.view.InsetsController.show:1422 android.view.inputmethod.InputMethodManager.showSoftInput:2659 android.view.inputmethod.InputMethodManager.showSoftInput:2571 android.view.inputmethod.InputMethodManager.showSoftInput:2563 android.view.inputmethod.InputMethodManager.showSoftInput:2491 android.widget.TextView.onTouchEvent:14078 com.facebook.react.views.textinput.ReactEditText.onTouchEvent:323 
11-23 21:20:28.324 22610 22610 I VRI[MainActivity]@8e53a52: handleResized, frames=ClientWindowFrames{frame=[0,0][1440,3088] display=[0,0][1440,3088] parentFrame=[0,0][0,0]} displayId=0 dragResizing=false compatScale=1.0 frameChanged=false attachedFrameChanged=false configChanged=false displayChanged=false compatScaleChanged=false dragResizingChanged=false
11-23 21:20:28.343 22610 22610 I InputMethodManager_LC: showSoftInput(View,I)
11-23 21:20:28.343 22610 22610 I ImeTracker: dev.souschef.app:e6f7a475: onRequestShow at ORIGIN_CLIENT reason SHOW_SOFT_INPUT fromUser false
11-23 21:20:28.344 22610 22610 I InputMethodManager_LC: ssi(): flags=0 view=dev.souschef.app reason=SHOW_SOFT_INPUT
11-23 21:20:28.344 22610 22610 D InsetsController: show(ime(), fromIme=false)
11-23 21:20:28.345 22610 22610 I ImeTracker: dev.souschef.app:e6f7a475: onCancelled at PHASE_CLIENT_REPORT_REQUESTED_VISIBLE_TYPES
11-23 21:20:28.359 22610 22610 D DetoxRNHelpers: Native RN module resolution (class com.reactnativecommunity.asyncstorage.AsyncStorageModule): no such class
11-23 21:20:28.432 22610 22610 I InsetsController: onStateChanged: host=dev.souschef.app/dev.souschef.app.MainActivity, from=android.view.ViewRootImpl.onInsetsStateChanged:3026, state=InsetsState: {mDisplayFrame=Rect(0, 0 - 1440, 3088), mDisplayCutout=DisplayCutout{insets=Rect(0, 100 - 0, 0) waterfall=Insets{left=0, top=0, right=0, bottom=0} boundingRect={Bounds=[Rect(0, 0 - 0, 0), Rect(683, 0 - 758, 100), Rect(0, 0 - 0, 0), Rect(0, 0 - 0, 0)]} cutoutPathParserInfo={CutoutPathParserInfo{displayWidth=1440 displayHeight=3088 physicalDisplayWidth=1440 physicalDisplayHeight=3088 density={3.75} cutoutSpec={M 0,0 H -10 V 26.66666666666667 H 10 V 0 H 0 Z @dp} rotation={0} scale={1.0} physicalPixelDisplaySizeRatio={1.0}}} sideOverrides={}}, mRoundedCorners=RoundedCorners{[RoundedCorner{position=TopLeft, radius=15, center=Point(15, 15)}, RoundedCorner{position=TopRight, radius=15, center=Point(1425, 15)}, RoundedCorner{position=BottomRight, radius=15, center=Point(1425, 3073)}, RoundedCorner{position=BottomLeft, radius=15, center=Point(15, 3073)}]}  mRoundedCornerFrame=Rect(0, 0 - 1440, 3088), mPrivacyIndicatorBounds=PrivacyIndicatorBounds {static bounds=Rect(1275, 0 - 1440, 100) rotation=0}, mDisplayShape=DisplayShape{ spec=-311912193 displayWidth=1440 displayHeight=3088 physicalPixelDisplaySizeRatio=1.0 rotation=0 offsetX=0 offsetY=0 scale=1.0}, mSources= { InsetsSource: {b11d0001 mType=navigationBars mFrame=[0,3032][1440,3088] mVisible=true mFlags=SUPPRESS_SCRIM mSideHint=BOTTOM mBoundingRects=null}, InsetsSource: {b11d0004 mType=systemGestures mFrame=[0,0][84,3088] mVisible=true mFlags= mSideHint=LEFT mBoundingRects=null}, InsetsSource: {b11d0005 mType=mandatorySystemGestures mFrame=[0,2968][1440,3088] mVisible=true mFlags= mSideHint=BOTTOM mBoundingRects=null}, InsetsSource: {b11d0006 mType=tappableElement mFrame=[0,0][0,0] mVisible=true mFlags= mSideHint=NONE mBoundingRects=null}, InsetsSource: {b11d0024 mType=systemGestures mFrame=[1356,0][1440,3088] mVisible=true mFlags= mSideHint=RIGHT mBoundingRects=null}, InsetsSource: {ecac0000 mType=statusBars mFrame=[0,0][1440,100] mVisible=true mFlags= mSideHint=TOP mBoundingRects=null}, InsetsSource: {ecac0005 mType=mandatorySystemGestures mFrame=[0,0][1440,145] mVisible=true mFlags= mSideHint=TOP mBoundingRects=null}, InsetsSource: {ecac0006 mType=tappableElement mFrame=[0,0][1440,100] mVisible=true mFlags= mSideHint=TOP mBoundingRects=null}, InsetsSource: {3 mType=ime mFrame=[0,0][0,0] mVisible=false mFlags= mSideHint=NONE mBoundingRects=null}, InsetsSource: {27 mType=displayCutout mFrame=[0,0][1440,100] mVisible=true mFlags= mSideHint=TOP mBoundingRects=null} }
11-23 21:20:28.433 22610 22610 I VRI[MainActivity]@8e53a52: handleResized, frames=ClientWindowFrames{frame=[0,0][1440,3088] display=[0,0][1440,3088] parentFrame=[0,0][0,0]} displayId=0 dragResizing=false compatScale=1.0 frameChanged=false attachedFrameChanged=false configChanged=false displayChanged=false compatScaleChanged=false dragResizingChanged=false
11-23 21:20:28.457 22610 22610 I InsetsController: onStateChanged: host=dev.souschef.app/dev.souschef.app.MainActivity, from=android.view.ViewRootImpl.onInsetsStateChanged:3026, state=InsetsState: {mDisplayFrame=Rect(0, 0 - 1440, 3088), mDisplayCutout=DisplayCutout{insets=Rect(0, 100 - 0, 0) waterfall=Insets{left=0, top=0, right=0, bottom=0} boundingRect={Bounds=[Rect(0, 0 - 0, 0), Rect(683, 0 - 758, 100), Rect(0, 0 - 0, 0), Rect(0, 0 - 0, 0)]} cutoutPathParserInfo={CutoutPathParserInfo{displayWidth=1440 displayHeight=3088 physicalDisplayWidth=1440 physicalDisplayHeight=3088 density={3.75} cutoutSpec={M 0,0 H -10 V 26.66666666666667 H 10 V 0 H 0 Z @dp} rotation={0} scale={1.0} physicalPixelDisplaySizeRatio={1.0}}} sideOverrides={}}, mRoundedCorners=RoundedCorners{[RoundedCorner{position=TopLeft, radius=15, center=Point(15, 15)}, RoundedCorner{position=TopRight, radius=15, center=Point(1425, 15)}, RoundedCorner{position=BottomRight, radius=15, center=Point(1425, 3073)}, RoundedCorner{position=BottomLeft, radius=15, center=Point(15, 3073)}]}  mRoundedCornerFrame=Rect(0, 0 - 1440, 3088), mPrivacyIndicatorBounds=PrivacyIndicatorBounds {static bounds=Rect(1275, 0 - 1440, 100) rotation=0}, mDisplayShape=DisplayShape{ spec=-311912193 displayWidth=1440 displayHeight=3088 physicalPixelDisplaySizeRatio=1.0 rotation=0 offsetX=0 offsetY=0 scale=1.0}, mSources= { InsetsSource: {b11d0001 mType=navigationBars mFrame=[0,3032][1440,3088] mVisible=true mFlags=SUPPRESS_SCRIM mSideHint=BOTTOM mBoundingRects=null}, InsetsSource: {b11d0004 mType=systemGestures mFrame=[0,0][84,3088] mVisible=true mFlags= mSideHint=LEFT mBoundingRects=null}, InsetsSource: {b11d0005 mType=mandatorySystemGestures mFrame=[0,2968][1440,3088] mVisible=true mFlags= mSideHint=BOTTOM mBoundingRects=null}, InsetsSource: {b11d0006 mType=tappableElement mFrame=[0,0][0,0] mVisible=true mFlags= mSideHint=NONE mBoundingRects=null}, InsetsSource: {b11d0024 mType=systemGestures mFrame=[1356,0][1440,3088] mVisible=true mFlags= mSideHint=RIGHT mBoundingRects=null}, InsetsSource: {ecac0000 mType=statusBars mFrame=[0,0][1440,100] mVisible=true mFlags= mSideHint=TOP mBoundingRects=null}, InsetsSource: {ecac0005 mType=mandatorySystemGestures mFrame=[0,0][1440,145] mVisible=true mFlags= mSideHint=TOP mBoundingRects=null}, InsetsSource: {ecac0006 mType=tappableElement mFrame=[0,0][1440,100] mVisible=true mFlags= mSideHint=TOP mBoundingRects=null}, InsetsSource: {3 mType=ime mFrame=[0,2076][1440,3088] mVisible=true mFlags= mSideHint=BOTTOM mBoundingRects=null}, InsetsSource: {27 mType=displayCutout mFrame=[0,0][1440,100] mVisible=true mFlags= mSideHint=TOP mBoundingRects=null} }
11-23 21:20:28.457 22610 22610 I VRI[MainActivity]@8e53a52: handleResized, frames=ClientWindowFrames{frame=[0,0][1440,3088] display=[0,0][1440,3088] parentFrame=[0,0][0,0]} displayId=0 dragResizing=false compatScale=1.0 frameChanged=false attachedFrameChanged=false configChanged=false displayChanged=false compatScaleChanged=false dragResizingChanged=false
11-23 21:20:28.474 22610 22610 I InsetsController: onStateChanged: host=dev.souschef.app/dev.souschef.app.MainActivity, from=android.view.ViewRootImpl.onInsetsStateChanged:3026, state=InsetsState: {mDisplayFrame=Rect(0, 0 - 1440, 3088), mDisplayCutout=DisplayCutout{insets=Rect(0, 100 - 0, 0) waterfall=Insets{left=0, top=0, right=0, bottom=0} boundingRect={Bounds=[Rect(0, 0 - 0, 0), Rect(683, 0 - 758, 100), Rect(0, 0 - 0, 0), Rect(0, 0 - 0, 0)]} cutoutPathParserInfo={CutoutPathParserInfo{displayWidth=1440 displayHeight=3088 physicalDisplayWidth=1440 physicalDisplayHeight=3088 density={3.75} cutoutSpec={M 0,0 H -10 V 26.66666666666667 H 10 V 0 H 0 Z @dp} rotation={0} scale={1.0} physicalPixelDisplaySizeRatio={1.0}}} sideOverrides={}}, mRoundedCorners=RoundedCorners{[RoundedCorner{position=TopLeft, radius=15, center=Point(15, 15)}, RoundedCorner{position=TopRight, radius=15, center=Point(1425, 15)}, RoundedCorner{position=BottomRight, radius=15, center=Point(1425, 3073)}, RoundedCorner{position=BottomLeft, radius=15, center=Point(15, 3073)}]}  mRoundedCornerFrame=Rect(0, 0 - 1440, 3088), mPrivacyIndicatorBounds=PrivacyIndicatorBounds {static bounds=Rect(1275, 0 - 1440, 100) rotation=0}, mDisplayShape=DisplayShape{ spec=-311912193 displayWidth=1440 displayHeight=3088 physicalPixelDisplaySizeRatio=1.0 rotation=0 offsetX=0 offsetY=0 scale=1.0}, mSources= { InsetsSource: {b11d0001 mType=navigationBars mFrame=[0,3032][1440,3088] mVisible=true mFlags=SUPPRESS_SCRIM mSideHint=BOTTOM mBoundingRects=null}, InsetsSource: {b11d0004 mType=systemGestures mFrame=[0,0][84,3088] mVisible=true mFlags= mSideHint=LEFT mBoundingRects=null}, InsetsSource: {b11d0005 mType=mandatorySystemGestures mFrame=[0,2968][1440,3088] mVisible=true mFlags= mSideHint=BOTTOM mBoundingRects=null}, InsetsSource: {b11d0006 mType=tappableElement mFrame=[0,0][0,0] mVisible=true mFlags= mSideHint=NONE mBoundingRects=null}, InsetsSource: {b11d0024 mType=systemGestures mFrame=[1356,0][1440,3088] mVisible=true mFlags= mSideHint=RIGHT mBoundingRects=null}, InsetsSource: {ecac0000 mType=statusBars mFrame=[0,0][1440,100] mVisible=true mFlags= mSideHint=TOP mBoundingRects=null}, InsetsSource: {ecac0005 mType=mandatorySystemGestures mFrame=[0,0][1440,145] mVisible=true mFlags= mSideHint=TOP mBoundingRects=null}, InsetsSource: {ecac0006 mType=tappableElement mFrame=[0,0][1440,100] mVisible=true mFlags= mSideHint=TOP mBoundingRects=null}, InsetsSource: {3 mType=ime mFrame=[0,2076][1440,3088] mVisible=true mFlags= mSideHint=BOTTOM mBoundingRects=null}, InsetsSource: {27 mType=displayCutout mFrame=[0,0][1440,100] mVisible=true mFlags= mSideHint=TOP mBoundingRects=null} }
11-23 21:20:28.476 22610 22610 I InsetsController: controlAnimationUncheckedInner: Added types=ime, animType=0, host=dev.souschef.app/dev.souschef.app.MainActivity, from=android.view.InsetsController.controlAnimationUnchecked:1608 android.view.InsetsController.applyAnimation:2416 android.view.InsetsController.applyAnimation:2343 
11-23 21:20:28.481 22610 22610 I BLASTBufferQueue_Java: update, w= 1440 h= 3088 mName = VRI[MainActivity]@8e53a52 mNativeObject= 0xb400007adda683b0 sc.mNativeObject= 0xb400007b7da38150 format= -1 caller= android.view.ViewRootImpl.updateBlastSurfaceIfNeeded:3574 android.view.ViewRootImpl.relayoutWindow:11685 android.view.ViewRootImpl.performTraversals:4804 android.view.ViewRootImpl.doTraversal:3924 android.view.ViewRootImpl$TraversalRunnable.run:12903 android.view.Choreographer$CallbackRecord.run:1901 
11-23 21:20:28.481 22610 22610 I VRI[MainActivity]@8e53a52: Relayout returned: old=(0,0,1440,3088) new=(0,0,1440,3088) relayoutAsync=true req=(1440,3088)0 dur=0 res=0x0 s={true 0xb400007beda54050} ch=false seqId=0
11-23 21:20:28.490 22610 22610 W InteractionJankMonitor: Initializing without READ_DEVICE_CONFIG permission. enabled=false, interval=1, missedFrameThreshold=3, frameTimeThreshold=64, package=dev.souschef.app
11-23 21:20:28.492 22610 22610 I VRI[MainActivity]@8e53a52: registerCallbackForPendingTransactions
11-23 21:20:28.495 22610 22687 I VRI[MainActivity]@8e53a52: mWNT: t=0xb400007c8db84b10 mBlastBufferQueue=0xb400007adda683b0 fn= 111 HdrRenderState mRenderHdrSdrRatio=1.0 caller= android.view.SyncRtSurfaceTransactionApplier.applyTransaction:100 android.view.SyncRtSurfaceTransactionApplier.lambda$scheduleApply$0:73 android.view.SyncRtSurfaceTransactionApplier.$r8$lambda$afI4fXg3U3-nBZQEDQMiNy-B06s:0 
11-23 21:20:28.495 22610 22687 I VRI[MainActivity]@8e53a52: mWNT: t=0xb400007c8db80890 mBlastBufferQueue=0xb400007adda683b0 fn= 111 HdrRenderState mRenderHdrSdrRatio=1.0 caller= android.view.ViewRootImpl$10.onFrameDraw:6536 android.view.ViewRootImpl$4.onFrameDraw:2489 android.view.ThreadedRenderer$1.onFrameDraw:718 
11-23 21:20:28.498 22610 22688 I VRI[MainActivity]@8e53a52: mWNT: t=0xb400007c8db82b90 mBlastBufferQueue=0xb400007adda683b0 fn= 112 HdrRenderState mRenderHdrSdrRatio=1.0 caller= android.view.SyncRtSurfaceTransactionApplier.applyTransaction:100 android.view.SyncRtSurfaceTransactionApplier.lambda$scheduleApply$0:73 android.view.SyncRtSurfaceTransactionApplier.$r8$lambda$afI4fXg3U3-nBZQEDQMiNy-B06s:0 
11-23 21:20:28.505 22610 22687 I VRI[MainActivity]@8e53a52: mWNT: t=0xb400007c8db83990 mBlastBufferQueue=0xb400007adda683b0 fn= 113 HdrRenderState mRenderHdrSdrRatio=1.0 caller= android.view.SyncRtSurfaceTransactionApplier.applyTransaction:100 android.view.SyncRtSurfaceTransactionApplier.lambda$scheduleApply$0:73 android.view.SyncRtSurfaceTransactionApplier.$r8$lambda$afI4fXg3U3-nBZQEDQMiNy-B06s:0 
11-23 21:20:28.516 22610 22688 I VRI[MainActivity]@8e53a52: mWNT: t=0xb400007c8db83990 mBlastBufferQueue=0xb400007adda683b0 fn= 114 HdrRenderState mRenderHdrSdrRatio=1.0 caller= android.view.SyncRtSurfaceTransactionApplier.applyTransaction:100 android.view.SyncRtSurfaceTransactionApplier.lambda$scheduleApply$0:73 android.view.SyncRtSurfaceTransactionApplier.$r8$lambda$afI4fXg3U3-nBZQEDQMiNy-B06s:0 
11-23 21:20:28.523 22610 22687 I VRI[MainActivity]@8e53a52: mWNT: t=0xb400007c8db83610 mBlastBufferQueue=0xb400007adda683b0 fn= 115 HdrRenderState mRenderHdrSdrRatio=1.0 caller= android.view.SyncRtSurfaceTransactionApplier.applyTransaction:100 android.view.SyncRtSurfaceTransactionApplier.lambda$scheduleApply$0:73 android.view.SyncRtSurfaceTransactionApplier.$r8$lambda$afI4fXg3U3-nBZQEDQMiNy-B06s:0 
11-23 21:20:28.530 22610 22688 I VRI[MainActivity]@8e53a52: mWNT: t=0xb400007c8db83610 mBlastBufferQueue=0xb400007adda683b0 fn= 116 HdrRenderState mRenderHdrSdrRatio=1.0 caller= android.view.SyncRtSurfaceTransactionApplier.applyTransaction:100 android.view.SyncRtSurfaceTransactionApplier.lambda$scheduleApply$0:73 android.view.SyncRtSurfaceTransactionApplier.$r8$lambda$afI4fXg3U3-nBZQEDQMiNy-B06s:0 
11-23 21:20:28.544 22610 22687 I VRI[MainActivity]@8e53a52: mWNT: t=0xb400007c8db7f8d0 mBlastBufferQueue=0xb400007adda683b0 fn= 117 HdrRenderState mRenderHdrSdrRatio=1.0 caller= android.view.SyncRtSurfaceTransactionApplier.applyTransaction:100 android.view.SyncRtSurfaceTransactionApplier.lambda$scheduleApply$0:73 android.view.SyncRtSurfaceTransactionApplier.$r8$lambda$afI4fXg3U3-nBZQEDQMiNy-B06s:0 
11-23 21:20:28.546 22610 22688 I VRI[MainActivity]@8e53a52: mWNT: t=0xb400007c8db7abd0 mBlastBufferQueue=0xb400007adda683b0 fn= 118 HdrRenderState mRenderHdrSdrRatio=1.0 caller= android.view.SyncRtSurfaceTransactionApplier.applyTransaction:100 android.view.SyncRtSurfaceTransactionApplier.lambda$scheduleApply$0:73 android.view.SyncRtSurfaceTransactionApplier.$r8$lambda$afI4fXg3U3-nBZQEDQMiNy-B06s:0 
11-23 21:20:28.554 22610 22687 I VRI[MainActivity]@8e53a52: mWNT: t=0xb400007c8db81690 mBlastBufferQueue=0xb400007adda683b0 fn= 119 HdrRenderState mRenderHdrSdrRatio=1.0 caller= android.view.SyncRtSurfaceTransactionApplier.applyTransaction:100 android.view.SyncRtSurfaceTransactionApplier.lambda$scheduleApply$0:73 android.view.SyncRtSurfaceTransactionApplier.$r8$lambda$afI4fXg3U3-nBZQEDQMiNy-B06s:0 
11-23 21:20:28.566 22610 22688 I VRI[MainActivity]@8e53a52: mWNT: t=0xb400007c8db81690 mBlastBufferQueue=0xb400007adda683b0 fn= 120 HdrRenderState mRenderHdrSdrRatio=1.0 caller= android.view.SyncRtSurfaceTransactionApplier.applyTransaction:100 android.view.SyncRtSurfaceTransactionApplier.lambda$scheduleApply$0:73 android.view.SyncRtSurfaceTransactionApplier.$r8$lambda$afI4fXg3U3-nBZQEDQMiNy-B06s:0 
11-23 21:20:28.572 22610 22687 I VRI[MainActivity]@8e53a52: mWNT: t=0xb400007c8db1e890 mBlastBufferQueue=0xb400007adda683b0 fn= 121 HdrRenderState mRenderHdrSdrRatio=1.0 caller= android.view.SyncRtSurfaceTransactionApplier.applyTransaction:100 android.view.SyncRtSurfaceTransactionApplier.lambda$scheduleApply$0:73 android.view.SyncRtSurfaceTransactionApplier.$r8$lambda$afI4fXg3U3-nBZQEDQMiNy-B06s:0 
11-23 21:20:28.579 22610 22688 I VRI[MainActivity]@8e53a52: mWNT: t=0xb400007c8db1e890 mBlastBufferQueue=0xb400007adda683b0 fn= 122 HdrRenderState mRenderHdrSdrRatio=1.0 caller= android.view.SyncRtSurfaceTransactionApplier.applyTransaction:100 android.view.SyncRtSurfaceTransactionApplier.lambda$scheduleApply$0:73 android.view.SyncRtSurfaceTransactionApplier.$r8$lambda$afI4fXg3U3-nBZQEDQMiNy-B06s:0 
11-23 21:20:28.589 22610 22687 I VRI[MainActivity]@8e53a52: mWNT: t=0xb400007c8db24550 mBlastBufferQueue=0xb400007adda683b0 fn= 123 HdrRenderState mRenderHdrSdrRatio=1.0 caller= android.view.SyncRtSurfaceTransactionApplier.applyTransaction:100 android.view.SyncRtSurfaceTransactionApplier.lambda$scheduleApply$0:73 android.view.SyncRtSurfaceTransactionApplier.$r8$lambda$afI4fXg3U3-nBZQEDQMiNy-B06s:0 
11-23 21:20:28.598 22610 22688 I VRI[MainActivity]@8e53a52: mWNT: t=0xb400007c8db24550 mBlastBufferQueue=0xb400007adda683b0 fn= 124 HdrRenderState mRenderHdrSdrRatio=1.0 caller= android.view.SyncRtSurfaceTransactionApplier.applyTransaction:100 android.view.SyncRtSurfaceTransactionApplier.lambda$scheduleApply$0:73 android.view.SyncRtSurfaceTransactionApplier.$r8$lambda$afI4fXg3U3-nBZQEDQMiNy-B06s:0 
11-23 21:20:28.606 22610 22687 I VRI[MainActivity]@8e53a52: mWNT: t=0xb400007c8db26690 mBlastBufferQueue=0xb400007adda683b0 fn= 125 HdrRenderState mRenderHdrSdrRatio=1.0 caller= android.view.SyncRtSurfaceTransactionApplier.applyTransaction:100 android.view.SyncRtSurfaceTransactionApplier.lambda$scheduleApply$0:73 android.view.SyncRtSurfaceTransactionApplier.$r8$lambda$afI4fXg3U3-nBZQEDQMiNy-B06s:0 
11-23 21:20:28.615 22610 22688 I VRI[MainActivity]@8e53a52: mWNT: t=0xb400007c8db26690 mBlastBufferQueue=0xb400007adda683b0 fn= 126 HdrRenderState mRenderHdrSdrRatio=1.0 caller= android.view.SyncRtSurfaceTransactionApplier.applyTransaction:100 android.view.SyncRtSurfaceTransactionApplier.lambda$scheduleApply$0:73 android.view.SyncRtSurfaceTransactionApplier.$r8$lambda$afI4fXg3U3-nBZQEDQMiNy-B06s:0 
11-23 21:20:28.622 22610 22687 I VRI[MainActivity]@8e53a52: mWNT: t=0xb400007c8db24710 mBlastBufferQueue=0xb400007adda683b0 fn= 127 HdrRenderState mRenderHdrSdrRatio=1.0 caller= android.view.SyncRtSurfaceTransactionApplier.applyTransaction:100 android.view.SyncRtSurfaceTransactionApplier.lambda$scheduleApply$0:73 android.view.SyncRtSurfaceTransactionApplier.$r8$lambda$afI4fXg3U3-nBZQEDQMiNy-B06s:0 
11-23 21:20:28.630 22610 22688 I VRI[MainActivity]@8e53a52: mWNT: t=0xb400007c8db26690 mBlastBufferQueue=0xb400007adda683b0 fn= 128 HdrRenderState mRenderHdrSdrRatio=1.0 caller= android.view.SyncRtSurfaceTransactionApplier.applyTransaction:100 android.view.SyncRtSurfaceTransactionApplier.lambda$scheduleApply$0:73 android.view.SyncRtSurfaceTransactionApplier.$r8$lambda$afI4fXg3U3-nBZQEDQMiNy-B06s:0 
11-23 21:20:28.639 22610 22687 I VRI[MainActivity]@8e53a52: mWNT: t=0xb400007c8db24550 mBlastBufferQueue=0xb400007adda683b0 fn= 129 HdrRenderState mRenderHdrSdrRatio=1.0 caller= android.view.SyncRtSurfaceTransactionApplier.applyTransaction:100 android.view.SyncRtSurfaceTransactionApplier.lambda$scheduleApply$0:73 android.view.SyncRtSurfaceTransactionApplier.$r8$lambda$afI4fXg3U3-nBZQEDQMiNy-B06s:0 
11-23 21:20:28.647 22610 22688 I VRI[MainActivity]@8e53a52: mWNT: t=0xb400007c8db1e890 mBlastBufferQueue=0xb400007adda683b0 fn= 130 HdrRenderState mRenderHdrSdrRatio=1.0 caller= android.view.SyncRtSurfaceTransactionApplier.applyTransaction:100 android.view.SyncRtSurfaceTransactionApplier.lambda$scheduleApply$0:73 android.view.SyncRtSurfaceTransactionApplier.$r8$lambda$afI4fXg3U3-nBZQEDQMiNy-B06s:0 
11-23 21:20:28.655 22610 22687 I VRI[MainActivity]@8e53a52: mWNT: t=0xb400007c8db81690 mBlastBufferQueue=0xb400007adda683b0 fn= 131 HdrRenderState mRenderHdrSdrRatio=1.0 caller= android.view.SyncRtSurfaceTransactionApplier.applyTransaction:100 android.view.SyncRtSurfaceTransactionApplier.lambda$scheduleApply$0:73 android.view.SyncRtSurfaceTransactionApplier.$r8$lambda$afI4fXg3U3-nBZQEDQMiNy-B06s:0 
11-23 21:20:28.665 22610 22688 I VRI[MainActivity]@8e53a52: mWNT: t=0xb400007c8db7abd0 mBlastBufferQueue=0xb400007adda683b0 fn= 132 HdrRenderState mRenderHdrSdrRatio=1.0 caller= android.view.SyncRtSurfaceTransactionApplier.applyTransaction:100 android.view.SyncRtSurfaceTransactionApplier.lambda$scheduleApply$0:73 android.view.SyncRtSurfaceTransactionApplier.$r8$lambda$afI4fXg3U3-nBZQEDQMiNy-B06s:0 
11-23 21:20:28.666 22610 22610 D DetoxRNHelpers: Native RN module resolution (class com.reactnativecommunity.asyncstorage.AsyncStorageModule): no such class
11-23 21:20:28.667 22610 22610 D DetoxRNHelpers: Native RN module resolution (class com.reactnativecommunity.asyncstorage.AsyncStorageModule): no such class
11-23 21:20:28.673 22610 22687 I VRI[MainActivity]@8e53a52: mWNT: t=0xb400007c8db83610 mBlastBufferQueue=0xb400007adda683b0 fn= 133 HdrRenderState mRenderHdrSdrRatio=1.0 caller= android.view.SyncRtSurfaceTransactionApplier.applyTransaction:100 android.view.SyncRtSurfaceTransactionApplier.lambda$scheduleApply$0:73 android.view.SyncRtSurfaceTransactionApplier.$r8$lambda$afI4fXg3U3-nBZQEDQMiNy-B06s:0 
11-23 21:20:28.681 22610 22688 I VRI[MainActivity]@8e53a52: mWNT: t=0xb400007c8db83990 mBlastBufferQueue=0xb400007adda683b0 fn= 134 HdrRenderState mRenderHdrSdrRatio=1.0 caller= android.view.SyncRtSurfaceTransactionApplier.applyTransaction:100 android.view.SyncRtSurfaceTransactionApplier.lambda$scheduleApply$0:73 android.view.SyncRtSurfaceTransactionApplier.$r8$lambda$afI4fXg3U3-nBZQEDQMiNy-B06s:0 
11-23 21:20:28.689 22610 22687 I VRI[MainActivity]@8e53a52: mWNT: t=0xb400007c8db82b90 mBlastBufferQueue=0xb400007adda683b0 fn= 135 HdrRenderState mRenderHdrSdrRatio=1.0 caller= android.view.SyncRtSurfaceTransactionApplier.applyTransaction:100 android.view.SyncRtSurfaceTransactionApplier.lambda$scheduleApply$0:73 android.view.SyncRtSurfaceTransactionApplier.$r8$lambda$afI4fXg3U3-nBZQEDQMiNy-B06s:0 
11-23 21:20:28.698 22610 22688 I VRI[MainActivity]@8e53a52: mWNT: t=0xb400007c8db2cf90 mBlastBufferQueue=0xb400007adda683b0 fn= 136 HdrRenderState mRenderHdrSdrRatio=1.0 caller= android.view.SyncRtSurfaceTransactionApplier.applyTransaction:100 android.view.SyncRtSurfaceTransactionApplier.lambda$scheduleApply$0:73 android.view.SyncRtSurfaceTransactionApplier.$r8$lambda$afI4fXg3U3-nBZQEDQMiNy-B06s:0 
11-23 21:20:28.706 22610 22687 I VRI[MainActivity]@8e53a52: mWNT: t=0xb400007c8db2bc50 mBlastBufferQueue=0xb400007adda683b0 fn= 137 HdrRenderState mRenderHdrSdrRatio=1.0 caller= android.view.SyncRtSurfaceTransactionApplier.applyTransaction:100 android.view.SyncRtSurfaceTransactionApplier.lambda$scheduleApply$0:73 android.view.SyncRtSurfaceTransactionApplier.$r8$lambda$afI4fXg3U3-nBZQEDQMiNy-B06s:0 
11-23 21:20:28.713 22610 22688 I VRI[MainActivity]@8e53a52: mWNT: t=0xb400007c8db2df50 mBlastBufferQueue=0xb400007adda683b0 fn= 138 HdrRenderState mRenderHdrSdrRatio=1.0 caller= android.view.SyncRtSurfaceTransactionApplier.applyTransaction:100 android.view.SyncRtSurfaceTransactionApplier.lambda$scheduleApply$0:73 android.view.SyncRtSurfaceTransactionApplier.$r8$lambda$afI4fXg3U3-nBZQEDQMiNy-B06s:0 
11-23 21:20:28.722 22610 22687 I VRI[MainActivity]@8e53a52: mWNT: t=0xb400007c8db321d0 mBlastBufferQueue=0xb400007adda683b0 fn= 139 HdrRenderState mRenderHdrSdrRatio=1.0 caller= android.view.SyncRtSurfaceTransactionApplier.applyTransaction:100 android.view.SyncRtSurfaceTransactionApplier.lambda$scheduleApply$0:73 android.view.SyncRtSurfaceTransactionApplier.$r8$lambda$afI4fXg3U3-nBZQEDQMiNy-B06s:0 
11-23 21:20:28.731 22610 22688 I VRI[MainActivity]@8e53a52: mWNT: t=0xb400007c8db31050 mBlastBufferQueue=0xb400007adda683b0 fn= 140 HdrRenderState mRenderHdrSdrRatio=1.0 caller= android.view.SyncRtSurfaceTransactionApplier.applyTransaction:100 android.view.SyncRtSurfaceTransactionApplier.lambda$scheduleApply$0:73 android.view.SyncRtSurfaceTransactionApplier.$r8$lambda$afI4fXg3U3-nBZQEDQMiNy-B06s:0 
11-23 21:20:28.733 22610 22610 D DetoxRNHelpers: Native RN module resolution (class com.reactnativecommunity.asyncstorage.AsyncStorageModule): no such class
11-23 21:20:28.739 22610 22610 D DetoxRNHelpers: Native RN module resolution (class com.reactnativecommunity.asyncstorage.AsyncStorageModule): no such class
11-23 21:20:28.740 22610 22687 I VRI[MainActivity]@8e53a52: mWNT: t=0xb400007c8db23590 mBlastBufferQueue=0xb400007adda683b0 fn= 141 HdrRenderState mRenderHdrSdrRatio=1.0 caller= android.view.SyncRtSurfaceTransactionApplier.applyTransaction:100 android.view.SyncRtSurfaceTransactionApplier.lambda$scheduleApply$0:73 android.view.SyncRtSurfaceTransactionApplier.$r8$lambda$afI4fXg3U3-nBZQEDQMiNy-B06s:0 
11-23 21:20:28.742 22610 22610 D DetoxRNHelpers: Native RN module resolution (class com.reactnativecommunity.asyncstorage.AsyncStorageModule): no such class
11-23 21:20:28.746 22610 22688 I VRI[MainActivity]@8e53a52: mWNT: t=0xb400007c8db241d0 mBlastBufferQueue=0xb400007adda683b0 fn= 142 HdrRenderState mRenderHdrSdrRatio=1.0 caller= android.view.SyncRtSurfaceTransactionApplier.applyTransaction:100 android.view.SyncRtSurfaceTransactionApplier.lambda$scheduleApply$0:73 android.view.SyncRtSurfaceTransactionApplier.$r8$lambda$afI4fXg3U3-nBZQEDQMiNy-B06s:0 
11-23 21:20:28.747 22610 22610 D DetoxRNHelpers: Native RN module resolution (class com.reactnativecommunity.asyncstorage.AsyncStorageModule): no such class
11-23 21:20:28.753 22610 22610 D UiControllerImpl: Injecting string: "test@souschef.dev"
11-23 21:20:28.754 22610 22610 D DetoxRNHelpers: Native RN module resolution (class com.reactnativecommunity.asyncstorage.AsyncStorageModule): no such class
11-23 21:20:28.758 22610 22687 I VRI[MainActivity]@8e53a52: mWNT: t=0xb400007c8db1ec10 mBlastBufferQueue=0xb400007adda683b0 fn= 143 HdrRenderState mRenderHdrSdrRatio=1.0 caller= android.view.SyncRtSurfaceTransactionApplier.applyTransaction:100 android.view.SyncRtSurfaceTransactionApplier.lambda$scheduleApply$0:73 android.view.SyncRtSurfaceTransactionApplier.$r8$lambda$afI4fXg3U3-nBZQEDQMiNy-B06s:0 
11-23 21:20:28.759 22610 22610 D DetoxRNHelpers: Native RN module resolution (class com.reactnativecommunity.asyncstorage.AsyncStorageModule): no such class
11-23 21:20:28.763 22610 22688 I VRI[MainActivity]@8e53a52: mWNT: t=0xb400007c8db202d0 mBlastBufferQueue=0xb400007adda683b0 fn= 144 HdrRenderState mRenderHdrSdrRatio=1.0 caller= android.view.SyncRtSurfaceTransactionApplier.applyTransaction:100 android.view.SyncRtSurfaceTransactionApplier.lambda$scheduleApply$0:73 android.view.SyncRtSurfaceTransactionApplier.$r8$lambda$afI4fXg3U3-nBZQEDQMiNy-B06s:0 
11-23 21:20:28.772 22610 22687 I VRI[MainActivity]@8e53a52: mWNT: t=0xb400007c8db1fd90 mBlastBufferQueue=0xb400007adda683b0 fn= 145 HdrRenderState mRenderHdrSdrRatio=1.0 caller= android.view.SyncRtSurfaceTransactionApplier.applyTransaction:100 android.view.SyncRtSurfaceTransactionApplier.lambda$scheduleApply$0:73 android.view.SyncRtSurfaceTransactionApplier.$r8$lambda$afI4fXg3U3-nBZQEDQMiNy-B06s:0 
11-23 21:20:28.772 22610 22610 I VRI[MainActivity]@8e53a52: The input has been finished in ImeInputStage.
11-23 21:20:28.785 22610 22688 I VRI[MainActivity]@8e53a52: mWNT: t=0xb400007c8dadaf10 mBlastBufferQueue=0xb400007adda683b0 fn= 146 HdrRenderState mRenderHdrSdrRatio=1.0 caller= android.view.SyncRtSurfaceTransactionApplier.applyTransaction:100 android.view.SyncRtSurfaceTransactionApplier.lambda$scheduleApply$0:73 android.view.SyncRtSurfaceTransactionApplier.$r8$lambda$afI4fXg3U3-nBZQEDQMiNy-B06s:0 
11-23 21:20:28.790 22610 22687 I VRI[MainActivity]@8e53a52: mWNT: t=0xb400007c8db21610 mBlastBufferQueue=0xb400007adda683b0 fn= 147 HdrRenderState mRenderHdrSdrRatio=1.0 caller= android.view.SyncRtSurfaceTransactionApplier.applyTransaction:100 android.view.SyncRtSurfaceTransactionApplier.lambda$scheduleApply$0:73 android.view.SyncRtSurfaceTransactionApplier.$r8$lambda$afI4fXg3U3-nBZQEDQMiNy-B06s:0 
11-23 21:20:28.818 22610 22688 I VRI[MainActivity]@8e53a52: mWNT: t=0xb400007c8db24010 mBlastBufferQueue=0xb400007adda683b0 fn= 148 HdrRenderState mRenderHdrSdrRatio=1.0 caller= android.view.SyncRtSurfaceTransactionApplier.applyTransaction:100 android.view.SyncRtSurfaceTransactionApplier.lambda$scheduleApply$0:73 android.view.SyncRtSurfaceTransactionApplier.$r8$lambda$afI4fXg3U3-nBZQEDQMiNy-B06s:0 
11-23 21:20:28.830 22610 22610 I AssistStructure: Flattened final assist data: 2140 bytes, containing 1 windows, 13 views
11-23 21:20:28.845 22610 22687 I VRI[MainActivity]@8e53a52: mWNT: t=0xb400007c8dad9d90 mBlastBufferQueue=0xb400007adda683b0 fn= 149 HdrRenderState mRenderHdrSdrRatio=1.0 caller= android.view.SyncRtSurfaceTransactionApplier.applyTransaction:100 android.view.SyncRtSurfaceTransactionApplier.lambda$scheduleApply$0:73 android.view.SyncRtSurfaceTransactionApplier.$r8$lambda$afI4fXg3U3-nBZQEDQMiNy-B06s:0 
11-23 21:20:28.846 22610 22610 I InsetsController: cancelAnimation: types=ime, animType=0, host=dev.souschef.app/dev.souschef.app.MainActivity, from=android.view.InsetsController.notifyFinished:2006 android.view.InsetsAnimationControlImpl.applyChangeInsets:335 android.view.InsetsController.lambda$new$3:957 
11-23 21:20:28.846 22610 22610 I ImeTracker: dev.souschef.app:8c205585: onShown
11-23 21:20:28.852 22610 22688 I VRI[MainActivity]@8e53a52: mWNT: t=0xb400007c8db25350 mBlastBufferQueue=0xb400007adda683b0 fn= 150 HdrRenderState mRenderHdrSdrRatio=1.0 caller= android.view.SyncRtSurfaceTransactionApplier.applyTransaction:100 android.view.SyncRtSurfaceTransactionApplier.lambda$scheduleApply$0:73 android.view.SyncRtSurfaceTransactionApplier.$r8$lambda$afI4fXg3U3-nBZQEDQMiNy-B06s:0 
11-23 21:20:28.855 22610 22610 D DetoxRNHelpers: Native RN module resolution (class com.reactnativecommunity.asyncstorage.AsyncStorageModule): no such class
11-23 21:20:28.861 22610 22610 I VRI[MainActivity]@8e53a52: ViewPostIme key 1
11-23 21:20:28.865 22610 22610 D DetoxRNHelpers: Native RN module resolution (class com.reactnativecommunity.asyncstorage.AsyncStorageModule): no such class
11-23 21:20:28.866 22610 22610 D DetoxRNHelpers: Native RN module resolution (class com.reactnativecommunity.asyncstorage.AsyncStorageModule): no such class
11-23 21:20:28.874 22610 22610 I VRI[MainActivity]@8e53a52: The input has been finished in ImeInputStage.
11-23 21:20:28.930 22610 22610 D DetoxRNHelpers: Native RN module resolution (class com.reactnativecommunity.asyncstorage.AsyncStorageModule): no such class
11-23 21:20:28.935 22610 22610 I VRI[MainActivity]@8e53a52: ViewPostIme key 1
11-23 21:20:28.938 22610 22610 D DetoxRNHelpers: Native RN module resolution (class com.reactnativecommunity.asyncstorage.AsyncStorageModule): no such class
11-23 21:20:28.939 22610 22610 D DetoxRNHelpers: Native RN module resolution (class com.reactnativecommunity.asyncstorage.AsyncStorageModule): no such class
11-23 21:20:28.946 22610 22610 I VRI[MainActivity]@8e53a52: The input has been finished in ImeInputStage.
11-23 21:20:29.006 22610 22610 D DetoxRNHelpers: Native RN module resolution (class com.reactnativecommunity.asyncstorage.AsyncStorageModule): no such class
11-23 21:20:29.010 22610 22610 I VRI[MainActivity]@8e53a52: ViewPostIme key 1
11-23 21:20:29.012 22610 22610 D DetoxRNHelpers: Native RN module resolution (class com.reactnativecommunity.asyncstorage.AsyncStorageModule): no such class
11-23 21:20:29.014 22610 22610 D DetoxRNHelpers: Native RN module resolution (class com.reactnativecommunity.asyncstorage.AsyncStorageModule): no such class
11-23 21:20:29.023 22610 22610 I VRI[MainActivity]@8e53a52: The input has been finished in ImeInputStage.
11-23 21:20:29.074 22610 22610 D DetoxRNHelpers: Native RN module resolution (class com.reactnativecommunity.asyncstorage.AsyncStorageModule): no such class
11-23 21:20:29.078 22610 22610 I VRI[MainActivity]@8e53a52: ViewPostIme key 1
11-23 21:20:29.080 22610 22610 D DetoxRNHelpers: Native RN module resolution (class com.reactnativecommunity.asyncstorage.AsyncStorageModule): no such class
11-23 21:20:29.082 22610 22610 D DetoxRNHelpers: Native RN module resolution (class com.reactnativecommunity.asyncstorage.AsyncStorageModule): no such class
11-23 21:20:29.091 22610 22610 I VRI[MainActivity]@8e53a52: ViewPostIme key 0
11-23 21:20:29.109 22610 22610 D DetoxRNHelpers: Native RN module resolution (class com.reactnativecommunity.asyncstorage.AsyncStorageModule): no such class
11-23 21:20:29.111 22610 22610 D DetoxRNHelpers: Native RN module resolution (class com.reactnativecommunity.asyncstorage.AsyncStorageModule): no such class
11-23 21:20:29.117 22610 22610 I VRI[MainActivity]@8e53a52: The input has been finished in ImeInputStage.
11-23 21:20:29.177 22610 22610 D DetoxRNHelpers: Native RN module resolution (class com.reactnativecommunity.asyncstorage.AsyncStorageModule): no such class
11-23 21:20:29.182 22610 22610 I VRI[MainActivity]@8e53a52: ViewPostIme key 1
11-23 21:20:29.184 22610 22610 D DetoxRNHelpers: Native RN module resolution (class com.reactnativecommunity.asyncstorage.AsyncStorageModule): no such class
11-23 21:20:29.186 22610 22610 D DetoxRNHelpers: Native RN module resolution (class com.reactnativecommunity.asyncstorage.AsyncStorageModule): no such class
11-23 21:20:29.193 22610 22610 I VRI[MainActivity]@8e53a52: ViewPostIme key 1
11-23 21:20:29.208 22610 22610 D DetoxRNHelpers: Native RN module resolution (class com.reactnativecommunity.asyncstorage.AsyncStorageModule): no such class
11-23 21:20:29.211 22610 22610 D DetoxRNHelpers: Native RN module resolution (class com.reactnativecommunity.asyncstorage.AsyncStorageModule): no such class
11-23 21:20:29.218 22610 22610 I VRI[MainActivity]@8e53a52: The input has been finished in ImeInputStage.
11-23 21:20:29.275 22610 22610 D DetoxRNHelpers: Native RN module resolution (class com.reactnativecommunity.asyncstorage.AsyncStorageModule): no such class
11-23 21:20:29.282 22610 22610 I VRI[MainActivity]@8e53a52: ViewPostIme key 1
11-23 21:20:29.285 22610 22610 D DetoxRNHelpers: Native RN module resolution (class com.reactnativecommunity.asyncstorage.AsyncStorageModule): no such class
11-23 21:20:29.287 22610 22610 D DetoxRNHelpers: Native RN module resolution (class com.reactnativecommunity.asyncstorage.AsyncStorageModule): no such class
11-23 21:20:29.293 22610 22610 I VRI[MainActivity]@8e53a52: The input has been finished in ImeInputStage.
11-23 21:20:29.360 22610 22610 D DetoxRNHelpers: Native RN module resolution (class com.reactnativecommunity.asyncstorage.AsyncStorageModule): no such class
11-23 21:20:29.365 22610 22610 I VRI[MainActivity]@8e53a52: ViewPostIme key 1
11-23 21:20:29.368 22610 22610 D DetoxRNHelpers: Native RN module resolution (class com.reactnativecommunity.asyncstorage.AsyncStorageModule): no such class
11-23 21:20:29.370 22610 22610 D DetoxRNHelpers: Native RN module resolution (class com.reactnativecommunity.asyncstorage.AsyncStorageModule): no such class
11-23 21:20:29.376 22610 22610 I VRI[MainActivity]@8e53a52: The input has been finished in ImeInputStage.
11-23 21:20:29.435 22610 22610 D DetoxRNHelpers: Native RN module resolution (class com.reactnativecommunity.asyncstorage.AsyncStorageModule): no such class
11-23 21:20:29.441 22610 22610 I VRI[MainActivity]@8e53a52: ViewPostIme key 1
11-23 21:20:29.444 22610 22610 D DetoxRNHelpers: Native RN module resolution (class com.reactnativecommunity.asyncstorage.AsyncStorageModule): no such class
11-23 21:20:29.446 22610 22610 D DetoxRNHelpers: Native RN module resolution (class com.reactnativecommunity.asyncstorage.AsyncStorageModule): no such class
11-23 21:20:29.452 22610 22610 I VRI[MainActivity]@8e53a52: The input has been finished in ImeInputStage.
11-23 21:20:29.518 22610 22610 D DetoxRNHelpers: Native RN module resolution (class com.reactnativecommunity.asyncstorage.AsyncStorageModule): no such class
11-23 21:20:29.523 22610 22610 I VRI[MainActivity]@8e53a52: ViewPostIme key 1
11-23 21:20:29.525 22610 22610 D DetoxRNHelpers: Native RN module resolution (class com.reactnativecommunity.asyncstorage.AsyncStorageModule): no such class
11-23 21:20:29.527 22610 22610 D DetoxRNHelpers: Native RN module resolution (class com.reactnativecommunity.asyncstorage.AsyncStorageModule): no such class
11-23 21:20:29.534 22610 22610 I VRI[MainActivity]@8e53a52: The input has been finished in ImeInputStage.
11-23 21:20:29.594 22610 22610 D DetoxRNHelpers: Native RN module resolution (class com.reactnativecommunity.asyncstorage.AsyncStorageModule): no such class
11-23 21:20:29.600 22610 22610 I VRI[MainActivity]@8e53a52: ViewPostIme key 1
11-23 21:20:29.603 22610 22610 D DetoxRNHelpers: Native RN module resolution (class com.reactnativecommunity.asyncstorage.AsyncStorageModule): no such class
11-23 21:20:29.604 22610 22610 D DetoxRNHelpers: Native RN module resolution (class com.reactnativecommunity.asyncstorage.AsyncStorageModule): no such class
11-23 21:20:29.611 22610 22610 I VRI[MainActivity]@8e53a52: The input has been finished in ImeInputStage.
11-23 21:20:29.667 22610 22610 D DetoxRNHelpers: Native RN module resolution (class com.reactnativecommunity.asyncstorage.AsyncStorageModule): no such class
11-23 21:20:29.673 22610 22610 I VRI[MainActivity]@8e53a52: ViewPostIme key 1
11-23 21:20:29.676 22610 22610 D DetoxRNHelpers: Native RN module resolution (class com.reactnativecommunity.asyncstorage.AsyncStorageModule): no such class
11-23 21:20:29.678 22610 22610 D DetoxRNHelpers: Native RN module resolution (class com.reactnativecommunity.asyncstorage.AsyncStorageModule): no such class
11-23 21:20:29.684 22610 22610 I VRI[MainActivity]@8e53a52: The input has been finished in ImeInputStage.
11-23 21:20:29.743 22610 22610 D DetoxRNHelpers: Native RN module resolution (class com.reactnativecommunity.asyncstorage.AsyncStorageModule): no such class
11-23 21:20:29.747 22610 22610 I VRI[MainActivity]@8e53a52: ViewPostIme key 1
11-23 21:20:29.749 22610 22610 D DetoxRNHelpers: Native RN module resolution (class com.reactnativecommunity.asyncstorage.AsyncStorageModule): no such class
11-23 21:20:29.750 22610 22610 D DetoxRNHelpers: Native RN module resolution (class com.reactnativecommunity.asyncstorage.AsyncStorageModule): no such class
11-23 21:20:29.757 22610 22610 I VRI[MainActivity]@8e53a52: The input has been finished in ImeInputStage.
11-23 21:20:29.808 22610 22610 D DetoxRNHelpers: Native RN module resolution (class com.reactnativecommunity.asyncstorage.AsyncStorageModule): no such class
11-23 21:20:29.812 22610 22610 I VRI[MainActivity]@8e53a52: ViewPostIme key 1
11-23 21:20:29.815 22610 22610 D DetoxRNHelpers: Native RN module resolution (class com.reactnativecommunity.asyncstorage.AsyncStorageModule): no such class
11-23 21:20:29.817 22610 22610 D DetoxRNHelpers: Native RN module resolution (class com.reactnativecommunity.asyncstorage.AsyncStorageModule): no such class
11-23 21:20:29.823 22610 22610 I VRI[MainActivity]@8e53a52: The input has been finished in ImeInputStage.
11-23 21:20:29.883 22610 22610 D DetoxRNHelpers: Native RN module resolution (class com.reactnativecommunity.asyncstorage.AsyncStorageModule): no such class
11-23 21:20:29.887 22610 22610 I VRI[MainActivity]@8e53a52: ViewPostIme key 1
11-23 21:20:29.890 22610 22610 D DetoxRNHelpers: Native RN module resolution (class com.reactnativecommunity.asyncstorage.AsyncStorageModule): no such class
11-23 21:20:29.892 22610 22610 D DetoxRNHelpers: Native RN module resolution (class com.reactnativecommunity.asyncstorage.AsyncStorageModule): no such class
11-23 21:20:29.898 22610 22610 I VRI[MainActivity]@8e53a52: The input has been finished in ImeInputStage.
11-23 21:20:29.960 22610 22610 D DetoxRNHelpers: Native RN module resolution (class com.reactnativecommunity.asyncstorage.AsyncStorageModule): no such class
11-23 21:20:29.964 22610 22610 I VRI[MainActivity]@8e53a52: ViewPostIme key 1
11-23 21:20:29.968 22610 22610 D DetoxRNHelpers: Native RN module resolution (class com.reactnativecommunity.asyncstorage.AsyncStorageModule): no such class
11-23 21:20:29.971 22610 22610 D DetoxRNHelpers: Native RN module resolution (class com.reactnativecommunity.asyncstorage.AsyncStorageModule): no such class
11-23 21:20:29.977 22610 22610 I VRI[MainActivity]@8e53a52: The input has been finished in ImeInputStage.
11-23 21:20:30.040 22610 22610 D DetoxRNHelpers: Native RN module resolution (class com.reactnativecommunity.asyncstorage.AsyncStorageModule): no such class
11-23 21:20:30.045 22610 22610 I VRI[MainActivity]@8e53a52: ViewPostIme key 1
11-23 21:20:30.049 22610 22610 D DetoxRNHelpers: Native RN module resolution (class com.reactnativecommunity.asyncstorage.AsyncStorageModule): no such class
11-23 21:20:30.050 22610 22610 D DetoxRNHelpers: Native RN module resolution (class com.reactnativecommunity.asyncstorage.AsyncStorageModule): no such class
11-23 21:20:30.055 22610 22610 I VRI[MainActivity]@8e53a52: The input has been finished in ImeInputStage.
11-23 21:20:30.110 22610 22610 D DetoxRNHelpers: Native RN module resolution (class com.reactnativecommunity.asyncstorage.AsyncStorageModule): no such class
11-23 21:20:30.115 22610 22610 I VRI[MainActivity]@8e53a52: ViewPostIme key 1
11-23 21:20:30.117 22610 22655 I DetoxWSClient: Sending out action 'invokeResult' (ID #8)
11-23 21:20:30.117 22610 22655 I DetoxDispatcher: Done with action 'invoke'
11-23 21:20:30.124 22610 22659 D DetoxWSClient: Received action 'invoke' (ID #9, params={"target":{"type":"Class","value":"com.wix.detox.espresso.EspressoDetox"},"method":"perform","args":[{"type":"Invocation","value":{"target":{"type":"Class","value":"com.wix.detox.espresso.DetoxMatcher"},"method":"matcherForTestId","args":["login-password-input",{"type":"boolean","value":false}]}},{"type":"Invocation","value":{"target":{"type":"Class","value":"androidx.test.espresso.action.ViewActions"},"method":"clearText","args":[]}}]})
11-23 21:20:30.124 22610 22655 I DetoxDispatcher: Handling action 'invoke' (ID #9)...
11-23 21:20:30.125 22610 22655 D Detox   : class com.wix.detox.espresso.DetoxMatcher, matcherForTestId, [login-password-input, false]
11-23 21:20:30.126 22610 22655 D Detox   : class androidx.test.espresso.action.ViewActions, clearText, []
11-23 21:20:30.126 22610 22655 D Detox   : class com.wix.detox.espresso.EspressoDetox, perform, [(view.getTag() is "login-password-input" and view has effective visibility <VISIBLE>), androidx.test.espresso.action.ReplaceTextAction@eaf6ab8]
11-23 21:20:30.131 22610 22610 D DetoxRNHelpers: Native RN module resolution (class com.reactnativecommunity.asyncstorage.AsyncStorageModule): no such class
11-23 21:20:30.134 22610 22610 D DetoxRNHelpers: Native RN module resolution (class com.reactnativecommunity.asyncstorage.AsyncStorageModule): no such class
11-23 21:20:30.136 22610 22610 I ViewInteraction: Performing 'replace text()' action on view (view.getTag() is "login-password-input" and view has effective visibility <VISIBLE>)
11-23 21:20:30.146 22610 22655 I DetoxWSClient: Sending out action 'invokeResult' (ID #9)
11-23 21:20:30.146 22610 22655 I DetoxDispatcher: Done with action 'invoke'
11-23 21:20:30.150 22610 22659 D DetoxWSClient: Received action 'invoke' (ID #10, params={"target":{"type":"Class","value":"com.wix.detox.espresso.EspressoDetox"},"method":"perform","args":[{"type":"Invocation","value":{"target":{"type":"Class","value":"com.wix.detox.espresso.DetoxMatcher"},"method":"matcherForTestId","args":["login-password-input",{"type":"boolean","value":false}]}},{"type":"Invocation","value":{"target":{"type":"Class","value":"com.wix.detox.espresso.DetoxViewActions"},"method":"typeText","args":["Test123!"]}}]})
11-23 21:20:30.150 22610 22655 I DetoxDispatcher: Handling action 'invoke' (ID #10)...
11-23 21:20:30.151 22610 22655 D Detox   : class com.wix.detox.espresso.DetoxMatcher, matcherForTestId, [login-password-input, false]
11-23 21:20:30.152 22610 22655 D Detox   : class com.wix.detox.espresso.DetoxViewActions, typeText, [Test123!]
11-23 21:20:30.153 22610 22655 D Detox   : class com.wix.detox.espresso.EspressoDetox, perform, [(view.getTag() is "login-password-input" and view has effective visibility <VISIBLE>), com.wix.detox.espresso.action.DetoxTypeTextAction@feab1fc]
11-23 21:20:30.158 22610 22610 D DetoxRNHelpers: Native RN module resolution (class com.reactnativecommunity.asyncstorage.AsyncStorageModule): no such class
11-23 21:20:30.159 22610 22610 D DetoxRNHelpers: Native RN module resolution (class com.reactnativecommunity.asyncstorage.AsyncStorageModule): no such class
11-23 21:20:30.161 22610 22610 I ViewInteraction: Performing 'Click to focus & type text (Test123!)' action on view (view.getTag() is "login-password-input" and view has effective visibility <VISIBLE>)
11-23 21:20:30.171 22610 22610 I VRI[MainActivity]@8e53a52: ViewPostIme pointer 0
11-23 21:20:30.202 22610 22610 I VRI[MainActivity]@8e53a52: ViewPostIme pointer 1
11-23 21:20:30.218 22610 22610 D InputMethodManagerUtils: startInputInner - Id : 0
11-23 21:20:30.218 22610 22610 I InputMethodManager: startInputInner - IInputMethodManagerGlobalInvoker.startInputOrWindowGainedFocus
11-23 21:20:30.226 22610 22610 I AutofillManager: showAutofillDialog() return false due to improve fill dialog
11-23 21:20:30.226 22610 22610 I InputMethodManager_LC: showSoftInput(View,I)
11-23 21:20:30.227 22610 22610 I ImeTracker: dev.souschef.app:80c5318f: onRequestShow at ORIGIN_CLIENT reason SHOW_SOFT_INPUT fromUser true
11-23 21:20:30.227 22610 22610 I InputMethodManager_LC: ssi(): flags=0 view=dev.souschef.app reason=SHOW_SOFT_INPUT
11-23 21:20:30.227 22610 22610 D InsetsController: show(ime(), fromIme=false)
11-23 21:20:30.227 22610 22610 I ImeTracker: dev.souschef.app:80c5318f: onCancelled at PHASE_CLIENT_APPLY_ANIMATION
11-23 21:20:30.231 22610 22648 D InputTransport: Input channel constructed: 'ClientS', fd=190
11-23 21:20:30.235 22610 22610 W RemoteInputConnectionImpl: requestCursorUpdates on inactive InputConnection
11-23 21:20:30.239 22610 22610 W WindowOnBackDispatcher: sendCancelIfRunning: isInProgress=false callback=android.view.ImeBackAnimationController@94ca524
11-23 21:20:30.268 22610 22610 I InputMethodManager_LC: showSoftInput(View,I)
11-23 21:20:30.269 22610 22610 I ImeTracker: dev.souschef.app:8efe90a8: onRequestShow at ORIGIN_CLIENT reason SHOW_SOFT_INPUT fromUser false
11-23 21:20:30.269 22610 22610 I InputMethodManager_LC: ssi(): flags=0 view=dev.souschef.app reason=SHOW_SOFT_INPUT
11-23 21:20:30.269 22610 22610 D InsetsController: show(ime(), fromIme=false)
11-23 21:20:30.269 22610 22610 I ImeTracker: dev.souschef.app:8efe90a8: onCancelled at PHASE_CLIENT_APPLY_ANIMATION
11-23 21:20:30.284 22610 22610 D DetoxRNHelpers: Native RN module resolution (class com.reactnativecommunity.asyncstorage.AsyncStorageModule): no such class
11-23 21:20:30.284 22610 22610 I Detox   : Network is busy, with 1 in-flight calls
11-23 21:20:30.285 22610 22610 D DetoxRNHelpers: Native RN module resolution (class com.reactnativecommunity.asyncstorage.AsyncStorageModule): no such class
11-23 21:20:30.286 22610 22610 D DetoxRNHelpers: Native RN module resolution (class com.reactnativecommunity.asyncstorage.AsyncStorageModule): no such class
11-23 21:20:30.286 22610 22610 I Detox   : Network is busy, with 1 in-flight calls
11-23 21:20:30.293 22610 22610 I Detox   : Network is busy, with 1 in-flight calls
11-23 21:20:30.299 22610 22610 I InsetsController: onStateChanged: host=dev.souschef.app/dev.souschef.app.MainActivity, from=android.view.ViewRootImpl.onInsetsStateChanged:3026, state=InsetsState: {mDisplayFrame=Rect(0, 0 - 1440, 3088), mDisplayCutout=DisplayCutout{insets=Rect(0, 100 - 0, 0) waterfall=Insets{left=0, top=0, right=0, bottom=0} boundingRect={Bounds=[Rect(0, 0 - 0, 0), Rect(683, 0 - 758, 100), Rect(0, 0 - 0, 0), Rect(0, 0 - 0, 0)]} cutoutPathParserInfo={CutoutPathParserInfo{displayWidth=1440 displayHeight=3088 physicalDisplayWidth=1440 physicalDisplayHeight=3088 density={3.75} cutoutSpec={M 0,0 H -10 V 26.66666666666667 H 10 V 0 H 0 Z @dp} rotation={0} scale={1.0} physicalPixelDisplaySizeRatio={1.0}}} sideOverrides={}}, mRoundedCorners=RoundedCorners{[RoundedCorner{position=TopLeft, radius=15, center=Point(15, 15)}, RoundedCorner{position=TopRight, radius=15, center=Point(1425, 15)}, RoundedCorner{position=BottomRight, radius=15, center=Point(1425, 3073)}, RoundedCorner{position=BottomLeft, radius=15, center=Point(15, 3073)}]}  mRoundedCornerFrame=Rect(0, 0 - 1440, 3088), mPrivacyIndicatorBounds=PrivacyIndicatorBounds {static bounds=Rect(1275, 0 - 1440, 100) rotation=0}, mDisplayShape=DisplayShape{ spec=-311912193 displayWidth=1440 displayHeight=3088 physicalPixelDisplaySizeRatio=1.0 rotation=0 offsetX=0 offsetY=0 scale=1.0}, mSources= { InsetsSource: {b11d0001 mType=navigationBars mFrame=[0,3032][1440,3088] mVisible=true mFlags=SUPPRESS_SCRIM mSideHint=BOTTOM mBoundingRects=null}, InsetsSource: {b11d0004 mType=systemGestures mFrame=[0,0][84,3088] mVisible=true mFlags= mSideHint=LEFT mBoundingRects=null}, InsetsSource: {b11d0005 mType=mandatorySystemGestures mFrame=[0,2968][1440,3088] mVisible=true mFlags= mSideHint=BOTTOM mBoundingRects=null}, InsetsSource: {b11d0006 mType=tappableElement mFrame=[0,0][0,0] mVisible=true mFlags= mSideHint=NONE mBoundingRects=null}, InsetsSource: {b11d0024 mType=systemGestures mFrame=[1356,0][1440,3088] mVisible=true mFlags= mSideHint=RIGHT mBoundingRects=null}, InsetsSource: {ecac0000 mType=statusBars mFrame=[0,0][1440,100] mVisible=true mFlags= mSideHint=TOP mBoundingRects=null}, InsetsSource: {ecac0005 mType=mandatorySystemGestures mFrame=[0,0][1440,145] mVisible=true mFlags= mSideHint=TOP mBoundingRects=null}, InsetsSource: {ecac0006 mType=tappableElement mFrame=[0,0][1440,100] mVisible=true mFlags= mSideHint=TOP mBoundingRects=null}, InsetsSource: {3 mType=ime mFrame=[0,1922][1440,3088] mVisible=true mFlags= mSideHint=BOTTOM mBoundingRects=null}, InsetsSource: {27 mType=displayCutout mFrame=[0,0][1440,100] mVisible=true mFlags= mSideHint=TOP mBoundingRects=null} }
11-23 21:20:30.300 22610 22610 I VRI[MainActivity]@8e53a52: handleResized, frames=ClientWindowFrames{frame=[0,0][1440,3088] display=[0,0][1440,3088] parentFrame=[0,0][0,0]} displayId=0 dragResizing=false compatScale=1.0 frameChanged=false attachedFrameChanged=false configChanged=false displayChanged=false compatScaleChanged=false dragResizingChanged=false
11-23 21:20:30.301 22610 22610 I Detox   : Network is busy, with 1 in-flight calls
11-23 21:20:30.309 22610 22610 I Detox   : Network is busy, with 1 in-flight calls
11-23 21:20:30.320 22610 22610 D DetoxRNHelpers: Native RN module resolution (class com.reactnativecommunity.asyncstorage.AsyncStorageModule): no such class
11-23 21:20:30.624 22610 22610 D DetoxRNHelpers: Native RN module resolution (class com.reactnativecommunity.asyncstorage.AsyncStorageModule): no such class
11-23 21:20:30.626 22610 22610 D DetoxRNHelpers: Native RN module resolution (class com.reactnativecommunity.asyncstorage.AsyncStorageModule): no such class
11-23 21:20:30.692 22610 22610 D DetoxRNHelpers: Native RN module resolution (class com.reactnativecommunity.asyncstorage.AsyncStorageModule): no such class
11-23 21:20:30.695 22610 22610 D DetoxRNHelpers: Native RN module resolution (class com.reactnativecommunity.asyncstorage.AsyncStorageModule): no such class
11-23 21:20:30.698 22610 22610 D DetoxRNHelpers: Native RN module resolution (class com.reactnativecommunity.asyncstorage.AsyncStorageModule): no such class
11-23 21:20:30.727 22610 22610 D DetoxRNHelpers: Native RN module resolution (class com.reactnativecommunity.asyncstorage.AsyncStorageModule): no such class
11-23 21:20:30.728 22610 22610 D UiControllerImpl: Injecting string: "Test123!"
11-23 21:20:30.730 22610 22610 D DetoxRNHelpers: Native RN module resolution (class com.reactnativecommunity.asyncstorage.AsyncStorageModule): no such class
11-23 21:20:30.733 22610 22610 D DetoxRNHelpers: Native RN module resolution (class com.reactnativecommunity.asyncstorage.AsyncStorageModule): no such class
11-23 21:20:30.744 22610 22610 I VRI[MainActivity]@8e53a52: ViewPostIme key 0
11-23 21:20:30.754 22610 22610 D DetoxRNHelpers: Native RN module resolution (class com.reactnativecommunity.asyncstorage.AsyncStorageModule): no such class
11-23 21:20:30.756 22610 22610 D DetoxRNHelpers: Native RN module resolution (class com.reactnativecommunity.asyncstorage.AsyncStorageModule): no such class
11-23 21:20:30.761 22610 22610 I VRI[MainActivity]@8e53a52: setInTouchMode(false), android.view.ViewRootImpl.checkForLeavingTouchModeAndConsume:10972 android.view.ViewRootImpl.-$$Nest$mcheckForLeavingTouchModeAndConsume:0 android.view.ViewRootImpl$EarlyPostImeInputStage.processKeyEvent:9438 android.view.ViewRootImpl$EarlyPostImeInputStage.onProcess:9422 android.view.ViewRootImpl$InputStage.deliver:8901 android.view.ViewRootImpl$InputStage.onDeliverToNext:8958 android.view.ViewRootImpl$InputStage.forward:8924 android.view.ViewRootImpl$AsyncInputStage.forward:9157 android.view.ViewRootImpl$ImeInputStage.onFinishedInputEvent:9407 android.view.inputmethod.InputMethodManager$PendingEvent.run:5545 
11-23 21:20:30.764 22610 22610 I VRI[MainActivity]@8e53a52: ViewPostIme key 0
11-23 21:20:30.825 22610 22610 D DetoxRNHelpers: Native RN module resolution (class com.reactnativecommunity.asyncstorage.AsyncStorageModule): no such class
11-23 21:20:30.831 22610 22610 I VRI[MainActivity]@8e53a52: ViewPostIme key 1
11-23 21:20:30.833 22610 22610 D DetoxRNHelpers: Native RN module resolution (class com.reactnativecommunity.asyncstorage.AsyncStorageModule): no such class
11-23 21:20:30.834 22610 22610 D DetoxRNHelpers: Native RN module resolution (class com.reactnativecommunity.asyncstorage.AsyncStorageModule): no such class
11-23 21:20:30.843 22610 22610 I VRI[MainActivity]@8e53a52: ViewPostIme key 1
11-23 21:20:30.849 22610 22610 D DetoxRNHelpers: Native RN module resolution (class com.reactnativecommunity.asyncstorage.AsyncStorageModule): no such class
11-23 21:20:30.851 22610 22610 D DetoxRNHelpers: Native RN module resolution (class com.reactnativecommunity.asyncstorage.AsyncStorageModule): no such class
11-23 21:20:30.856 22610 22610 I VRI[MainActivity]@8e53a52: ViewPostIme key 0
11-23 21:20:30.910 22610 22610 D DetoxRNHelpers: Native RN module resolution (class com.reactnativecommunity.asyncstorage.AsyncStorageModule): no such class
11-23 21:20:30.915 22610 22610 I VRI[MainActivity]@8e53a52: ViewPostIme key 1
11-23 21:20:30.919 22610 22610 D DetoxRNHelpers: Native RN module resolution (class com.reactnativecommunity.asyncstorage.AsyncStorageModule): no such class
11-23 21:20:30.922 22610 22610 D DetoxRNHelpers: Native RN module resolution (class com.reactnativecommunity.asyncstorage.AsyncStorageModule): no such class
11-23 21:20:30.927 22610 22610 I VRI[MainActivity]@8e53a52: ViewPostIme key 0
11-23 21:20:30.991 22610 22610 D DetoxRNHelpers: Native RN module resolution (class com.reactnativecommunity.asyncstorage.AsyncStorageModule): no such class
11-23 21:20:30.996 22610 22610 I VRI[MainActivity]@8e53a52: ViewPostIme key 1
11-23 21:20:30.999 22610 22610 D DetoxRNHelpers: Native RN module resolution (class com.reactnativecommunity.asyncstorage.AsyncStorageModule): no such class
11-23 21:20:31.001 22610 22610 D DetoxRNHelpers: Native RN module resolution (class com.reactnativecommunity.asyncstorage.AsyncStorageModule): no such class
11-23 21:20:31.006 22610 22610 I VRI[MainActivity]@8e53a52: ViewPostIme key 0
11-23 21:20:31.058 22610 22610 D DetoxRNHelpers: Native RN module resolution (class com.reactnativecommunity.asyncstorage.AsyncStorageModule): no such class
11-23 21:20:31.062 22610 22610 I VRI[MainActivity]@8e53a52: ViewPostIme key 1
11-23 21:20:31.065 22610 22610 D DetoxRNHelpers: Native RN module resolution (class com.reactnativecommunity.asyncstorage.AsyncStorageModule): no such class
11-23 21:20:31.067 22610 22610 D DetoxRNHelpers: Native RN module resolution (class com.reactnativecommunity.asyncstorage.AsyncStorageModule): no such class
11-23 21:20:31.071 22610 22610 I VRI[MainActivity]@8e53a52: ViewPostIme key 0
11-23 21:20:31.134 22610 22610 D DetoxRNHelpers: Native RN module resolution (class com.reactnativecommunity.asyncstorage.AsyncStorageModule): no such class
11-23 21:20:31.138 22610 22610 I VRI[MainActivity]@8e53a52: ViewPostIme key 1
11-23 21:20:31.141 22610 22610 D DetoxRNHelpers: Native RN module resolution (class com.reactnativecommunity.asyncstorage.AsyncStorageModule): no such class
11-23 21:20:31.142 22610 22610 D DetoxRNHelpers: Native RN module resolution (class com.reactnativecommunity.asyncstorage.AsyncStorageModule): no such class
11-23 21:20:31.146 22610 22610 I VRI[MainActivity]@8e53a52: ViewPostIme key 0
11-23 21:20:31.202 22610 22610 D DetoxRNHelpers: Native RN module resolution (class com.reactnativecommunity.asyncstorage.AsyncStorageModule): no such class
11-23 21:20:31.207 22610 22610 I VRI[MainActivity]@8e53a52: ViewPostIme key 1
11-23 21:20:31.210 22610 22610 D DetoxRNHelpers: Native RN module resolution (class com.reactnativecommunity.asyncstorage.AsyncStorageModule): no such class
11-23 21:20:31.212 22610 22610 D DetoxRNHelpers: Native RN module resolution (class com.reactnativecommunity.asyncstorage.AsyncStorageModule): no such class
11-23 21:20:31.217 22610 22610 I VRI[MainActivity]@8e53a52: ViewPostIme key 0
11-23 21:20:31.275 22610 22610 D DetoxRNHelpers: Native RN module resolution (class com.reactnativecommunity.asyncstorage.AsyncStorageModule): no such class
11-23 21:20:31.279 22610 22610 I VRI[MainActivity]@8e53a52: ViewPostIme key 1
11-23 21:20:31.283 22610 22610 D DetoxRNHelpers: Native RN module resolution (class com.reactnativecommunity.asyncstorage.AsyncStorageModule): no such class
11-23 21:20:31.284 22610 22610 D DetoxRNHelpers: Native RN module resolution (class com.reactnativecommunity.asyncstorage.AsyncStorageModule): no such class
11-23 21:20:31.300 22610 22610 I VRI[MainActivity]@8e53a52: ViewPostIme key 0
11-23 21:20:31.307 22610 22610 D DetoxRNHelpers: Native RN module resolution (class com.reactnativecommunity.asyncstorage.AsyncStorageModule): no such class
11-23 21:20:31.310 22610 22610 D DetoxRNHelpers: Native RN module resolution (class com.reactnativecommunity.asyncstorage.AsyncStorageModule): no such class
11-23 21:20:31.314 22610 22610 I VRI[MainActivity]@8e53a52: ViewPostIme key 0
11-23 21:20:31.376 22610 22610 D DetoxRNHelpers: Native RN module resolution (class com.reactnativecommunity.asyncstorage.AsyncStorageModule): no such class
11-23 21:20:31.380 22610 22610 I VRI[MainActivity]@8e53a52: ViewPostIme key 1
11-23 21:20:31.383 22610 22610 D DetoxRNHelpers: Native RN module resolution (class com.reactnativecommunity.asyncstorage.AsyncStorageModule): no such class
11-23 21:20:31.386 22610 22610 D DetoxRNHelpers: Native RN module resolution (class com.reactnativecommunity.asyncstorage.AsyncStorageModule): no such class
11-23 21:20:31.392 22610 22610 I VRI[MainActivity]@8e53a52: ViewPostIme key 1
11-23 21:20:31.399 22610 22655 I DetoxWSClient: Sending out action 'invokeResult' (ID #10)
11-23 21:20:31.399 22610 22655 I DetoxDispatcher: Done with action 'invoke'
11-23 21:20:31.404 22610 22659 D DetoxWSClient: Received action 'invoke' (ID #11, params={"target":{"type":"Class","value":"com.wix.detox.espresso.EspressoDetox"},"method":"perform","args":[{"type":"Invocation","value":{"target":{"type":"Class","value":"com.wix.detox.espresso.DetoxMatcher"},"method":"matcherForTestId","args":["login-screen",{"type":"boolean","value":false}]}},{"type":"Invocation","value":{"target":{"type":"Class","value":"com.wix.detox.espresso.DetoxAction"},"method":"tapAtLocation","args":[{"type":"Integer","value":10},{"type":"Integer","value":10}]}}]})
11-23 21:20:31.405 22610 22655 I DetoxDispatcher: Handling action 'invoke' (ID #11)...
11-23 21:20:31.405 22610 22655 D Detox   : class com.wix.detox.espresso.DetoxMatcher, matcherForTestId, [login-screen, false]
11-23 21:20:31.406 22610 22655 D Detox   : class com.wix.detox.espresso.DetoxAction, tapAtLocation, [10, 10]
11-23 21:20:31.407 22610 22655 D Detox   : class com.wix.detox.espresso.EspressoDetox, perform, [(view.getTag() is "login-screen" and view has effective visibility <VISIBLE>), com.wix.detox.espresso.action.RNClickAction@5080b72]
11-23 21:20:31.412 22610 22610 D DetoxRNHelpers: Native RN module resolution (class com.reactnativecommunity.asyncstorage.AsyncStorageModule): no such class
11-23 21:20:31.414 22610 22610 D DetoxRNHelpers: Native RN module resolution (class com.reactnativecommunity.asyncstorage.AsyncStorageModule): no such class
11-23 21:20:31.417 22610 22610 I ViewInteraction: Performing 'com.wix.detox.espresso.action.detoxsingletap@415cbc3 click' action on view (view.getTag() is "login-screen" and view has effective visibility <VISIBLE>)
11-23 21:20:31.424 22610 22610 I VRI[MainActivity]@8e53a52: ViewPostIme pointer 0
11-23 21:20:31.453 22610 22610 I VRI[MainActivity]@8e53a52: ViewPostIme pointer 1
11-23 21:20:31.473 22610 22610 I ImeTracker: dev.souschef.app:ea46ed86: onRequestHide at ORIGIN_CLIENT reason HIDE_SOFT_INPUT fromUser false
11-23 21:20:31.473 22610 22610 I InputMethodManager_LC: hsifw() - flag : 0
11-23 21:20:31.474 22610 22610 I InputMethodManager_LC: hsifw() - mService.hideSoftInput
11-23 21:20:31.474 22610 22610 D InsetsController: hide(ime(), fromIme=false)
11-23 21:20:31.475 22610 22610 W WindowOnBackDispatcher: sendCancelIfRunning: isInProgress=false callback=android.view.ImeBackAnimationController@94ca524
11-23 21:20:31.479 22610 22610 D InsetsController: Setting requestedVisibleTypes to -9 (was -1)
11-23 21:20:31.480 22610 22610 I InsetsController: setRequestedVisibleTypes: visible=false, mask=ime, host=dev.souschef.app/dev.souschef.app.MainActivity, from=android.view.InsetsController.controlAnimationUnchecked:1604 android.view.InsetsController.applyAnimation:2416 android.view.InsetsController.applyAnimation:2343 android.view.InsetsController.hide:1540 android.view.inputmethod.InputMethodManager.hideSoftInputFromWindow:2889 android.view.inputmethod.InputMethodManager.hideSoftInputFromWindow:2812 android.view.inputmethod.InputMethodManager.hideSoftInputFromWindow:2773 com.facebook.react.views.textinput.ReactEditText.hideSoftKeyboard:865 com.facebook.react.views.textinput.ReactEditText.clearFocusAndMaybeRefocus$ReactAndroid_debug:388 com.facebook.react.views.textinput.ReactEditText.clearFocusFromJS$ReactAndroid_debug:392 
11-23 21:20:31.481 22610 22610 I InsetsController: controlAnimationUncheckedInner: Added types=ime, animType=1, host=dev.souschef.app/dev.souschef.app.MainActivity, from=android.view.InsetsController.controlAnimationUnchecked:1608 android.view.InsetsController.applyAnimation:2416 android.view.InsetsController.applyAnimation:2343 
11-23 21:20:31.482 22610 22610 D CompatChangeReporter: Compat change id reported: 395521150; UID 11181; state: ENABLED
11-23 21:20:31.486 22610 22610 I BLASTBufferQueue_Java: update, w= 1440 h= 3088 mName = VRI[MainActivity]@8e53a52 mNativeObject= 0xb400007adda683b0 sc.mNativeObject= 0xb400007b7da38150 format= -1 caller= android.view.ViewRootImpl.updateBlastSurfaceIfNeeded:3574 android.view.ViewRootImpl.relayoutWindow:11685 android.view.ViewRootImpl.performTraversals:4804 android.view.ViewRootImpl.doTraversal:3924 android.view.ViewRootImpl$TraversalRunnable.run:12903 android.view.Choreographer$CallbackRecord.run:1901 
11-23 21:20:31.486 22610 22610 I VRI[MainActivity]@8e53a52: Relayout returned: old=(0,0,1440,3088) new=(0,0,1440,3088) relayoutAsync=true req=(1440,3088)0 dur=0 res=0x0 s={true 0xb400007beda54050} ch=false seqId=0
11-23 21:20:31.492 22610 22610 I VRI[MainActivity]@8e53a52: registerCallbackForPendingTransactions
11-23 21:20:31.493 22610 22687 I VRI[MainActivity]@8e53a52: mWNT: t=0xb400007c8db64f90 mBlastBufferQueue=0xb400007adda683b0 fn= 209 HdrRenderState mRenderHdrSdrRatio=1.0 caller= android.view.SyncRtSurfaceTransactionApplier.applyTransaction:100 android.view.SyncRtSurfaceTransactionApplier.lambda$scheduleApply$0:73 android.view.SyncRtSurfaceTransactionApplier.$r8$lambda$afI4fXg3U3-nBZQEDQMiNy-B06s:0 
11-23 21:20:31.494 22610 22687 I VRI[MainActivity]@8e53a52: mWNT: t=0xb400007c8db86010 mBlastBufferQueue=0xb400007adda683b0 fn= 209 HdrRenderState mRenderHdrSdrRatio=1.0 caller= android.view.ViewRootImpl$10.onFrameDraw:6536 android.view.ViewRootImpl$4.onFrameDraw:2489 android.view.ThreadedRenderer$1.onFrameDraw:718 
11-23 21:20:31.496 22610 22688 I VRI[MainActivity]@8e53a52: mWNT: t=0xb400007c8db21ed0 mBlastBufferQueue=0xb400007adda683b0 fn= 210 HdrRenderState mRenderHdrSdrRatio=1.0 caller= android.view.SyncRtSurfaceTransactionApplier.applyTransaction:100 android.view.SyncRtSurfaceTransactionApplier.lambda$scheduleApply$0:73 android.view.SyncRtSurfaceTransactionApplier.$r8$lambda$afI4fXg3U3-nBZQEDQMiNy-B06s:0 
11-23 21:20:31.505 22610 22687 I VRI[MainActivity]@8e53a52: mWNT: t=0xb400007c8db81a10 mBlastBufferQueue=0xb400007adda683b0 fn= 211 HdrRenderState mRenderHdrSdrRatio=1.0 caller= android.view.SyncRtSurfaceTransactionApplier.applyTransaction:100 android.view.SyncRtSurfaceTransactionApplier.lambda$scheduleApply$0:73 android.view.SyncRtSurfaceTransactionApplier.$r8$lambda$afI4fXg3U3-nBZQEDQMiNy-B06s:0 
11-23 21:20:31.518 22610 22688 I VRI[MainActivity]@8e53a52: mWNT: t=0xb400007c8db80f90 mBlastBufferQueue=0xb400007adda683b0 fn= 212 HdrRenderState mRenderHdrSdrRatio=1.0 caller= android.view.SyncRtSurfaceTransactionApplier.applyTransaction:100 android.view.SyncRtSurfaceTransactionApplier.lambda$scheduleApply$0:73 android.view.SyncRtSurfaceTransactionApplier.$r8$lambda$afI4fXg3U3-nBZQEDQMiNy-B06s:0 
11-23 21:20:31.522 22610 22687 I VRI[MainActivity]@8e53a52: mWNT: t=0xb400007c8dad1190 mBlastBufferQueue=0xb400007adda683b0 fn= 213 HdrRenderState mRenderHdrSdrRatio=1.0 caller= android.view.SyncRtSurfaceTransactionApplier.applyTransaction:100 android.view.SyncRtSurfaceTransactionApplier.lambda$scheduleApply$0:73 android.view.SyncRtSurfaceTransactionApplier.$r8$lambda$afI4fXg3U3-nBZQEDQMiNy-B06s:0 
11-23 21:20:31.532 22610 22688 I VRI[MainActivity]@8e53a52: mWNT: t=0xb400007c8db80350 mBlastBufferQueue=0xb400007adda683b0 fn= 214 HdrRenderState mRenderHdrSdrRatio=1.0 caller= android.view.SyncRtSurfaceTransactionApplier.applyTransaction:100 android.view.SyncRtSurfaceTransactionApplier.lambda$scheduleApply$0:73 android.view.SyncRtSurfaceTransactionApplier.$r8$lambda$afI4fXg3U3-nBZQEDQMiNy-B06s:0 
11-23 21:20:31.542 22610 22687 I VRI[MainActivity]@8e53a52: mWNT: t=0xb400007c8db89650 mBlastBufferQueue=0xb400007adda683b0 fn= 215 HdrRenderState mRenderHdrSdrRatio=1.0 caller= android.view.SyncRtSurfaceTransactionApplier.applyTransaction:100 android.view.SyncRtSurfaceTransactionApplier.lambda$scheduleApply$0:73 android.view.SyncRtSurfaceTransactionApplier.$r8$lambda$afI4fXg3U3-nBZQEDQMiNy-B06s:0 
11-23 21:20:31.547 22610 22688 I VRI[MainActivity]@8e53a52: mWNT: t=0xb400007c8db264d0 mBlastBufferQueue=0xb400007adda683b0 fn= 216 HdrRenderState mRenderHdrSdrRatio=1.0 caller= android.view.SyncRtSurfaceTransactionApplier.applyTransaction:100 android.view.SyncRtSurfaceTransactionApplier.lambda$scheduleApply$0:73 android.view.SyncRtSurfaceTransactionApplier.$r8$lambda$afI4fXg3U3-nBZQEDQMiNy-B06s:0 
11-23 21:20:31.551 22610 22610 D DetoxRNHelpers: Native RN module resolution (class com.reactnativecommunity.asyncstorage.AsyncStorageModule): no such class
11-23 21:20:31.555 22610 22687 I VRI[MainActivity]@8e53a52: mWNT: t=0xb400007c8db861d0 mBlastBufferQueue=0xb400007adda683b0 fn= 217 HdrRenderState mRenderHdrSdrRatio=1.0 caller= android.view.SyncRtSurfaceTransactionApplier.applyTransaction:100 android.view.SyncRtSurfaceTransactionApplier.lambda$scheduleApply$0:73 android.view.SyncRtSurfaceTransactionApplier.$r8$lambda$afI4fXg3U3-nBZQEDQMiNy-B06s:0 
11-23 21:20:31.563 22610 22688 I VRI[MainActivity]@8e53a52: mWNT: t=0xb400007c8db8ea50 mBlastBufferQueue=0xb400007adda683b0 fn= 218 HdrRenderState mRenderHdrSdrRatio=1.0 caller= android.view.SyncRtSurfaceTransactionApplier.applyTransaction:100 android.view.SyncRtSurfaceTransactionApplier.lambda$scheduleApply$0:73 android.view.SyncRtSurfaceTransactionApplier.$r8$lambda$afI4fXg3U3-nBZQEDQMiNy-B06s:0 
11-23 21:20:31.574 22610 22687 I VRI[MainActivity]@8e53a52: mWNT: t=0xb400007c8db8b410 mBlastBufferQueue=0xb400007adda683b0 fn= 219 HdrRenderState mRenderHdrSdrRatio=1.0 caller= android.view.SyncRtSurfaceTransactionApplier.applyTransaction:100 android.view.SyncRtSurfaceTransactionApplier.lambda$scheduleApply$0:73 android.view.SyncRtSurfaceTransactionApplier.$r8$lambda$afI4fXg3U3-nBZQEDQMiNy-B06s:0 
11-23 21:20:31.581 22610 22688 I VRI[MainActivity]@8e53a52: mWNT: t=0xb400007c8db8d550 mBlastBufferQueue=0xb400007adda683b0 fn= 220 HdrRenderState mRenderHdrSdrRatio=1.0 caller= android.view.SyncRtSurfaceTransactionApplier.applyTransaction:100 android.view.SyncRtSurfaceTransactionApplier.lambda$scheduleApply$0:73 android.view.SyncRtSurfaceTransactionApplier.$r8$lambda$afI4fXg3U3-nBZQEDQMiNy-B06s:0 
11-23 21:20:31.589 22610 22687 I VRI[MainActivity]@8e53a52: mWNT: t=0xb400007c8db8f690 mBlastBufferQueue=0xb400007adda683b0 fn= 221 HdrRenderState mRenderHdrSdrRatio=1.0 caller= android.view.SyncRtSurfaceTransactionApplier.applyTransaction:100 android.view.SyncRtSurfaceTransactionApplier.lambda$scheduleApply$0:73 android.view.SyncRtSurfaceTransactionApplier.$r8$lambda$afI4fXg3U3-nBZQEDQMiNy-B06s:0 
11-23 21:20:31.598 22610 22688 I VRI[MainActivity]@8e53a52: mWNT: t=0xb400007c8db8d710 mBlastBufferQueue=0xb400007adda683b0 fn= 222 HdrRenderState mRenderHdrSdrRatio=1.0 caller= android.view.SyncRtSurfaceTransactionApplier.applyTransaction:100 android.view.SyncRtSurfaceTransactionApplier.lambda$scheduleApply$0:73 android.view.SyncRtSurfaceTransactionApplier.$r8$lambda$afI4fXg3U3-nBZQEDQMiNy-B06s:0 
11-23 21:20:31.606 22610 22687 I VRI[MainActivity]@8e53a52: mWNT: t=0xb400007c8db8e350 mBlastBufferQueue=0xb400007adda683b0 fn= 223 HdrRenderState mRenderHdrSdrRatio=1.0 caller= android.view.SyncRtSurfaceTransactionApplier.applyTransaction:100 android.view.SyncRtSurfaceTransactionApplier.lambda$scheduleApply$0:73 android.view.SyncRtSurfaceTransactionApplier.$r8$lambda$afI4fXg3U3-nBZQEDQMiNy-B06s:0 
11-23 21:20:31.614 22610 22688 I VRI[MainActivity]@8e53a52: mWNT: t=0xb400007c8db8e6d0 mBlastBufferQueue=0xb400007adda683b0 fn= 224 HdrRenderState mRenderHdrSdrRatio=1.0 caller= android.view.SyncRtSurfaceTransactionApplier.applyTransaction:100 android.view.SyncRtSurfaceTransactionApplier.lambda$scheduleApply$0:73 android.view.SyncRtSurfaceTransactionApplier.$r8$lambda$afI4fXg3U3-nBZQEDQMiNy-B06s:0 
11-23 21:20:31.623 22610 22687 I VRI[MainActivity]@8e53a52: mWNT: t=0xb400007c8db8a990 mBlastBufferQueue=0xb400007adda683b0 fn= 225 HdrRenderState mRenderHdrSdrRatio=1.0 caller= android.view.SyncRtSurfaceTransactionApplier.applyTransaction:100 android.view.SyncRtSurfaceTransactionApplier.lambda$scheduleApply$0:73 android.view.SyncRtSurfaceTransactionApplier.$r8$lambda$afI4fXg3U3-nBZQEDQMiNy-B06s:0 
11-23 21:20:31.631 22610 22688 I VRI[MainActivity]@8e53a52: mWNT: t=0xb400007c8db8c210 mBlastBufferQueue=0xb400007adda683b0 fn= 226 HdrRenderState mRenderHdrSdrRatio=1.0 caller= android.view.SyncRtSurfaceTransactionApplier.applyTransaction:100 android.view.SyncRtSurfaceTransactionApplier.lambda$scheduleApply$0:73 android.view.SyncRtSurfaceTransactionApplier.$r8$lambda$afI4fXg3U3-nBZQEDQMiNy-B06s:0 
11-23 21:20:31.639 22610 22687 I VRI[MainActivity]@8e53a52: mWNT: t=0xb400007c8db8ce50 mBlastBufferQueue=0xb400007adda683b0 fn= 227 HdrRenderState mRenderHdrSdrRatio=1.0 caller= android.view.SyncRtSurfaceTransactionApplier.applyTransaction:100 android.view.SyncRtSurfaceTransactionApplier.lambda$scheduleApply$0:73 android.view.SyncRtSurfaceTransactionApplier.$r8$lambda$afI4fXg3U3-nBZQEDQMiNy-B06s:0 
11-23 21:20:31.648 22610 22688 I VRI[MainActivity]@8e53a52: mWNT: t=0xb400007c8db8a7d0 mBlastBufferQueue=0xb400007adda683b0 fn= 228 HdrRenderState mRenderHdrSdrRatio=1.0 caller= android.view.SyncRtSurfaceTransactionApplier.applyTransaction:100 android.view.SyncRtSurfaceTransactionApplier.lambda$scheduleApply$0:73 android.view.SyncRtSurfaceTransactionApplier.$r8$lambda$afI4fXg3U3-nBZQEDQMiNy-B06s:0 
11-23 21:20:31.656 22610 22687 I VRI[MainActivity]@8e53a52: mWNT: t=0xb400007c8db8bcd0 mBlastBufferQueue=0xb400007adda683b0 fn= 229 HdrRenderState mRenderHdrSdrRatio=1.0 caller= android.view.SyncRtSurfaceTransactionApplier.applyTransaction:100 android.view.SyncRtSurfaceTransactionApplier.lambda$scheduleApply$0:73 android.view.SyncRtSurfaceTransactionApplier.$r8$lambda$afI4fXg3U3-nBZQEDQMiNy-B06s:0 
11-23 21:20:31.665 22610 22688 I VRI[MainActivity]@8e53a52: mWNT: t=0xb400007c8db8a0d0 mBlastBufferQueue=0xb400007adda683b0 fn= 230 HdrRenderState mRenderHdrSdrRatio=1.0 caller= android.view.SyncRtSurfaceTransactionApplier.applyTransaction:100 android.view.SyncRtSurfaceTransactionApplier.lambda$scheduleApply$0:73 android.view.SyncRtSurfaceTransactionApplier.$r8$lambda$afI4fXg3U3-nBZQEDQMiNy-B06s:0 
11-23 21:20:31.673 22610 22687 I VRI[MainActivity]@8e53a52: mWNT: t=0xb400007c8db24550 mBlastBufferQueue=0xb400007adda683b0 fn= 231 HdrRenderState mRenderHdrSdrRatio=1.0 caller= android.view.SyncRtSurfaceTransactionApplier.applyTransaction:100 android.view.SyncRtSurfaceTransactionApplier.lambda$scheduleApply$0:73 android.view.SyncRtSurfaceTransactionApplier.$r8$lambda$afI4fXg3U3-nBZQEDQMiNy-B06s:0 
11-23 21:20:31.681 22610 22688 I VRI[MainActivity]@8e53a52: mWNT: t=0xb400007c8db22790 mBlastBufferQueue=0xb400007adda683b0 fn= 232 HdrRenderState mRenderHdrSdrRatio=1.0 caller= android.view.SyncRtSurfaceTransactionApplier.applyTransaction:100 android.view.SyncRtSurfaceTransactionApplier.lambda$scheduleApply$0:73 android.view.SyncRtSurfaceTransactionApplier.$r8$lambda$afI4fXg3U3-nBZQEDQMiNy-B06s:0 
11-23 21:20:31.689 22610 22687 I VRI[MainActivity]@8e53a52: mWNT: t=0xb400007c8da61c10 mBlastBufferQueue=0xb400007adda683b0 fn= 233 HdrRenderState mRenderHdrSdrRatio=1.0 caller= android.view.SyncRtSurfaceTransactionApplier.applyTransaction:100 android.view.SyncRtSurfaceTransactionApplier.lambda$scheduleApply$0:73 android.view.SyncRtSurfaceTransactionApplier.$r8$lambda$afI4fXg3U3-nBZQEDQMiNy-B06s:0 
11-23 21:20:31.698 22610 22688 I VRI[MainActivity]@8e53a52: mWNT: t=0xb400007c8db57850 mBlastBufferQueue=0xb400007adda683b0 fn= 234 HdrRenderState mRenderHdrSdrRatio=1.0 caller= android.view.SyncRtSurfaceTransactionApplier.applyTransaction:100 android.view.SyncRtSurfaceTransactionApplier.lambda$scheduleApply$0:73 android.view.SyncRtSurfaceTransactionApplier.$r8$lambda$afI4fXg3U3-nBZQEDQMiNy-B06s:0 
11-23 21:20:31.707 22610 22687 I VRI[MainActivity]@8e53a52: mWNT: t=0xb400007c8db24710 mBlastBufferQueue=0xb400007adda683b0 fn= 235 HdrRenderState mRenderHdrSdrRatio=1.0 caller= android.view.SyncRtSurfaceTransactionApplier.applyTransaction:100 android.view.SyncRtSurfaceTransactionApplier.lambda$scheduleApply$0:73 android.view.SyncRtSurfaceTransactionApplier.$r8$lambda$afI4fXg3U3-nBZQEDQMiNy-B06s:0 
11-23 21:20:31.714 22610 22688 I VRI[MainActivity]@8e53a52: mWNT: t=0xb400007c8dad5250 mBlastBufferQueue=0xb400007adda683b0 fn= 236 HdrRenderState mRenderHdrSdrRatio=1.0 caller= android.view.SyncRtSurfaceTransactionApplier.applyTransaction:100 android.view.SyncRtSurfaceTransactionApplier.lambda$scheduleApply$0:73 android.view.SyncRtSurfaceTransactionApplier.$r8$lambda$afI4fXg3U3-nBZQEDQMiNy-B06s:0 
11-23 21:20:31.723 22610 22687 I VRI[MainActivity]@8e53a52: mWNT: t=0xb400007c8db21450 mBlastBufferQueue=0xb400007adda683b0 fn= 237 HdrRenderState mRenderHdrSdrRatio=1.0 caller= android.view.SyncRtSurfaceTransactionApplier.applyTransaction:100 android.view.SyncRtSurfaceTransactionApplier.lambda$scheduleApply$0:73 android.view.SyncRtSurfaceTransactionApplier.$r8$lambda$afI4fXg3U3-nBZQEDQMiNy-B06s:0 
11-23 21:20:31.731 22610 22688 I VRI[MainActivity]@8e53a52: mWNT: t=0xb400007c8db225d0 mBlastBufferQueue=0xb400007adda683b0 fn= 238 HdrRenderState mRenderHdrSdrRatio=1.0 caller= android.view.SyncRtSurfaceTransactionApplier.applyTransaction:100 android.view.SyncRtSurfaceTransactionApplier.lambda$scheduleApply$0:73 android.view.SyncRtSurfaceTransactionApplier.$r8$lambda$afI4fXg3U3-nBZQEDQMiNy-B06s:0 
11-23 21:20:31.739 22610 22687 I VRI[MainActivity]@8e53a52: mWNT: t=0xb400007c8db8bcd0 mBlastBufferQueue=0xb400007adda683b0 fn= 239 HdrRenderState mRenderHdrSdrRatio=1.0 caller= android.view.SyncRtSurfaceTransactionApplier.applyTransaction:100 android.view.SyncRtSurfaceTransactionApplier.lambda$scheduleApply$0:73 android.view.SyncRtSurfaceTransactionApplier.$r8$lambda$afI4fXg3U3-nBZQEDQMiNy-B06s:0 
11-23 21:20:31.748 22610 22688 I VRI[MainActivity]@8e53a52: mWNT: t=0xb400007c8db8ce50 mBlastBufferQueue=0xb400007adda683b0 fn= 240 HdrRenderState mRenderHdrSdrRatio=1.0 caller= android.view.SyncRtSurfaceTransactionApplier.applyTransaction:100 android.view.SyncRtSurfaceTransactionApplier.lambda$scheduleApply$0:73 android.view.SyncRtSurfaceTransactionApplier.$r8$lambda$afI4fXg3U3-nBZQEDQMiNy-B06s:0 
11-23 21:20:31.757 22610 22687 I VRI[MainActivity]@8e53a52: mWNT: t=0xb400007c8db8a990 mBlastBufferQueue=0xb400007adda683b0 fn= 241 HdrRenderState mRenderHdrSdrRatio=1.0 caller= android.view.SyncRtSurfaceTransactionApplier.applyTransaction:100 android.view.SyncRtSurfaceTransactionApplier.lambda$scheduleApply$0:73 android.view.SyncRtSurfaceTransactionApplier.$r8$lambda$afI4fXg3U3-nBZQEDQMiNy-B06s:0 
11-23 21:20:31.765 22610 22688 I VRI[MainActivity]@8e53a52: mWNT: t=0xb400007c8db287d0 mBlastBufferQueue=0xb400007adda683b0 fn= 242 HdrRenderState mRenderHdrSdrRatio=1.0 caller= android.view.SyncRtSurfaceTransactionApplier.applyTransaction:100 android.view.SyncRtSurfaceTransactionApplier.lambda$scheduleApply$0:73 android.view.SyncRtSurfaceTransactionApplier.$r8$lambda$afI4fXg3U3-nBZQEDQMiNy-B06s:0 
11-23 21:20:31.773 22610 22687 I VRI[MainActivity]@8e53a52: mWNT: t=0xb400007c8db2c350 mBlastBufferQueue=0xb400007adda683b0 fn= 243 HdrRenderState mRenderHdrSdrRatio=1.0 caller= android.view.SyncRtSurfaceTransactionApplier.applyTransaction:100 android.view.SyncRtSurfaceTransactionApplier.lambda$scheduleApply$0:73 android.view.SyncRtSurfaceTransactionApplier.$r8$lambda$afI4fXg3U3-nBZQEDQMiNy-B06s:0 
11-23 21:20:31.781 22610 22688 I VRI[MainActivity]@8e53a52: mWNT: t=0xb400007c8db2b1d0 mBlastBufferQueue=0xb400007adda683b0 fn= 244 HdrRenderState mRenderHdrSdrRatio=1.0 caller= android.view.SyncRtSurfaceTransactionApplier.applyTransaction:100 android.view.SyncRtSurfaceTransactionApplier.lambda$scheduleApply$0:73 android.view.SyncRtSurfaceTransactionApplier.$r8$lambda$afI4fXg3U3-nBZQEDQMiNy-B06s:0 
11-23 21:20:31.790 22610 22687 I VRI[MainActivity]@8e53a52: mWNT: t=0xb400007c8db29790 mBlastBufferQueue=0xb400007adda683b0 fn= 245 HdrRenderState mRenderHdrSdrRatio=1.0 caller= android.view.SyncRtSurfaceTransactionApplier.applyTransaction:100 android.view.SyncRtSurfaceTransactionApplier.lambda$scheduleApply$0:73 android.view.SyncRtSurfaceTransactionApplier.$r8$lambda$afI4fXg3U3-nBZQEDQMiNy-B06s:0 
11-23 21:20:31.794 22610 22610 I InsetsController: cancelAnimation: types=ime, animType=1, host=dev.souschef.app/dev.souschef.app.MainActivity, from=android.view.InsetsController.notifyFinished:2006 android.view.InsetsAnimationControlImpl.applyChangeInsets:335 android.view.InsetsController.lambda$new$3:957 
11-23 21:20:31.799 22610 22688 I VRI[MainActivity]@8e53a52: mWNT: t=0xb400007c8db2b710 mBlastBufferQueue=0xb400007adda683b0 fn= 246 HdrRenderState mRenderHdrSdrRatio=1.0 caller= android.view.SyncRtSurfaceTransactionApplier.applyTransaction:100 android.view.SyncRtSurfaceTransactionApplier.lambda$scheduleApply$0:73 android.view.SyncRtSurfaceTransactionApplier.$r8$lambda$afI4fXg3U3-nBZQEDQMiNy-B06s:0 
11-23 21:20:31.811 22610 22610 I InsetsController: onStateChanged: host=dev.souschef.app/dev.souschef.app.MainActivity, from=android.view.ViewRootImpl.onInsetsStateChanged:3026, state=InsetsState: {mDisplayFrame=Rect(0, 0 - 1440, 3088), mDisplayCutout=DisplayCutout{insets=Rect(0, 100 - 0, 0) waterfall=Insets{left=0, top=0, right=0, bottom=0} boundingRect={Bounds=[Rect(0, 0 - 0, 0), Rect(683, 0 - 758, 100), Rect(0, 0 - 0, 0), Rect(0, 0 - 0, 0)]} cutoutPathParserInfo={CutoutPathParserInfo{displayWidth=1440 displayHeight=3088 physicalDisplayWidth=1440 physicalDisplayHeight=3088 density={3.75} cutoutSpec={M 0,0 H -10 V 26.66666666666667 H 10 V 0 H 0 Z @dp} rotation={0} scale={1.0} physicalPixelDisplaySizeRatio={1.0}}} sideOverrides={}}, mRoundedCorners=RoundedCorners{[RoundedCorner{position=TopLeft, radius=15, center=Point(15, 15)}, RoundedCorner{position=TopRight, radius=15, center=Point(1425, 15)}, RoundedCorner{position=BottomRight, radius=15, center=Point(1425, 3073)}, RoundedCorner{position=BottomLeft, radius=15, center=Point(15, 3073)}]}  mRoundedCornerFrame=Rect(0, 0 - 1440, 3088), mPrivacyIndicatorBounds=PrivacyIndicatorBounds {static bounds=Rect(1275, 0 - 1440, 100) rotation=0}, mDisplayShape=DisplayShape{ spec=-311912193 displayWidth=1440 displayHeight=3088 physicalPixelDisplaySizeRatio=1.0 rotation=0 offsetX=0 offsetY=0 scale=1.0}, mSources= { InsetsSource: {b11d0001 mType=navigationBars mFrame=[0,3032][1440,3088] mVisible=true mFlags=SUPPRESS_SCRIM mSideHint=BOTTOM mBoundingRects=null}, InsetsSource: {b11d0004 mType=systemGestures mFrame=[0,0][84,3088] mVisible=true mFlags= mSideHint=LEFT mBoundingRects=null}, InsetsSource: {b11d0005 mType=mandatorySystemGestures mFrame=[0,2968][1440,3088] mVisible=true mFlags= mSideHint=BOTTOM mBoundingRects=null}, InsetsSource: {b11d0006 mType=tappableElement mFrame=[0,0][0,0] mVisible=true mFlags= mSideHint=NONE mBoundingRects=null}, InsetsSource: {b11d0024 mType=systemGestures mFrame=[1356,0][1440,3088] mVisible=true mFlags= mSideHint=RIGHT mBoundingRects=null}, InsetsSource: {ecac0000 mType=statusBars mFrame=[0,0][1440,100] mVisible=true mFlags= mSideHint=TOP mBoundingRects=null}, InsetsSource: {ecac0005 mType=mandatorySystemGestures mFrame=[0,0][1440,145] mVisible=true mFlags= mSideHint=TOP mBoundingRects=null}, InsetsSource: {ecac0006 mType=tappableElement mFrame=[0,0][1440,100] mVisible=true mFlags= mSideHint=TOP mBoundingRects=null}, InsetsSource: {3 mType=ime mFrame=[0,1922][1440,3088] mVisible=false mFlags= mSideHint=BOTTOM mBoundingRects=null}, InsetsSource: {27 mType=displayCutout mFrame=[0,0][1440,100] mVisible=true mFlags= mSideHint=TOP mBoundingRects=null} }
11-23 21:20:31.812 22610 22610 I VRI[MainActivity]@8e53a52: handleResized, frames=ClientWindowFrames{frame=[0,0][1440,3088] display=[0,0][1440,3088] parentFrame=[0,0][0,0]} displayId=0 dragResizing=false compatScale=1.0 frameChanged=false attachedFrameChanged=false configChanged=false displayChanged=false compatScaleChanged=false dragResizingChanged=false
11-23 21:20:31.821 22610 22610 W UiControllerImpl: Waiting for: DELAY_HAS_PAST for 100 iterations.
11-23 21:20:31.835 22610 22610 I InsetsSourceConsumer: applyRequestedVisibilityToControl: visible=false, type=ime, host=dev.souschef.app/dev.souschef.app.MainActivity
11-23 21:20:31.836 22610 22610 I InsetsSourceConsumer: applyRequestedVisibilityToControl: visible=true, type=navigationBars, host=dev.souschef.app/dev.souschef.app.MainActivity
11-23 21:20:31.837 22610 22610 I ImeTracker: system_server:e6390269: onCancelled at PHASE_CLIENT_ON_CONTROLS_CHANGED
11-23 21:20:31.845 22610 22687 I VRI[MainActivity]@8e53a52: mWNT: t=0xb400007c8db2d4d0 mBlastBufferQueue=0xb400007adda683b0 fn= 247 HdrRenderState mRenderHdrSdrRatio=1.0 caller= android.view.SyncRtSurfaceTransactionApplier.applyTransaction:100 android.view.SyncRtSurfaceTransactionApplier.lambda$scheduleApply$0:73 android.view.SyncRtSurfaceTransactionApplier.$r8$lambda$afI4fXg3U3-nBZQEDQMiNy-B06s:0 
11-23 21:20:31.866 22610 22610 D DetoxRNHelpers: Native RN module resolution (class com.reactnativecommunity.asyncstorage.AsyncStorageModule): no such class
11-23 21:20:31.868 22610 22610 D DetoxRNHelpers: Native RN module resolution (class com.reactnativecommunity.asyncstorage.AsyncStorageModule): no such class
11-23 21:20:31.934 22610 22610 D DetoxRNHelpers: Native RN module resolution (class com.reactnativecommunity.asyncstorage.AsyncStorageModule): no such class
11-23 21:20:31.937 22610 22610 D DetoxRNHelpers: Native RN module resolution (class com.reactnativecommunity.asyncstorage.AsyncStorageModule): no such class
11-23 21:20:31.940 22610 22610 D DetoxRNHelpers: Native RN module resolution (class com.reactnativecommunity.asyncstorage.AsyncStorageModule): no such class
11-23 21:20:31.941 22610 22610 D DetoxRNHelpers: Native RN module resolution (class com.reactnativecommunity.asyncstorage.AsyncStorageModule): no such class
11-23 21:20:31.942 22610 22655 I DetoxWSClient: Sending out action 'invokeResult' (ID #11)
11-23 21:20:31.943 22610 22655 I DetoxDispatcher: Done with action 'invoke'
11-23 21:20:31.947 22610 22659 D DetoxWSClient: Received action 'invoke' (ID #12, params={"target":{"type":"Class","value":"com.wix.detox.espresso.DetoxAssertion"},"method":"waitForAssertMatcher","args":[{"type":"Invocation","value":{"target":{"type":"Class","value":"androidx.test.espresso.Espresso"},"method":"onView","args":[{"type":"Invocation","value":{"target":{"type":"Class","value":"com.wix.detox.espresso.DetoxMatcher"},"method":"matcherForTestId","args":["login-submit-button",{"type":"boolean","value":false}]}}]}},{"type":"Invocation","value":{"target":{"type":"Class","value":"com.wix.detox.espresso.DetoxMatcher"},"method":"matcherForSufficientlyVisible","args":[{"type":"Integer","value":75}]}},{"type":"Double","value":5}]})
11-23 21:20:31.947 22610 22655 I DetoxDispatcher: Handling action 'invoke' (ID #12)...
11-23 21:20:31.948 22610 22655 D Detox   : class com.wix.detox.espresso.DetoxMatcher, matcherForTestId, [login-submit-button, false]
11-23 21:20:31.949 22610 22655 D Detox   : class androidx.test.espresso.Espresso, onView, [(view.getTag() is "login-submit-button" and view has effective visibility <VISIBLE>)]
11-23 21:20:31.950 22610 22655 D Detox   : class com.wix.detox.espresso.DetoxMatcher, matcherForSufficientlyVisible, [75]
11-23 21:20:31.951 22610 22655 D Detox   : class com.wix.detox.espresso.DetoxAssertion, waitForAssertMatcher, [androidx.test.espresso.ViewInteraction@1712bb3, (view has effective visibility <VISIBLE> and view.getGlobalVisibleRect() covers at least <75> percent of the view's area), 5.0]
11-23 21:20:31.954 22610 22610 D DetoxRNHelpers: Native RN module resolution (class com.reactnativecommunity.asyncstorage.AsyncStorageModule): no such class
11-23 21:20:31.957 22610 22610 D DetoxRNHelpers: Native RN module resolution (class com.reactnativecommunity.asyncstorage.AsyncStorageModule): no such class
11-23 21:20:31.959 22610 22610 I ViewInteraction: Checking 'MatchesViewAssertion(Detox){viewMatcher=(view has effective visibility <VISIBLE> and view.getGlobalVisibleRect() covers at least <75> percent of the view's area)}' assertion on view (view.getTag() is "login-submit-button" and view has effective visibility <VISIBLE>)
11-23 21:20:31.965 22610 22655 I DetoxWSClient: Sending out action 'invokeResult' (ID #12)
11-23 21:20:31.966 22610 22655 I DetoxDispatcher: Done with action 'invoke'
11-23 21:20:31.969 22610 22659 D DetoxWSClient: Received action 'invoke' (ID #13, params={"target":{"type":"Class","value":"com.wix.detox.espresso.EspressoDetox"},"method":"perform","args":[{"type":"Invocation","value":{"target":{"type":"Class","value":"com.wix.detox.espresso.DetoxMatcher"},"method":"matcherForTestId","args":["login-submit-button",{"type":"boolean","value":false}]}},{"type":"Invocation","value":{"target":{"type":"Class","value":"com.wix.detox.espresso.DetoxViewActions"},"method":"click","args":[]}}]})
11-23 21:20:31.969 22610 22655 I DetoxDispatcher: Handling action 'invoke' (ID #13)...
11-23 21:20:31.970 22610 22655 D Detox   : class com.wix.detox.espresso.DetoxMatcher, matcherForTestId, [login-submit-button, false]
11-23 21:20:31.970 22610 22655 D Detox   : class com.wix.detox.espresso.DetoxViewActions, click, []
11-23 21:20:31.971 22610 22655 D Detox   : class com.wix.detox.espresso.EspressoDetox, perform, [(view.getTag() is "login-submit-button" and view has effective visibility <VISIBLE>), com.wix.detox.espresso.action.RNClickAction@cd6b0e9]
11-23 21:20:31.975 22610 22610 D DetoxRNHelpers: Native RN module resolution (class com.reactnativecommunity.asyncstorage.AsyncStorageModule): no such class
11-23 21:20:31.978 22610 22610 D DetoxRNHelpers: Native RN module resolution (class com.reactnativecommunity.asyncstorage.AsyncStorageModule): no such class
11-23 21:20:31.981 22610 22610 I ViewInteraction: Performing 'com.wix.detox.espresso.action.detoxsingletap@e86816e click' action on view (view.getTag() is "login-submit-button" and view has effective visibility <VISIBLE>)
11-23 21:20:31.987 22610 22610 I VRI[MainActivity]@8e53a52: ViewPostIme pointer 0
11-23 21:20:32.025 22610 22610 I VRI[MainActivity]@8e53a52: ViewPostIme pointer 1
11-23 21:20:32.233 22610 22697 I ReactNativeJS: '%c🚀 ✅ MUTATION Login 122ms', 'color: #22c55e; font-weight: bold'
11-23 21:20:32.263 22610 22697 I ReactNativeJS: '   📤 Variables:', { input: { email: 'test@souschef.dev', password: 'Test123!' } }
11-23 21:20:32.346 22610 22697 I ReactNativeJS: [TokenScheduler] Scheduling proactive refresh in 3000s (token expires in 3600s)
11-23 21:20:32.347 22610 22610 I InsetsController: onStateChanged: host=dev.souschef.app/dev.souschef.app.MainActivity, from=android.view.ViewRootImpl.onInsetsStateChanged:3026, state=InsetsState: {mDisplayFrame=Rect(0, 0 - 1440, 3088), mDisplayCutout=DisplayCutout{insets=Rect(0, 100 - 0, 0) waterfall=Insets{left=0, top=0, right=0, bottom=0} boundingRect={Bounds=[Rect(0, 0 - 0, 0), Rect(683, 0 - 758, 100), Rect(0, 0 - 0, 0), Rect(0, 0 - 0, 0)]} cutoutPathParserInfo={CutoutPathParserInfo{displayWidth=1440 displayHeight=3088 physicalDisplayWidth=1440 physicalDisplayHeight=3088 density={3.75} cutoutSpec={M 0,0 H -10 V 26.66666666666667 H 10 V 0 H 0 Z @dp} rotation={0} scale={1.0} physicalPixelDisplaySizeRatio={1.0}}} sideOverrides={}}, mRoundedCorners=RoundedCorners{[RoundedCorner{position=TopLeft, radius=15, center=Point(15, 15)}, RoundedCorner{position=TopRight, radius=15, center=Point(1425, 15)}, RoundedCorner{position=BottomRight, radius=15, center=Point(1425, 3073)}, RoundedCorner{position=BottomLeft, radius=15, center=Point(15, 3073)}]}  mRoundedCornerFrame=Rect(0, 0 - 1440, 3088), mPrivacyIndicatorBounds=PrivacyIndicatorBounds {static bounds=Rect(1275, 0 - 1440, 100) rotation=0}, mDisplayShape=DisplayShape{ spec=-311912193 displayWidth=1440 displayHeight=3088 physicalPixelDisplaySizeRatio=1.0 rotation=0 offsetX=0 offsetY=0 scale=1.0}, mSources= { InsetsSource: {b11d0001 mType=navigationBars mFrame=[0,3032][1440,3088] mVisible=true mFlags=SUPPRESS_SCRIM mSideHint=BOTTOM mBoundingRects=null}, InsetsSource: {b11d0004 mType=systemGestures mFrame=[0,0][84,3088] mVisible=true mFlags= mSideHint=LEFT mBoundingRects=null}, InsetsSource: {b11d0005 mType=mandatorySystemGestures mFrame=[0,2968][1440,3088] mVisible=true mFlags= mSideHint=BOTTOM mBoundingRects=null}, InsetsSource: {b11d0006 mType=tappableElement mFrame=[0,0][0,0] mVisible=true mFlags= mSideHint=NONE mBoundingRects=null}, InsetsSource: {b11d0024 mType=systemGestures mFrame=[1356,0][1440,3088] mVisible=true mFlags= mSideHint=RIGHT mBoundingRects=null}, InsetsSource: {ecac0000 mType=statusBars mFrame=[0,0][1440,100] mVisible=true mFlags= mSideHint=TOP mBoundingRects=null}, InsetsSource: {ecac0005 mType=mandatorySystemGestures mFrame=[0,0][1440,145] mVisible=true mFlags= mSideHint=TOP mBoundingRects=null}, InsetsSource: {ecac0006 mType=tappableElement mFrame=[0,0][1440,100] mVisible=true mFlags= mSideHint=TOP mBoundingRects=null}, InsetsSource: {3 mType=ime mFrame=[0,0][0,0] mVisible=false mFlags= mSideHint=NONE mBoundingRects=null}, InsetsSource: {27 mType=displayCutout mFrame=[0,0][1440,100] mVisible=true mFlags= mSideHint=TOP mBoundingRects=null} }
11-23 21:20:32.347 22610 22610 I VRI[MainActivity]@8e53a52: handleResized, frames=ClientWindowFrames{frame=[0,0][1440,3088] display=[0,0][1440,3088] parentFrame=[0,0][0,0]} displayId=0 dragResizing=false compatScale=1.0 frameChanged=false attachedFrameChanged=false configChanged=false displayChanged=false compatScaleChanged=false dragResizingChanged=false
11-23 21:20:32.354 22610 22610 I InsetsController: onStateChanged: host=dev.souschef.app/dev.souschef.app.MainActivity, from=android.view.ViewRootImpl.onInsetsStateChanged:3026, state=InsetsState: {mDisplayFrame=Rect(0, 0 - 1440, 3088), mDisplayCutout=DisplayCutout{insets=Rect(0, 100 - 0, 0) waterfall=Insets{left=0, top=0, right=0, bottom=0} boundingRect={Bounds=[Rect(0, 0 - 0, 0), Rect(683, 0 - 758, 100), Rect(0, 0 - 0, 0), Rect(0, 0 - 0, 0)]} cutoutPathParserInfo={CutoutPathParserInfo{displayWidth=1440 displayHeight=3088 physicalDisplayWidth=1440 physicalDisplayHeight=3088 density={3.75} cutoutSpec={M 0,0 H -10 V 26.66666666666667 H 10 V 0 H 0 Z @dp} rotation={0} scale={1.0} physicalPixelDisplaySizeRatio={1.0}}} sideOverrides={}}, mRoundedCorners=RoundedCorners{[RoundedCorner{position=TopLeft, radius=15, center=Point(15, 15)}, RoundedCorner{position=TopRight, radius=15, center=Point(1425, 15)}, RoundedCorner{position=BottomRight, radius=15, center=Point(1425, 3073)}, RoundedCorner{position=BottomLeft, radius=15, center=Point(15, 3073)}]}  mRoundedCornerFrame=Rect(0, 0 - 1440, 3088), mPrivacyIndicatorBounds=PrivacyIndicatorBounds {static bounds=Rect(1275, 0 - 1440, 100) rotation=0}, mDisplayShape=DisplayShape{ spec=-311912193 displayWidth=1440 displayHeight=3088 physicalPixelDisplaySizeRatio=1.0 rotation=0 offsetX=0 offsetY=0 scale=1.0}, mSources= { InsetsSource: {b11d0001 mType=navigationBars mFrame=[0,3032][1440,3088] mVisible=true mFlags=SUPPRESS_SCRIM mSideHint=BOTTOM mBoundingRects=null}, InsetsSource: {b11d0004 mType=systemGestures mFrame=[0,0][84,3088] mVisible=true mFlags= mSideHint=LEFT mBoundingRects=null}, InsetsSource: {b11d0005 mType=mandatorySystemGestures mFrame=[0,2968][1440,3088] mVisible=true mFlags= mSideHint=BOTTOM mBoundingRects=null}, InsetsSource: {b11d0006 mType=tappableElement mFrame=[0,0][0,0] mVisible=true mFlags= mSideHint=NONE mBoundingRects=null}, InsetsSource: {b11d0024 mType=systemGestures mFrame=[1356,0][1440,3088] mVisible=true mFlags= mSideHint=RIGHT mBoundingRects=null}, InsetsSource: {ecac0000 mType=statusBars mFrame=[0,0][1440,100] mVisible=true mFlags= mSideHint=TOP mBoundingRects=null}, InsetsSource: {ecac0005 mType=mandatorySystemGestures mFrame=[0,0][1440,145] mVisible=true mFlags= mSideHint=TOP mBoundingRects=null}, InsetsSource: {ecac0006 mType=tappableElement mFrame=[0,0][1440,100] mVisible=true mFlags= mSideHint=TOP mBoundingRects=null}, InsetsSource: {3 mType=ime mFrame=[0,0][0,0] mVisible=false mFlags= mSideHint=NONE mBoundingRects=null}, InsetsSource: {27 mType=displayCutout mFrame=[0,0][1440,100] mVisible=true mFlags= mSideHint=TOP mBoundingRects=null} }
11-23 21:20:32.355 22610 22610 I VRI[MainActivity]@8e53a52: handleResized, frames=ClientWindowFrames{frame=[0,0][1440,3088] display=[0,0][1440,3088] parentFrame=[0,0][0,0]} displayId=0 dragResizing=false compatScale=1.0 frameChanged=false attachedFrameChanged=false configChanged=false displayChanged=false compatScaleChanged=false dragResizingChanged=false
11-23 21:20:32.377 22610 22698 W System.err: getSerialNumber failed, it probably should not be used: getSerial: The uid 11181 does not meet the requirements to access device identifiers.
11-23 21:20:32.386 22610 22610 I cr_CombinedPProvider: #registerProvider() provider:WV.hk@85989da isPolicyCacheEnabled:false policyProvidersSize:0
11-23 21:20:32.387 22610 22610 I cr_PolicyProvider: #setManagerAndSource() 0
11-23 21:20:32.417 22610 22610 I cr_CombinedPProvider: #linkNativeInternal() 1
11-23 21:20:32.419 22610 22610 I cr_AppResProvider: #getApplicationRestrictionsFromUserManager() Bundle[EMPTY_PARCEL]
11-23 21:20:32.419 22610 22610 I cr_PolicyProvider: #notifySettingsAvailable() 0
11-23 21:20:32.420 22610 22610 I cr_CombinedPProvider: #onSettingsAvailable() 0
11-23 21:20:32.420 22610 22610 I cr_CombinedPProvider: #flushPolicies()
11-23 21:20:32.493 22610 22610 W chromium: [WARNING:android_webview/browser/network_service/net_helpers.cc:143] HTTP Cache size is: 20971520
11-23 21:20:32.520 22610 22883 I CameraManager: registerAvailabilityCallback: Is device callback = false
11-23 21:20:32.520 22610 22883 I CameraManagerGlobal: postSingleUpdate device: camera id 0 status STATUS_PRESENT
11-23 21:20:32.521 22610 22883 I CameraManagerGlobal: postSingleUpdate device: camera id 1 status STATUS_PRESENT
11-23 21:20:32.521 22610 22883 I CameraManagerGlobal: postSingleUpdate device: camera id 2 status STATUS_PRESENT
11-23 21:20:32.521 22610 22883 I CameraManagerGlobal: postSingleUpdate device: camera id 3 status STATUS_PRESENT
11-23 21:20:32.543 22610 22697 I ReactNativeJS: '✅ [NotificationReceived] Subscription ACTIVE for user:', '68f41739878fd075b87c1dd1'
11-23 21:20:32.547 22610 22698 W AudioCapabilities: Unsupported mediaType audio/x-ape
11-23 21:20:32.547 22610 22698 W AudioCapabilities: Unsupported mediaType audio/evrc
11-23 21:20:32.547 22610 22698 W AudioCapabilities: Unsupported mediaType audio/evrc
11-23 21:20:32.548 22610 22698 W AudioCapabilities: Unsupported mediaType audio/x-ima
11-23 21:20:32.549 22610 22698 W AudioCapabilities: Unsupported mediaType audio/mpeg-L1
11-23 21:20:32.549 22610 22698 W AudioCapabilities: Unsupported mediaType audio/mpeg-L2
11-23 21:20:32.549 22610 22698 W AudioCapabilities: Unsupported mediaType audio/qcelp
11-23 21:20:32.549 22610 22698 W AudioCapabilities: Unsupported mediaType audio/qcelp
11-23 21:20:32.550 22610 22698 W VideoCapabilities: Unsupported mime video/wvc1
11-23 21:20:32.550 22610 22698 W VideoCapabilities: Unsupported mime video/x-ms-wmv
11-23 21:20:32.555 22610 22698 W AudioCapabilities: Unsupported mediaType audio/iamf
11-23 21:20:32.569 22610 22698 W VideoCapabilities: Unsupported mime image/vnd.android.heic
11-23 21:20:32.570 22610 22698 W VideoCapabilities: Unrecognized profile/level 32768/256 for video/mp4v-es
11-23 21:20:32.584 22610 22698 W AudioCapabilities: Unsupported mime audio/x-ape
11-23 21:20:32.584 22610 22698 W AudioCapabilities: Unsupported mime audio/evrc
11-23 21:20:32.585 22610 22698 W AudioCapabilities: Unsupported mime audio/evrc
11-23 21:20:32.585 22610 22698 W AudioCapabilities: Unsupported mime audio/x-ima
11-23 21:20:32.587 22610 22698 W AudioCapabilities: Unsupported mime audio/mpeg-L1
11-23 21:20:32.587 22610 22698 W AudioCapabilities: Unsupported mime audio/mpeg-L2
11-23 21:20:32.588 22610 22698 W AudioCapabilities: Unsupported mime audio/qcelp
11-23 21:20:32.588 22610 22698 W AudioCapabilities: Unsupported mime audio/qcelp
11-23 21:20:32.589 22610 22698 W VideoCapabilities: Unsupported mime video/wvc1
11-23 21:20:32.589 22610 22698 W VideoCapabilities: Unsupported mime video/wvc1
11-23 21:20:32.590 22610 22698 W VideoCapabilities: Unsupported mime video/x-ms-wmv
11-23 21:20:32.599 22610 22698 W AudioCapabilities: Unsupported mime audio/iamf
11-23 21:20:32.629 22610 22698 W VideoCapabilities: Unsupported mime image/vnd.android.heic
11-23 21:20:32.629 22610 22698 W VideoCapabilities: Unsupported mime image/vnd.android.heic
11-23 21:20:32.630 22610 22698 W VideoCapabilities: Unrecognized profile/level 32768/256 for video/mp4v-es
11-23 21:20:33.456 22610 22610 W [RNScreens]: backTitleVisible prop is not available on Android
11-23 21:20:33.456 22610 22610 W [RNScreens]: backTitleFontFamily prop is not available on Android
11-23 21:20:33.457 22610 22610 W [RNScreens]: disableBackButtonMenu prop is not available on Android
11-23 21:20:33.457 22610 22610 W [RNScreens]: largeTitleFontFamily prop is not available on Android
11-23 21:20:33.457 22610 22610 W [RNScreens]: topInsetEnabled prop is not available on Android
11-23 21:20:33.457 22610 22610 W [RNScreens]: largeTitleFontWeight prop is not available on Android
11-23 21:20:33.457 22610 22610 W [RNScreens]: largeTitleHideShadow prop is not available on Android
11-23 21:20:33.539 22610 22610 W [RNScreens]: backTitleVisible prop is not available on Android
11-23 21:20:33.539 22610 22610 W [RNScreens]: backTitleFontFamily prop is not available on Android
11-23 21:20:33.539 22610 22610 W [RNScreens]: disableBackButtonMenu prop is not available on Android
11-23 21:20:33.539 22610 22610 W [RNScreens]: largeTitleFontFamily prop is not available on Android
11-23 21:20:33.539 22610 22610 W [RNScreens]: topInsetEnabled prop is not available on Android
11-23 21:20:33.540 22610 22610 W [RNScreens]: largeTitleFontWeight prop is not available on Android
11-23 21:20:33.540 22610 22610 W [RNScreens]: largeTitleHideShadow prop is not available on Android
11-23 21:20:33.783 22610 22697 I ReactNativeJS: [ScreenTransition] PantryMain focused
11-23 21:20:33.786 22610 22697 I ReactNativeJS: [ScreenTransition] PantryMain mounted in 3.52ms
11-23 21:20:34.309 22610 22610 I VRI[MainActivity]@8e53a52: registerCallbackForPendingTransactions
11-23 21:20:34.311 22610 22688 I VRI[MainActivity]@8e53a52: mWNT: t=0xb400007c8db7f550 mBlastBufferQueue=0xb400007adda683b0 fn= 284 HdrRenderState mRenderHdrSdrRatio=1.0 caller= android.view.ViewRootImpl$10.onFrameDraw:6536 android.view.ViewRootImpl$4.onFrameDraw:2489 android.view.ThreadedRenderer$1.onFrameDraw:718 
11-23 21:20:34.313 22610 22610 I ImeTracker: dev.souschef.app:611ae5de: onRequestHide at ORIGIN_CLIENT reason HIDE_SOFT_INPUT_CLOSE_CURRENT_SESSION fromUser false
11-23 21:20:34.313 22610 22610 D InsetsController: hide(ime(), fromIme=false)
11-23 21:20:34.314 22610 22610 I ImeTracker: dev.souschef.app:611ae5de: onCancelled at PHASE_CLIENT_ALREADY_HIDDEN
11-23 21:20:34.320 22610 22610 I Dialog  : mIsDeviceDefault = false, mIsSamsungBasicInteraction = false, isMetaDataInActivity = false
11-23 21:20:34.324 22610 22610 I DecorView: setWindowBackground: isPopOver=false color=0 d=android.graphics.drawable.ColorDrawable@a2d9a65
11-23 21:20:34.327 22610 22610 I WindowManager: WindowManagerGlobal#addView, ty=2, view=com.android.internal.policy.DecorView{aadb11d V.E...... R.....I. 0,0-0,0}[MainActivity], caller=android.view.WindowManagerImpl.addView:158 android.app.Dialog.show:540 com.facebook.react.views.modal.ReactModalHostView.showOrUpdate:341 
11-23 21:20:34.328 22610 22610 D ViewRootImpl: desktopMode is false
11-23 21:20:34.328 22610 22610 I ViewRootImpl: dVRR is disabled
11-23 21:20:34.329 22610 22671 D NativeCustomFrequencyManager: [NativeCFMS] BpCustomFrequencyManager::BpCustomFrequencyManager()
11-23 21:20:34.337 22610 22610 D InputTransport: Input channel constructed: '6609540', fd=206
11-23 21:20:34.338 22610 22610 I InsetsController: onStateChanged: host=dev.souschef.app/dev.souschef.app.MainActivity, from=android.view.ViewRootImpl.onInsetsStateChanged:3026, state=InsetsState: {mDisplayFrame=Rect(0, 0 - 1440, 3088), mDisplayCutout=DisplayCutout{insets=Rect(0, 100 - 0, 0) waterfall=Insets{left=0, top=0, right=0, bottom=0} boundingRect={Bounds=[Rect(0, 0 - 0, 0), Rect(683, 0 - 758, 100), Rect(0, 0 - 0, 0), Rect(0, 0 - 0, 0)]} cutoutPathParserInfo={CutoutPathParserInfo{displayWidth=1440 displayHeight=3088 physicalDisplayWidth=1440 physicalDisplayHeight=3088 density={3.75} cutoutSpec={M 0,0 H -10 V 26.66666666666667 H 10 V 0 H 0 Z @dp} rotation={0} scale={1.0} physicalPixelDisplaySizeRatio={1.0}}} sideOverrides={}}, mRoundedCorners=RoundedCorners{[RoundedCorner{position=TopLeft, radius=15, center=Point(15, 15)}, RoundedCorner{position=TopRight, radius=15, center=Point(1425, 15)}, RoundedCorner{position=BottomRight, radius=15, center=Point(1425, 3073)}, RoundedCorner{position=BottomLeft, radius=15, center=Point(15, 3073)}]}  mRoundedCornerFrame=Rect(0, 0 - 1440, 3088), mPrivacyIndicatorBounds=PrivacyIndicatorBounds {static bounds=Rect(1275, 0 - 1440, 100) rotation=0}, mDisplayShape=DisplayShape{ spec=-311912193 displayWidth=1440 displayHeight=3088 physicalPixelDisplaySizeRatio=1.0 rotation=0 offsetX=0 offsetY=0 scale=1.0}, mSources= { InsetsSource: {b11d0001 mType=navigationBars mFrame=[0,3032][1440,3088] mVisible=true mFlags=SUPPRESS_SCRIM mSideHint=BOTTOM mBoundingRects=null}, InsetsSource: {b11d0004 mType=systemGestures mFrame=[0,0][84,3088] mVisible=true mFlags= mSideHint=LEFT mBoundingRects=null}, InsetsSource: {b11d0005 mType=mandatorySystemGestures mFrame=[0,2968][1440,3088] mVisible=true mFlags= mSideHint=BOTTOM mBoundingRects=null}, InsetsSource: {b11d0006 mType=tappableElement mFrame=[0,0][0,0] mVisible=true mFlags= mSideHint=NONE mBoundingRects=null}, InsetsSource: {b11d0024 mType=systemGestures mFrame=[1356,0][1440,3088] mVisible=true mFlags= mSideHint=RIGHT mBoundingRects=null}, InsetsSource: {ecac0000 mType=statusBars mFrame=[0,0][1440,100] mVisible=true mFlags= mSideHint=TOP mBoundingRects=null}, InsetsSource: {ecac0005 mType=mandatorySystemGestures mFrame=[0,0][1440,145] mVisible=true mFlags= mSideHint=TOP mBoundingRects=null}, InsetsSource: {ecac0006 mType=tappableElement mFrame=[0,0][1440,100] mVisible=true mFlags= mSideHint=TOP mBoundingRects=null}, InsetsSource: {27 mType=displayCutout mFrame=[0,0][1440,100] mVisible=true mFlags= mSideHint=TOP mBoundingRects=null} }
11-23 21:20:34.338 22610 22610 I VRI[MainActivity]@1596f92: synced displayState. AttachInfo displayState=2
11-23 21:20:34.341 22610 22610 I VRI[MainActivity]@1596f92: setView = com.android.internal.policy.DecorView@aadb11d IsHRR=false mFlingFrameRateChange=0 TM=true
11-23 21:20:34.366 22610 22697 I ReactNativeJS: [ScreenTransition] PantryMain interactive in 582.00ms
11-23 21:20:34.366 22610 22610 I InsetsController: onStateChanged: host=dev.souschef.app/dev.souschef.app.MainActivity, from=android.view.ViewRootImpl.onInsetsStateChanged:3026, state=InsetsState: {mDisplayFrame=Rect(0, 0 - 1440, 3088), mDisplayCutout=DisplayCutout{insets=Rect(0, 100 - 0, 0) waterfall=Insets{left=0, top=0, right=0, bottom=0} boundingRect={Bounds=[Rect(0, 0 - 0, 0), Rect(683, 0 - 758, 100), Rect(0, 0 - 0, 0), Rect(0, 0 - 0, 0)]} cutoutPathParserInfo={CutoutPathParserInfo{displayWidth=1440 displayHeight=3088 physicalDisplayWidth=1440 physicalDisplayHeight=3088 density={3.75} cutoutSpec={M 0,0 H -10 V 26.66666666666667 H 10 V 0 H 0 Z @dp} rotation={0} scale={1.0} physicalPixelDisplaySizeRatio={1.0}}} sideOverrides={}}, mRoundedCorners=RoundedCorners{[RoundedCorner{position=TopLeft, radius=15, center=Point(15, 15)}, RoundedCorner{position=TopRight, radius=15, center=Point(1425, 15)}, RoundedCorner{position=BottomRight, radius=15, center=Point(1425, 3073)}, RoundedCorner{position=BottomLeft, radius=15, center=Point(15, 3073)}]}  mRoundedCornerFrame=Rect(0, 0 - 1440, 3088), mPrivacyIndicatorBounds=PrivacyIndicatorBounds {static bounds=Rect(1275, 0 - 1440, 100) rotation=0}, mDisplayShape=DisplayShape{ spec=-311912193 displayWidth=1440 displayHeight=3088 physicalPixelDisplaySizeRatio=1.0 rotation=0 offsetX=0 offsetY=0 scale=1.0}, mSources= { InsetsSource: {b11d0001 mType=navigationBars mFrame=[0,3032][1440,3088] mVisible=true mFlags=SUPPRESS_SCRIM mSideHint=BOTTOM mBoundingRects=null}, InsetsSource: {b11d0004 mType=systemGestures mFrame=[0,0][84,3088] mVisible=true mFlags= mSideHint=LEFT mBoundingRects=null}, InsetsSource: {b11d0005 mType=mandatorySystemGestures mFrame=[0,2968][1440,3088] mVisible=true mFlags= mSideHint=BOTTOM mBoundingRects=null}, InsetsSource: {b11d0006 mType=tappableElement mFrame=[0,0][0,0] mVisible=true mFlags= mSideHint=NONE mBoundingRects=null}, InsetsSource: {b11d0024 mType=systemGestures mFrame=[1356,0][1440,3088] mVisible=true mFlags= mSideHint=RIGHT mBoundingRects=null}, InsetsSource: {ecac0000 mType=statusBars mFrame=[0,0][1440,100] mVisible=true mFlags= mSideHint=TOP mBoundingRects=null}, InsetsSource: {ecac0005 mType=mandatorySystemGestures mFrame=[0,0][1440,145] mVisible=true mFlags= mSideHint=TOP mBoundingRects=null}, InsetsSource: {ecac0006 mType=tappableElement mFrame=[0,0][1440,100] mVisible=true mFlags= mSideHint=TOP mBoundingRects=null}, InsetsSource: {3 mType=ime mFrame=[0,0][0,0] mVisible=false mFlags= mSideHint=NONE mBoundingRects=null}, InsetsSource: {27 mType=displayCutout mFrame=[0,0][1440,100] mVisible=true mFlags= mSideHint=TOP mBoundingRects=null} }
11-23 21:20:34.368 22610 22610 W libc    : Access denied finding property "vendor.display.enable_optimal_refresh_rate"
11-23 21:20:34.368 22610 22610 I BufferQueueProducer: [](id:585200000002,api:0,p:499912944,c:22610) setDequeueTimeout:2077252342
11-23 21:20:34.369 22610 22610 I BLASTBufferQueue_Java: new BLASTBufferQueue, mName= VRI[MainActivity]@1596f92 mNativeObject= 0xb400007addba6780 caller= android.view.ViewRootImpl.updateBlastSurfaceIfNeeded:3585 android.view.ViewRootImpl.relayoutWindow:11685 android.view.ViewRootImpl.performTraversals:4804 android.view.ViewRootImpl.doTraversal:3924 android.view.ViewRootImpl$TraversalRunnable.run:12903 android.view.Choreographer$CallbackRecord.run:1901 android.view.Choreographer$CallbackRecord.run:1910 android.view.Choreographer.doCallbacks:1367 android.view.Choreographer.doFrame:1292 android.view.Choreographer$FrameDisplayEventReceiver.run:1870 
11-23 21:20:34.369 22610 22610 I BLASTBufferQueue_Java: update, w= 1440 h= 3088 mName = VRI[MainActivity]@1596f92 mNativeObject= 0xb400007addba6780 sc.mNativeObject= 0xb400007b7dad9250 format= -2 caller= android.view.ViewRootImpl.updateBlastSurfaceIfNeeded:3590 android.view.ViewRootImpl.relayoutWindow:11685 android.view.ViewRootImpl.performTraversals:4804 android.view.ViewRootImpl.doTraversal:3924 android.view.ViewRootImpl$TraversalRunnable.run:12903 android.view.Choreographer$CallbackRecord.run:1901 
11-23 21:20:34.370 22610 22610 W libc    : Access denied finding property "vendor.display.enable_optimal_refresh_rate"
11-23 21:20:34.370 22610 22610 I VRI[MainActivity]@1596f92: Relayout returned: old=(0,0,1440,3088) new=(0,0,1440,3088) relayoutAsync=false req=(1440,3088)0 dur=14 res=0x3 s={true 0xb400007bedbf5400} ch=true seqId=0
11-23 21:20:34.371 22610 22610 I VRI[MainActivity]@1596f92: performConfigurationChange setNightDimText nightDimLevel=0
11-23 21:20:34.372 22610 22610 D VRI[MainActivity]@1596f92: mThreadedRenderer.initialize() mSurface={isValid=true 0xb400007bedbf5400} hwInitialized=true
11-23 21:20:34.374 22610 22610 D VRI[MainActivity]@1596f92: reportNextDraw android.view.ViewRootImpl.performTraversals:5443 android.view.ViewRootImpl.doTraversal:3924 android.view.ViewRootImpl$TraversalRunnable.run:12903 android.view.Choreographer$CallbackRecord.run:1901 android.view.Choreographer$CallbackRecord.run:1910 
11-23 21:20:34.374 22610 22610 D VRI[MainActivity]@1596f92: Setup new sync=wmsSync-VRI[MainActivity]@1596f92#6
11-23 21:20:34.374 22610 22610 I VRI[MainActivity]@1596f92: Creating new active sync group VRI[MainActivity]@1596f92#7
11-23 21:20:34.375 22610 22697 W ReactNativeJS: [ScreenTransition] Slow screen transition: PantryMain took 582.00ms
11-23 21:20:34.375 22610 22610 D VRI[MainActivity]@1596f92: registerCallbacksForSync syncBuffer=false
11-23 21:20:34.376 22610 22687 D VRI[MainActivity]@1596f92: Received frameDrawingCallback syncResult=0 frameNum=1.
11-23 21:20:34.376 22610 22687 I VRI[MainActivity]@1596f92: mWNT: t=0xb400007c8db202d0 mBlastBufferQueue=0xb400007addba6780 fn= 1 HdrRenderState mRenderHdrSdrRatio=1.0 caller= android.view.ViewRootImpl$12.onFrameDraw:15441 android.view.ThreadedRenderer$1.onFrameDraw:718 <bottom of call stack> 
11-23 21:20:34.377 22610 22687 I VRI[MainActivity]@1596f92: Setting up sync and frameCommitCallback
11-23 21:20:34.377 22610 22671 I BLASTBufferQueue: [VRI[MainActivity]@1596f92#2](f:0,a:0,s:0) onFrameAvailable the first frame is available
11-23 21:20:34.378 22610 22671 I SurfaceComposerClient: apply transaction with the first frame. layerId: 58326, bufferData(ID: 97109210562571, frameNumber: 1)
11-23 21:20:34.378 22610 22671 I VRI[MainActivity]@1596f92: Received frameCommittedCallback lastAttemptedDrawFrameNum=1 didProduceBuffer=true
11-23 21:20:34.379 22610 22671 D HWUI    : CFMS:: SetUp Pid : 22610    Tid : 22671
11-23 21:20:34.379 22610 22610 D VRI[MainActivity]@1596f92: reportDrawFinished seqId=0
11-23 21:20:34.381 22610 22671 D HWUI    : HWUI - treat SMPTE_170M as sRGB
11-23 21:20:34.429 22610 22610 I InsetsSourceConsumer: applyRequestedVisibilityToControl: visible=true, type=statusBars, host=dev.souschef.app/dev.souschef.app.MainActivity
11-23 21:20:34.430 22610 22610 I InsetsSourceConsumer: applyRequestedVisibilityToControl: visible=true, type=navigationBars, host=dev.souschef.app/dev.souschef.app.MainActivity
11-23 21:20:34.431 22610 22610 I ImeFocusController: onPreWindowFocus: skipped hasWindowFocus=false mHasImeFocus=true
11-23 21:20:34.433 22610 22610 I ImeFocusController: onPostWindowFocus: skipped hasWindowFocus=false mHasImeFocus=true
11-23 21:20:34.450 22610 22610 I BLASTBufferQueue_Java: update, w= 1440 h= 3088 mName = VRI[MainActivity]@1596f92 mNativeObject= 0xb400007addba6780 sc.mNativeObject= 0xb400007b7dad9250 format= -2 caller= android.view.ViewRootImpl.updateBlastSurfaceIfNeeded:3574 android.view.ViewRootImpl.relayoutWindow:11685 android.view.ViewRootImpl.performTraversals:4804 android.view.ViewRootImpl.doTraversal:3924 android.view.ViewRootImpl$TraversalRunnable.run:12903 android.view.Choreographer$CallbackRecord.run:1901 
11-23 21:20:34.450 22610 22610 I VRI[MainActivity]@1596f92: Relayout returned: old=(0,0,1440,3088) new=(0,0,1440,3088) relayoutAsync=true req=(1440,3088)0 dur=0 res=0x0 s={true 0xb400007bedbf5400} ch=false seqId=0
11-23 21:20:34.451 22610 22610 I VRI[MainActivity]@1596f92: registerCallbackForPendingTransactions
11-23 21:20:34.454 22610 22688 I VRI[MainActivity]@1596f92: mWNT: t=0xb400007c8dc002d0 mBlastBufferQueue=0xb400007addba6780 fn= 3 HdrRenderState mRenderHdrSdrRatio=1.0 caller= android.view.ViewRootImpl$10.onFrameDraw:6536 android.view.ViewRootImpl$4.onFrameDraw:2489 android.view.ThreadedRenderer$1.onFrameDraw:718 
11-23 21:20:34.459 22610 22610 D VRI[MainActivity]@1596f92: mThreadedRenderer.initializeIfNeeded()#2 mSurface={isValid=true 0xb400007bedbf5400}
11-23 21:20:34.459 22610 22610 D InputMethodManagerUtils: startInputInner - Id : 0
11-23 21:20:34.459 22610 22610 I InputMethodManager: startInputInner - IInputMethodManagerGlobalInvoker.startInputOrWindowGainedFocus
11-23 21:20:34.466 22610 22694 D InputTransport: Input channel constructed: 'ClientS', fd=224
11-23 21:20:34.472 22610 22610 I InputMethodManager: handleMessage: setImeVisibility visible=false
11-23 21:20:34.472 22610 22610 D InsetsController: hide(ime(), fromIme=false)
11-23 21:20:34.472 22610 22610 I ImeTracker: dev.souschef.app:85003413: onCancelled at PHASE_CLIENT_ALREADY_HIDDEN
11-23 21:20:34.520 22610 22697 I ReactNativeJS: '%c🚀 ✅ QUERY GetCommonUnits 417ms', 'color: #22c55e; font-weight: bold'
11-23 21:20:34.545 22610 22774 I Kumiho-Kumiho: getPackageName: dev.souschef.app
11-23 21:20:34.550 22610 22902 I Kumiho-Kumiho: getPackageName: dev.souschef.app
11-23 21:20:34.552 22610 22902 I Kumiho-Kumiho: getPackageName: dev.souschef.app
11-23 21:20:34.565 22610 22697 I ReactNativeJS: '%c🚀 ✅ QUERY MyShoppingListInvites 460ms', 'color: #22c55e; font-weight: bold'
11-23 21:20:34.573 22610 22697 I ReactNativeJS: '%c🚀 ✅ QUERY GetNotificationPreferences 464ms', 'color: #22c55e; font-weight: bold'
11-23 21:20:34.591 22610 22697 I ReactNativeJS: '%c🚀 ✅ QUERY GetMyPendingInvites 484ms', 'color: #22c55e; font-weight: bold'
11-23 21:20:34.598 22610 22697 I ReactNativeJS: '%c🚀 ✅ QUERY GetUserProfile 481ms', 'color: #22c55e; font-weight: bold'
11-23 21:20:34.636 22610 22697 I ReactNativeJS: '%c🚀 ✅ QUERY GetHomes 517ms', 'color: #22c55e; font-weight: bold'
11-23 21:20:34.816 22610 22697 I ReactNativeJS: '%c🚀 ✅ QUERY GetDefaultHome 690ms', 'color: #22c55e; font-weight: bold'
11-23 21:20:35.000 22610 22610 W UiControllerImpl: Waiting for: DYNAMIC_TASKS_HAVE_IDLED for 600 iterations.
11-23 21:20:35.034 22610 22610 I VRI[MainActivity]@8e53a52: call setFrameRateCategory for touch hint category=no preference, reason=boost timeout, vri=VRI[MainActivity]@8e53a52
11-23 21:20:35.167 22610 22610 D ScrollView: initGoToTop
11-23 21:20:35.347 22610 22697 I ReactNativeJS: '🏠 Auto-selected default home:', '691f7d5e3c9c067fb5562608'
11-23 21:20:35.857 22610 22697 I ReactNativeJS: 💾 Cache: Persisted cache (0 KB)
11-23 21:20:35.861 22610 22697 I ReactNativeJS: '%c🚀 ✅ QUERY GetHomeBasic 236ms', 'color: #22c55e; font-weight: bold'
11-23 21:20:35.862 22610 22697 I ReactNativeJS: '   📤 Variables:', { homeId: '691f7d5e3c9c067fb5562608' }
11-23 21:20:36.044 22610 22697 I ReactNativeJS: '%c🚀 ✅ QUERY GetPantry 413ms', 'color: #22c55e; font-weight: bold'
11-23 21:20:36.045 22610 22697 I ReactNativeJS: '   📤 Variables:', { itemsFirst: 25,
11-23 21:20:36.045 22610 22697 I ReactNativeJS:   storageLocationsFirst: 50,
11-23 21:20:36.045 22610 22697 I ReactNativeJS:   id: '691f7d5e3c9c067fb556260b' }
11-23 21:20:37.629 22610 22610 D ScrollView: initGoToTop
11-23 21:20:37.727 22610 22610 D ScrollView: initGoToTop
11-23 21:20:38.039 22610 22697 I ReactNativeJS: '%c🚀 ⚠️ MUTATION RegisterDevice 2328ms', 'color: #f59e0b; font-weight: bold'
11-23 21:20:38.041 22610 22697 I ReactNativeJS: '   📤 Variables:', { input: 
11-23 21:20:38.041 22610 22697 I ReactNativeJS:    { deviceId: 'android-YzJiY2I3ZDZlMThkNWU3ZC10YXJvLWMy-micis6hr',
11-23 21:20:38.041 22610 22697 I ReactNativeJS:      deviceName: 'ARTAN\'s S22 Ultra',
11-23 21:20:38.041 22610 22697 I ReactNativeJS:      deviceType: 'MOBILE',
11-23 21:20:38.041 22610 22697 I ReactNativeJS:      platform: 'ANDROID',
11-23 21:20:38.041 22610 22697 I ReactNativeJS:      osName: 'Android',
11-23 21:20:38.041 22610 22697 I ReactNativeJS:      osVersion: '16',
11-23 21:20:38.041 22610 22697 I ReactNativeJS:      appVersion: '1.7.17',
11-23 21:20:38.041 22610 22697 I ReactNativeJS:      userAgent: 'Mozilla/5.0 (Linux; Android 16; SM-S908U1 Build/BP2A.250605.031.A3; wv) AppleWebKit/537.36 (KHTML, like Gecko) Version/4.0 Chrome/142.0.7444.102 Mobile Safari/537.36',
11-23 21:20:38.041 22610 22697 I ReactNativeJS:      browserName: 'Native App',
11-23 21:20:38.041 22610 22697 I ReactNativeJS:      browserVersion: undefined,
11-23 21:20:38.041 22610 22697 I ReactNativeJS:      screenResolution: '384x823.4666666666667',
11-23 21:20:38.041 22610 22697 I ReactNativeJS:      timezone: 'America/New_York',
11-23 21:20:38.041 22610 22697 I ReactNativeJS:      language: 'en-US',
11-23 21:20:38.041 22610 22697 I ReactNativeJS:      lastIpAddress: '192.168.1.107',
11-23 21:20:38.041 22610 22697 I ReactNativeJS:      lastCountry: 'US' } }
11-23 21:20:38.486 22610 22616 D InputTransport: Input channel destroyed: 'ClientS', fd=224
11-23 21:20:38.492 22610 22616 D InputTransport: Input channel destroyed: 'ClientS', fd=190
11-23 21:20:38.494 22610 22616 D InputTransport: Input channel destroyed: 'ClientS', fd=197
11-23 21:20:38.595 22610 22610 D DetoxRNHelpers: Native RN module resolution (class com.reactnativecommunity.asyncstorage.AsyncStorageModule): no such class
11-23 21:20:38.899 22610 22610 D DetoxRNHelpers: Native RN module resolution (class com.reactnativecommunity.asyncstorage.AsyncStorageModule): no such class
11-23 21:20:38.901 22610 22610 D DetoxRNHelpers: Native RN module resolution (class com.reactnativecommunity.asyncstorage.AsyncStorageModule): no such class
11-23 21:20:38.967 22610 22610 D DetoxRNHelpers: Native RN module resolution (class com.reactnativecommunity.asyncstorage.AsyncStorageModule): no such class
11-23 21:20:38.969 22610 22610 D DetoxRNHelpers: Native RN module resolution (class com.reactnativecommunity.asyncstorage.AsyncStorageModule): no such class
11-23 21:20:39.832 22610 22610 W UiControllerImpl: Waiting for: DYNAMIC_TASKS_HAVE_IDLED for 100 iterations.
11-23 21:20:40.074 22610 22697 I MMKV    : <MMKV_IO.cpp:468::expandAndWriteBack> extending [sous-chef-storage_temp] file size from 4096 to 65536, incoming size:14336, future usage:19816
11-23 21:20:40.075 22610 22697 I MMKV    : <MemoryFile.cpp:102::open> open fd[190], flag 0x7, /data/data/dev.souschef.app/files/mmkv/sous-chef-storage_temp
11-23 21:20:40.075 22610 22697 I MMKV    : <MemoryFile.cpp:249::mmapOrCleanup> mmap to address [0x7dbb9c9000], oldPtr [0x7dc6e30000], [/data/data/dev.souschef.app/files/mmkv/sous-chef-storage_temp]
11-23 21:20:40.075 22610 22697 I MMKV    : <MemoryFile.cpp:108::close> closing fd[190], /data/data/dev.souschef.app/files/mmkv/sous-chef-storage_temp
11-23 21:20:40.075 22610 22697 I MMKV    : <MMKV_IO.cpp:545::writeActualSize> [sous-chef-storage_temp] increase sequence to 2, crc 2571711203, actualSize 519
11-23 21:20:40.075 22610 22697 I MMKV    : <MMKV.cpp:1182::sync> MMKV::sync, SyncFlag = 1
11-23 21:20:40.080 22610 22697 I ReactNativeJS: 💾 Cache: Persisted cache (14 KB)
11-23 21:20:40.082 22610 22610 D DetoxRNHelpers: Native RN module resolution (class com.reactnativecommunity.asyncstorage.AsyncStorageModule): no such class
11-23 21:20:40.083 22610 22655 I DetoxWSClient: Sending out action 'invokeResult' (ID #13)
11-23 21:20:40.083 22610 22655 I DetoxDispatcher: Done with action 'invoke'
11-23 21:20:40.091 22610 22659 D DetoxWSClient: Received action 'invoke' (ID #14, params={"target":{"type":"Class","value":"com.wix.detox.espresso.DetoxAssertion"},"method":"waitForAssertMatcher","args":[{"type":"Invocation","value":{"target":{"type":"Class","value":"androidx.test.espresso.Espresso"},"method":"onView","args":[{"type":"Invocation","value":{"target":{"type":"Class","value":"com.wix.detox.espresso.DetoxMatcher"},"method":"matcherForTestId","args":["post-login-biometric-prompt",{"type":"boolean","value":false}]}}]}},{"type":"Invocation","value":{"target":{"type":"Class","value":"com.wix.detox.espresso.DetoxMatcher"},"method":"matcherForSufficientlyVisible","args":[{"type":"Integer","value":75}]}},{"type":"Double","value":2}]})
11-23 21:20:40.092 22610 22655 I DetoxDispatcher: Handling action 'invoke' (ID #14)...
11-23 21:20:40.093 22610 22655 D Detox   : class com.wix.detox.espresso.DetoxMatcher, matcherForTestId, [post-login-biometric-prompt, false]
11-23 21:20:40.094 22610 22655 D Detox   : class androidx.test.espresso.Espresso, onView, [(view.getTag() is "post-login-biometric-prompt" and view has effective visibility <VISIBLE>)]
11-23 21:20:40.096 22610 22655 D Detox   : class com.wix.detox.espresso.DetoxMatcher, matcherForSufficientlyVisible, [75]
11-23 21:20:40.097 22610 22655 D Detox   : class com.wix.detox.espresso.DetoxAssertion, waitForAssertMatcher, [androidx.test.espresso.ViewInteraction@509730, (view has effective visibility <VISIBLE> and view.getGlobalVisibleRect() covers at least <75> percent of the view's area), 2.0]
11-23 21:20:40.101 22610 22610 D DetoxRNHelpers: Native RN module resolution (class com.reactnativecommunity.asyncstorage.AsyncStorageModule): no such class
11-23 21:20:40.103 22610 22610 D DetoxRNHelpers: Native RN module resolution (class com.reactnativecommunity.asyncstorage.AsyncStorageModule): no such class
11-23 21:20:40.106 22610 22610 I ViewInteraction: Checking 'MatchesViewAssertion(Detox){viewMatcher=(view has effective visibility <VISIBLE> and view.getGlobalVisibleRect() covers at least <75> percent of the view's area)}' assertion on view (view.getTag() is "post-login-biometric-prompt" and view has effective visibility <VISIBLE>)
11-23 21:20:40.111 22610 22655 I DetoxWSClient: Sending out action 'invokeResult' (ID #14)
11-23 21:20:40.112 22610 22655 I DetoxDispatcher: Done with action 'invoke'
11-23 21:20:40.116 22610 22659 D DetoxWSClient: Received action 'invoke' (ID #15, params={"target":{"type":"Class","value":"com.wix.detox.espresso.DetoxAssertion"},"method":"waitForAssertMatcher","args":[{"type":"Invocation","value":{"target":{"type":"Class","value":"androidx.test.espresso.Espresso"},"method":"onView","args":[{"type":"Invocation","value":{"target":{"type":"Class","value":"com.wix.detox.espresso.DetoxMatcher"},"method":"matcherForTestId","args":["post-login-biometric-prompt",{"type":"boolean","value":false}]}}]}},{"type":"Invocation","value":{"target":{"type":"Class","value":"com.wix.detox.espresso.DetoxMatcher"},"method":"matcherForNotNull","args":[]}},{"type":"Double","value":1.6666666666666667}]})
11-23 21:20:40.117 22610 22655 I DetoxDispatcher: Handling action 'invoke' (ID #15)...
11-23 21:20:40.117 22610 22655 D Detox   : class com.wix.detox.espresso.DetoxMatcher, matcherForTestId, [post-login-biometric-prompt, false]
11-23 21:20:40.118 22610 22655 D Detox   : class androidx.test.espresso.Espresso, onView, [(view.getTag() is "post-login-biometric-prompt" and view has effective visibility <VISIBLE>)]
11-23 21:20:40.119 22610 22655 D Detox   : class com.wix.detox.espresso.DetoxMatcher, matcherForNotNull, []
11-23 21:20:40.120 22610 22655 D Detox   : class com.wix.detox.espresso.DetoxAssertion, waitForAssertMatcher, [androidx.test.espresso.ViewInteraction@c3cf92e, not null, 1.6666666666666667]
11-23 21:20:40.123 22610 22610 D DetoxRNHelpers: Native RN module resolution (class com.reactnativecommunity.asyncstorage.AsyncStorageModule): no such class
11-23 21:20:40.125 22610 22610 D DetoxRNHelpers: Native RN module resolution (class com.reactnativecommunity.asyncstorage.AsyncStorageModule): no such class
11-23 21:20:40.127 22610 22610 I ViewInteraction: Checking 'MatchesViewAssertion(Detox){viewMatcher=not null}' assertion on view (view.getTag() is "post-login-biometric-prompt" and view has effective visibility <VISIBLE>)
11-23 21:20:40.129 22610 22655 I DetoxWSClient: Sending out action 'invokeResult' (ID #15)
11-23 21:20:40.130 22610 22655 I DetoxDispatcher: Done with action 'invoke'
11-23 21:20:40.133 22610 22659 D DetoxWSClient: Received action 'invoke' (ID #16, params={"target":{"type":"Class","value":"com.wix.detox.espresso.DetoxAssertion"},"method":"waitForAssertMatcher","args":[{"type":"Invocation","value":{"target":{"type":"Class","value":"androidx.test.espresso.Espresso"},"method":"onView","args":[{"type":"Invocation","value":{"target":{"type":"Class","value":"com.wix.detox.espresso.DetoxMatcher"},"method":"matcherForTestId","args":["post-login-biometric-prompt",{"type":"boolean","value":false}]}}]}},{"type":"Invocation","value":{"target":{"type":"Class","value":"com.wix.detox.espresso.DetoxMatcher"},"method":"matcherForSufficientlyVisible","args":[{"type":"Integer","value":75}]}},{"type":"Double","value":1.6666666666666667}]})
11-23 21:20:40.133 22610 22655 I DetoxDispatcher: Handling action 'invoke' (ID #16)...
11-23 21:20:40.134 22610 22655 D Detox   : class com.wix.detox.espresso.DetoxMatcher, matcherForTestId, [post-login-biometric-prompt, false]
11-23 21:20:40.134 22610 22655 D Detox   : class androidx.test.espresso.Espresso, onView, [(view.getTag() is "post-login-biometric-prompt" and view has effective visibility <VISIBLE>)]
11-23 21:20:40.135 22610 22655 D Detox   : class com.wix.detox.espresso.DetoxMatcher, matcherForSufficientlyVisible, [75]
11-23 21:20:40.136 22610 22655 D Detox   : class com.wix.detox.espresso.DetoxAssertion, waitForAssertMatcher, [androidx.test.espresso.ViewInteraction@1764ccf, (view has effective visibility <VISIBLE> and view.getGlobalVisibleRect() covers at least <75> percent of the view's area), 1.6666666666666667]
11-23 21:20:40.139 22610 22610 D DetoxRNHelpers: Native RN module resolution (class com.reactnativecommunity.asyncstorage.AsyncStorageModule): no such class
11-23 21:20:40.141 22610 22610 D DetoxRNHelpers: Native RN module resolution (class com.reactnativecommunity.asyncstorage.AsyncStorageModule): no such class
11-23 21:20:40.143 22610 22610 I ViewInteraction: Checking 'MatchesViewAssertion(Detox){viewMatcher=(view has effective visibility <VISIBLE> and view.getGlobalVisibleRect() covers at least <75> percent of the view's area)}' assertion on view (view.getTag() is "post-login-biometric-prompt" and view has effective visibility <VISIBLE>)
11-23 21:20:40.146 22610 22655 I DetoxWSClient: Sending out action 'invokeResult' (ID #16)
11-23 21:20:40.147 22610 22655 I DetoxDispatcher: Done with action 'invoke'
11-23 21:20:40.513 22610 22659 D DetoxWSClient: Received action 'invoke' (ID #17, params={"target":{"type":"Class","value":"com.wix.detox.espresso.DetoxAssertion"},"method":"waitForAssertMatcher","args":[{"type":"Invocation","value":{"target":{"type":"Class","value":"androidx.test.espresso.Espresso"},"method":"onView","args":[{"type":"Invocation","value":{"target":{"type":"Class","value":"com.wix.detox.espresso.DetoxMatcher"},"method":"matcherForTestId","args":["biometric-prompt-decline",{"type":"boolean","value":false}]}}]}},{"type":"Invocation","value":{"target":{"type":"Class","value":"com.wix.detox.espresso.DetoxMatcher"},"method":"matcherForSufficientlyVisible","args":[{"type":"Integer","value":75}]}},{"type":"Double","value":5}]})
11-23 21:20:40.514 22610 22655 I DetoxDispatcher: Handling action 'invoke' (ID #17)...
11-23 21:20:40.514 22610 22655 D Detox   : class com.wix.detox.espresso.DetoxMatcher, matcherForTestId, [biometric-prompt-decline, false]
11-23 21:20:40.515 22610 22655 D Detox   : class androidx.test.espresso.Espresso, onView, [(view.getTag() is "biometric-prompt-decline" and view has effective visibility <VISIBLE>)]
11-23 21:20:40.517 22610 22655 D Detox   : class com.wix.detox.espresso.DetoxMatcher, matcherForSufficientlyVisible, [75]
11-23 21:20:40.518 22610 22655 D Detox   : class com.wix.detox.espresso.DetoxAssertion, waitForAssertMatcher, [androidx.test.espresso.ViewInteraction@1dff65c, (view has effective visibility <VISIBLE> and view.getGlobalVisibleRect() covers at least <75> percent of the view's area), 5.0]
11-23 21:20:40.522 22610 22610 D DetoxRNHelpers: Native RN module resolution (class com.reactnativecommunity.asyncstorage.AsyncStorageModule): no such class
11-23 21:20:40.525 22610 22610 D DetoxRNHelpers: Native RN module resolution (class com.reactnativecommunity.asyncstorage.AsyncStorageModule): no such class
11-23 21:20:40.527 22610 22610 I ViewInteraction: Checking 'MatchesViewAssertion(Detox){viewMatcher=(view has effective visibility <VISIBLE> and view.getGlobalVisibleRect() covers at least <75> percent of the view's area)}' assertion on view (view.getTag() is "biometric-prompt-decline" and view has effective visibility <VISIBLE>)
11-23 21:20:40.532 22610 22655 I DetoxWSClient: Sending out action 'invokeResult' (ID #17)
11-23 21:20:40.533 22610 22655 I DetoxDispatcher: Done with action 'invoke'
11-23 21:20:40.537 22610 22659 D DetoxWSClient: Received action 'invoke' (ID #18, params={"target":{"type":"Class","value":"com.wix.detox.espresso.EspressoDetox"},"method":"perform","args":[{"type":"Invocation","value":{"target":{"type":"Class","value":"com.wix.detox.espresso.DetoxMatcher"},"method":"matcherForTestId","args":["biometric-prompt-decline",{"type":"boolean","value":false}]}},{"type":"Invocation","value":{"target":{"type":"Class","value":"com.wix.detox.espresso.DetoxViewActions"},"method":"click","args":[]}}]})
11-23 21:20:40.537 22610 22655 I DetoxDispatcher: Handling action 'invoke' (ID #18)...
11-23 21:20:40.537 22610 22655 D Detox   : class com.wix.detox.espresso.DetoxMatcher, matcherForTestId, [biometric-prompt-decline, false]
11-23 21:20:40.538 22610 22655 D Detox   : class com.wix.detox.espresso.DetoxViewActions, click, []
11-23 21:20:40.538 22610 22655 D Detox   : class com.wix.detox.espresso.EspressoDetox, perform, [(view.getTag() is "biometric-prompt-decline" and view has effective visibility <VISIBLE>), com.wix.detox.espresso.action.RNClickAction@1237a3a]
11-23 21:20:40.542 22610 22610 D DetoxRNHelpers: Native RN module resolution (class com.reactnativecommunity.asyncstorage.AsyncStorageModule): no such class
11-23 21:20:40.544 22610 22610 D DetoxRNHelpers: Native RN module resolution (class com.reactnativecommunity.asyncstorage.AsyncStorageModule): no such class
11-23 21:20:40.546 22610 22610 I ViewInteraction: Performing 'com.wix.detox.espresso.action.detoxsingletap@e34e6eb click' action on view (view.getTag() is "biometric-prompt-decline" and view has effective visibility <VISIBLE>)
11-23 21:20:40.551 22610 22610 I VRI[MainActivity]@1596f92: ViewPostIme pointer 0
11-23 21:20:40.555 22610 22610 I VRI[MainActivity]@1596f92: call setFrameRateCategory for touch hint category=high hint, reason=touch, vri=VRI[MainActivity]@1596f92
11-23 21:20:40.581 22610 22610 I VRI[MainActivity]@1596f92: ViewPostIme pointer 1
11-23 21:20:41.014 22610 22610 I WindowManager: WindowManagerGlobal#removeView, ty=2, view=com.android.internal.policy.DecorView{aadb11d V.E...... R......D 0,0-1440,3088 aid=1073741861}[MainActivity], caller=android.view.WindowManagerGlobal.removeView:654 android.view.WindowManagerImpl.removeViewImmediate:216 android.app.Dialog.dismissDialog:850 
11-23 21:20:41.015 22610 22610 W WindowOnBackDispatcher: sendCancelIfRunning: isInProgress=false callback=androidx.activity.OnBackPressedDispatcher$Api34Impl$createOnBackAnimationCallback$1@51af2de
11-23 21:20:41.020 22610 22610 I VRI[MainActivity]@1596f92: dispatchDetachedFromWindow
11-23 21:20:41.034 22610 22610 D InputTransport: Input channel destroyed: '6609540', fd=206
11-23 21:20:41.093 22610 22610 I InsetsController: onStateChanged: host=dev.souschef.app/dev.souschef.app.MainActivity, from=android.view.ViewRootImpl.onInsetsStateChanged:3026, state=InsetsState: {mDisplayFrame=Rect(0, 0 - 1440, 3088), mDisplayCutout=DisplayCutout{insets=Rect(0, 100 - 0, 0) waterfall=Insets{left=0, top=0, right=0, bottom=0} boundingRect={Bounds=[Rect(0, 0 - 0, 0), Rect(683, 0 - 758, 100), Rect(0, 0 - 0, 0), Rect(0, 0 - 0, 0)]} cutoutPathParserInfo={CutoutPathParserInfo{displayWidth=1440 displayHeight=3088 physicalDisplayWidth=1440 physicalDisplayHeight=3088 density={3.75} cutoutSpec={M 0,0 H -10 V 26.66666666666667 H 10 V 0 H 0 Z @dp} rotation={0} scale={1.0} physicalPixelDisplaySizeRatio={1.0}}} sideOverrides={}}, mRoundedCorners=RoundedCorners{[RoundedCorner{position=TopLeft, radius=15, center=Point(15, 15)}, RoundedCorner{position=TopRight, radius=15, center=Point(1425, 15)}, RoundedCorner{position=BottomRight, radius=15, center=Point(1425, 3073)}, RoundedCorner{position=BottomLeft, radius=15, center=Point(15, 3073)}]}  mRoundedCornerFrame=Rect(0, 0 - 1440, 3088), mPrivacyIndicatorBounds=PrivacyIndicatorBounds {static bounds=Rect(1275, 0 - 1440, 100) rotation=0}, mDisplayShape=DisplayShape{ spec=-311912193 displayWidth=1440 displayHeight=3088 physicalPixelDisplaySizeRatio=1.0 rotation=0 offsetX=0 offsetY=0 scale=1.0}, mSources= { InsetsSource: {b11d0001 mType=navigationBars mFrame=[0,3032][1440,3088] mVisible=true mFlags=SUPPRESS_SCRIM mSideHint=BOTTOM mBoundingRects=null}, InsetsSource: {b11d0004 mType=systemGestures mFrame=[0,0][84,3088] mVisible=true mFlags= mSideHint=LEFT mBoundingRects=null}, InsetsSource: {b11d0005 mType=mandatorySystemGestures mFrame=[0,2968][1440,3088] mVisible=true mFlags= mSideHint=BOTTOM mBoundingRects=null}, InsetsSource: {b11d0006 mType=tappableElement mFrame=[0,0][0,0] mVisible=true mFlags= mSideHint=NONE mBoundingRects=null}, InsetsSource: {b11d0024 mType=systemGestures mFrame=[1356,0][1440,3088] mVisible=true mFlags= mSideHint=RIGHT mBoundingRects=null}, InsetsSource: {ecac0000 mType=statusBars mFrame=[0,0][1440,100] mVisible=true mFlags= mSideHint=TOP mBoundingRects=null}, InsetsSource: {ecac0005 mType=mandatorySystemGestures mFrame=[0,0][1440,145] mVisible=true mFlags= mSideHint=TOP mBoundingRects=null}, InsetsSource: {ecac0006 mType=tappableElement mFrame=[0,0][1440,100] mVisible=true mFlags= mSideHint=TOP mBoundingRects=null}, InsetsSource: {27 mType=displayCutout mFrame=[0,0][1440,100] mVisible=true mFlags= mSideHint=TOP mBoundingRects=null} }
11-23 21:20:41.093 22610 22610 I InsetsSourceConsumer: applyRequestedVisibilityToControl: visible=true, type=statusBars, host=dev.souschef.app/dev.souschef.app.MainActivity
11-23 21:20:41.094 22610 22610 I InsetsSourceConsumer: applyRequestedVisibilityToControl: visible=true, type=navigationBars, host=dev.souschef.app/dev.souschef.app.MainActivity
11-23 21:20:41.097 22610 22610 D VRI[MainActivity]@8e53a52: mThreadedRenderer.initializeIfNeeded()#2 mSurface={isValid=true 0xb400007beda54050}
11-23 21:20:41.098 22610 22610 D InputMethodManagerUtils: startInputInner - Id : 0
11-23 21:20:41.099 22610 22610 I InputMethodManager: startInputInner - IInputMethodManagerGlobalInvoker.startInputOrWindowGainedFocus
11-23 21:20:41.102 22610 22610 D DetoxRNHelpers: Native RN module resolution (class com.reactnativecommunity.asyncstorage.AsyncStorageModule): no such class
11-23 21:20:41.103 22610 22610 I InputMethodManager: handleMessage: setImeVisibility visible=false
11-23 21:20:41.103 22610 22610 D InsetsController: hide(ime(), fromIme=false)
11-23 21:20:41.103 22610 22610 I ImeTracker: dev.souschef.app:277c2636: onCancelled at PHASE_CLIENT_ALREADY_HIDDEN
11-23 21:20:41.106 22610 22619 D InputTransport: Input channel constructed: 'ClientS', fd=206
11-23 21:20:41.404 22610 22610 D DetoxRNHelpers: Native RN module resolution (class com.reactnativecommunity.asyncstorage.AsyncStorageModule): no such class
11-23 21:20:41.406 22610 22610 D DetoxRNHelpers: Native RN module resolution (class com.reactnativecommunity.asyncstorage.AsyncStorageModule): no such class
11-23 21:20:41.472 22610 22610 D DetoxRNHelpers: Native RN module resolution (class com.reactnativecommunity.asyncstorage.AsyncStorageModule): no such class
11-23 21:20:41.474 22610 22610 D DetoxRNHelpers: Native RN module resolution (class com.reactnativecommunity.asyncstorage.AsyncStorageModule): no such class
11-23 21:20:41.477 22610 22610 D DetoxRNHelpers: Native RN module resolution (class com.reactnativecommunity.asyncstorage.AsyncStorageModule): no such class
11-23 21:20:41.480 22610 22610 D DetoxRNHelpers: Native RN module resolution (class com.reactnativecommunity.asyncstorage.AsyncStorageModule): no such class
11-23 21:20:41.481 22610 22655 I DetoxWSClient: Sending out action 'invokeResult' (ID #18)
11-23 21:20:41.482 22610 22655 I DetoxDispatcher: Done with action 'invoke'
11-23 21:20:41.487 22610 22659 D DetoxWSClient: Received action 'invoke' (ID #19, params={"target":{"type":"Class","value":"com.wix.detox.espresso.DetoxAssertion"},"method":"waitForAssertMatcher","args":[{"type":"Invocation","value":{"target":{"type":"Class","value":"androidx.test.espresso.Espresso"},"method":"onView","args":[{"type":"Invocation","value":{"target":{"type":"Class","value":"com.wix.detox.espresso.DetoxMatcher"},"method":"matcherForTestId","args":["post-login-biometric-prompt",{"type":"boolean","value":false}]}}]}},{"type":"Invocation","value":{"target":{"type":"Class","value":"com.wix.detox.espresso.DetoxMatcher"},"method":"matcherForNot","args":[{"type":"Invocation","value":{"target":{"type":"Class","value":"com.wix.detox.espresso.DetoxMatcher"},"method":"matcherForSufficientlyVisible","args":[{"type":"Integer","value":75}]}}]}},{"type":"Double","value":2.5}]})
11-23 21:20:41.487 22610 22655 I DetoxDispatcher: Handling action 'invoke' (ID #19)...
11-23 21:20:41.488 22610 22655 D Detox   : class com.wix.detox.espresso.DetoxMatcher, matcherForTestId, [post-login-biometric-prompt, false]
11-23 21:20:41.489 22610 22655 D Detox   : class androidx.test.espresso.Espresso, onView, [(view.getTag() is "post-login-biometric-prompt" and view has effective visibility <VISIBLE>)]
11-23 21:20:41.490 22610 22655 D Detox   : class com.wix.detox.espresso.DetoxMatcher, matcherForSufficientlyVisible, [75]
11-23 21:20:41.491 22610 22655 D Detox   : class com.wix.detox.espresso.DetoxMatcher, matcherForNot, [(view has effective visibility <VISIBLE> and view.getGlobalVisibleRect() covers at least <75> percent of the view's area)]
11-23 21:20:41.492 22610 22655 D Detox   : class com.wix.detox.espresso.DetoxAssertion, waitForAssertMatcher, [androidx.test.espresso.ViewInteraction@8cad96, not (view has effective visibility <VISIBLE> and view.getGlobalVisibleRect() covers at least <75> percent of the view's area), 2.5]
11-23 21:20:41.495 22610 22610 D DetoxRNHelpers: Native RN module resolution (class com.reactnativecommunity.asyncstorage.AsyncStorageModule): no such class
11-23 21:20:41.498 22610 22610 D DetoxRNHelpers: Native RN module resolution (class com.reactnativecommunity.asyncstorage.AsyncStorageModule): no such class
11-23 21:20:41.583 22610 22610 I ViewInteraction: Checking 'MatchesViewAssertion(Detox){viewMatcher=not (view has effective visibility <VISIBLE> and view.getGlobalVisibleRect() covers at least <75> percent of the view's area)}' assertion on view (view.getTag() is "post-login-biometric-prompt" and view has effective visibility <VISIBLE>)
11-23 21:20:41.584 22610 22655 I DetoxWSClient: Sending out action 'invokeResult' (ID #19)
11-23 21:20:41.585 22610 22655 I DetoxDispatcher: Done with action 'invoke'
11-23 21:20:41.589 22610 22659 D DetoxWSClient: Received action 'invoke' (ID #20, params={"target":{"type":"Class","value":"com.wix.detox.espresso.DetoxAssertion"},"method":"waitForAssertMatcher","args":[{"type":"Invocation","value":{"target":{"type":"Class","value":"androidx.test.espresso.Espresso"},"method":"onView","args":[{"type":"Invocation","value":{"target":{"type":"Class","value":"com.wix.detox.espresso.DetoxMatcher"},"method":"matcherForTestId","args":["post-login-biometric-prompt",{"type":"boolean","value":false}]}}]}},{"type":"Invocation","value":{"target":{"type":"Class","value":"com.wix.detox.espresso.DetoxMatcher"},"method":"matcherForNot","args":[{"type":"Invocation","value":{"target":{"type":"Class","value":"com.wix.detox.espresso.DetoxMatcher"},"method":"matcherForNotNull","args":[]}}]}},{"type":"Double","value":2.5}]})
11-23 21:20:41.590 22610 22655 I DetoxDispatcher: Handling action 'invoke' (ID #20)...
11-23 21:20:41.591 22610 22655 D Detox   : class com.wix.detox.espresso.DetoxMatcher, matcherForTestId, [post-login-biometric-prompt, false]
11-23 21:20:41.592 22610 22655 D Detox   : class androidx.test.espresso.Espresso, onView, [(view.getTag() is "post-login-biometric-prompt" and view has effective visibility <VISIBLE>)]
11-23 21:20:41.594 22610 22655 D Detox   : class com.wix.detox.espresso.DetoxMatcher, matcherForNotNull, []
11-23 21:20:41.594 22610 22655 D Detox   : class com.wix.detox.espresso.DetoxMatcher, matcherForNot, [not null]
11-23 21:20:41.595 22610 22655 D Detox   : class com.wix.detox.espresso.DetoxAssertion, waitForAssertMatcher, [androidx.test.espresso.ViewInteraction@3ed49e6, not not null, 2.5]
11-23 21:20:41.599 22610 22610 D DetoxRNHelpers: Native RN module resolution (class com.reactnativecommunity.asyncstorage.AsyncStorageModule): no such class
11-23 21:20:41.601 22610 22610 D DetoxRNHelpers: Native RN module resolution (class com.reactnativecommunity.asyncstorage.AsyncStorageModule): no such class
11-23 21:20:41.662 22610 22610 I ViewInteraction: Checking 'MatchesViewAssertion(Detox){viewMatcher=not not null}' assertion on view (view.getTag() is "post-login-biometric-prompt" and view has effective visibility <VISIBLE>)
11-23 21:20:41.665 22610 22655 I DetoxWSClient: Sending out action 'invokeResult' (ID #20)
11-23 21:20:41.665 22610 22655 I DetoxDispatcher: Done with action 'invoke'
11-23 21:20:41.915 22610 22659 D DetoxWSClient: Received action 'invoke' (ID #21, params={"target":{"type":"Class","value":"com.wix.detox.espresso.DetoxAssertion"},"method":"waitForAssertMatcher","args":[{"type":"Invocation","value":{"target":{"type":"Class","value":"androidx.test.espresso.Espresso"},"method":"onView","args":[{"type":"Invocation","value":{"target":{"type":"Class","value":"com.wix.detox.espresso.DetoxMatcher"},"method":"matcherForTestId","args":["biometric-setup-screen",{"type":"boolean","value":false}]}}]}},{"type":"Invocation","value":{"target":{"type":"Class","value":"com.wix.detox.espresso.DetoxMatcher"},"method":"matcherForSufficientlyVisible","args":[{"type":"Integer","value":75}]}},{"type":"Double","value":2}]})
11-23 21:20:41.916 22610 22655 I DetoxDispatcher: Handling action 'invoke' (ID #21)...
11-23 21:20:41.917 22610 22655 D Detox   : class com.wix.detox.espresso.DetoxMatcher, matcherForTestId, [biometric-setup-screen, false]
11-23 21:20:41.918 22610 22655 D Detox   : class androidx.test.espresso.Espresso, onView, [(view.getTag() is "biometric-setup-screen" and view has effective visibility <VISIBLE>)]
11-23 21:20:41.920 22610 22655 D Detox   : class com.wix.detox.espresso.DetoxMatcher, matcherForSufficientlyVisible, [75]
11-23 21:20:41.921 22610 22655 D Detox   : class com.wix.detox.espresso.DetoxAssertion, waitForAssertMatcher, [androidx.test.espresso.ViewInteraction@670bb27, (view has effective visibility <VISIBLE> and view.getGlobalVisibleRect() covers at least <75> percent of the view's area), 2.0]
11-23 21:20:41.927 22610 22610 D DetoxRNHelpers: Native RN module resolution (class com.reactnativecommunity.asyncstorage.AsyncStorageModule): no such class
11-23 21:20:41.930 22610 22610 D DetoxRNHelpers: Native RN module resolution (class com.reactnativecommunity.asyncstorage.AsyncStorageModule): no such class
11-23 21:20:41.996 22610 22610 I ViewInteraction: Checking 'MatchesViewAssertion(Detox){viewMatcher=(view has effective visibility <VISIBLE> and view.getGlobalVisibleRect() covers at least <75> percent of the view's area)}' assertion on view (view.getTag() is "biometric-setup-screen" and view has effective visibility <VISIBLE>)
11-23 21:20:42.023 22610 22610 D DetoxRNHelpers: Native RN module resolution (class com.reactnativecommunity.asyncstorage.AsyncStorageModule): no such class
11-23 21:20:42.027 22610 22610 D DetoxRNHelpers: Native RN module resolution (class com.reactnativecommunity.asyncstorage.AsyncStorageModule): no such class
11-23 21:20:42.029 22610 22610 D DetoxRNHelpers: Native RN module resolution (class com.reactnativecommunity.asyncstorage.AsyncStorageModule): no such class
11-23 21:20:42.031 22610 22610 D DetoxRNHelpers: Native RN module resolution (class com.reactnativecommunity.asyncstorage.AsyncStorageModule): no such class
11-23 21:20:42.083 22610 22610 I ViewInteraction: Checking 'MatchesViewAssertion(Detox){viewMatcher=(view has effective visibility <VISIBLE> and view.getGlobalVisibleRect() covers at least <75> percent of the view's area)}' assertion on view (view.getTag() is "biometric-setup-screen" and view has effective visibility <VISIBLE>)
11-23 21:20:42.112 22610 22610 D DetoxRNHelpers: Native RN module resolution (class com.reactnativecommunity.asyncstorage.AsyncStorageModule): no such class
11-23 21:20:42.114 22610 22610 D DetoxRNHelpers: Native RN module resolution (class com.reactnativecommunity.asyncstorage.AsyncStorageModule): no such class
11-23 21:20:42.117 22610 22610 D DetoxRNHelpers: Native RN module resolution (class com.reactnativecommunity.asyncstorage.AsyncStorageModule): no such class
11-23 21:20:42.119 22610 22610 D DetoxRNHelpers: Native RN module resolution (class com.reactnativecommunity.asyncstorage.AsyncStorageModule): no such class
11-23 21:20:42.167 22610 22610 I ViewInteraction: Checking 'MatchesViewAssertion(Detox){viewMatcher=(view has effective visibility <VISIBLE> and view.getGlobalVisibleRect() covers at least <75> percent of the view's area)}' assertion on view (view.getTag() is "biometric-setup-screen" and view has effective visibility <VISIBLE>)
11-23 21:20:42.194 22610 22610 D DetoxRNHelpers: Native RN module resolution (class com.reactnativecommunity.asyncstorage.AsyncStorageModule): no such class
11-23 21:20:42.197 22610 22610 D DetoxRNHelpers: Native RN module resolution (class com.reactnativecommunity.asyncstorage.AsyncStorageModule): no such class
11-23 21:20:42.200 22610 22610 D DetoxRNHelpers: Native RN module resolution (class com.reactnativecommunity.asyncstorage.AsyncStorageModule): no such class
11-23 21:20:42.203 22610 22610 D DetoxRNHelpers: Native RN module resolution (class com.reactnativecommunity.asyncstorage.AsyncStorageModule): no such class
11-23 21:20:42.265 22610 22616 D InputTransport: Input channel destroyed: 'ClientS', fd=206
11-23 21:20:42.271 22610 22610 I ViewInteraction: Checking 'MatchesViewAssertion(Detox){viewMatcher=(view has effective visibility <VISIBLE> and view.getGlobalVisibleRect() covers at least <75> percent of the view's area)}' assertion on view (view.getTag() is "biometric-setup-screen" and view has effective visibility <VISIBLE>)
11-23 21:20:42.298 22610 22610 D DetoxRNHelpers: Native RN module resolution (class com.reactnativecommunity.asyncstorage.AsyncStorageModule): no such class
11-23 21:20:42.302 22610 22610 D DetoxRNHelpers: Native RN module resolution (class com.reactnativecommunity.asyncstorage.AsyncStorageModule): no such class
11-23 21:20:42.306 22610 22610 D DetoxRNHelpers: Native RN module resolution (class com.reactnativecommunity.asyncstorage.AsyncStorageModule): no such class
11-23 21:20:42.308 22610 22610 D DetoxRNHelpers: Native RN module resolution (class com.reactnativecommunity.asyncstorage.AsyncStorageModule): no such class
11-23 21:20:42.357 22610 22610 I ViewInteraction: Checking 'MatchesViewAssertion(Detox){viewMatcher=(view has effective visibility <VISIBLE> and view.getGlobalVisibleRect() covers at least <75> percent of the view's area)}' assertion on view (view.getTag() is "biometric-setup-screen" and view has effective visibility <VISIBLE>)
11-23 21:20:42.384 22610 22610 D DetoxRNHelpers: Native RN module resolution (class com.reactnativecommunity.asyncstorage.AsyncStorageModule): no such class
11-23 21:20:42.388 22610 22610 D DetoxRNHelpers: Native RN module resolution (class com.reactnativecommunity.asyncstorage.AsyncStorageModule): no such class
11-23 21:20:42.391 22610 22610 D DetoxRNHelpers: Native RN module resolution (class com.reactnativecommunity.asyncstorage.AsyncStorageModule): no such class
11-23 21:20:42.394 22610 22610 D DetoxRNHelpers: Native RN module resolution (class com.reactnativecommunity.asyncstorage.AsyncStorageModule): no such class
11-23 21:20:42.441 22610 22610 I ViewInteraction: Checking 'MatchesViewAssertion(Detox){viewMatcher=(view has effective visibility <VISIBLE> and view.getGlobalVisibleRect() covers at least <75> percent of the view's area)}' assertion on view (view.getTag() is "biometric-setup-screen" and view has effective visibility <VISIBLE>)
11-23 21:20:42.468 22610 22610 D DetoxRNHelpers: Native RN module resolution (class com.reactnativecommunity.asyncstorage.AsyncStorageModule): no such class
11-23 21:20:42.471 22610 22610 D DetoxRNHelpers: Native RN module resolution (class com.reactnativecommunity.asyncstorage.AsyncStorageModule): no such class
11-23 21:20:42.475 22610 22610 D DetoxRNHelpers: Native RN module resolution (class com.reactnativecommunity.asyncstorage.AsyncStorageModule): no such class
11-23 21:20:42.478 22610 22610 D DetoxRNHelpers: Native RN module resolution (class com.reactnativecommunity.asyncstorage.AsyncStorageModule): no such class
11-23 21:20:42.525 22610 22610 I ViewInteraction: Checking 'MatchesViewAssertion(Detox){viewMatcher=(view has effective visibility <VISIBLE> and view.getGlobalVisibleRect() covers at least <75> percent of the view's area)}' assertion on view (view.getTag() is "biometric-setup-screen" and view has effective visibility <VISIBLE>)
11-23 21:20:42.552 22610 22610 D DetoxRNHelpers: Native RN module resolution (class com.reactnativecommunity.asyncstorage.AsyncStorageModule): no such class
11-23 21:20:42.555 22610 22610 D DetoxRNHelpers: Native RN module resolution (class com.reactnativecommunity.asyncstorage.AsyncStorageModule): no such class
11-23 21:20:42.558 22610 22610 D DetoxRNHelpers: Native RN module resolution (class com.reactnativecommunity.asyncstorage.AsyncStorageModule): no such class
11-23 21:20:42.560 22610 22610 D DetoxRNHelpers: Native RN module resolution (class com.reactnativecommunity.asyncstorage.AsyncStorageModule): no such class
11-23 21:20:42.606 22610 22610 I ViewInteraction: Checking 'MatchesViewAssertion(Detox){viewMatcher=(view has effective visibility <VISIBLE> and view.getGlobalVisibleRect() covers at least <75> percent of the view's area)}' assertion on view (view.getTag() is "biometric-setup-screen" and view has effective visibility <VISIBLE>)
11-23 21:20:42.632 22610 22610 D DetoxRNHelpers: Native RN module resolution (class com.reactnativecommunity.asyncstorage.AsyncStorageModule): no such class
11-23 21:20:42.636 22610 22610 D DetoxRNHelpers: Native RN module resolution (class com.reactnativecommunity.asyncstorage.AsyncStorageModule): no such class
11-23 21:20:42.640 22610 22610 D DetoxRNHelpers: Native RN module resolution (class com.reactnativecommunity.asyncstorage.AsyncStorageModule): no such class
11-23 21:20:42.643 22610 22610 D DetoxRNHelpers: Native RN module resolution (class com.reactnativecommunity.asyncstorage.AsyncStorageModule): no such class
11-23 21:20:42.689 22610 22610 I ViewInteraction: Checking 'MatchesViewAssertion(Detox){viewMatcher=(view has effective visibility <VISIBLE> and view.getGlobalVisibleRect() covers at least <75> percent of the view's area)}' assertion on view (view.getTag() is "biometric-setup-screen" and view has effective visibility <VISIBLE>)
11-23 21:20:42.717 22610 22610 D DetoxRNHelpers: Native RN module resolution (class com.reactnativecommunity.asyncstorage.AsyncStorageModule): no such class
11-23 21:20:42.721 22610 22610 D DetoxRNHelpers: Native RN module resolution (class com.reactnativecommunity.asyncstorage.AsyncStorageModule): no such class
11-23 21:20:42.724 22610 22610 D DetoxRNHelpers: Native RN module resolution (class com.reactnativecommunity.asyncstorage.AsyncStorageModule): no such class
11-23 21:20:42.726 22610 22610 D DetoxRNHelpers: Native RN module resolution (class com.reactnativecommunity.asyncstorage.AsyncStorageModule): no such class
11-23 21:20:42.772 22610 22610 I ViewInteraction: Checking 'MatchesViewAssertion(Detox){viewMatcher=(view has effective visibility <VISIBLE> and view.getGlobalVisibleRect() covers at least <75> percent of the view's area)}' assertion on view (view.getTag() is "biometric-setup-screen" and view has effective visibility <VISIBLE>)
11-23 21:20:42.798 22610 22610 D DetoxRNHelpers: Native RN module resolution (class com.reactnativecommunity.asyncstorage.AsyncStorageModule): no such class
11-23 21:20:42.801 22610 22610 D DetoxRNHelpers: Native RN module resolution (class com.reactnativecommunity.asyncstorage.AsyncStorageModule): no such class
11-23 21:20:42.804 22610 22610 D DetoxRNHelpers: Native RN module resolution (class com.reactnativecommunity.asyncstorage.AsyncStorageModule): no such class
11-23 21:20:42.806 22610 22610 D DetoxRNHelpers: Native RN module resolution (class com.reactnativecommunity.asyncstorage.AsyncStorageModule): no such class
11-23 21:20:42.849 22610 22610 I ViewInteraction: Checking 'MatchesViewAssertion(Detox){viewMatcher=(view has effective visibility <VISIBLE> and view.getGlobalVisibleRect() covers at least <75> percent of the view's area)}' assertion on view (view.getTag() is "biometric-setup-screen" and view has effective visibility <VISIBLE>)
11-23 21:20:42.877 22610 22610 D DetoxRNHelpers: Native RN module resolution (class com.reactnativecommunity.asyncstorage.AsyncStorageModule): no such class
11-23 21:20:42.879 22610 22610 D DetoxRNHelpers: Native RN module resolution (class com.reactnativecommunity.asyncstorage.AsyncStorageModule): no such class
11-23 21:20:42.881 22610 22610 D DetoxRNHelpers: Native RN module resolution (class com.reactnativecommunity.asyncstorage.AsyncStorageModule): no such class
11-23 21:20:42.885 22610 22610 D DetoxRNHelpers: Native RN module resolution (class com.reactnativecommunity.asyncstorage.AsyncStorageModule): no such class
11-23 21:20:42.925 22610 22610 I ViewInteraction: Checking 'MatchesViewAssertion(Detox){viewMatcher=(view has effective visibility <VISIBLE> and view.getGlobalVisibleRect() covers at least <75> percent of the view's area)}' assertion on view (view.getTag() is "biometric-setup-screen" and view has effective visibility <VISIBLE>)
11-23 21:20:42.951 22610 22610 D DetoxRNHelpers: Native RN module resolution (class com.reactnativecommunity.asyncstorage.AsyncStorageModule): no such class
11-23 21:20:42.955 22610 22610 D DetoxRNHelpers: Native RN module resolution (class com.reactnativecommunity.asyncstorage.AsyncStorageModule): no such class
11-23 21:20:42.958 22610 22610 D DetoxRNHelpers: Native RN module resolution (class com.reactnativecommunity.asyncstorage.AsyncStorageModule): no such class
11-23 21:20:42.960 22610 22610 D DetoxRNHelpers: Native RN module resolution (class com.reactnativecommunity.asyncstorage.AsyncStorageModule): no such class
11-23 21:20:43.004 22610 22610 I ViewInteraction: Checking 'MatchesViewAssertion(Detox){viewMatcher=(view has effective visibility <VISIBLE> and view.getGlobalVisibleRect() covers at least <75> percent of the view's area)}' assertion on view (view.getTag() is "biometric-setup-screen" and view has effective visibility <VISIBLE>)
11-23 21:20:43.368 22610 22610 D DetoxRNHelpers: Native RN module resolution (class com.reactnativecommunity.asyncstorage.AsyncStorageModule): no such class
11-23 21:20:43.374 22610 22610 D DetoxRNHelpers: Native RN module resolution (class com.reactnativecommunity.asyncstorage.AsyncStorageModule): no such class
11-23 21:20:43.375 22610 22610 D DetoxRNHelpers: Native RN module resolution (class com.reactnativecommunity.asyncstorage.AsyncStorageModule): no such class
11-23 21:20:43.419 22610 22610 I ViewInteraction: Checking 'MatchesViewAssertion(Detox){viewMatcher=(view has effective visibility <VISIBLE> and view.getGlobalVisibleRect() covers at least <75> percent of the view's area)}' assertion on view (view.getTag() is "biometric-setup-screen" and view has effective visibility <VISIBLE>)
11-23 21:20:43.450 22610 22610 D DetoxRNHelpers: Native RN module resolution (class com.reactnativecommunity.asyncstorage.AsyncStorageModule): no such class
11-23 21:20:43.451 22610 22610 D DetoxRNHelpers: Native RN module resolution (class com.reactnativecommunity.asyncstorage.AsyncStorageModule): no such class
11-23 21:20:43.458 22610 22610 D DetoxRNHelpers: Native RN module resolution (class com.reactnativecommunity.asyncstorage.AsyncStorageModule): no such class
11-23 21:20:43.459 22610 22610 D DetoxRNHelpers: Native RN module resolution (class com.reactnativecommunity.asyncstorage.AsyncStorageModule): no such class
11-23 21:20:43.503 22610 22610 I ViewInteraction: Checking 'MatchesViewAssertion(Detox){viewMatcher=(view has effective visibility <VISIBLE> and view.getGlobalVisibleRect() covers at least <75> percent of the view's area)}' assertion on view (view.getTag() is "biometric-setup-screen" and view has effective visibility <VISIBLE>)
11-23 21:20:43.532 22610 22610 D DetoxRNHelpers: Native RN module resolution (class com.reactnativecommunity.asyncstorage.AsyncStorageModule): no such class
11-23 21:20:43.534 22610 22610 D DetoxRNHelpers: Native RN module resolution (class com.reactnativecommunity.asyncstorage.AsyncStorageModule): no such class
11-23 21:20:43.536 22610 22610 D DetoxRNHelpers: Native RN module resolution (class com.reactnativecommunity.asyncstorage.AsyncStorageModule): no such class
11-23 21:20:43.542 22610 22610 D DetoxRNHelpers: Native RN module resolution (class com.reactnativecommunity.asyncstorage.AsyncStorageModule): no such class
11-23 21:20:43.585 22610 22610 I ViewInteraction: Checking 'MatchesViewAssertion(Detox){viewMatcher=(view has effective visibility <VISIBLE> and view.getGlobalVisibleRect() covers at least <75> percent of the view's area)}' assertion on view (view.getTag() is "biometric-setup-screen" and view has effective visibility <VISIBLE>)
11-23 21:20:43.615 22610 22610 D DetoxRNHelpers: Native RN module resolution (class com.reactnativecommunity.asyncstorage.AsyncStorageModule): no such class
11-23 21:20:43.617 22610 22610 D DetoxRNHelpers: Native RN module resolution (class com.reactnativecommunity.asyncstorage.AsyncStorageModule): no such class
11-23 21:20:43.621 22610 22610 D DetoxRNHelpers: Native RN module resolution (class com.reactnativecommunity.asyncstorage.AsyncStorageModule): no such class
11-23 21:20:43.623 22610 22610 D DetoxRNHelpers: Native RN module resolution (class com.reactnativecommunity.asyncstorage.AsyncStorageModule): no such class
11-23 21:20:43.669 22610 22610 I ViewInteraction: Checking 'MatchesViewAssertion(Detox){viewMatcher=(view has effective visibility <VISIBLE> and view.getGlobalVisibleRect() covers at least <75> percent of the view's area)}' assertion on view (view.getTag() is "biometric-setup-screen" and view has effective visibility <VISIBLE>)
11-23 21:20:43.696 22610 22610 D DetoxRNHelpers: Native RN module resolution (class com.reactnativecommunity.asyncstorage.AsyncStorageModule): no such class
11-23 21:20:43.699 22610 22610 D DetoxRNHelpers: Native RN module resolution (class com.reactnativecommunity.asyncstorage.AsyncStorageModule): no such class
11-23 21:20:43.702 22610 22610 D DetoxRNHelpers: Native RN module resolution (class com.reactnativecommunity.asyncstorage.AsyncStorageModule): no such class
11-23 21:20:43.704 22610 22610 D DetoxRNHelpers: Native RN module resolution (class com.reactnativecommunity.asyncstorage.AsyncStorageModule): no such class
11-23 21:20:43.751 22610 22610 I ViewInteraction: Checking 'MatchesViewAssertion(Detox){viewMatcher=(view has effective visibility <VISIBLE> and view.getGlobalVisibleRect() covers at least <75> percent of the view's area)}' assertion on view (view.getTag() is "biometric-setup-screen" and view has effective visibility <VISIBLE>)
11-23 21:20:43.778 22610 22610 D DetoxRNHelpers: Native RN module resolution (class com.reactnativecommunity.asyncstorage.AsyncStorageModule): no such class
11-23 21:20:43.781 22610 22610 D DetoxRNHelpers: Native RN module resolution (class com.reactnativecommunity.asyncstorage.AsyncStorageModule): no such class
11-23 21:20:43.785 22610 22610 D DetoxRNHelpers: Native RN module resolution (class com.reactnativecommunity.asyncstorage.AsyncStorageModule): no such class
11-23 21:20:43.788 22610 22610 D DetoxRNHelpers: Native RN module resolution (class com.reactnativecommunity.asyncstorage.AsyncStorageModule): no such class
11-23 21:20:43.834 22610 22610 I ViewInteraction: Checking 'MatchesViewAssertion(Detox){viewMatcher=(view has effective visibility <VISIBLE> and view.getGlobalVisibleRect() covers at least <75> percent of the view's area)}' assertion on view (view.getTag() is "biometric-setup-screen" and view has effective visibility <VISIBLE>)
11-23 21:20:43.861 22610 22610 D DetoxRNHelpers: Native RN module resolution (class com.reactnativecommunity.asyncstorage.AsyncStorageModule): no such class
11-23 21:20:43.865 22610 22610 D DetoxRNHelpers: Native RN module resolution (class com.reactnativecommunity.asyncstorage.AsyncStorageModule): no such class
11-23 21:20:43.868 22610 22610 D DetoxRNHelpers: Native RN module resolution (class com.reactnativecommunity.asyncstorage.AsyncStorageModule): no such class
11-23 21:20:43.871 22610 22610 D DetoxRNHelpers: Native RN module resolution (class com.reactnativecommunity.asyncstorage.AsyncStorageModule): no such class
11-23 21:20:43.917 22610 22610 I ViewInteraction: Checking 'MatchesViewAssertion(Detox){viewMatcher=(view has effective visibility <VISIBLE> and view.getGlobalVisibleRect() covers at least <75> percent of the view's area)}' assertion on view (view.getTag() is "biometric-setup-screen" and view has effective visibility <VISIBLE>)
11-23 21:20:43.943 22610 22610 D DetoxRNHelpers: Native RN module resolution (class com.reactnativecommunity.asyncstorage.AsyncStorageModule): no such class
11-23 21:20:43.946 22610 22610 D DetoxRNHelpers: Native RN module resolution (class com.reactnativecommunity.asyncstorage.AsyncStorageModule): no such class
11-23 21:20:43.949 22610 22655 I DetoxActionHandlers: Test exception
11-23 21:20:43.949 22610 22655 I DetoxActionHandlers: java.lang.reflect.InvocationTargetException
11-23 21:20:43.949 22610 22655 I DetoxActionHandlers: 	at java.lang.reflect.Method.invoke(Native Method)
11-23 21:20:43.949 22610 22655 I DetoxActionHandlers: 	at org.apache.commons.lang3.reflect.MethodUtils.invokeStaticMethod(MethodUtils.java:443)
11-23 21:20:43.949 22610 22655 I DetoxActionHandlers: 	at org.apache.commons.lang3.reflect.MethodUtils.invokeStaticMethod(MethodUtils.java:405)
11-23 21:20:43.949 22610 22655 I DetoxActionHandlers: 	at com.wix.invoke.types.ClassTarget.execute(ClassTarget.java:23)
11-23 21:20:43.949 22610 22655 I DetoxActionHandlers: 	at com.wix.invoke.types.Target.invoke(Target.java:59)
11-23 21:20:43.949 22610 22655 I DetoxActionHandlers: 	at com.wix.invoke.MethodInvocation.invoke(MethodInvocation.java:35)
11-23 21:20:43.949 22610 22655 I DetoxActionHandlers: 	at com.wix.invoke.MethodInvocation.invoke(MethodInvocation.java:26)
11-23 21:20:43.949 22610 22655 I DetoxActionHandlers: 	at com.wix.invoke.MethodInvocation.invoke(MethodInvocation.java:20)
11-23 21:20:43.949 22610 22655 I DetoxActionHandlers: 	at com.wix.detox.adapters.server.InvokeActionHandler.handle(DetoxActionHandlers.kt:54)
11-23 21:20:43.949 22610 22655 I DetoxActionHandlers: 	at com.wix.detox.adapters.server.ActionsExecutor.executeAction$lambda$2$lambda$1(DetoxActionsDispatcher.kt:76)
11-23 21:20:43.949 22610 22655 I DetoxActionHandlers: 	at com.wix.detox.adapters.server.ActionsExecutor.$r8$lambda$GVbB7LHtBHxNHGbgYnHJ6YrwCqs(Unknown Source:0)
11-23 21:20:43.949 22610 22655 I DetoxActionHandlers: 	at com.wix.detox.adapters.server.ActionsExecutor$$ExternalSyntheticLambda0.run(D8$$SyntheticClass:0)
11-23 21:20:43.949 22610 22655 I DetoxActionHandlers: 	at android.os.Handler.handleCallback(Handler.java:995)
11-23 21:20:43.949 22610 22655 I DetoxActionHandlers: 	at android.os.Handler.dispatchMessage(Handler.java:103)
11-23 21:20:43.949 22610 22655 I DetoxActionHandlers: 	at android.os.Looper.loopOnce(Looper.java:273)
11-23 21:20:43.949 22610 22655 I DetoxActionHandlers: 	at android.os.Looper.loop(Looper.java:363)
11-23 21:20:43.949 22610 22655 I DetoxActionHandlers: 	at com.wix.detox.adapters.server.ActionsExecutor._init_$lambda$0(DetoxActionsDispatcher.kt:62)
11-23 21:20:43.949 22610 22655 I DetoxActionHandlers: 	at com.wix.detox.adapters.server.ActionsExecutor.$r8$lambda$xlgL0CQim6vNM0wWEqM8JIDgZUE(Unknown Source:0)
11-23 21:20:43.949 22610 22655 I DetoxActionHandlers: 	at com.wix.detox.adapters.server.ActionsExecutor$$ExternalSyntheticLambda1.run(D8$$SyntheticClass:0)
11-23 21:20:43.949 22610 22655 I DetoxActionHandlers: 	at java.lang.Thread.run(Thread.java:1119)
11-23 21:20:43.949 22610 22655 I DetoxActionHandlers: Caused by: com.wix.detox.common.DetoxErrors$DetoxRuntimeException: 2.0sec timeout expired without matching of given matcher: (view has effective visibility <VISIBLE> and view.getGlobalVisibleRect() covers at least <75> percent of the view's area)
11-23 21:20:43.949 22610 22655 I DetoxActionHandlers: 	at com.wix.detox.espresso.DetoxAssertion.waitForAssertMatcher(DetoxAssertion.java:72)
11-23 21:20:43.949 22610 22655 I DetoxActionHandlers: 	... 20 more
11-23 21:20:43.950 22610 22655 I DetoxWSClient: Sending out action 'testFailed' (ID #21)
11-23 21:20:43.950 22610 22655 I DetoxDispatcher: Done with action 'invoke'
11-23 21:20:43.955 22610 22659 D DetoxWSClient: Received action 'invoke' (ID #22, params={"target":{"type":"Class","value":"com.wix.detox.espresso.DetoxAssertion"},"method":"waitForAssertMatcher","args":[{"type":"Invocation","value":{"target":{"type":"Class","value":"androidx.test.espresso.Espresso"},"method":"onView","args":[{"type":"Invocation","value":{"target":{"type":"Class","value":"com.wix.detox.espresso.DetoxMatcher"},"method":"matcherForTestId","args":["feature-hint-overlay-dismiss",{"type":"boolean","value":false}]}}]}},{"type":"Invocation","value":{"target":{"type":"Class","value":"com.wix.detox.espresso.DetoxMatcher"},"method":"matcherForSufficientlyVisible","args":[{"type":"Integer","value":75}]}},{"type":"Double","value":3}]})
11-23 21:20:43.956 22610 22655 I DetoxDispatcher: Handling action 'invoke' (ID #22)...
11-23 21:20:43.957 22610 22655 D Detox   : class com.wix.detox.espresso.DetoxMatcher, matcherForTestId, [feature-hint-overlay-dismiss, false]
11-23 21:20:43.959 22610 22655 D Detox   : class androidx.test.espresso.Espresso, onView, [(view.getTag() is "feature-hint-overlay-dismiss" and view has effective visibility <VISIBLE>)]
11-23 21:20:43.961 22610 22655 D Detox   : class com.wix.detox.espresso.DetoxMatcher, matcherForSufficientlyVisible, [75]
11-23 21:20:43.962 22610 22655 D Detox   : class com.wix.detox.espresso.DetoxAssertion, waitForAssertMatcher, [androidx.test.espresso.ViewInteraction@81d1ce, (view has effective visibility <VISIBLE> and view.getGlobalVisibleRect() covers at least <75> percent of the view's area), 3.0]
11-23 21:20:43.966 22610 22610 D DetoxRNHelpers: Native RN module resolution (class com.reactnativecommunity.asyncstorage.AsyncStorageModule): no such class
11-23 21:20:43.967 22610 22610 D DetoxRNHelpers: Native RN module resolution (class com.reactnativecommunity.asyncstorage.AsyncStorageModule): no such class
11-23 21:20:43.973 22610 22610 I ViewInteraction: Checking 'MatchesViewAssertion(Detox){viewMatcher=(view has effective visibility <VISIBLE> and view.getGlobalVisibleRect() covers at least <75> percent of the view's area)}' assertion on view (view.getTag() is "feature-hint-overlay-dismiss" and view has effective visibility <VISIBLE>)
11-23 21:20:43.977 22610 22655 I DetoxWSClient: Sending out action 'invokeResult' (ID #22)
11-23 21:20:43.977 22610 22655 I DetoxDispatcher: Done with action 'invoke'
11-23 21:20:43.983 22610 22659 D DetoxWSClient: Received action 'invoke' (ID #23, params={"target":{"type":"Class","value":"com.wix.detox.espresso.DetoxAssertion"},"method":"waitForAssertMatcher","args":[{"type":"Invocation","value":{"target":{"type":"Class","value":"androidx.test.espresso.Espresso"},"method":"onView","args":[{"type":"Invocation","value":{"target":{"type":"Class","value":"com.wix.detox.espresso.DetoxMatcher"},"method":"matcherForTestId","args":["feature-hint-overlay",{"type":"boolean","value":false}]}}]}},{"type":"Invocation","value":{"target":{"type":"Class","value":"com.wix.detox.espresso.DetoxMatcher"},"method":"matcherForNotNull","args":[]}},{"type":"Double","value":1}]})
11-23 21:20:43.983 22610 22655 I DetoxDispatcher: Handling action 'invoke' (ID #23)...
11-23 21:20:43.984 22610 22655 D Detox   : class com.wix.detox.espresso.DetoxMatcher, matcherForTestId, [feature-hint-overlay, false]
11-23 21:20:43.985 22610 22655 D Detox   : class androidx.test.espresso.Espresso, onView, [(view.getTag() is "feature-hint-overlay" and view has effective visibility <VISIBLE>)]
11-23 21:20:43.986 22610 22655 D Detox   : class com.wix.detox.espresso.DetoxMatcher, matcherForNotNull, []
11-23 21:20:43.987 22610 22655 D Detox   : class com.wix.detox.espresso.DetoxAssertion, waitForAssertMatcher, [androidx.test.espresso.ViewInteraction@88748ef, not null, 1.0]
11-23 21:20:43.991 22610 22610 D DetoxRNHelpers: Native RN module resolution (class com.reactnativecommunity.asyncstorage.AsyncStorageModule): no such class
11-23 21:20:43.993 22610 22610 D DetoxRNHelpers: Native RN module resolution (class com.reactnativecommunity.asyncstorage.AsyncStorageModule): no such class
11-23 21:20:43.998 22610 22610 I ViewInteraction: Checking 'MatchesViewAssertion(Detox){viewMatcher=not null}' assertion on view (view.getTag() is "feature-hint-overlay" and view has effective visibility <VISIBLE>)
11-23 21:20:44.001 22610 22655 I DetoxWSClient: Sending out action 'invokeResult' (ID #23)
11-23 21:20:44.001 22610 22655 I DetoxDispatcher: Done with action 'invoke'
11-23 21:20:44.005 22610 22659 D DetoxWSClient: Received action 'invoke' (ID #24, params={"target":{"type":"Class","value":"com.wix.detox.espresso.DetoxAssertion"},"method":"waitForAssertMatcher","args":[{"type":"Invocation","value":{"target":{"type":"Class","value":"androidx.test.espresso.Espresso"},"method":"onView","args":[{"type":"Invocation","value":{"target":{"type":"Class","value":"com.wix.detox.espresso.DetoxMatcher"},"method":"matcherForTestId","args":["feature-hint-overlay",{"type":"boolean","value":false}]}}]}},{"type":"Invocation","value":{"target":{"type":"Class","value":"com.wix.detox.espresso.DetoxMatcher"},"method":"matcherForSufficientlyVisible","args":[{"type":"Integer","value":75}]}},{"type":"Double","value":1}]})
11-23 21:20:44.005 22610 22655 I DetoxDispatcher: Handling action 'invoke' (ID #24)...
11-23 21:20:44.006 22610 22655 D Detox   : class com.wix.detox.espresso.DetoxMatcher, matcherForTestId, [feature-hint-overlay, false]
11-23 21:20:44.007 22610 22655 D Detox   : class androidx.test.espresso.Espresso, onView, [(view.getTag() is "feature-hint-overlay" and view has effective visibility <VISIBLE>)]
11-23 21:20:44.008 22610 22655 D Detox   : class com.wix.detox.espresso.DetoxMatcher, matcherForSufficientlyVisible, [75]
11-23 21:20:44.009 22610 22655 D Detox   : class com.wix.detox.espresso.DetoxAssertion, waitForAssertMatcher, [androidx.test.espresso.ViewInteraction@1ad0ffc, (view has effective visibility <VISIBLE> and view.getGlobalVisibleRect() covers at least <75> percent of the view's area), 1.0]
11-23 21:20:44.011 22610 22610 D DetoxRNHelpers: Native RN module resolution (class com.reactnativecommunity.asyncstorage.AsyncStorageModule): no such class
11-23 21:20:44.014 22610 22610 D DetoxRNHelpers: Native RN module resolution (class com.reactnativecommunity.asyncstorage.AsyncStorageModule): no such class
11-23 21:20:44.020 22610 22610 I ViewInteraction: Checking 'MatchesViewAssertion(Detox){viewMatcher=(view has effective visibility <VISIBLE> and view.getGlobalVisibleRect() covers at least <75> percent of the view's area)}' assertion on view (view.getTag() is "feature-hint-overlay" and view has effective visibility <VISIBLE>)
11-23 21:20:44.024 22610 22655 I DetoxWSClient: Sending out action 'invokeResult' (ID #24)
11-23 21:20:44.024 22610 22655 I DetoxDispatcher: Done with action 'invoke'
11-23 21:20:44.390 22610 22659 D DetoxWSClient: Received action 'invoke' (ID #25, params={"target":{"type":"Class","value":"com.wix.detox.espresso.DetoxAssertion"},"method":"waitForAssertMatcher","args":[{"type":"Invocation","value":{"target":{"type":"Class","value":"androidx.test.espresso.Espresso"},"method":"onView","args":[{"type":"Invocation","value":{"target":{"type":"Class","value":"com.wix.detox.espresso.DetoxMatcher"},"method":"matcherForTestId","args":["feature-hint-overlay-dismiss",{"type":"boolean","value":false}]}}]}},{"type":"Invocation","value":{"target":{"type":"Class","value":"com.wix.detox.espresso.DetoxMatcher"},"method":"matcherForSufficientlyVisible","args":[{"type":"Integer","value":75}]}},{"type":"Double","value":5}]})
11-23 21:20:44.392 22610 22655 I DetoxDispatcher: Handling action 'invoke' (ID #25)...
11-23 21:20:44.393 22610 22655 D Detox   : class com.wix.detox.espresso.DetoxMatcher, matcherForTestId, [feature-hint-overlay-dismiss, false]
11-23 21:20:44.394 22610 22655 D Detox   : class androidx.test.espresso.Espresso, onView, [(view.getTag() is "feature-hint-overlay-dismiss" and view has effective visibility <VISIBLE>)]
11-23 21:20:44.396 22610 22655 D Detox   : class com.wix.detox.espresso.DetoxMatcher, matcherForSufficientlyVisible, [75]
11-23 21:20:44.397 22610 22655 D Detox   : class com.wix.detox.espresso.DetoxAssertion, waitForAssertMatcher, [androidx.test.espresso.ViewInteraction@a76c685, (view has effective visibility <VISIBLE> and view.getGlobalVisibleRect() covers at least <75> percent of the view's area), 5.0]
11-23 21:20:44.401 22610 22610 D DetoxRNHelpers: Native RN module resolution (class com.reactnativecommunity.asyncstorage.AsyncStorageModule): no such class
11-23 21:20:44.404 22610 22610 D DetoxRNHelpers: Native RN module resolution (class com.reactnativecommunity.asyncstorage.AsyncStorageModule): no such class
11-23 21:20:44.410 22610 22610 I ViewInteraction: Checking 'MatchesViewAssertion(Detox){viewMatcher=(view has effective visibility <VISIBLE> and view.getGlobalVisibleRect() covers at least <75> percent of the view's area)}' assertion on view (view.getTag() is "feature-hint-overlay-dismiss" and view has effective visibility <VISIBLE>)
11-23 21:20:44.416 22610 22655 I DetoxWSClient: Sending out action 'invokeResult' (ID #25)
11-23 21:20:44.416 22610 22655 I DetoxDispatcher: Done with action 'invoke'
11-23 21:20:44.420 22610 22659 D DetoxWSClient: Received action 'invoke' (ID #26, params={"target":{"type":"Class","value":"com.wix.detox.espresso.EspressoDetox"},"method":"perform","args":[{"type":"Invocation","value":{"target":{"type":"Class","value":"com.wix.detox.espresso.DetoxMatcher"},"method":"matcherForTestId","args":["feature-hint-overlay-dismiss",{"type":"boolean","value":false}]}},{"type":"Invocation","value":{"target":{"type":"Class","value":"com.wix.detox.espresso.DetoxViewActions"},"method":"click","args":[]}}]})
11-23 21:20:44.421 22610 22655 I DetoxDispatcher: Handling action 'invoke' (ID #26)...
11-23 21:20:44.421 22610 22655 D Detox   : class com.wix.detox.espresso.DetoxMatcher, matcherForTestId, [feature-hint-overlay-dismiss, false]
11-23 21:20:44.422 22610 22655 D Detox   : class com.wix.detox.espresso.DetoxViewActions, click, []
11-23 21:20:44.423 22610 22655 D Detox   : class com.wix.detox.espresso.EspressoDetox, perform, [(view.getTag() is "feature-hint-overlay-dismiss" and view has effective visibility <VISIBLE>), com.wix.detox.espresso.action.RNClickAction@4ed3cda]
11-23 21:20:44.427 22610 22610 D DetoxRNHelpers: Native RN module resolution (class com.reactnativecommunity.asyncstorage.AsyncStorageModule): no such class
11-23 21:20:44.430 22610 22610 D DetoxRNHelpers: Native RN module resolution (class com.reactnativecommunity.asyncstorage.AsyncStorageModule): no such class
11-23 21:20:44.435 22610 22610 I ViewInteraction: Performing 'com.wix.detox.espresso.action.detoxsingletap@c29850b click' action on view (view.getTag() is "feature-hint-overlay-dismiss" and view has effective visibility <VISIBLE>)
11-23 21:20:44.442 22610 22610 I VRI[MainActivity]@8e53a52: ViewPostIme pointer 0
11-23 21:20:44.451 22610 22610 I VRI[MainActivity]@8e53a52: call setFrameRateCategory for touch hint category=high hint, reason=touch, vri=VRI[MainActivity]@8e53a52
11-23 21:20:44.471 22610 22610 I VRI[MainActivity]@8e53a52: ViewPostIme pointer 1
11-23 21:20:44.826 22610 22610 D DetoxRNHelpers: Native RN module resolution (class com.reactnativecommunity.asyncstorage.AsyncStorageModule): no such class
11-23 21:20:45.130 22610 22610 D DetoxRNHelpers: Native RN module resolution (class com.reactnativecommunity.asyncstorage.AsyncStorageModule): no such class
11-23 21:20:45.133 22610 22610 D DetoxRNHelpers: Native RN module resolution (class com.reactnativecommunity.asyncstorage.AsyncStorageModule): no such class
11-23 21:20:45.199 22610 22610 D DetoxRNHelpers: Native RN module resolution (class com.reactnativecommunity.asyncstorage.AsyncStorageModule): no such class
11-23 21:20:45.201 22610 22610 D DetoxRNHelpers: Native RN module resolution (class com.reactnativecommunity.asyncstorage.AsyncStorageModule): no such class
11-23 21:20:45.204 22610 22610 D DetoxRNHelpers: Native RN module resolution (class com.reactnativecommunity.asyncstorage.AsyncStorageModule): no such class
11-23 21:20:45.207 22610 22610 D DetoxRNHelpers: Native RN module resolution (class com.reactnativecommunity.asyncstorage.AsyncStorageModule): no such class
11-23 21:20:45.209 22610 22655 I DetoxWSClient: Sending out action 'invokeResult' (ID #26)
11-23 21:20:45.209 22610 22655 I DetoxDispatcher: Done with action 'invoke'
11-23 21:20:45.214 22610 22659 D DetoxWSClient: Received action 'invoke' (ID #27, params={"target":{"type":"Class","value":"com.wix.detox.espresso.DetoxAssertion"},"method":"waitForAssertMatcher","args":[{"type":"Invocation","value":{"target":{"type":"Class","value":"androidx.test.espresso.Espresso"},"method":"onView","args":[{"type":"Invocation","value":{"target":{"type":"Class","value":"com.wix.detox.espresso.DetoxMatcher"},"method":"matcherForTestId","args":["feature-hint-overlay",{"type":"boolean","value":false}]}}]}},{"type":"Invocation","value":{"target":{"type":"Class","value":"com.wix.detox.espresso.DetoxMatcher"},"method":"matcherForNot","args":[{"type":"Invocation","value":{"target":{"type":"Class","value":"com.wix.detox.espresso.DetoxMatcher"},"method":"matcherForSufficientlyVisible","args":[{"type":"Integer","value":75}]}}]}},{"type":"Double","value":2.5}]})
11-23 21:20:45.214 22610 22655 I DetoxDispatcher: Handling action 'invoke' (ID #27)...
11-23 21:20:45.215 22610 22655 D Detox   : class com.wix.detox.espresso.DetoxMatcher, matcherForTestId, [feature-hint-overlay, false]
11-23 21:20:45.217 22610 22655 D Detox   : class androidx.test.espresso.Espresso, onView, [(view.getTag() is "feature-hint-overlay" and view has effective visibility <VISIBLE>)]
11-23 21:20:45.218 22610 22655 D Detox   : class com.wix.detox.espresso.DetoxMatcher, matcherForSufficientlyVisible, [75]
11-23 21:20:45.219 22610 22655 D Detox   : class com.wix.detox.espresso.DetoxMatcher, matcherForNot, [(view has effective visibility <VISIBLE> and view.getGlobalVisibleRect() covers at least <75> percent of the view's area)]
11-23 21:20:45.220 22610 22655 D Detox   : class com.wix.detox.espresso.DetoxAssertion, waitForAssertMatcher, [androidx.test.espresso.ViewInteraction@5b92fe8, not (view has effective visibility <VISIBLE> and view.getGlobalVisibleRect() covers at least <75> percent of the view's area), 2.5]
11-23 21:20:45.223 22610 22610 D DetoxRNHelpers: Native RN module resolution (class com.reactnativecommunity.asyncstorage.AsyncStorageModule): no such class
11-23 21:20:45.226 22610 22610 D DetoxRNHelpers: Native RN module resolution (class com.reactnativecommunity.asyncstorage.AsyncStorageModule): no such class
11-23 21:20:45.276 22610 22610 I ViewInteraction: Checking 'MatchesViewAssertion(Detox){viewMatcher=not (view has effective visibility <VISIBLE> and view.getGlobalVisibleRect() covers at least <75> percent of the view's area)}' assertion on view (view.getTag() is "feature-hint-overlay" and view has effective visibility <VISIBLE>)
11-23 21:20:45.278 22610 22655 I DetoxWSClient: Sending out action 'invokeResult' (ID #27)
11-23 21:20:45.279 22610 22655 I DetoxDispatcher: Done with action 'invoke'
11-23 21:20:45.283 22610 22659 D DetoxWSClient: Received action 'invoke' (ID #28, params={"target":{"type":"Class","value":"com.wix.detox.espresso.DetoxAssertion"},"method":"waitForAssertMatcher","args":[{"type":"Invocation","value":{"target":{"type":"Class","value":"androidx.test.espresso.Espresso"},"method":"onView","args":[{"type":"Invocation","value":{"target":{"type":"Class","value":"com.wix.detox.espresso.DetoxMatcher"},"method":"matcherForTestId","args":["feature-hint-overlay",{"type":"boolean","value":false}]}}]}},{"type":"Invocation","value":{"target":{"type":"Class","value":"com.wix.detox.espresso.DetoxMatcher"},"method":"matcherForNot","args":[{"type":"Invocation","value":{"target":{"type":"Class","value":"com.wix.detox.espresso.DetoxMatcher"},"method":"matcherForNotNull","args":[]}}]}},{"type":"Double","value":2.5}]})
11-23 21:20:45.283 22610 22655 I DetoxDispatcher: Handling action 'invoke' (ID #28)...
11-23 21:20:45.284 22610 22655 D Detox   : class com.wix.detox.espresso.DetoxMatcher, matcherForTestId, [feature-hint-overlay, false]
11-23 21:20:45.285 22610 22655 D Detox   : class androidx.test.espresso.Espresso, onView, [(view.getTag() is "feature-hint-overlay" and view has effective visibility <VISIBLE>)]
11-23 21:20:45.287 22610 22655 D Detox   : class com.wix.detox.espresso.DetoxMatcher, matcherForNotNull, []
11-23 21:20:45.287 22610 22655 D Detox   : class com.wix.detox.espresso.DetoxMatcher, matcherForNot, [not null]
11-23 21:20:45.288 22610 22655 D Detox   : class com.wix.detox.espresso.DetoxAssertion, waitForAssertMatcher, [androidx.test.espresso.ViewInteraction@1e24601, not not null, 2.5]
11-23 21:20:45.293 22610 22610 D DetoxRNHelpers: Native RN module resolution (class com.reactnativecommunity.asyncstorage.AsyncStorageModule): no such class
11-23 21:20:45.295 22610 22610 D DetoxRNHelpers: Native RN module resolution (class com.reactnativecommunity.asyncstorage.AsyncStorageModule): no such class
11-23 21:20:45.336 22610 22610 I ViewInteraction: Checking 'MatchesViewAssertion(Detox){viewMatcher=not not null}' assertion on view (view.getTag() is "feature-hint-overlay" and view has effective visibility <VISIBLE>)
11-23 21:20:45.338 22610 22655 I DetoxWSClient: Sending out action 'invokeResult' (ID #28)
11-23 21:20:45.338 22610 22655 I DetoxDispatcher: Done with action 'invoke'
11-23 21:20:45.441 22610 22615 I ev.souschef.app: Background concurrent mark compact GC freed 24MB AllocSpace bytes, 82(10MB) LOS objects, 66% free, 14MB/43MB, paused 912us,4.171ms total 118.571ms
11-23 21:20:45.586 22610 22659 D DetoxWSClient: Received action 'invoke' (ID #29, params={"target":{"type":"Class","value":"com.wix.detox.espresso.DetoxAssertion"},"method":"waitForAssertMatcher","args":[{"type":"Invocation","value":{"target":{"type":"Class","value":"androidx.test.espresso.Espresso"},"method":"onView","args":[{"type":"Invocation","value":{"target":{"type":"Class","value":"com.wix.detox.espresso.DetoxMatcher"},"method":"matcherForTestId","args":["onboarding-create-home-screen",{"type":"boolean","value":false}]}}]}},{"type":"Invocation","value":{"target":{"type":"Class","value":"com.wix.detox.espresso.DetoxMatcher"},"method":"matcherForSufficientlyVisible","args":[{"type":"Integer","value":75}]}},{"type":"Double","value":2}]})
11-23 21:20:45.587 22610 22655 I DetoxDispatcher: Handling action 'invoke' (ID #29)...
11-23 21:20:45.588 22610 22655 D Detox   : class com.wix.detox.espresso.DetoxMatcher, matcherForTestId, [onboarding-create-home-screen, false]
11-23 21:20:45.589 22610 22655 D Detox   : class androidx.test.espresso.Espresso, onView, [(view.getTag() is "onboarding-create-home-screen" and view has effective visibility <VISIBLE>)]
11-23 21:20:45.591 22610 22655 D Detox   : class com.wix.detox.espresso.DetoxMatcher, matcherForSufficientlyVisible, [75]
11-23 21:20:45.592 22610 22655 D Detox   : class com.wix.detox.espresso.DetoxAssertion, waitForAssertMatcher, [androidx.test.espresso.ViewInteraction@4724ca6, (view has effective visibility <VISIBLE> and view.getGlobalVisibleRect() covers at least <75> percent of the view's area), 2.0]
11-23 21:20:45.597 22610 22610 D DetoxRNHelpers: Native RN module resolution (class com.reactnativecommunity.asyncstorage.AsyncStorageModule): no such class
11-23 21:20:45.600 22610 22610 D DetoxRNHelpers: Native RN module resolution (class com.reactnativecommunity.asyncstorage.AsyncStorageModule): no such class
11-23 21:20:45.647 22610 22610 I ViewInteraction: Checking 'MatchesViewAssertion(Detox){viewMatcher=(view has effective visibility <VISIBLE> and view.getGlobalVisibleRect() covers at least <75> percent of the view's area)}' assertion on view (view.getTag() is "onboarding-create-home-screen" and view has effective visibility <VISIBLE>)
11-23 21:20:45.674 22610 22610 D DetoxRNHelpers: Native RN module resolution (class com.reactnativecommunity.asyncstorage.AsyncStorageModule): no such class
11-23 21:20:45.677 22610 22610 D DetoxRNHelpers: Native RN module resolution (class com.reactnativecommunity.asyncstorage.AsyncStorageModule): no such class
11-23 21:20:45.681 22610 22610 D DetoxRNHelpers: Native RN module resolution (class com.reactnativecommunity.asyncstorage.AsyncStorageModule): no such class
11-23 21:20:45.683 22610 22610 D DetoxRNHelpers: Native RN module resolution (class com.reactnativecommunity.asyncstorage.AsyncStorageModule): no such class
11-23 21:20:45.727 22610 22610 I ViewInteraction: Checking 'MatchesViewAssertion(Detox){viewMatcher=(view has effective visibility <VISIBLE> and view.getGlobalVisibleRect() covers at least <75> percent of the view's area)}' assertion on view (view.getTag() is "onboarding-create-home-screen" and view has effective visibility <VISIBLE>)
11-23 21:20:45.753 22610 22610 D DetoxRNHelpers: Native RN module resolution (class com.reactnativecommunity.asyncstorage.AsyncStorageModule): no such class
11-23 21:20:45.757 22610 22610 D DetoxRNHelpers: Native RN module resolution (class com.reactnativecommunity.asyncstorage.AsyncStorageModule): no such class
11-23 21:20:45.760 22610 22610 D DetoxRNHelpers: Native RN module resolution (class com.reactnativecommunity.asyncstorage.AsyncStorageModule): no such class
11-23 21:20:45.764 22610 22610 D DetoxRNHelpers: Native RN module resolution (class com.reactnativecommunity.asyncstorage.AsyncStorageModule): no such class
11-23 21:20:45.807 22610 22610 I ViewInteraction: Checking 'MatchesViewAssertion(Detox){viewMatcher=(view has effective visibility <VISIBLE> and view.getGlobalVisibleRect() covers at least <75> percent of the view's area)}' assertion on view (view.getTag() is "onboarding-create-home-screen" and view has effective visibility <VISIBLE>)
11-23 21:20:45.832 22610 22610 D DetoxRNHelpers: Native RN module resolution (class com.reactnativecommunity.asyncstorage.AsyncStorageModule): no such class
11-23 21:20:45.833 22610 22610 D DetoxRNHelpers: Native RN module resolution (class com.reactnativecommunity.asyncstorage.AsyncStorageModule): no such class
11-23 21:20:45.836 22610 22610 D DetoxRNHelpers: Native RN module resolution (class com.reactnativecommunity.asyncstorage.AsyncStorageModule): no such class
11-23 21:20:45.838 22610 22610 D DetoxRNHelpers: Native RN module resolution (class com.reactnativecommunity.asyncstorage.AsyncStorageModule): no such class
11-23 21:20:45.880 22610 22610 I ViewInteraction: Checking 'MatchesViewAssertion(Detox){viewMatcher=(view has effective visibility <VISIBLE> and view.getGlobalVisibleRect() covers at least <75> percent of the view's area)}' assertion on view (view.getTag() is "onboarding-create-home-screen" and view has effective visibility <VISIBLE>)
11-23 21:20:45.908 22610 22610 D DetoxRNHelpers: Native RN module resolution (class com.reactnativecommunity.asyncstorage.AsyncStorageModule): no such class
11-23 21:20:45.911 22610 22610 D DetoxRNHelpers: Native RN module resolution (class com.reactnativecommunity.asyncstorage.AsyncStorageModule): no such class
11-23 21:20:45.915 22610 22610 D DetoxRNHelpers: Native RN module resolution (class com.reactnativecommunity.asyncstorage.AsyncStorageModule): no such class
11-23 21:20:45.917 22610 22610 D DetoxRNHelpers: Native RN module resolution (class com.reactnativecommunity.asyncstorage.AsyncStorageModule): no such class
11-23 21:20:45.961 22610 22610 I ViewInteraction: Checking 'MatchesViewAssertion(Detox){viewMatcher=(view has effective visibility <VISIBLE> and view.getGlobalVisibleRect() covers at least <75> percent of the view's area)}' assertion on view (view.getTag() is "onboarding-create-home-screen" and view has effective visibility <VISIBLE>)
11-23 21:20:45.989 22610 22610 D DetoxRNHelpers: Native RN module resolution (class com.reactnativecommunity.asyncstorage.AsyncStorageModule): no such class
11-23 21:20:45.992 22610 22610 D DetoxRNHelpers: Native RN module resolution (class com.reactnativecommunity.asyncstorage.AsyncStorageModule): no such class
11-23 21:20:45.996 22610 22610 D DetoxRNHelpers: Native RN module resolution (class com.reactnativecommunity.asyncstorage.AsyncStorageModule): no such class
11-23 21:20:45.998 22610 22610 D DetoxRNHelpers: Native RN module resolution (class com.reactnativecommunity.asyncstorage.AsyncStorageModule): no such class
11-23 21:20:46.042 22610 22610 I ViewInteraction: Checking 'MatchesViewAssertion(Detox){viewMatcher=(view has effective visibility <VISIBLE> and view.getGlobalVisibleRect() covers at least <75> percent of the view's area)}' assertion on view (view.getTag() is "onboarding-create-home-screen" and view has effective visibility <VISIBLE>)
11-23 21:20:46.068 22610 22610 D DetoxRNHelpers: Native RN module resolution (class com.reactnativecommunity.asyncstorage.AsyncStorageModule): no such class
11-23 21:20:46.072 22610 22610 D DetoxRNHelpers: Native RN module resolution (class com.reactnativecommunity.asyncstorage.AsyncStorageModule): no such class
11-23 21:20:46.076 22610 22610 D DetoxRNHelpers: Native RN module resolution (class com.reactnativecommunity.asyncstorage.AsyncStorageModule): no such class
11-23 21:20:46.079 22610 22610 D DetoxRNHelpers: Native RN module resolution (class com.reactnativecommunity.asyncstorage.AsyncStorageModule): no such class
11-23 21:20:46.123 22610 22610 I ViewInteraction: Checking 'MatchesViewAssertion(Detox){viewMatcher=(view has effective visibility <VISIBLE> and view.getGlobalVisibleRect() covers at least <75> percent of the view's area)}' assertion on view (view.getTag() is "onboarding-create-home-screen" and view has effective visibility <VISIBLE>)
11-23 21:20:46.150 22610 22610 D DetoxRNHelpers: Native RN module resolution (class com.reactnativecommunity.asyncstorage.AsyncStorageModule): no such class
11-23 21:20:46.153 22610 22610 D DetoxRNHelpers: Native RN module resolution (class com.reactnativecommunity.asyncstorage.AsyncStorageModule): no such class
11-23 21:20:46.157 22610 22610 D DetoxRNHelpers: Native RN module resolution (class com.reactnativecommunity.asyncstorage.AsyncStorageModule): no such class
11-23 21:20:46.159 22610 22610 D DetoxRNHelpers: Native RN module resolution (class com.reactnativecommunity.asyncstorage.AsyncStorageModule): no such class
11-23 21:20:46.203 22610 22610 I ViewInteraction: Checking 'MatchesViewAssertion(Detox){viewMatcher=(view has effective visibility <VISIBLE> and view.getGlobalVisibleRect() covers at least <75> percent of the view's area)}' assertion on view (view.getTag() is "onboarding-create-home-screen" and view has effective visibility <VISIBLE>)
11-23 21:20:46.229 22610 22610 D DetoxRNHelpers: Native RN module resolution (class com.reactnativecommunity.asyncstorage.AsyncStorageModule): no such class
11-23 21:20:46.232 22610 22610 D DetoxRNHelpers: Native RN module resolution (class com.reactnativecommunity.asyncstorage.AsyncStorageModule): no such class
11-23 21:20:46.237 22610 22610 D DetoxRNHelpers: Native RN module resolution (class com.reactnativecommunity.asyncstorage.AsyncStorageModule): no such class
11-23 21:20:46.239 22610 22610 D DetoxRNHelpers: Native RN module resolution (class com.reactnativecommunity.asyncstorage.AsyncStorageModule): no such class
11-23 21:20:46.296 22610 22610 I ViewInteraction: Checking 'MatchesViewAssertion(Detox){viewMatcher=(view has effective visibility <VISIBLE> and view.getGlobalVisibleRect() covers at least <75> percent of the view's area)}' assertion on view (view.getTag() is "onboarding-create-home-screen" and view has effective visibility <VISIBLE>)
11-23 21:20:46.328 22610 22610 D DetoxRNHelpers: Native RN module resolution (class com.reactnativecommunity.asyncstorage.AsyncStorageModule): no such class
11-23 21:20:46.332 22610 22610 D DetoxRNHelpers: Native RN module resolution (class com.reactnativecommunity.asyncstorage.AsyncStorageModule): no such class
11-23 21:20:46.337 22610 22610 D DetoxRNHelpers: Native RN module resolution (class com.reactnativecommunity.asyncstorage.AsyncStorageModule): no such class
11-23 21:20:46.340 22610 22610 D DetoxRNHelpers: Native RN module resolution (class com.reactnativecommunity.asyncstorage.AsyncStorageModule): no such class
11-23 21:20:46.384 22610 22610 I ViewInteraction: Checking 'MatchesViewAssertion(Detox){viewMatcher=(view has effective visibility <VISIBLE> and view.getGlobalVisibleRect() covers at least <75> percent of the view's area)}' assertion on view (view.getTag() is "onboarding-create-home-screen" and view has effective visibility <VISIBLE>)
11-23 21:20:46.411 22610 22610 D DetoxRNHelpers: Native RN module resolution (class com.reactnativecommunity.asyncstorage.AsyncStorageModule): no such class
11-23 21:20:46.414 22610 22610 D DetoxRNHelpers: Native RN module resolution (class com.reactnativecommunity.asyncstorage.AsyncStorageModule): no such class
11-23 21:20:46.419 22610 22610 D DetoxRNHelpers: Native RN module resolution (class com.reactnativecommunity.asyncstorage.AsyncStorageModule): no such class
11-23 21:20:46.421 22610 22610 D DetoxRNHelpers: Native RN module resolution (class com.reactnativecommunity.asyncstorage.AsyncStorageModule): no such class
11-23 21:20:46.466 22610 22610 I ViewInteraction: Checking 'MatchesViewAssertion(Detox){viewMatcher=(view has effective visibility <VISIBLE> and view.getGlobalVisibleRect() covers at least <75> percent of the view's area)}' assertion on view (view.getTag() is "onboarding-create-home-screen" and view has effective visibility <VISIBLE>)
11-23 21:20:46.493 22610 22610 D DetoxRNHelpers: Native RN module resolution (class com.reactnativecommunity.asyncstorage.AsyncStorageModule): no such class
11-23 21:20:46.496 22610 22610 D DetoxRNHelpers: Native RN module resolution (class com.reactnativecommunity.asyncstorage.AsyncStorageModule): no such class
11-23 21:20:46.499 22610 22610 D DetoxRNHelpers: Native RN module resolution (class com.reactnativecommunity.asyncstorage.AsyncStorageModule): no such class
11-23 21:20:46.501 22610 22610 D DetoxRNHelpers: Native RN module resolution (class com.reactnativecommunity.asyncstorage.AsyncStorageModule): no such class
11-23 21:20:46.544 22610 22610 I ViewInteraction: Checking 'MatchesViewAssertion(Detox){viewMatcher=(view has effective visibility <VISIBLE> and view.getGlobalVisibleRect() covers at least <75> percent of the view's area)}' assertion on view (view.getTag() is "onboarding-create-home-screen" and view has effective visibility <VISIBLE>)
11-23 21:20:46.573 22610 22610 D DetoxRNHelpers: Native RN module resolution (class com.reactnativecommunity.asyncstorage.AsyncStorageModule): no such class
11-23 21:20:46.575 22610 22610 D DetoxRNHelpers: Native RN module resolution (class com.reactnativecommunity.asyncstorage.AsyncStorageModule): no such class
11-23 21:20:46.578 22610 22610 D DetoxRNHelpers: Native RN module resolution (class com.reactnativecommunity.asyncstorage.AsyncStorageModule): no such class
11-23 21:20:46.581 22610 22610 D DetoxRNHelpers: Native RN module resolution (class com.reactnativecommunity.asyncstorage.AsyncStorageModule): no such class
11-23 21:20:46.623 22610 22610 I ViewInteraction: Checking 'MatchesViewAssertion(Detox){viewMatcher=(view has effective visibility <VISIBLE> and view.getGlobalVisibleRect() covers at least <75> percent of the view's area)}' assertion on view (view.getTag() is "onboarding-create-home-screen" and view has effective visibility <VISIBLE>)
11-23 21:20:46.648 22610 22610 D DetoxRNHelpers: Native RN module resolution (class com.reactnativecommunity.asyncstorage.AsyncStorageModule): no such class
11-23 21:20:46.650 22610 22610 D DetoxRNHelpers: Native RN module resolution (class com.reactnativecommunity.asyncstorage.AsyncStorageModule): no such class
11-23 21:20:46.652 22610 22610 D DetoxRNHelpers: Native RN module resolution (class com.reactnativecommunity.asyncstorage.AsyncStorageModule): no such class
11-23 21:20:46.654 22610 22610 D DetoxRNHelpers: Native RN module resolution (class com.reactnativecommunity.asyncstorage.AsyncStorageModule): no such class
11-23 21:20:46.693 22610 22610 I ViewInteraction: Checking 'MatchesViewAssertion(Detox){viewMatcher=(view has effective visibility <VISIBLE> and view.getGlobalVisibleRect() covers at least <75> percent of the view's area)}' assertion on view (view.getTag() is "onboarding-create-home-screen" and view has effective visibility <VISIBLE>)
11-23 21:20:46.718 22610 22610 D DetoxRNHelpers: Native RN module resolution (class com.reactnativecommunity.asyncstorage.AsyncStorageModule): no such class
11-23 21:20:46.720 22610 22610 D DetoxRNHelpers: Native RN module resolution (class com.reactnativecommunity.asyncstorage.AsyncStorageModule): no such class
11-23 21:20:46.723 22610 22610 D DetoxRNHelpers: Native RN module resolution (class com.reactnativecommunity.asyncstorage.AsyncStorageModule): no such class
11-23 21:20:46.725 22610 22610 D DetoxRNHelpers: Native RN module resolution (class com.reactnativecommunity.asyncstorage.AsyncStorageModule): no such class
11-23 21:20:46.765 22610 22610 I ViewInteraction: Checking 'MatchesViewAssertion(Detox){viewMatcher=(view has effective visibility <VISIBLE> and view.getGlobalVisibleRect() covers at least <75> percent of the view's area)}' assertion on view (view.getTag() is "onboarding-create-home-screen" and view has effective visibility <VISIBLE>)
11-23 21:20:46.791 22610 22610 D DetoxRNHelpers: Native RN module resolution (class com.reactnativecommunity.asyncstorage.AsyncStorageModule): no such class
11-23 21:20:46.794 22610 22610 D DetoxRNHelpers: Native RN module resolution (class com.reactnativecommunity.asyncstorage.AsyncStorageModule): no such class
11-23 21:20:46.797 22610 22610 D DetoxRNHelpers: Native RN module resolution (class com.reactnativecommunity.asyncstorage.AsyncStorageModule): no such class
11-23 21:20:46.799 22610 22610 D DetoxRNHelpers: Native RN module resolution (class com.reactnativecommunity.asyncstorage.AsyncStorageModule): no such class
11-23 21:20:46.840 22610 22610 I ViewInteraction: Checking 'MatchesViewAssertion(Detox){viewMatcher=(view has effective visibility <VISIBLE> and view.getGlobalVisibleRect() covers at least <75> percent of the view's area)}' assertion on view (view.getTag() is "onboarding-create-home-screen" and view has effective visibility <VISIBLE>)
11-23 21:20:46.866 22610 22610 D DetoxRNHelpers: Native RN module resolution (class com.reactnativecommunity.asyncstorage.AsyncStorageModule): no such class
11-23 21:20:46.868 22610 22610 D DetoxRNHelpers: Native RN module resolution (class com.reactnativecommunity.asyncstorage.AsyncStorageModule): no such class
11-23 21:20:46.872 22610 22610 D DetoxRNHelpers: Native RN module resolution (class com.reactnativecommunity.asyncstorage.AsyncStorageModule): no such class
11-23 21:20:46.874 22610 22610 D DetoxRNHelpers: Native RN module resolution (class com.reactnativecommunity.asyncstorage.AsyncStorageModule): no such class
11-23 21:20:46.915 22610 22610 I ViewInteraction: Checking 'MatchesViewAssertion(Detox){viewMatcher=(view has effective visibility <VISIBLE> and view.getGlobalVisibleRect() covers at least <75> percent of the view's area)}' assertion on view (view.getTag() is "onboarding-create-home-screen" and view has effective visibility <VISIBLE>)
11-23 21:20:46.941 22610 22610 D DetoxRNHelpers: Native RN module resolution (class com.reactnativecommunity.asyncstorage.AsyncStorageModule): no such class
11-23 21:20:46.944 22610 22610 D DetoxRNHelpers: Native RN module resolution (class com.reactnativecommunity.asyncstorage.AsyncStorageModule): no such class
11-23 21:20:46.947 22610 22610 D DetoxRNHelpers: Native RN module resolution (class com.reactnativecommunity.asyncstorage.AsyncStorageModule): no such class
11-23 21:20:46.949 22610 22610 D DetoxRNHelpers: Native RN module resolution (class com.reactnativecommunity.asyncstorage.AsyncStorageModule): no such class
11-23 21:20:47.011 22610 22610 I ViewInteraction: Checking 'MatchesViewAssertion(Detox){viewMatcher=(view has effective visibility <VISIBLE> and view.getGlobalVisibleRect() covers at least <75> percent of the view's area)}' assertion on view (view.getTag() is "onboarding-create-home-screen" and view has effective visibility <VISIBLE>)
11-23 21:20:47.039 22610 22610 D DetoxRNHelpers: Native RN module resolution (class com.reactnativecommunity.asyncstorage.AsyncStorageModule): no such class
11-23 21:20:47.041 22610 22610 D DetoxRNHelpers: Native RN module resolution (class com.reactnativecommunity.asyncstorage.AsyncStorageModule): no such class
11-23 21:20:47.044 22610 22610 D DetoxRNHelpers: Native RN module resolution (class com.reactnativecommunity.asyncstorage.AsyncStorageModule): no such class
11-23 21:20:47.046 22610 22610 D DetoxRNHelpers: Native RN module resolution (class com.reactnativecommunity.asyncstorage.AsyncStorageModule): no such class
11-23 21:20:47.085 22610 22610 I ViewInteraction: Checking 'MatchesViewAssertion(Detox){viewMatcher=(view has effective visibility <VISIBLE> and view.getGlobalVisibleRect() covers at least <75> percent of the view's area)}' assertion on view (view.getTag() is "onboarding-create-home-screen" and view has effective visibility <VISIBLE>)
11-23 21:20:47.113 22610 22610 D DetoxRNHelpers: Native RN module resolution (class com.reactnativecommunity.asyncstorage.AsyncStorageModule): no such class
11-23 21:20:47.115 22610 22610 D DetoxRNHelpers: Native RN module resolution (class com.reactnativecommunity.asyncstorage.AsyncStorageModule): no such class
11-23 21:20:47.118 22610 22610 D DetoxRNHelpers: Native RN module resolution (class com.reactnativecommunity.asyncstorage.AsyncStorageModule): no such class
11-23 21:20:47.121 22610 22610 D DetoxRNHelpers: Native RN module resolution (class com.reactnativecommunity.asyncstorage.AsyncStorageModule): no such class
11-23 21:20:47.163 22610 22610 I ViewInteraction: Checking 'MatchesViewAssertion(Detox){viewMatcher=(view has effective visibility <VISIBLE> and view.getGlobalVisibleRect() covers at least <75> percent of the view's area)}' assertion on view (view.getTag() is "onboarding-create-home-screen" and view has effective visibility <VISIBLE>)
11-23 21:20:47.188 22610 22610 D DetoxRNHelpers: Native RN module resolution (class com.reactnativecommunity.asyncstorage.AsyncStorageModule): no such class
11-23 21:20:47.190 22610 22610 D DetoxRNHelpers: Native RN module resolution (class com.reactnativecommunity.asyncstorage.AsyncStorageModule): no such class
11-23 21:20:47.194 22610 22610 D DetoxRNHelpers: Native RN module resolution (class com.reactnativecommunity.asyncstorage.AsyncStorageModule): no such class
11-23 21:20:47.196 22610 22610 D DetoxRNHelpers: Native RN module resolution (class com.reactnativecommunity.asyncstorage.AsyncStorageModule): no such class
11-23 21:20:47.237 22610 22610 I ViewInteraction: Checking 'MatchesViewAssertion(Detox){viewMatcher=(view has effective visibility <VISIBLE> and view.getGlobalVisibleRect() covers at least <75> percent of the view's area)}' assertion on view (view.getTag() is "onboarding-create-home-screen" and view has effective visibility <VISIBLE>)
11-23 21:20:47.264 22610 22610 D DetoxRNHelpers: Native RN module resolution (class com.reactnativecommunity.asyncstorage.AsyncStorageModule): no such class
11-23 21:20:47.266 22610 22610 D DetoxRNHelpers: Native RN module resolution (class com.reactnativecommunity.asyncstorage.AsyncStorageModule): no such class
11-23 21:20:47.269 22610 22610 D DetoxRNHelpers: Native RN module resolution (class com.reactnativecommunity.asyncstorage.AsyncStorageModule): no such class
11-23 21:20:47.270 22610 22610 D DetoxRNHelpers: Native RN module resolution (class com.reactnativecommunity.asyncstorage.AsyncStorageModule): no such class
11-23 21:20:47.310 22610 22610 I ViewInteraction: Checking 'MatchesViewAssertion(Detox){viewMatcher=(view has effective visibility <VISIBLE> and view.getGlobalVisibleRect() covers at least <75> percent of the view's area)}' assertion on view (view.getTag() is "onboarding-create-home-screen" and view has effective visibility <VISIBLE>)
11-23 21:20:47.338 22610 22610 D DetoxRNHelpers: Native RN module resolution (class com.reactnativecommunity.asyncstorage.AsyncStorageModule): no such class
11-23 21:20:47.340 22610 22610 D DetoxRNHelpers: Native RN module resolution (class com.reactnativecommunity.asyncstorage.AsyncStorageModule): no such class
11-23 21:20:47.343 22610 22610 D DetoxRNHelpers: Native RN module resolution (class com.reactnativecommunity.asyncstorage.AsyncStorageModule): no such class
11-23 21:20:47.346 22610 22610 D DetoxRNHelpers: Native RN module resolution (class com.reactnativecommunity.asyncstorage.AsyncStorageModule): no such class
11-23 21:20:47.387 22610 22610 I ViewInteraction: Checking 'MatchesViewAssertion(Detox){viewMatcher=(view has effective visibility <VISIBLE> and view.getGlobalVisibleRect() covers at least <75> percent of the view's area)}' assertion on view (view.getTag() is "onboarding-create-home-screen" and view has effective visibility <VISIBLE>)
11-23 21:20:47.415 22610 22610 D DetoxRNHelpers: Native RN module resolution (class com.reactnativecommunity.asyncstorage.AsyncStorageModule): no such class
11-23 21:20:47.418 22610 22610 D DetoxRNHelpers: Native RN module resolution (class com.reactnativecommunity.asyncstorage.AsyncStorageModule): no such class
11-23 21:20:47.421 22610 22610 D DetoxRNHelpers: Native RN module resolution (class com.reactnativecommunity.asyncstorage.AsyncStorageModule): no such class
11-23 21:20:47.423 22610 22610 D DetoxRNHelpers: Native RN module resolution (class com.reactnativecommunity.asyncstorage.AsyncStorageModule): no such class
11-23 21:20:47.465 22610 22610 I ViewInteraction: Checking 'MatchesViewAssertion(Detox){viewMatcher=(view has effective visibility <VISIBLE> and view.getGlobalVisibleRect() covers at least <75> percent of the view's area)}' assertion on view (view.getTag() is "onboarding-create-home-screen" and view has effective visibility <VISIBLE>)
11-23 21:20:47.481 22610 22610 I VRI[MainActivity]@8e53a52: call setFrameRateCategory for touch hint category=no preference, reason=boost timeout, vri=VRI[MainActivity]@8e53a52
11-23 21:20:47.491 22610 22610 D DetoxRNHelpers: Native RN module resolution (class com.reactnativecommunity.asyncstorage.AsyncStorageModule): no such class
11-23 21:20:47.493 22610 22610 D DetoxRNHelpers: Native RN module resolution (class com.reactnativecommunity.asyncstorage.AsyncStorageModule): no such class
11-23 21:20:47.497 22610 22610 D DetoxRNHelpers: Native RN module resolution (class com.reactnativecommunity.asyncstorage.AsyncStorageModule): no such class
11-23 21:20:47.499 22610 22610 D DetoxRNHelpers: Native RN module resolution (class com.reactnativecommunity.asyncstorage.AsyncStorageModule): no such class
11-23 21:20:47.542 22610 22610 I ViewInteraction: Checking 'MatchesViewAssertion(Detox){viewMatcher=(view has effective visibility <VISIBLE> and view.getGlobalVisibleRect() covers at least <75> percent of the view's area)}' assertion on view (view.getTag() is "onboarding-create-home-screen" and view has effective visibility <VISIBLE>)
11-23 21:20:47.570 22610 22610 D DetoxRNHelpers: Native RN module resolution (class com.reactnativecommunity.asyncstorage.AsyncStorageModule): no such class
11-23 21:20:47.574 22610 22610 D DetoxRNHelpers: Native RN module resolution (class com.reactnativecommunity.asyncstorage.AsyncStorageModule): no such class
11-23 21:20:47.577 22610 22610 D DetoxRNHelpers: Native RN module resolution (class com.reactnativecommunity.asyncstorage.AsyncStorageModule): no such class
11-23 21:20:47.581 22610 22610 D DetoxRNHelpers: Native RN module resolution (class com.reactnativecommunity.asyncstorage.AsyncStorageModule): no such class
11-23 21:20:47.622 22610 22610 I ViewInteraction: Checking 'MatchesViewAssertion(Detox){viewMatcher=(view has effective visibility <VISIBLE> and view.getGlobalVisibleRect() covers at least <75> percent of the view's area)}' assertion on view (view.getTag() is "onboarding-create-home-screen" and view has effective visibility <VISIBLE>)
11-23 21:20:47.654 22610 22610 D DetoxRNHelpers: Native RN module resolution (class com.reactnativecommunity.asyncstorage.AsyncStorageModule): no such class
11-23 21:20:47.657 22610 22610 D DetoxRNHelpers: Native RN module resolution (class com.reactnativecommunity.asyncstorage.AsyncStorageModule): no such class
11-23 21:20:47.658 22610 22655 I DetoxActionHandlers: Test exception
11-23 21:20:47.658 22610 22655 I DetoxActionHandlers: java.lang.reflect.InvocationTargetException
11-23 21:20:47.658 22610 22655 I DetoxActionHandlers: 	at java.lang.reflect.Method.invoke(Native Method)
11-23 21:20:47.658 22610 22655 I DetoxActionHandlers: 	at org.apache.commons.lang3.reflect.MethodUtils.invokeStaticMethod(MethodUtils.java:443)
11-23 21:20:47.658 22610 22655 I DetoxActionHandlers: 	at org.apache.commons.lang3.reflect.MethodUtils.invokeStaticMethod(MethodUtils.java:405)
11-23 21:20:47.658 22610 22655 I DetoxActionHandlers: 	at com.wix.invoke.types.ClassTarget.execute(ClassTarget.java:23)
11-23 21:20:47.658 22610 22655 I DetoxActionHandlers: 	at com.wix.invoke.types.Target.invoke(Target.java:59)
11-23 21:20:47.658 22610 22655 I DetoxActionHandlers: 	at com.wix.invoke.MethodInvocation.invoke(MethodInvocation.java:35)
11-23 21:20:47.658 22610 22655 I DetoxActionHandlers: 	at com.wix.invoke.MethodInvocation.invoke(MethodInvocation.java:26)
11-23 21:20:47.658 22610 22655 I DetoxActionHandlers: 	at com.wix.invoke.MethodInvocation.invoke(MethodInvocation.java:20)
11-23 21:20:47.658 22610 22655 I DetoxActionHandlers: 	at com.wix.detox.adapters.server.InvokeActionHandler.handle(DetoxActionHandlers.kt:54)
11-23 21:20:47.658 22610 22655 I DetoxActionHandlers: 	at com.wix.detox.adapters.server.ActionsExecutor.executeAction$lambda$2$lambda$1(DetoxActionsDispatcher.kt:76)
11-23 21:20:47.658 22610 22655 I DetoxActionHandlers: 	at com.wix.detox.adapters.server.ActionsExecutor.$r8$lambda$GVbB7LHtBHxNHGbgYnHJ6YrwCqs(Unknown Source:0)
11-23 21:20:47.658 22610 22655 I DetoxActionHandlers: 	at com.wix.detox.adapters.server.ActionsExecutor$$ExternalSyntheticLambda0.run(D8$$SyntheticClass:0)
11-23 21:20:47.658 22610 22655 I DetoxActionHandlers: 	at android.os.Handler.handleCallback(Handler.java:995)
11-23 21:20:47.658 22610 22655 I DetoxActionHandlers: 	at android.os.Handler.dispatchMessage(Handler.java:103)
11-23 21:20:47.658 22610 22655 I DetoxActionHandlers: 	at android.os.Looper.loopOnce(Looper.java:273)
11-23 21:20:47.658 22610 22655 I DetoxActionHandlers: 	at android.os.Looper.loop(Looper.java:363)
11-23 21:20:47.658 22610 22655 I DetoxActionHandlers: 	at com.wix.detox.adapters.server.ActionsExecutor._init_$lambda$0(DetoxActionsDispatcher.kt:62)
11-23 21:20:47.658 22610 22655 I DetoxActionHandlers: 	at com.wix.detox.adapters.server.ActionsExecutor.$r8$lambda$xlgL0CQim6vNM0wWEqM8JIDgZUE(Unknown Source:0)
11-23 21:20:47.658 22610 22655 I DetoxActionHandlers: 	at com.wix.detox.adapters.server.ActionsExecutor$$ExternalSyntheticLambda1.run(D8$$SyntheticClass:0)
11-23 21:20:47.658 22610 22655 I DetoxActionHandlers: 	at java.lang.Thread.run(Thread.java:1119)
11-23 21:20:47.658 22610 22655 I DetoxActionHandlers: Caused by: com.wix.detox.common.DetoxErrors$DetoxRuntimeException: 2.0sec timeout expired without matching of given matcher: (view has effective visibility <VISIBLE> and view.getGlobalVisibleRect() covers at least <75> percent of the view's area)
11-23 21:20:47.658 22610 22655 I DetoxActionHandlers: 	at com.wix.detox.espresso.DetoxAssertion.waitForAssertMatcher(DetoxAssertion.java:72)
11-23 21:20:47.658 22610 22655 I DetoxActionHandlers: 	... 20 more
11-23 21:20:47.659 22610 22655 I DetoxWSClient: Sending out action 'testFailed' (ID #29)
11-23 21:20:47.661 22610 22655 I DetoxDispatcher: Done with action 'invoke'
11-23 21:20:47.664 22610 22659 D DetoxWSClient: Received action 'invoke' (ID #30, params={"target":{"type":"Class","value":"com.wix.detox.espresso.DetoxAssertion"},"method":"waitForAssertMatcher","args":[{"type":"Invocation","value":{"target":{"type":"Class","value":"androidx.test.espresso.Espresso"},"method":"onView","args":[{"type":"Invocation","value":{"target":{"type":"Class","value":"com.wix.detox.espresso.DetoxMatcher"},"method":"matcherForTestId","args":["onboarding-create-shopping-list-screen",{"type":"boolean","value":false}]}}]}},{"type":"Invocation","value":{"target":{"type":"Class","value":"com.wix.detox.espresso.DetoxMatcher"},"method":"matcherForSufficientlyVisible","args":[{"type":"Integer","value":75}]}},{"type":"Double","value":2}]})
11-23 21:20:47.665 22610 22655 I DetoxDispatcher: Handling action 'invoke' (ID #30)...
11-23 21:20:47.666 22610 22655 D Detox   : class com.wix.detox.espresso.DetoxMatcher, matcherForTestId, [onboarding-create-shopping-list-screen, false]
11-23 21:20:47.667 22610 22655 D Detox   : class androidx.test.espresso.Espresso, onView, [(view.getTag() is "onboarding-create-shopping-list-screen" and view has effective visibility <VISIBLE>)]
11-23 21:20:47.668 22610 22655 D Detox   : class com.wix.detox.espresso.DetoxMatcher, matcherForSufficientlyVisible, [75]
11-23 21:20:47.669 22610 22655 D Detox   : class com.wix.detox.espresso.DetoxAssertion, waitForAssertMatcher, [androidx.test.espresso.ViewInteraction@92c413d, (view has effective visibility <VISIBLE> and view.getGlobalVisibleRect() covers at least <75> percent of the view's area), 2.0]
11-23 21:20:47.673 22610 22610 D DetoxRNHelpers: Native RN module resolution (class com.reactnativecommunity.asyncstorage.AsyncStorageModule): no such class
11-23 21:20:47.674 22610 22610 D DetoxRNHelpers: Native RN module resolution (class com.reactnativecommunity.asyncstorage.AsyncStorageModule): no such class
11-23 21:20:47.716 22610 22610 I ViewInteraction: Checking 'MatchesViewAssertion(Detox){viewMatcher=(view has effective visibility <VISIBLE> and view.getGlobalVisibleRect() covers at least <75> percent of the view's area)}' assertion on view (view.getTag() is "onboarding-create-shopping-list-screen" and view has effective visibility <VISIBLE>)
11-23 21:20:47.741 22610 22610 D DetoxRNHelpers: Native RN module resolution (class com.reactnativecommunity.asyncstorage.AsyncStorageModule): no such class
11-23 21:20:47.743 22610 22610 D DetoxRNHelpers: Native RN module resolution (class com.reactnativecommunity.asyncstorage.AsyncStorageModule): no such class
11-23 21:20:47.747 22610 22610 D DetoxRNHelpers: Native RN module resolution (class com.reactnativecommunity.asyncstorage.AsyncStorageModule): no such class
11-23 21:20:47.748 22610 22610 D DetoxRNHelpers: Native RN module resolution (class com.reactnativecommunity.asyncstorage.AsyncStorageModule): no such class
11-23 21:20:47.788 22610 22610 I ViewInteraction: Checking 'MatchesViewAssertion(Detox){viewMatcher=(view has effective visibility <VISIBLE> and view.getGlobalVisibleRect() covers at least <75> percent of the view's area)}' assertion on view (view.getTag() is "onboarding-create-shopping-list-screen" and view has effective visibility <VISIBLE>)
11-23 21:20:47.815 22610 22610 D DetoxRNHelpers: Native RN module resolution (class com.reactnativecommunity.asyncstorage.AsyncStorageModule): no such class
11-23 21:20:47.818 22610 22610 D DetoxRNHelpers: Native RN module resolution (class com.reactnativecommunity.asyncstorage.AsyncStorageModule): no such class
11-23 21:20:47.821 22610 22610 D DetoxRNHelpers: Native RN module resolution (class com.reactnativecommunity.asyncstorage.AsyncStorageModule): no such class
11-23 21:20:47.823 22610 22610 D DetoxRNHelpers: Native RN module resolution (class com.reactnativecommunity.asyncstorage.AsyncStorageModule): no such class
11-23 21:20:47.861 22610 22610 I ViewInteraction: Checking 'MatchesViewAssertion(Detox){viewMatcher=(view has effective visibility <VISIBLE> and view.getGlobalVisibleRect() covers at least <75> percent of the view's area)}' assertion on view (view.getTag() is "onboarding-create-shopping-list-screen" and view has effective visibility <VISIBLE>)
11-23 21:20:47.886 22610 22610 D DetoxRNHelpers: Native RN module resolution (class com.reactnativecommunity.asyncstorage.AsyncStorageModule): no such class
11-23 21:20:47.889 22610 22610 D DetoxRNHelpers: Native RN module resolution (class com.reactnativecommunity.asyncstorage.AsyncStorageModule): no such class
11-23 21:20:47.892 22610 22610 D DetoxRNHelpers: Native RN module resolution (class com.reactnativecommunity.asyncstorage.AsyncStorageModule): no such class
11-23 21:20:47.895 22610 22610 D DetoxRNHelpers: Native RN module resolution (class com.reactnativecommunity.asyncstorage.AsyncStorageModule): no such class
11-23 21:20:47.935 22610 22610 I ViewInteraction: Checking 'MatchesViewAssertion(Detox){viewMatcher=(view has effective visibility <VISIBLE> and view.getGlobalVisibleRect() covers at least <75> percent of the view's area)}' assertion on view (view.getTag() is "onboarding-create-shopping-list-screen" and view has effective visibility <VISIBLE>)
11-23 21:20:47.963 22610 22610 D DetoxRNHelpers: Native RN module resolution (class com.reactnativecommunity.asyncstorage.AsyncStorageModule): no such class
11-23 21:20:47.965 22610 22610 D DetoxRNHelpers: Native RN module resolution (class com.reactnativecommunity.asyncstorage.AsyncStorageModule): no such class
11-23 21:20:47.969 22610 22610 D DetoxRNHelpers: Native RN module resolution (class com.reactnativecommunity.asyncstorage.AsyncStorageModule): no such class
11-23 21:20:47.972 22610 22610 D DetoxRNHelpers: Native RN module resolution (class com.reactnativecommunity.asyncstorage.AsyncStorageModule): no such class
11-23 21:20:48.006 22610 22610 I ViewInteraction: Checking 'MatchesViewAssertion(Detox){viewMatcher=(view has effective visibility <VISIBLE> and view.getGlobalVisibleRect() covers at least <75> percent of the view's area)}' assertion on view (view.getTag() is "onboarding-create-shopping-list-screen" and view has effective visibility <VISIBLE>)
11-23 21:20:48.033 22610 22610 D DetoxRNHelpers: Native RN module resolution (class com.reactnativecommunity.asyncstorage.AsyncStorageModule): no such class
11-23 21:20:48.035 22610 22610 D DetoxRNHelpers: Native RN module resolution (class com.reactnativecommunity.asyncstorage.AsyncStorageModule): no such class
11-23 21:20:48.039 22610 22610 D DetoxRNHelpers: Native RN module resolution (class com.reactnativecommunity.asyncstorage.AsyncStorageModule): no such class
11-23 21:20:48.041 22610 22610 D DetoxRNHelpers: Native RN module resolution (class com.reactnativecommunity.asyncstorage.AsyncStorageModule): no such class
11-23 21:20:48.087 22610 22610 I ViewInteraction: Checking 'MatchesViewAssertion(Detox){viewMatcher=(view has effective visibility <VISIBLE> and view.getGlobalVisibleRect() covers at least <75> percent of the view's area)}' assertion on view (view.getTag() is "onboarding-create-shopping-list-screen" and view has effective visibility <VISIBLE>)
11-23 21:20:48.113 22610 22610 D DetoxRNHelpers: Native RN module resolution (class com.reactnativecommunity.asyncstorage.AsyncStorageModule): no such class
11-23 21:20:48.115 22610 22610 D DetoxRNHelpers: Native RN module resolution (class com.reactnativecommunity.asyncstorage.AsyncStorageModule): no such class
11-23 21:20:48.119 22610 22610 D DetoxRNHelpers: Native RN module resolution (class com.reactnativecommunity.asyncstorage.AsyncStorageModule): no such class
11-23 21:20:48.122 22610 22610 D DetoxRNHelpers: Native RN module resolution (class com.reactnativecommunity.asyncstorage.AsyncStorageModule): no such class
11-23 21:20:48.169 22610 22610 I ViewInteraction: Checking 'MatchesViewAssertion(Detox){viewMatcher=(view has effective visibility <VISIBLE> and view.getGlobalVisibleRect() covers at least <75> percent of the view's area)}' assertion on view (view.getTag() is "onboarding-create-shopping-list-screen" and view has effective visibility <VISIBLE>)
11-23 21:20:48.196 22610 22610 D DetoxRNHelpers: Native RN module resolution (class com.reactnativecommunity.asyncstorage.AsyncStorageModule): no such class
11-23 21:20:48.199 22610 22610 D DetoxRNHelpers: Native RN module resolution (class com.reactnativecommunity.asyncstorage.AsyncStorageModule): no such class
11-23 21:20:48.203 22610 22610 D DetoxRNHelpers: Native RN module resolution (class com.reactnativecommunity.asyncstorage.AsyncStorageModule): no such class
11-23 21:20:48.205 22610 22610 D DetoxRNHelpers: Native RN module resolution (class com.reactnativecommunity.asyncstorage.AsyncStorageModule): no such class
11-23 21:20:48.246 22610 22610 I ViewInteraction: Checking 'MatchesViewAssertion(Detox){viewMatcher=(view has effective visibility <VISIBLE> and view.getGlobalVisibleRect() covers at least <75> percent of the view's area)}' assertion on view (view.getTag() is "onboarding-create-shopping-list-screen" and view has effective visibility <VISIBLE>)
11-23 21:20:48.271 22610 22610 D DetoxRNHelpers: Native RN module resolution (class com.reactnativecommunity.asyncstorage.AsyncStorageModule): no such class
11-23 21:20:48.273 22610 22610 D DetoxRNHelpers: Native RN module resolution (class com.reactnativecommunity.asyncstorage.AsyncStorageModule): no such class
11-23 21:20:48.275 22610 22610 D DetoxRNHelpers: Native RN module resolution (class com.reactnativecommunity.asyncstorage.AsyncStorageModule): no such class
11-23 21:20:48.277 22610 22610 D DetoxRNHelpers: Native RN module resolution (class com.reactnativecommunity.asyncstorage.AsyncStorageModule): no such class
11-23 21:20:48.315 22610 22610 I ViewInteraction: Checking 'MatchesViewAssertion(Detox){viewMatcher=(view has effective visibility <VISIBLE> and view.getGlobalVisibleRect() covers at least <75> percent of the view's area)}' assertion on view (view.getTag() is "onboarding-create-shopping-list-screen" and view has effective visibility <VISIBLE>)
11-23 21:20:48.341 22610 22610 D DetoxRNHelpers: Native RN module resolution (class com.reactnativecommunity.asyncstorage.AsyncStorageModule): no such class
11-23 21:20:48.343 22610 22610 D DetoxRNHelpers: Native RN module resolution (class com.reactnativecommunity.asyncstorage.AsyncStorageModule): no such class
11-23 21:20:48.347 22610 22610 D DetoxRNHelpers: Native RN module resolution (class com.reactnativecommunity.asyncstorage.AsyncStorageModule): no such class
11-23 21:20:48.350 22610 22610 D DetoxRNHelpers: Native RN module resolution (class com.reactnativecommunity.asyncstorage.AsyncStorageModule): no such class
11-23 21:20:48.390 22610 22610 I ViewInteraction: Checking 'MatchesViewAssertion(Detox){viewMatcher=(view has effective visibility <VISIBLE> and view.getGlobalVisibleRect() covers at least <75> percent of the view's area)}' assertion on view (view.getTag() is "onboarding-create-shopping-list-screen" and view has effective visibility <VISIBLE>)
11-23 21:20:48.417 22610 22610 D DetoxRNHelpers: Native RN module resolution (class com.reactnativecommunity.asyncstorage.AsyncStorageModule): no such class
11-23 21:20:48.419 22610 22610 D DetoxRNHelpers: Native RN module resolution (class com.reactnativecommunity.asyncstorage.AsyncStorageModule): no such class
11-23 21:20:48.424 22610 22610 D DetoxRNHelpers: Native RN module resolution (class com.reactnativecommunity.asyncstorage.AsyncStorageModule): no such class
11-23 21:20:48.426 22610 22610 D DetoxRNHelpers: Native RN module resolution (class com.reactnativecommunity.asyncstorage.AsyncStorageModule): no such class
11-23 21:20:48.468 22610 22610 I ViewInteraction: Checking 'MatchesViewAssertion(Detox){viewMatcher=(view has effective visibility <VISIBLE> and view.getGlobalVisibleRect() covers at least <75> percent of the view's area)}' assertion on view (view.getTag() is "onboarding-create-shopping-list-screen" and view has effective visibility <VISIBLE>)
11-23 21:20:48.495 22610 22610 D DetoxRNHelpers: Native RN module resolution (class com.reactnativecommunity.asyncstorage.AsyncStorageModule): no such class
11-23 21:20:48.498 22610 22610 D DetoxRNHelpers: Native RN module resolution (class com.reactnativecommunity.asyncstorage.AsyncStorageModule): no such class
11-23 21:20:48.501 22610 22610 D DetoxRNHelpers: Native RN module resolution (class com.reactnativecommunity.asyncstorage.AsyncStorageModule): no such class
11-23 21:20:48.503 22610 22610 D DetoxRNHelpers: Native RN module resolution (class com.reactnativecommunity.asyncstorage.AsyncStorageModule): no such class
11-23 21:20:48.544 22610 22610 I ViewInteraction: Checking 'MatchesViewAssertion(Detox){viewMatcher=(view has effective visibility <VISIBLE> and view.getGlobalVisibleRect() covers at least <75> percent of the view's area)}' assertion on view (view.getTag() is "onboarding-create-shopping-list-screen" and view has effective visibility <VISIBLE>)
11-23 21:20:48.569 22610 22610 D DetoxRNHelpers: Native RN module resolution (class com.reactnativecommunity.asyncstorage.AsyncStorageModule): no such class
11-23 21:20:48.572 22610 22610 D DetoxRNHelpers: Native RN module resolution (class com.reactnativecommunity.asyncstorage.AsyncStorageModule): no such class
11-23 21:20:48.576 22610 22610 D DetoxRNHelpers: Native RN module resolution (class com.reactnativecommunity.asyncstorage.AsyncStorageModule): no such class
11-23 21:20:48.579 22610 22610 D DetoxRNHelpers: Native RN module resolution (class com.reactnativecommunity.asyncstorage.AsyncStorageModule): no such class
11-23 21:20:48.642 22610 22610 I ViewInteraction: Checking 'MatchesViewAssertion(Detox){viewMatcher=(view has effective visibility <VISIBLE> and view.getGlobalVisibleRect() covers at least <75> percent of the view's area)}' assertion on view (view.getTag() is "onboarding-create-shopping-list-screen" and view has effective visibility <VISIBLE>)
11-23 21:20:48.668 22610 22610 D DetoxRNHelpers: Native RN module resolution (class com.reactnativecommunity.asyncstorage.AsyncStorageModule): no such class
11-23 21:20:48.672 22610 22610 D DetoxRNHelpers: Native RN module resolution (class com.reactnativecommunity.asyncstorage.AsyncStorageModule): no such class
11-23 21:20:48.676 22610 22610 D DetoxRNHelpers: Native RN module resolution (class com.reactnativecommunity.asyncstorage.AsyncStorageModule): no such class
11-23 21:20:48.678 22610 22610 D DetoxRNHelpers: Native RN module resolution (class com.reactnativecommunity.asyncstorage.AsyncStorageModule): no such class
11-23 21:20:48.719 22610 22610 I ViewInteraction: Checking 'MatchesViewAssertion(Detox){viewMatcher=(view has effective visibility <VISIBLE> and view.getGlobalVisibleRect() covers at least <75> percent of the view's area)}' assertion on view (view.getTag() is "onboarding-create-shopping-list-screen" and view has effective visibility <VISIBLE>)
11-23 21:20:48.747 22610 22610 D DetoxRNHelpers: Native RN module resolution (class com.reactnativecommunity.asyncstorage.AsyncStorageModule): no such class
11-23 21:20:48.749 22610 22610 D DetoxRNHelpers: Native RN module resolution (class com.reactnativecommunity.asyncstorage.AsyncStorageModule): no such class
11-23 21:20:48.754 22610 22610 D DetoxRNHelpers: Native RN module resolution (class com.reactnativecommunity.asyncstorage.AsyncStorageModule): no such class
11-23 21:20:48.757 22610 22610 D DetoxRNHelpers: Native RN module resolution (class com.reactnativecommunity.asyncstorage.AsyncStorageModule): no such class
11-23 21:20:48.798 22610 22610 I ViewInteraction: Checking 'MatchesViewAssertion(Detox){viewMatcher=(view has effective visibility <VISIBLE> and view.getGlobalVisibleRect() covers at least <75> percent of the view's area)}' assertion on view (view.getTag() is "onboarding-create-shopping-list-screen" and view has effective visibility <VISIBLE>)
11-23 21:20:48.823 22610 22610 D DetoxRNHelpers: Native RN module resolution (class com.reactnativecommunity.asyncstorage.AsyncStorageModule): no such class
11-23 21:20:48.825 22610 22610 D DetoxRNHelpers: Native RN module resolution (class com.reactnativecommunity.asyncstorage.AsyncStorageModule): no such class
11-23 21:20:48.827 22610 22610 D DetoxRNHelpers: Native RN module resolution (class com.reactnativecommunity.asyncstorage.AsyncStorageModule): no such class
11-23 21:20:48.829 22610 22610 D DetoxRNHelpers: Native RN module resolution (class com.reactnativecommunity.asyncstorage.AsyncStorageModule): no such class
11-23 21:20:48.867 22610 22610 I ViewInteraction: Checking 'MatchesViewAssertion(Detox){viewMatcher=(view has effective visibility <VISIBLE> and view.getGlobalVisibleRect() covers at least <75> percent of the view's area)}' assertion on view (view.getTag() is "onboarding-create-shopping-list-screen" and view has effective visibility <VISIBLE>)
11-23 21:20:48.892 22610 22610 D DetoxRNHelpers: Native RN module resolution (class com.reactnativecommunity.asyncstorage.AsyncStorageModule): no such class
11-23 21:20:48.894 22610 22610 D DetoxRNHelpers: Native RN module resolution (class com.reactnativecommunity.asyncstorage.AsyncStorageModule): no such class
11-23 21:20:48.898 22610 22610 D DetoxRNHelpers: Native RN module resolution (class com.reactnativecommunity.asyncstorage.AsyncStorageModule): no such class
11-23 21:20:48.901 22610 22610 D DetoxRNHelpers: Native RN module resolution (class com.reactnativecommunity.asyncstorage.AsyncStorageModule): no such class
11-23 21:20:48.941 22610 22610 I ViewInteraction: Checking 'MatchesViewAssertion(Detox){viewMatcher=(view has effective visibility <VISIBLE> and view.getGlobalVisibleRect() covers at least <75> percent of the view's area)}' assertion on view (view.getTag() is "onboarding-create-shopping-list-screen" and view has effective visibility <VISIBLE>)
11-23 21:20:48.967 22610 22610 D DetoxRNHelpers: Native RN module resolution (class com.reactnativecommunity.asyncstorage.AsyncStorageModule): no such class
11-23 21:20:48.969 22610 22610 D DetoxRNHelpers: Native RN module resolution (class com.reactnativecommunity.asyncstorage.AsyncStorageModule): no such class
11-23 21:20:48.973 22610 22610 D DetoxRNHelpers: Native RN module resolution (class com.reactnativecommunity.asyncstorage.AsyncStorageModule): no such class
11-23 21:20:48.975 22610 22610 D DetoxRNHelpers: Native RN module resolution (class com.reactnativecommunity.asyncstorage.AsyncStorageModule): no such class
11-23 21:20:49.015 22610 22610 I ViewInteraction: Checking 'MatchesViewAssertion(Detox){viewMatcher=(view has effective visibility <VISIBLE> and view.getGlobalVisibleRect() covers at least <75> percent of the view's area)}' assertion on view (view.getTag() is "onboarding-create-shopping-list-screen" and view has effective visibility <VISIBLE>)
11-23 21:20:49.039 22610 22610 D DetoxRNHelpers: Native RN module resolution (class com.reactnativecommunity.asyncstorage.AsyncStorageModule): no such class
11-23 21:20:49.040 22610 22610 D DetoxRNHelpers: Native RN module resolution (class com.reactnativecommunity.asyncstorage.AsyncStorageModule): no such class
11-23 21:20:49.042 22610 22610 D DetoxRNHelpers: Native RN module resolution (class com.reactnativecommunity.asyncstorage.AsyncStorageModule): no such class
11-23 21:20:49.044 22610 22610 D DetoxRNHelpers: Native RN module resolution (class com.reactnativecommunity.asyncstorage.AsyncStorageModule): no such class
11-23 21:20:49.082 22610 22610 I ViewInteraction: Checking 'MatchesViewAssertion(Detox){viewMatcher=(view has effective visibility <VISIBLE> and view.getGlobalVisibleRect() covers at least <75> percent of the view's area)}' assertion on view (view.getTag() is "onboarding-create-shopping-list-screen" and view has effective visibility <VISIBLE>)
11-23 21:20:49.107 22610 22610 D DetoxRNHelpers: Native RN module resolution (class com.reactnativecommunity.asyncstorage.AsyncStorageModule): no such class
11-23 21:20:49.109 22610 22610 D DetoxRNHelpers: Native RN module resolution (class com.reactnativecommunity.asyncstorage.AsyncStorageModule): no such class
11-23 21:20:49.113 22610 22610 D DetoxRNHelpers: Native RN module resolution (class com.reactnativecommunity.asyncstorage.AsyncStorageModule): no such class
11-23 21:20:49.115 22610 22610 D DetoxRNHelpers: Native RN module resolution (class com.reactnativecommunity.asyncstorage.AsyncStorageModule): no such class
11-23 21:20:49.157 22610 22610 I ViewInteraction: Checking 'MatchesViewAssertion(Detox){viewMatcher=(view has effective visibility <VISIBLE> and view.getGlobalVisibleRect() covers at least <75> percent of the view's area)}' assertion on view (view.getTag() is "onboarding-create-shopping-list-screen" and view has effective visibility <VISIBLE>)
11-23 21:20:49.182 22610 22610 D DetoxRNHelpers: Native RN module resolution (class com.reactnativecommunity.asyncstorage.AsyncStorageModule): no such class
11-23 21:20:49.184 22610 22610 D DetoxRNHelpers: Native RN module resolution (class com.reactnativecommunity.asyncstorage.AsyncStorageModule): no such class
11-23 21:20:49.188 22610 22610 D DetoxRNHelpers: Native RN module resolution (class com.reactnativecommunity.asyncstorage.AsyncStorageModule): no such class
11-23 21:20:49.190 22610 22610 D DetoxRNHelpers: Native RN module resolution (class com.reactnativecommunity.asyncstorage.AsyncStorageModule): no such class
11-23 21:20:49.230 22610 22610 I ViewInteraction: Checking 'MatchesViewAssertion(Detox){viewMatcher=(view has effective visibility <VISIBLE> and view.getGlobalVisibleRect() covers at least <75> percent of the view's area)}' assertion on view (view.getTag() is "onboarding-create-shopping-list-screen" and view has effective visibility <VISIBLE>)
11-23 21:20:49.258 22610 22610 D DetoxRNHelpers: Native RN module resolution (class com.reactnativecommunity.asyncstorage.AsyncStorageModule): no such class
11-23 21:20:49.260 22610 22610 D DetoxRNHelpers: Native RN module resolution (class com.reactnativecommunity.asyncstorage.AsyncStorageModule): no such class
11-23 21:20:49.265 22610 22610 D DetoxRNHelpers: Native RN module resolution (class com.reactnativecommunity.asyncstorage.AsyncStorageModule): no such class
11-23 21:20:49.267 22610 22610 D DetoxRNHelpers: Native RN module resolution (class com.reactnativecommunity.asyncstorage.AsyncStorageModule): no such class
11-23 21:20:49.306 22610 22610 I ViewInteraction: Checking 'MatchesViewAssertion(Detox){viewMatcher=(view has effective visibility <VISIBLE> and view.getGlobalVisibleRect() covers at least <75> percent of the view's area)}' assertion on view (view.getTag() is "onboarding-create-shopping-list-screen" and view has effective visibility <VISIBLE>)
11-23 21:20:49.332 22610 22610 D DetoxRNHelpers: Native RN module resolution (class com.reactnativecommunity.asyncstorage.AsyncStorageModule): no such class
11-23 21:20:49.334 22610 22610 D DetoxRNHelpers: Native RN module resolution (class com.reactnativecommunity.asyncstorage.AsyncStorageModule): no such class
11-23 21:20:49.338 22610 22610 D DetoxRNHelpers: Native RN module resolution (class com.reactnativecommunity.asyncstorage.AsyncStorageModule): no such class
11-23 21:20:49.340 22610 22610 D DetoxRNHelpers: Native RN module resolution (class com.reactnativecommunity.asyncstorage.AsyncStorageModule): no such class
11-23 21:20:49.380 22610 22610 I ViewInteraction: Checking 'MatchesViewAssertion(Detox){viewMatcher=(view has effective visibility <VISIBLE> and view.getGlobalVisibleRect() covers at least <75> percent of the view's area)}' assertion on view (view.getTag() is "onboarding-create-shopping-list-screen" and view has effective visibility <VISIBLE>)
11-23 21:20:49.414 22610 22610 D DetoxRNHelpers: Native RN module resolution (class com.reactnativecommunity.asyncstorage.AsyncStorageModule): no such class
11-23 21:20:49.417 22610 22610 D DetoxRNHelpers: Native RN module resolution (class com.reactnativecommunity.asyncstorage.AsyncStorageModule): no such class
11-23 21:20:49.420 22610 22610 D DetoxRNHelpers: Native RN module resolution (class com.reactnativecommunity.asyncstorage.AsyncStorageModule): no such class
11-23 21:20:49.422 22610 22610 D DetoxRNHelpers: Native RN module resolution (class com.reactnativecommunity.asyncstorage.AsyncStorageModule): no such class
11-23 21:20:49.462 22610 22610 I ViewInteraction: Checking 'MatchesViewAssertion(Detox){viewMatcher=(view has effective visibility <VISIBLE> and view.getGlobalVisibleRect() covers at least <75> percent of the view's area)}' assertion on view (view.getTag() is "onboarding-create-shopping-list-screen" and view has effective visibility <VISIBLE>)
11-23 21:20:49.491 22610 22610 D DetoxRNHelpers: Native RN module resolution (class com.reactnativecommunity.asyncstorage.AsyncStorageModule): no such class
11-23 21:20:49.493 22610 22610 D DetoxRNHelpers: Native RN module resolution (class com.reactnativecommunity.asyncstorage.AsyncStorageModule): no such class
11-23 21:20:49.498 22610 22610 D DetoxRNHelpers: Native RN module resolution (class com.reactnativecommunity.asyncstorage.AsyncStorageModule): no such class
11-23 21:20:49.500 22610 22610 D DetoxRNHelpers: Native RN module resolution (class com.reactnativecommunity.asyncstorage.AsyncStorageModule): no such class
11-23 21:20:49.539 22610 22610 I ViewInteraction: Checking 'MatchesViewAssertion(Detox){viewMatcher=(view has effective visibility <VISIBLE> and view.getGlobalVisibleRect() covers at least <75> percent of the view's area)}' assertion on view (view.getTag() is "onboarding-create-shopping-list-screen" and view has effective visibility <VISIBLE>)
11-23 21:20:49.565 22610 22610 D DetoxRNHelpers: Native RN module resolution (class com.reactnativecommunity.asyncstorage.AsyncStorageModule): no such class
11-23 21:20:49.568 22610 22610 D DetoxRNHelpers: Native RN module resolution (class com.reactnativecommunity.asyncstorage.AsyncStorageModule): no such class
11-23 21:20:49.572 22610 22610 D DetoxRNHelpers: Native RN module resolution (class com.reactnativecommunity.asyncstorage.AsyncStorageModule): no such class
11-23 21:20:49.573 22610 22610 D DetoxRNHelpers: Native RN module resolution (class com.reactnativecommunity.asyncstorage.AsyncStorageModule): no such class
11-23 21:20:49.613 22610 22610 I ViewInteraction: Checking 'MatchesViewAssertion(Detox){viewMatcher=(view has effective visibility <VISIBLE> and view.getGlobalVisibleRect() covers at least <75> percent of the view's area)}' assertion on view (view.getTag() is "onboarding-create-shopping-list-screen" and view has effective visibility <VISIBLE>)
11-23 21:20:49.638 22610 22610 D DetoxRNHelpers: Native RN module resolution (class com.reactnativecommunity.asyncstorage.AsyncStorageModule): no such class
11-23 21:20:49.640 22610 22610 D DetoxRNHelpers: Native RN module resolution (class com.reactnativecommunity.asyncstorage.AsyncStorageModule): no such class
11-23 21:20:49.642 22610 22610 D DetoxRNHelpers: Native RN module resolution (class com.reactnativecommunity.asyncstorage.AsyncStorageModule): no such class
11-23 21:20:49.643 22610 22610 D DetoxRNHelpers: Native RN module resolution (class com.reactnativecommunity.asyncstorage.AsyncStorageModule): no such class
11-23 21:20:49.680 22610 22610 I ViewInteraction: Checking 'MatchesViewAssertion(Detox){viewMatcher=(view has effective visibility <VISIBLE> and view.getGlobalVisibleRect() covers at least <75> percent of the view's area)}' assertion on view (view.getTag() is "onboarding-create-shopping-list-screen" and view has effective visibility <VISIBLE>)
11-23 21:20:49.706 22610 22610 D DetoxRNHelpers: Native RN module resolution (class com.reactnativecommunity.asyncstorage.AsyncStorageModule): no such class
11-23 21:20:49.709 22610 22610 D DetoxRNHelpers: Native RN module resolution (class com.reactnativecommunity.asyncstorage.AsyncStorageModule): no such class
11-23 21:20:49.711 22610 22655 I DetoxActionHandlers: Test exception
11-23 21:20:49.711 22610 22655 I DetoxActionHandlers: java.lang.reflect.InvocationTargetException
11-23 21:20:49.711 22610 22655 I DetoxActionHandlers: 	at java.lang.reflect.Method.invoke(Native Method)
11-23 21:20:49.711 22610 22655 I DetoxActionHandlers: 	at org.apache.commons.lang3.reflect.MethodUtils.invokeStaticMethod(MethodUtils.java:443)
11-23 21:20:49.711 22610 22655 I DetoxActionHandlers: 	at org.apache.commons.lang3.reflect.MethodUtils.invokeStaticMethod(MethodUtils.java:405)
11-23 21:20:49.711 22610 22655 I DetoxActionHandlers: 	at com.wix.invoke.types.ClassTarget.execute(ClassTarget.java:23)
11-23 21:20:49.711 22610 22655 I DetoxActionHandlers: 	at com.wix.invoke.types.Target.invoke(Target.java:59)
11-23 21:20:49.711 22610 22655 I DetoxActionHandlers: 	at com.wix.invoke.MethodInvocation.invoke(MethodInvocation.java:35)
11-23 21:20:49.711 22610 22655 I DetoxActionHandlers: 	at com.wix.invoke.MethodInvocation.invoke(MethodInvocation.java:26)
11-23 21:20:49.711 22610 22655 I DetoxActionHandlers: 	at com.wix.invoke.MethodInvocation.invoke(MethodInvocation.java:20)
11-23 21:20:49.711 22610 22655 I DetoxActionHandlers: 	at com.wix.detox.adapters.server.InvokeActionHandler.handle(DetoxActionHandlers.kt:54)
11-23 21:20:49.711 22610 22655 I DetoxActionHandlers: 	at com.wix.detox.adapters.server.ActionsExecutor.executeAction$lambda$2$lambda$1(DetoxActionsDispatcher.kt:76)
11-23 21:20:49.711 22610 22655 I DetoxActionHandlers: 	at com.wix.detox.adapters.server.ActionsExecutor.$r8$lambda$GVbB7LHtBHxNHGbgYnHJ6YrwCqs(Unknown Source:0)
11-23 21:20:49.711 22610 22655 I DetoxActionHandlers: 	at com.wix.detox.adapters.server.ActionsExecutor$$ExternalSyntheticLambda0.run(D8$$SyntheticClass:0)
11-23 21:20:49.711 22610 22655 I DetoxActionHandlers: 	at android.os.Handler.handleCallback(Handler.java:995)
11-23 21:20:49.711 22610 22655 I DetoxActionHandlers: 	at android.os.Handler.dispatchMessage(Handler.java:103)
11-23 21:20:49.711 22610 22655 I DetoxActionHandlers: 	at android.os.Looper.loopOnce(Looper.java:273)
11-23 21:20:49.711 22610 22655 I DetoxActionHandlers: 	at android.os.Looper.loop(Looper.java:363)
11-23 21:20:49.711 22610 22655 I DetoxActionHandlers: 	at com.wix.detox.adapters.server.ActionsExecutor._init_$lambda$0(DetoxActionsDispatcher.kt:62)
11-23 21:20:49.711 22610 22655 I DetoxActionHandlers: 	at com.wix.detox.adapters.server.ActionsExecutor.$r8$lambda$xlgL0CQim6vNM0wWEqM8JIDgZUE(Unknown Source:0)
11-23 21:20:49.711 22610 22655 I DetoxActionHandlers: 	at com.wix.detox.adapters.server.ActionsExecutor$$ExternalSyntheticLambda1.run(D8$$SyntheticClass:0)
11-23 21:20:49.711 22610 22655 I DetoxActionHandlers: 	at java.lang.Thread.run(Thread.java:1119)
11-23 21:20:49.711 22610 22655 I DetoxActionHandlers: Caused by: com.wix.detox.common.DetoxErrors$DetoxRuntimeException: 2.0sec timeout expired without matching of given matcher: (view has effective visibility <VISIBLE> and view.getGlobalVisibleRect() covers at least <75> percent of the view's area)
11-23 21:20:49.711 22610 22655 I DetoxActionHandlers: 	at com.wix.detox.espresso.DetoxAssertion.waitForAssertMatcher(DetoxAssertion.java:72)
11-23 21:20:49.711 22610 22655 I DetoxActionHandlers: 	... 20 more
11-23 21:20:49.712 22610 22655 I DetoxWSClient: Sending out action 'testFailed' (ID #30)
11-23 21:20:49.713 22610 22655 I DetoxDispatcher: Done with action 'invoke'
11-23 21:20:49.719 22610 22659 D DetoxWSClient: Received action 'invoke' (ID #31, params={"target":{"type":"Class","value":"com.wix.detox.espresso.DetoxAssertion"},"method":"waitForAssertMatcher","args":[{"type":"Invocation","value":{"target":{"type":"Class","value":"androidx.test.espresso.Espresso"},"method":"onView","args":[{"type":"Invocation","value":{"target":{"type":"Class","value":"com.wix.detox.espresso.DetoxMatcher"},"method":"matcherForTestId","args":["onboarding-select-pantry-items-screen",{"type":"boolean","value":false}]}}]}},{"type":"Invocation","value":{"target":{"type":"Class","value":"com.wix.detox.espresso.DetoxMatcher"},"method":"matcherForSufficientlyVisible","args":[{"type":"Integer","value":75}]}},{"type":"Double","value":2}]})
11-23 21:20:49.720 22610 22655 I DetoxDispatcher: Handling action 'invoke' (ID #31)...
11-23 21:20:49.721 22610 22655 D Detox   : class com.wix.detox.espresso.DetoxMatcher, matcherForTestId, [onboarding-select-pantry-items-screen, false]
11-23 21:20:49.722 22610 22655 D Detox   : class androidx.test.espresso.Espresso, onView, [(view.getTag() is "onboarding-select-pantry-items-screen" and view has effective visibility <VISIBLE>)]
11-23 21:20:49.723 22610 22655 D Detox   : class com.wix.detox.espresso.DetoxMatcher, matcherForSufficientlyVisible, [75]
11-23 21:20:49.724 22610 22655 D Detox   : class com.wix.detox.espresso.DetoxAssertion, waitForAssertMatcher, [androidx.test.espresso.ViewInteraction@e001400, (view has effective visibility <VISIBLE> and view.getGlobalVisibleRect() covers at least <75> percent of the view's area), 2.0]
11-23 21:20:49.727 22610 22610 D DetoxRNHelpers: Native RN module resolution (class com.reactnativecommunity.asyncstorage.AsyncStorageModule): no such class
11-23 21:20:49.730 22610 22610 D DetoxRNHelpers: Native RN module resolution (class com.reactnativecommunity.asyncstorage.AsyncStorageModule): no such class
11-23 21:20:49.772 22610 22610 I ViewInteraction: Checking 'MatchesViewAssertion(Detox){viewMatcher=(view has effective visibility <VISIBLE> and view.getGlobalVisibleRect() covers at least <75> percent of the view's area)}' assertion on view (view.getTag() is "onboarding-select-pantry-items-screen" and view has effective visibility <VISIBLE>)
11-23 21:20:49.798 22610 22610 D DetoxRNHelpers: Native RN module resolution (class com.reactnativecommunity.asyncstorage.AsyncStorageModule): no such class
11-23 21:20:49.801 22610 22610 D DetoxRNHelpers: Native RN module resolution (class com.reactnativecommunity.asyncstorage.AsyncStorageModule): no such class
11-23 21:20:49.805 22610 22610 D DetoxRNHelpers: Native RN module resolution (class com.reactnativecommunity.asyncstorage.AsyncStorageModule): no such class
11-23 21:20:49.807 22610 22610 D DetoxRNHelpers: Native RN module resolution (class com.reactnativecommunity.asyncstorage.AsyncStorageModule): no such class
11-23 21:20:49.845 22610 22610 I ViewInteraction: Checking 'MatchesViewAssertion(Detox){viewMatcher=(view has effective visibility <VISIBLE> and view.getGlobalVisibleRect() covers at least <75> percent of the view's area)}' assertion on view (view.getTag() is "onboarding-select-pantry-items-screen" and view has effective visibility <VISIBLE>)
11-23 21:20:49.873 22610 22610 D DetoxRNHelpers: Native RN module resolution (class com.reactnativecommunity.asyncstorage.AsyncStorageModule): no such class
11-23 21:20:49.875 22610 22610 D DetoxRNHelpers: Native RN module resolution (class com.reactnativecommunity.asyncstorage.AsyncStorageModule): no such class
11-23 21:20:49.879 22610 22610 D DetoxRNHelpers: Native RN module resolution (class com.reactnativecommunity.asyncstorage.AsyncStorageModule): no such class
11-23 21:20:49.880 22610 22610 D DetoxRNHelpers: Native RN module resolution (class com.reactnativecommunity.asyncstorage.AsyncStorageModule): no such class
11-23 21:20:49.920 22610 22610 I ViewInteraction: Checking 'MatchesViewAssertion(Detox){viewMatcher=(view has effective visibility <VISIBLE> and view.getGlobalVisibleRect() covers at least <75> percent of the view's area)}' assertion on view (view.getTag() is "onboarding-select-pantry-items-screen" and view has effective visibility <VISIBLE>)
11-23 21:20:49.949 22610 22610 D DetoxRNHelpers: Native RN module resolution (class com.reactnativecommunity.asyncstorage.AsyncStorageModule): no such class
11-23 21:20:49.951 22610 22610 D DetoxRNHelpers: Native RN module resolution (class com.reactnativecommunity.asyncstorage.AsyncStorageModule): no such class
11-23 21:20:49.955 22610 22610 D DetoxRNHelpers: Native RN module resolution (class com.reactnativecommunity.asyncstorage.AsyncStorageModule): no such class
11-23 21:20:49.957 22610 22610 D DetoxRNHelpers: Native RN module resolution (class com.reactnativecommunity.asyncstorage.AsyncStorageModule): no such class
11-23 21:20:49.997 22610 22610 I ViewInteraction: Checking 'MatchesViewAssertion(Detox){viewMatcher=(view has effective visibility <VISIBLE> and view.getGlobalVisibleRect() covers at least <75> percent of the view's area)}' assertion on view (view.getTag() is "onboarding-select-pantry-items-screen" and view has effective visibility <VISIBLE>)
11-23 21:20:50.024 22610 22610 D DetoxRNHelpers: Native RN module resolution (class com.reactnativecommunity.asyncstorage.AsyncStorageModule): no such class
11-23 21:20:50.025 22610 22610 D DetoxRNHelpers: Native RN module resolution (class com.reactnativecommunity.asyncstorage.AsyncStorageModule): no such class
11-23 21:20:50.028 22610 22610 D DetoxRNHelpers: Native RN module resolution (class com.reactnativecommunity.asyncstorage.AsyncStorageModule): no such class
11-23 21:20:50.030 22610 22610 D DetoxRNHelpers: Native RN module resolution (class com.reactnativecommunity.asyncstorage.AsyncStorageModule): no such class
11-23 21:20:50.067 22610 22610 I ViewInteraction: Checking 'MatchesViewAssertion(Detox){viewMatcher=(view has effective visibility <VISIBLE> and view.getGlobalVisibleRect() covers at least <75> percent of the view's area)}' assertion on view (view.getTag() is "onboarding-select-pantry-items-screen" and view has effective visibility <VISIBLE>)
11-23 21:20:50.093 22610 22610 D DetoxRNHelpers: Native RN module resolution (class com.reactnativecommunity.asyncstorage.AsyncStorageModule): no such class
11-23 21:20:50.097 22610 22610 D DetoxRNHelpers: Native RN module resolution (class com.reactnativecommunity.asyncstorage.AsyncStorageModule): no such class
11-23 21:20:50.100 22610 22610 D DetoxRNHelpers: Native RN module resolution (class com.reactnativecommunity.asyncstorage.AsyncStorageModule): no such class
11-23 21:20:50.101 22610 22610 D DetoxRNHelpers: Native RN module resolution (class com.reactnativecommunity.asyncstorage.AsyncStorageModule): no such class
11-23 21:20:50.141 22610 22610 I ViewInteraction: Checking 'MatchesViewAssertion(Detox){viewMatcher=(view has effective visibility <VISIBLE> and view.getGlobalVisibleRect() covers at least <75> percent of the view's area)}' assertion on view (view.getTag() is "onboarding-select-pantry-items-screen" and view has effective visibility <VISIBLE>)
11-23 21:20:50.166 22610 22610 D DetoxRNHelpers: Native RN module resolution (class com.reactnativecommunity.asyncstorage.AsyncStorageModule): no such class
11-23 21:20:50.169 22610 22610 D DetoxRNHelpers: Native RN module resolution (class com.reactnativecommunity.asyncstorage.AsyncStorageModule): no such class
11-23 21:20:50.173 22610 22610 D DetoxRNHelpers: Native RN module resolution (class com.reactnativecommunity.asyncstorage.AsyncStorageModule): no such class
11-23 21:20:50.174 22610 22610 D DetoxRNHelpers: Native RN module resolution (class com.reactnativecommunity.asyncstorage.AsyncStorageModule): no such class
11-23 21:20:50.213 22610 22610 I ViewInteraction: Checking 'MatchesViewAssertion(Detox){viewMatcher=(view has effective visibility <VISIBLE> and view.getGlobalVisibleRect() covers at least <75> percent of the view's area)}' assertion on view (view.getTag() is "onboarding-select-pantry-items-screen" and view has effective visibility <VISIBLE>)
11-23 21:20:50.240 22610 22610 D DetoxRNHelpers: Native RN module resolution (class com.reactnativecommunity.asyncstorage.AsyncStorageModule): no such class
11-23 21:20:50.244 22610 22610 D DetoxRNHelpers: Native RN module resolution (class com.reactnativecommunity.asyncstorage.AsyncStorageModule): no such class
11-23 21:20:50.246 22610 22610 D DetoxRNHelpers: Native RN module resolution (class com.reactnativecommunity.asyncstorage.AsyncStorageModule): no such class
11-23 21:20:50.309 22610 22610 I ViewInteraction: Checking 'MatchesViewAssertion(Detox){viewMatcher=(view has effective visibility <VISIBLE> and view.getGlobalVisibleRect() covers at least <75> percent of the view's area)}' assertion on view (view.getTag() is "onboarding-select-pantry-items-screen" and view has effective visibility <VISIBLE>)
11-23 21:20:50.314 22610 22615 I ev.souschef.app: Background concurrent mark compact GC freed 27MB AllocSpace bytes, 99(12MB) LOS objects, 66% free, 17MB/52MB, paused 752us,3.346ms total 102.156ms
11-23 21:20:50.338 22610 22610 D DetoxRNHelpers: Native RN module resolution (class com.reactnativecommunity.asyncstorage.AsyncStorageModule): no such class
11-23 21:20:50.338 22610 22610 I Detox   : Network is busy, with 1 in-flight calls
11-23 21:20:50.340 22610 22610 D DetoxRNHelpers: Native RN module resolution (class com.reactnativecommunity.asyncstorage.AsyncStorageModule): no such class
11-23 21:20:50.343 22610 22610 I Detox   : Network is busy, with 1 in-flight calls
11-23 21:20:50.352 22610 22610 I Detox   : Network is busy, with 1 in-flight calls
11-23 21:20:50.361 22610 22610 I Detox   : Network is busy, with 1 in-flight calls
11-23 21:20:50.371 22610 22610 I Detox   : Network is busy, with 1 in-flight calls
11-23 21:20:50.376 22610 22610 I Detox   : Network is busy, with 1 in-flight calls
11-23 21:20:50.386 22610 22610 I Detox   : Network is busy, with 1 in-flight calls
11-23 21:20:50.400 22610 22610 D DetoxRNHelpers: Native RN module resolution (class com.reactnativecommunity.asyncstorage.AsyncStorageModule): no such class
11-23 21:20:50.404 22610 22610 D DetoxRNHelpers: Native RN module resolution (class com.reactnativecommunity.asyncstorage.AsyncStorageModule): no such class
11-23 21:20:50.406 22610 22610 D DetoxRNHelpers: Native RN module resolution (class com.reactnativecommunity.asyncstorage.AsyncStorageModule): no such class
11-23 21:20:50.447 22610 22610 I ViewInteraction: Checking 'MatchesViewAssertion(Detox){viewMatcher=(view has effective visibility <VISIBLE> and view.getGlobalVisibleRect() covers at least <75> percent of the view's area)}' assertion on view (view.getTag() is "onboarding-select-pantry-items-screen" and view has effective visibility <VISIBLE>)
11-23 21:20:50.473 22610 22610 D DetoxRNHelpers: Native RN module resolution (class com.reactnativecommunity.asyncstorage.AsyncStorageModule): no such class
11-23 21:20:50.474 22610 22610 D DetoxRNHelpers: Native RN module resolution (class com.reactnativecommunity.asyncstorage.AsyncStorageModule): no such class
11-23 21:20:50.477 22610 22610 D DetoxRNHelpers: Native RN module resolution (class com.reactnativecommunity.asyncstorage.AsyncStorageModule): no such class
11-23 21:20:50.479 22610 22610 D DetoxRNHelpers: Native RN module resolution (class com.reactnativecommunity.asyncstorage.AsyncStorageModule): no such class
11-23 21:20:50.516 22610 22610 I ViewInteraction: Checking 'MatchesViewAssertion(Detox){viewMatcher=(view has effective visibility <VISIBLE> and view.getGlobalVisibleRect() covers at least <75> percent of the view's area)}' assertion on view (view.getTag() is "onboarding-select-pantry-items-screen" and view has effective visibility <VISIBLE>)
11-23 21:20:50.543 22610 22610 D DetoxRNHelpers: Native RN module resolution (class com.reactnativecommunity.asyncstorage.AsyncStorageModule): no such class
11-23 21:20:50.546 22610 22610 D DetoxRNHelpers: Native RN module resolution (class com.reactnativecommunity.asyncstorage.AsyncStorageModule): no such class
11-23 21:20:50.549 22610 22610 D DetoxRNHelpers: Native RN module resolution (class com.reactnativecommunity.asyncstorage.AsyncStorageModule): no such class
11-23 21:20:50.551 22610 22610 D DetoxRNHelpers: Native RN module resolution (class com.reactnativecommunity.asyncstorage.AsyncStorageModule): no such class
11-23 21:20:50.590 22610 22610 I ViewInteraction: Checking 'MatchesViewAssertion(Detox){viewMatcher=(view has effective visibility <VISIBLE> and view.getGlobalVisibleRect() covers at least <75> percent of the view's area)}' assertion on view (view.getTag() is "onboarding-select-pantry-items-screen" and view has effective visibility <VISIBLE>)
11-23 21:20:50.617 22610 22610 D DetoxRNHelpers: Native RN module resolution (class com.reactnativecommunity.asyncstorage.AsyncStorageModule): no such class
11-23 21:20:50.621 22610 22610 D DetoxRNHelpers: Native RN module resolution (class com.reactnativecommunity.asyncstorage.AsyncStorageModule): no such class
11-23 21:20:50.624 22610 22610 D DetoxRNHelpers: Native RN module resolution (class com.reactnativecommunity.asyncstorage.AsyncStorageModule): no such class
11-23 21:20:50.626 22610 22610 D DetoxRNHelpers: Native RN module resolution (class com.reactnativecommunity.asyncstorage.AsyncStorageModule): no such class
11-23 21:20:50.667 22610 22610 I ViewInteraction: Checking 'MatchesViewAssertion(Detox){viewMatcher=(view has effective visibility <VISIBLE> and view.getGlobalVisibleRect() covers at least <75> percent of the view's area)}' assertion on view (view.getTag() is "onboarding-select-pantry-items-screen" and view has effective visibility <VISIBLE>)
11-23 21:20:50.694 22610 22610 D DetoxRNHelpers: Native RN module resolution (class com.reactnativecommunity.asyncstorage.AsyncStorageModule): no such class
11-23 21:20:50.698 22610 22610 D DetoxRNHelpers: Native RN module resolution (class com.reactnativecommunity.asyncstorage.AsyncStorageModule): no such class
11-23 21:20:50.702 22610 22610 D DetoxRNHelpers: Native RN module resolution (class com.reactnativecommunity.asyncstorage.AsyncStorageModule): no such class
11-23 21:20:50.704 22610 22610 D DetoxRNHelpers: Native RN module resolution (class com.reactnativecommunity.asyncstorage.AsyncStorageModule): no such class
11-23 21:20:50.743 22610 22610 I ViewInteraction: Checking 'MatchesViewAssertion(Detox){viewMatcher=(view has effective visibility <VISIBLE> and view.getGlobalVisibleRect() covers at least <75> percent of the view's area)}' assertion on view (view.getTag() is "onboarding-select-pantry-items-screen" and view has effective visibility <VISIBLE>)
11-23 21:20:50.772 22610 22610 D DetoxRNHelpers: Native RN module resolution (class com.reactnativecommunity.asyncstorage.AsyncStorageModule): no such class
11-23 21:20:50.774 22610 22610 D DetoxRNHelpers: Native RN module resolution (class com.reactnativecommunity.asyncstorage.AsyncStorageModule): no such class
11-23 21:20:50.778 22610 22610 D DetoxRNHelpers: Native RN module resolution (class com.reactnativecommunity.asyncstorage.AsyncStorageModule): no such class
11-23 21:20:50.781 22610 22610 D DetoxRNHelpers: Native RN module resolution (class com.reactnativecommunity.asyncstorage.AsyncStorageModule): no such class
11-23 21:20:50.821 22610 22610 I ViewInteraction: Checking 'MatchesViewAssertion(Detox){viewMatcher=(view has effective visibility <VISIBLE> and view.getGlobalVisibleRect() covers at least <75> percent of the view's area)}' assertion on view (view.getTag() is "onboarding-select-pantry-items-screen" and view has effective visibility <VISIBLE>)
11-23 21:20:50.845 22610 22610 D DetoxRNHelpers: Native RN module resolution (class com.reactnativecommunity.asyncstorage.AsyncStorageModule): no such class
11-23 21:20:50.846 22610 22610 D DetoxRNHelpers: Native RN module resolution (class com.reactnativecommunity.asyncstorage.AsyncStorageModule): no such class
11-23 21:20:50.849 22610 22610 D DetoxRNHelpers: Native RN module resolution (class com.reactnativecommunity.asyncstorage.AsyncStorageModule): no such class
11-23 21:20:50.850 22610 22610 D DetoxRNHelpers: Native RN module resolution (class com.reactnativecommunity.asyncstorage.AsyncStorageModule): no such class
11-23 21:20:50.887 22610 22610 I ViewInteraction: Checking 'MatchesViewAssertion(Detox){viewMatcher=(view has effective visibility <VISIBLE> and view.getGlobalVisibleRect() covers at least <75> percent of the view's area)}' assertion on view (view.getTag() is "onboarding-select-pantry-items-screen" and view has effective visibility <VISIBLE>)
11-23 21:20:50.914 22610 22610 D DetoxRNHelpers: Native RN module resolution (class com.reactnativecommunity.asyncstorage.AsyncStorageModule): no such class
11-23 21:20:50.917 22610 22610 D DetoxRNHelpers: Native RN module resolution (class com.reactnativecommunity.asyncstorage.AsyncStorageModule): no such class
11-23 21:20:50.920 22610 22610 D DetoxRNHelpers: Native RN module resolution (class com.reactnativecommunity.asyncstorage.AsyncStorageModule): no such class
11-23 21:20:50.923 22610 22610 D DetoxRNHelpers: Native RN module resolution (class com.reactnativecommunity.asyncstorage.AsyncStorageModule): no such class
11-23 21:20:50.962 22610 22610 I ViewInteraction: Checking 'MatchesViewAssertion(Detox){viewMatcher=(view has effective visibility <VISIBLE> and view.getGlobalVisibleRect() covers at least <75> percent of the view's area)}' assertion on view (view.getTag() is "onboarding-select-pantry-items-screen" and view has effective visibility <VISIBLE>)
11-23 21:20:50.990 22610 22610 D DetoxRNHelpers: Native RN module resolution (class com.reactnativecommunity.asyncstorage.AsyncStorageModule): no such class
11-23 21:20:50.992 22610 22610 D DetoxRNHelpers: Native RN module resolution (class com.reactnativecommunity.asyncstorage.AsyncStorageModule): no such class
11-23 21:20:50.996 22610 22610 D DetoxRNHelpers: Native RN module resolution (class com.reactnativecommunity.asyncstorage.AsyncStorageModule): no such class
11-23 21:20:50.998 22610 22610 D DetoxRNHelpers: Native RN module resolution (class com.reactnativecommunity.asyncstorage.AsyncStorageModule): no such class
11-23 21:20:51.036 22610 22610 I ViewInteraction: Checking 'MatchesViewAssertion(Detox){viewMatcher=(view has effective visibility <VISIBLE> and view.getGlobalVisibleRect() covers at least <75> percent of the view's area)}' assertion on view (view.getTag() is "onboarding-select-pantry-items-screen" and view has effective visibility <VISIBLE>)
11-23 21:20:51.065 22610 22610 D DetoxRNHelpers: Native RN module resolution (class com.reactnativecommunity.asyncstorage.AsyncStorageModule): no such class
11-23 21:20:51.067 22610 22610 D DetoxRNHelpers: Native RN module resolution (class com.reactnativecommunity.asyncstorage.AsyncStorageModule): no such class
11-23 21:20:51.070 22610 22610 D DetoxRNHelpers: Native RN module resolution (class com.reactnativecommunity.asyncstorage.AsyncStorageModule): no such class
11-23 21:20:51.072 22610 22610 D DetoxRNHelpers: Native RN module resolution (class com.reactnativecommunity.asyncstorage.AsyncStorageModule): no such class
11-23 21:20:51.110 22610 22610 I ViewInteraction: Checking 'MatchesViewAssertion(Detox){viewMatcher=(view has effective visibility <VISIBLE> and view.getGlobalVisibleRect() covers at least <75> percent of the view's area)}' assertion on view (view.getTag() is "onboarding-select-pantry-items-screen" and view has effective visibility <VISIBLE>)
11-23 21:20:51.142 22610 22610 D DetoxRNHelpers: Native RN module resolution (class com.reactnativecommunity.asyncstorage.AsyncStorageModule): no such class
11-23 21:20:51.145 22610 22610 D DetoxRNHelpers: Native RN module resolution (class com.reactnativecommunity.asyncstorage.AsyncStorageModule): no such class
11-23 21:20:51.150 22610 22610 D DetoxRNHelpers: Native RN module resolution (class com.reactnativecommunity.asyncstorage.AsyncStorageModule): no such class
11-23 21:20:51.151 22610 22610 D DetoxRNHelpers: Native RN module resolution (class com.reactnativecommunity.asyncstorage.AsyncStorageModule): no such class
11-23 21:20:51.187 22610 22610 I ViewInteraction: Checking 'MatchesViewAssertion(Detox){viewMatcher=(view has effective visibility <VISIBLE> and view.getGlobalVisibleRect() covers at least <75> percent of the view's area)}' assertion on view (view.getTag() is "onboarding-select-pantry-items-screen" and view has effective visibility <VISIBLE>)
11-23 21:20:51.213 22610 22610 D DetoxRNHelpers: Native RN module resolution (class com.reactnativecommunity.asyncstorage.AsyncStorageModule): no such class
11-23 21:20:51.216 22610 22610 D DetoxRNHelpers: Native RN module resolution (class com.reactnativecommunity.asyncstorage.AsyncStorageModule): no such class
11-23 21:20:51.219 22610 22610 D DetoxRNHelpers: Native RN module resolution (class com.reactnativecommunity.asyncstorage.AsyncStorageModule): no such class
11-23 21:20:51.222 22610 22610 D DetoxRNHelpers: Native RN module resolution (class com.reactnativecommunity.asyncstorage.AsyncStorageModule): no such class
11-23 21:20:51.260 22610 22610 I ViewInteraction: Checking 'MatchesViewAssertion(Detox){viewMatcher=(view has effective visibility <VISIBLE> and view.getGlobalVisibleRect() covers at least <75> percent of the view's area)}' assertion on view (view.getTag() is "onboarding-select-pantry-items-screen" and view has effective visibility <VISIBLE>)
11-23 21:20:51.285 22610 22610 D DetoxRNHelpers: Native RN module resolution (class com.reactnativecommunity.asyncstorage.AsyncStorageModule): no such class
11-23 21:20:51.288 22610 22610 D DetoxRNHelpers: Native RN module resolution (class com.reactnativecommunity.asyncstorage.AsyncStorageModule): no such class
11-23 21:20:51.291 22610 22610 D DetoxRNHelpers: Native RN module resolution (class com.reactnativecommunity.asyncstorage.AsyncStorageModule): no such class
11-23 21:20:51.293 22610 22610 D DetoxRNHelpers: Native RN module resolution (class com.reactnativecommunity.asyncstorage.AsyncStorageModule): no such class
11-23 21:20:51.333 22610 22610 I ViewInteraction: Checking 'MatchesViewAssertion(Detox){viewMatcher=(view has effective visibility <VISIBLE> and view.getGlobalVisibleRect() covers at least <75> percent of the view's area)}' assertion on view (view.getTag() is "onboarding-select-pantry-items-screen" and view has effective visibility <VISIBLE>)
11-23 21:20:51.360 22610 22610 D DetoxRNHelpers: Native RN module resolution (class com.reactnativecommunity.asyncstorage.AsyncStorageModule): no such class
11-23 21:20:51.363 22610 22610 D DetoxRNHelpers: Native RN module resolution (class com.reactnativecommunity.asyncstorage.AsyncStorageModule): no such class
11-23 21:20:51.366 22610 22610 D DetoxRNHelpers: Native RN module resolution (class com.reactnativecommunity.asyncstorage.AsyncStorageModule): no such class
11-23 21:20:51.369 22610 22610 D DetoxRNHelpers: Native RN module resolution (class com.reactnativecommunity.asyncstorage.AsyncStorageModule): no such class
11-23 21:20:51.408 22610 22610 I ViewInteraction: Checking 'MatchesViewAssertion(Detox){viewMatcher=(view has effective visibility <VISIBLE> and view.getGlobalVisibleRect() covers at least <75> percent of the view's area)}' assertion on view (view.getTag() is "onboarding-select-pantry-items-screen" and view has effective visibility <VISIBLE>)
11-23 21:20:51.435 22610 22610 D DetoxRNHelpers: Native RN module resolution (class com.reactnativecommunity.asyncstorage.AsyncStorageModule): no such class
11-23 21:20:51.439 22610 22610 D DetoxRNHelpers: Native RN module resolution (class com.reactnativecommunity.asyncstorage.AsyncStorageModule): no such class
11-23 21:20:51.442 22610 22610 D DetoxRNHelpers: Native RN module resolution (class com.reactnativecommunity.asyncstorage.AsyncStorageModule): no such class
11-23 21:20:51.445 22610 22610 D DetoxRNHelpers: Native RN module resolution (class com.reactnativecommunity.asyncstorage.AsyncStorageModule): no such class
11-23 21:20:51.482 22610 22610 I ViewInteraction: Checking 'MatchesViewAssertion(Detox){viewMatcher=(view has effective visibility <VISIBLE> and view.getGlobalVisibleRect() covers at least <75> percent of the view's area)}' assertion on view (view.getTag() is "onboarding-select-pantry-items-screen" and view has effective visibility <VISIBLE>)
11-23 21:20:51.508 22610 22610 D DetoxRNHelpers: Native RN module resolution (class com.reactnativecommunity.asyncstorage.AsyncStorageModule): no such class
11-23 21:20:51.510 22610 22610 D DetoxRNHelpers: Native RN module resolution (class com.reactnativecommunity.asyncstorage.AsyncStorageModule): no such class
11-23 21:20:51.514 22610 22610 D DetoxRNHelpers: Native RN module resolution (class com.reactnativecommunity.asyncstorage.AsyncStorageModule): no such class
11-23 21:20:51.516 22610 22610 D DetoxRNHelpers: Native RN module resolution (class com.reactnativecommunity.asyncstorage.AsyncStorageModule): no such class
11-23 21:20:51.554 22610 22610 I ViewInteraction: Checking 'MatchesViewAssertion(Detox){viewMatcher=(view has effective visibility <VISIBLE> and view.getGlobalVisibleRect() covers at least <75> percent of the view's area)}' assertion on view (view.getTag() is "onboarding-select-pantry-items-screen" and view has effective visibility <VISIBLE>)
11-23 21:20:51.582 22610 22610 D DetoxRNHelpers: Native RN module resolution (class com.reactnativecommunity.asyncstorage.AsyncStorageModule): no such class
11-23 21:20:51.585 22610 22610 D DetoxRNHelpers: Native RN module resolution (class com.reactnativecommunity.asyncstorage.AsyncStorageModule): no such class
11-23 21:20:51.589 22610 22610 D DetoxRNHelpers: Native RN module resolution (class com.reactnativecommunity.asyncstorage.AsyncStorageModule): no such class
11-23 21:20:51.591 22610 22610 D DetoxRNHelpers: Native RN module resolution (class com.reactnativecommunity.asyncstorage.AsyncStorageModule): no such class
11-23 21:20:51.628 22610 22610 I ViewInteraction: Checking 'MatchesViewAssertion(Detox){viewMatcher=(view has effective visibility <VISIBLE> and view.getGlobalVisibleRect() covers at least <75> percent of the view's area)}' assertion on view (view.getTag() is "onboarding-select-pantry-items-screen" and view has effective visibility <VISIBLE>)
11-23 21:20:51.655 22610 22610 D DetoxRNHelpers: Native RN module resolution (class com.reactnativecommunity.asyncstorage.AsyncStorageModule): no such class
11-23 21:20:51.658 22610 22610 D DetoxRNHelpers: Native RN module resolution (class com.reactnativecommunity.asyncstorage.AsyncStorageModule): no such class
11-23 21:20:51.661 22610 22610 D DetoxRNHelpers: Native RN module resolution (class com.reactnativecommunity.asyncstorage.AsyncStorageModule): no such class
11-23 21:20:51.663 22610 22610 D DetoxRNHelpers: Native RN module resolution (class com.reactnativecommunity.asyncstorage.AsyncStorageModule): no such class
11-23 21:20:51.701 22610 22610 I ViewInteraction: Checking 'MatchesViewAssertion(Detox){viewMatcher=(view has effective visibility <VISIBLE> and view.getGlobalVisibleRect() covers at least <75> percent of the view's area)}' assertion on view (view.getTag() is "onboarding-select-pantry-items-screen" and view has effective visibility <VISIBLE>)
11-23 21:20:51.727 22610 22610 D DetoxRNHelpers: Native RN module resolution (class com.reactnativecommunity.asyncstorage.AsyncStorageModule): no such class
11-23 21:20:51.730 22610 22610 D DetoxRNHelpers: Native RN module resolution (class com.reactnativecommunity.asyncstorage.AsyncStorageModule): no such class
11-23 21:20:51.733 22610 22655 I DetoxActionHandlers: Test exception
11-23 21:20:51.733 22610 22655 I DetoxActionHandlers: java.lang.reflect.InvocationTargetException
11-23 21:20:51.733 22610 22655 I DetoxActionHandlers: 	at java.lang.reflect.Method.invoke(Native Method)
11-23 21:20:51.733 22610 22655 I DetoxActionHandlers: 	at org.apache.commons.lang3.reflect.MethodUtils.invokeStaticMethod(MethodUtils.java:443)
11-23 21:20:51.733 22610 22655 I DetoxActionHandlers: 	at org.apache.commons.lang3.reflect.MethodUtils.invokeStaticMethod(MethodUtils.java:405)
11-23 21:20:51.733 22610 22655 I DetoxActionHandlers: 	at com.wix.invoke.types.ClassTarget.execute(ClassTarget.java:23)
11-23 21:20:51.733 22610 22655 I DetoxActionHandlers: 	at com.wix.invoke.types.Target.invoke(Target.java:59)
11-23 21:20:51.733 22610 22655 I DetoxActionHandlers: 	at com.wix.invoke.MethodInvocation.invoke(MethodInvocation.java:35)
11-23 21:20:51.733 22610 22655 I DetoxActionHandlers: 	at com.wix.invoke.MethodInvocation.invoke(MethodInvocation.java:26)
11-23 21:20:51.733 22610 22655 I DetoxActionHandlers: 	at com.wix.invoke.MethodInvocation.invoke(MethodInvocation.java:20)
11-23 21:20:51.733 22610 22655 I DetoxActionHandlers: 	at com.wix.detox.adapters.server.InvokeActionHandler.handle(DetoxActionHandlers.kt:54)
11-23 21:20:51.733 22610 22655 I DetoxActionHandlers: 	at com.wix.detox.adapters.server.ActionsExecutor.executeAction$lambda$2$lambda$1(DetoxActionsDispatcher.kt:76)
11-23 21:20:51.733 22610 22655 I DetoxActionHandlers: 	at com.wix.detox.adapters.server.ActionsExecutor.$r8$lambda$GVbB7LHtBHxNHGbgYnHJ6YrwCqs(Unknown Source:0)
11-23 21:20:51.733 22610 22655 I DetoxActionHandlers: 	at com.wix.detox.adapters.server.ActionsExecutor$$ExternalSyntheticLambda0.run(D8$$SyntheticClass:0)
11-23 21:20:51.733 22610 22655 I DetoxActionHandlers: 	at android.os.Handler.handleCallback(Handler.java:995)
11-23 21:20:51.733 22610 22655 I DetoxActionHandlers: 	at android.os.Handler.dispatchMessage(Handler.java:103)
11-23 21:20:51.733 22610 22655 I DetoxActionHandlers: 	at android.os.Looper.loopOnce(Looper.java:273)
11-23 21:20:51.733 22610 22655 I DetoxActionHandlers: 	at android.os.Looper.loop(Looper.java:363)
11-23 21:20:51.733 22610 22655 I DetoxActionHandlers: 	at com.wix.detox.adapters.server.ActionsExecutor._init_$lambda$0(DetoxActionsDispatcher.kt:62)
11-23 21:20:51.733 22610 22655 I DetoxActionHandlers: 	at com.wix.detox.adapters.server.ActionsExecutor.$r8$lambda$xlgL0CQim6vNM0wWEqM8JIDgZUE(Unknown Source:0)
11-23 21:20:51.733 22610 22655 I DetoxActionHandlers: 	at com.wix.detox.adapters.server.ActionsExecutor$$ExternalSyntheticLambda1.run(D8$$SyntheticClass:0)
11-23 21:20:51.733 22610 22655 I DetoxActionHandlers: 	at java.lang.Thread.run(Thread.java:1119)
11-23 21:20:51.733 22610 22655 I DetoxActionHandlers: Caused by: com.wix.detox.common.DetoxErrors$DetoxRuntimeException: 2.0sec timeout expired without matching of given matcher: (view has effective visibility <VISIBLE> and view.getGlobalVisibleRect() covers at least <75> percent of the view's area)
11-23 21:20:51.733 22610 22655 I DetoxActionHandlers: 	at com.wix.detox.espresso.DetoxAssertion.waitForAssertMatcher(DetoxAssertion.java:72)
11-23 21:20:51.733 22610 22655 I DetoxActionHandlers: 	... 20 more
11-23 21:20:51.734 22610 22655 I DetoxWSClient: Sending out action 'testFailed' (ID #31)
11-23 21:20:51.735 22610 22655 I DetoxDispatcher: Done with action 'invoke'
11-23 21:20:51.739 22610 22659 D DetoxWSClient: Received action 'invoke' (ID #32, params={"target":{"type":"Class","value":"com.wix.detox.espresso.DetoxAssertion"},"method":"waitForAssertMatcher","args":[{"type":"Invocation","value":{"target":{"type":"Class","value":"androidx.test.espresso.Espresso"},"method":"onView","args":[{"type":"Invocation","value":{"target":{"type":"Class","value":"com.wix.detox.espresso.DetoxMatcher"},"method":"matcherForTestId","args":["biometric-setup-screen",{"type":"boolean","value":false}]}}]}},{"type":"Invocation","value":{"target":{"type":"Class","value":"com.wix.detox.espresso.DetoxMatcher"},"method":"matcherForSufficientlyVisible","args":[{"type":"Integer","value":75}]}},{"type":"Double","value":2}]})
11-23 21:20:51.740 22610 22655 I DetoxDispatcher: Handling action 'invoke' (ID #32)...
11-23 21:20:51.741 22610 22655 D Detox   : class com.wix.detox.espresso.DetoxMatcher, matcherForTestId, [biometric-setup-screen, false]
11-23 21:20:51.743 22610 22655 D Detox   : class androidx.test.espresso.Espresso, onView, [(view.getTag() is "biometric-setup-screen" and view has effective visibility <VISIBLE>)]
11-23 21:20:51.745 22610 22655 D Detox   : class com.wix.detox.espresso.DetoxMatcher, matcherForSufficientlyVisible, [75]
11-23 21:20:51.746 22610 22655 D Detox   : class com.wix.detox.espresso.DetoxAssertion, waitForAssertMatcher, [androidx.test.espresso.ViewInteraction@fc24bdf, (view has effective visibility <VISIBLE> and view.getGlobalVisibleRect() covers at least <75> percent of the view's area), 2.0]
11-23 21:20:51.751 22610 22610 D DetoxRNHelpers: Native RN module resolution (class com.reactnativecommunity.asyncstorage.AsyncStorageModule): no such class
11-23 21:20:51.754 22610 22610 D DetoxRNHelpers: Native RN module resolution (class com.reactnativecommunity.asyncstorage.AsyncStorageModule): no such class
11-23 21:20:51.794 22610 22610 I ViewInteraction: Checking 'MatchesViewAssertion(Detox){viewMatcher=(view has effective visibility <VISIBLE> and view.getGlobalVisibleRect() covers at least <75> percent of the view's area)}' assertion on view (view.getTag() is "biometric-setup-screen" and view has effective visibility <VISIBLE>)
11-23 21:20:51.823 22610 22610 D DetoxRNHelpers: Native RN module resolution (class com.reactnativecommunity.asyncstorage.AsyncStorageModule): no such class
11-23 21:20:51.825 22610 22610 D DetoxRNHelpers: Native RN module resolution (class com.reactnativecommunity.asyncstorage.AsyncStorageModule): no such class
11-23 21:20:51.829 22610 22610 D DetoxRNHelpers: Native RN module resolution (class com.reactnativecommunity.asyncstorage.AsyncStorageModule): no such class
11-23 21:20:51.831 22610 22610 D DetoxRNHelpers: Native RN module resolution (class com.reactnativecommunity.asyncstorage.AsyncStorageModule): no such class
11-23 21:20:51.869 22610 22610 I ViewInteraction: Checking 'MatchesViewAssertion(Detox){viewMatcher=(view has effective visibility <VISIBLE> and view.getGlobalVisibleRect() covers at least <75> percent of the view's area)}' assertion on view (view.getTag() is "biometric-setup-screen" and view has effective visibility <VISIBLE>)
11-23 21:20:51.894 22610 22610 D DetoxRNHelpers: Native RN module resolution (class com.reactnativecommunity.asyncstorage.AsyncStorageModule): no such class
11-23 21:20:51.898 22610 22610 D DetoxRNHelpers: Native RN module resolution (class com.reactnativecommunity.asyncstorage.AsyncStorageModule): no such class
11-23 21:20:51.901 22610 22610 D DetoxRNHelpers: Native RN module resolution (class com.reactnativecommunity.asyncstorage.AsyncStorageModule): no such class
11-23 21:20:51.903 22610 22610 D DetoxRNHelpers: Native RN module resolution (class com.reactnativecommunity.asyncstorage.AsyncStorageModule): no such class
11-23 21:20:51.947 22610 22610 I ViewInteraction: Checking 'MatchesViewAssertion(Detox){viewMatcher=(view has effective visibility <VISIBLE> and view.getGlobalVisibleRect() covers at least <75> percent of the view's area)}' assertion on view (view.getTag() is "biometric-setup-screen" and view has effective visibility <VISIBLE>)
11-23 21:20:51.973 22610 22610 D DetoxRNHelpers: Native RN module resolution (class com.reactnativecommunity.asyncstorage.AsyncStorageModule): no such class
11-23 21:20:51.981 22610 22610 D DetoxRNHelpers: Native RN module resolution (class com.reactnativecommunity.asyncstorage.AsyncStorageModule): no such class
11-23 21:20:51.991 22610 22610 D DetoxRNHelpers: Native RN module resolution (class com.reactnativecommunity.asyncstorage.AsyncStorageModule): no such class
11-23 21:20:51.993 22610 22610 D DetoxRNHelpers: Native RN module resolution (class com.reactnativecommunity.asyncstorage.AsyncStorageModule): no such class
11-23 21:20:52.034 22610 22610 I ViewInteraction: Checking 'MatchesViewAssertion(Detox){viewMatcher=(view has effective visibility <VISIBLE> and view.getGlobalVisibleRect() covers at least <75> percent of the view's area)}' assertion on view (view.getTag() is "biometric-setup-screen" and view has effective visibility <VISIBLE>)
11-23 21:20:52.060 22610 22610 D DetoxRNHelpers: Native RN module resolution (class com.reactnativecommunity.asyncstorage.AsyncStorageModule): no such class
11-23 21:20:52.062 22610 22610 D DetoxRNHelpers: Native RN module resolution (class com.reactnativecommunity.asyncstorage.AsyncStorageModule): no such class
11-23 21:20:52.065 22610 22610 D DetoxRNHelpers: Native RN module resolution (class com.reactnativecommunity.asyncstorage.AsyncStorageModule): no such class
11-23 21:20:52.066 22610 22610 D DetoxRNHelpers: Native RN module resolution (class com.reactnativecommunity.asyncstorage.AsyncStorageModule): no such class
11-23 21:20:52.101 22610 22610 I ViewInteraction: Checking 'MatchesViewAssertion(Detox){viewMatcher=(view has effective visibility <VISIBLE> and view.getGlobalVisibleRect() covers at least <75> percent of the view's area)}' assertion on view (view.getTag() is "biometric-setup-screen" and view has effective visibility <VISIBLE>)
11-23 21:20:52.126 22610 22610 D DetoxRNHelpers: Native RN module resolution (class com.reactnativecommunity.asyncstorage.AsyncStorageModule): no such class
11-23 21:20:52.130 22610 22610 D DetoxRNHelpers: Native RN module resolution (class com.reactnativecommunity.asyncstorage.AsyncStorageModule): no such class
11-23 21:20:52.134 22610 22610 D DetoxRNHelpers: Native RN module resolution (class com.reactnativecommunity.asyncstorage.AsyncStorageModule): no such class
11-23 21:20:52.136 22610 22610 D DetoxRNHelpers: Native RN module resolution (class com.reactnativecommunity.asyncstorage.AsyncStorageModule): no such class
11-23 21:20:52.173 22610 22610 I ViewInteraction: Checking 'MatchesViewAssertion(Detox){viewMatcher=(view has effective visibility <VISIBLE> and view.getGlobalVisibleRect() covers at least <75> percent of the view's area)}' assertion on view (view.getTag() is "biometric-setup-screen" and view has effective visibility <VISIBLE>)
11-23 21:20:52.198 22610 22610 D DetoxRNHelpers: Native RN module resolution (class com.reactnativecommunity.asyncstorage.AsyncStorageModule): no such class
11-23 21:20:52.200 22610 22610 D DetoxRNHelpers: Native RN module resolution (class com.reactnativecommunity.asyncstorage.AsyncStorageModule): no such class
11-23 21:20:52.204 22610 22610 D DetoxRNHelpers: Native RN module resolution (class com.reactnativecommunity.asyncstorage.AsyncStorageModule): no such class
11-23 21:20:52.206 22610 22610 D DetoxRNHelpers: Native RN module resolution (class com.reactnativecommunity.asyncstorage.AsyncStorageModule): no such class
11-23 21:20:52.242 22610 22610 I ViewInteraction: Checking 'MatchesViewAssertion(Detox){viewMatcher=(view has effective visibility <VISIBLE> and view.getGlobalVisibleRect() covers at least <75> percent of the view's area)}' assertion on view (view.getTag() is "biometric-setup-screen" and view has effective visibility <VISIBLE>)
11-23 21:20:52.270 22610 22610 D DetoxRNHelpers: Native RN module resolution (class com.reactnativecommunity.asyncstorage.AsyncStorageModule): no such class
11-23 21:20:52.274 22610 22610 D DetoxRNHelpers: Native RN module resolution (class com.reactnativecommunity.asyncstorage.AsyncStorageModule): no such class
11-23 21:20:52.278 22610 22610 D DetoxRNHelpers: Native RN module resolution (class com.reactnativecommunity.asyncstorage.AsyncStorageModule): no such class
11-23 21:20:52.280 22610 22610 D DetoxRNHelpers: Native RN module resolution (class com.reactnativecommunity.asyncstorage.AsyncStorageModule): no such class
11-23 21:20:52.318 22610 22610 I ViewInteraction: Checking 'MatchesViewAssertion(Detox){viewMatcher=(view has effective visibility <VISIBLE> and view.getGlobalVisibleRect() covers at least <75> percent of the view's area)}' assertion on view (view.getTag() is "biometric-setup-screen" and view has effective visibility <VISIBLE>)
11-23 21:20:52.345 22610 22610 D DetoxRNHelpers: Native RN module resolution (class com.reactnativecommunity.asyncstorage.AsyncStorageModule): no such class
11-23 21:20:52.348 22610 22610 D DetoxRNHelpers: Native RN module resolution (class com.reactnativecommunity.asyncstorage.AsyncStorageModule): no such class
11-23 21:20:52.353 22610 22610 D DetoxRNHelpers: Native RN module resolution (class com.reactnativecommunity.asyncstorage.AsyncStorageModule): no such class
11-23 21:20:52.356 22610 22610 D DetoxRNHelpers: Native RN module resolution (class com.reactnativecommunity.asyncstorage.AsyncStorageModule): no such class
11-23 21:20:52.395 22610 22610 I ViewInteraction: Checking 'MatchesViewAssertion(Detox){viewMatcher=(view has effective visibility <VISIBLE> and view.getGlobalVisibleRect() covers at least <75> percent of the view's area)}' assertion on view (view.getTag() is "biometric-setup-screen" and view has effective visibility <VISIBLE>)
11-23 21:20:52.423 22610 22610 D DetoxRNHelpers: Native RN module resolution (class com.reactnativecommunity.asyncstorage.AsyncStorageModule): no such class
11-23 21:20:52.425 22610 22610 D DetoxRNHelpers: Native RN module resolution (class com.reactnativecommunity.asyncstorage.AsyncStorageModule): no such class
11-23 21:20:52.429 22610 22610 D DetoxRNHelpers: Native RN module resolution (class com.reactnativecommunity.asyncstorage.AsyncStorageModule): no such class
11-23 21:20:52.431 22610 22610 D DetoxRNHelpers: Native RN module resolution (class com.reactnativecommunity.asyncstorage.AsyncStorageModule): no such class
11-23 21:20:52.468 22610 22610 I ViewInteraction: Checking 'MatchesViewAssertion(Detox){viewMatcher=(view has effective visibility <VISIBLE> and view.getGlobalVisibleRect() covers at least <75> percent of the view's area)}' assertion on view (view.getTag() is "biometric-setup-screen" and view has effective visibility <VISIBLE>)
11-23 21:20:52.495 22610 22610 D DetoxRNHelpers: Native RN module resolution (class com.reactnativecommunity.asyncstorage.AsyncStorageModule): no such class
11-23 21:20:52.498 22610 22610 D DetoxRNHelpers: Native RN module resolution (class com.reactnativecommunity.asyncstorage.AsyncStorageModule): no such class
11-23 21:20:52.501 22610 22610 D DetoxRNHelpers: Native RN module resolution (class com.reactnativecommunity.asyncstorage.AsyncStorageModule): no such class
11-23 21:20:52.504 22610 22610 D DetoxRNHelpers: Native RN module resolution (class com.reactnativecommunity.asyncstorage.AsyncStorageModule): no such class
11-23 21:20:52.540 22610 22610 I ViewInteraction: Checking 'MatchesViewAssertion(Detox){viewMatcher=(view has effective visibility <VISIBLE> and view.getGlobalVisibleRect() covers at least <75> percent of the view's area)}' assertion on view (view.getTag() is "biometric-setup-screen" and view has effective visibility <VISIBLE>)
11-23 21:20:52.567 22610 22610 D DetoxRNHelpers: Native RN module resolution (class com.reactnativecommunity.asyncstorage.AsyncStorageModule): no such class
11-23 21:20:52.570 22610 22610 D DetoxRNHelpers: Native RN module resolution (class com.reactnativecommunity.asyncstorage.AsyncStorageModule): no such class
11-23 21:20:52.573 22610 22610 D DetoxRNHelpers: Native RN module resolution (class com.reactnativecommunity.asyncstorage.AsyncStorageModule): no such class
11-23 21:20:52.575 22610 22610 D DetoxRNHelpers: Native RN module resolution (class com.reactnativecommunity.asyncstorage.AsyncStorageModule): no such class
11-23 21:20:52.612 22610 22610 I ViewInteraction: Checking 'MatchesViewAssertion(Detox){viewMatcher=(view has effective visibility <VISIBLE> and view.getGlobalVisibleRect() covers at least <75> percent of the view's area)}' assertion on view (view.getTag() is "biometric-setup-screen" and view has effective visibility <VISIBLE>)
11-23 21:20:52.648 22610 22610 D DetoxRNHelpers: Native RN module resolution (class com.reactnativecommunity.asyncstorage.AsyncStorageModule): no such class
11-23 21:20:52.652 22610 22610 D DetoxRNHelpers: Native RN module resolution (class com.reactnativecommunity.asyncstorage.AsyncStorageModule): no such class
11-23 21:20:52.656 22610 22610 D DetoxRNHelpers: Native RN module resolution (class com.reactnativecommunity.asyncstorage.AsyncStorageModule): no such class
11-23 21:20:52.657 22610 22610 D DetoxRNHelpers: Native RN module resolution (class com.reactnativecommunity.asyncstorage.AsyncStorageModule): no such class
11-23 21:20:52.693 22610 22610 I ViewInteraction: Checking 'MatchesViewAssertion(Detox){viewMatcher=(view has effective visibility <VISIBLE> and view.getGlobalVisibleRect() covers at least <75> percent of the view's area)}' assertion on view (view.getTag() is "biometric-setup-screen" and view has effective visibility <VISIBLE>)
11-23 21:20:52.718 22610 22610 D DetoxRNHelpers: Native RN module resolution (class com.reactnativecommunity.asyncstorage.AsyncStorageModule): no such class
11-23 21:20:52.722 22610 22610 D DetoxRNHelpers: Native RN module resolution (class com.reactnativecommunity.asyncstorage.AsyncStorageModule): no such class
11-23 21:20:52.725 22610 22610 D DetoxRNHelpers: Native RN module resolution (class com.reactnativecommunity.asyncstorage.AsyncStorageModule): no such class
11-23 21:20:52.728 22610 22610 D DetoxRNHelpers: Native RN module resolution (class com.reactnativecommunity.asyncstorage.AsyncStorageModule): no such class
11-23 21:20:52.765 22610 22610 I ViewInteraction: Checking 'MatchesViewAssertion(Detox){viewMatcher=(view has effective visibility <VISIBLE> and view.getGlobalVisibleRect() covers at least <75> percent of the view's area)}' assertion on view (view.getTag() is "biometric-setup-screen" and view has effective visibility <VISIBLE>)
11-23 21:20:52.791 22610 22610 D DetoxRNHelpers: Native RN module resolution (class com.reactnativecommunity.asyncstorage.AsyncStorageModule): no such class
11-23 21:20:52.793 22610 22610 D DetoxRNHelpers: Native RN module resolution (class com.reactnativecommunity.asyncstorage.AsyncStorageModule): no such class
11-23 21:20:52.797 22610 22610 D DetoxRNHelpers: Native RN module resolution (class com.reactnativecommunity.asyncstorage.AsyncStorageModule): no such class
11-23 21:20:52.799 22610 22610 D DetoxRNHelpers: Native RN module resolution (class com.reactnativecommunity.asyncstorage.AsyncStorageModule): no such class
11-23 21:20:52.836 22610 22610 I ViewInteraction: Checking 'MatchesViewAssertion(Detox){viewMatcher=(view has effective visibility <VISIBLE> and view.getGlobalVisibleRect() covers at least <75> percent of the view's area)}' assertion on view (view.getTag() is "biometric-setup-screen" and view has effective visibility <VISIBLE>)
11-23 21:20:52.864 22610 22610 D DetoxRNHelpers: Native RN module resolution (class com.reactnativecommunity.asyncstorage.AsyncStorageModule): no such class
11-23 21:20:52.866 22610 22610 D DetoxRNHelpers: Native RN module resolution (class com.reactnativecommunity.asyncstorage.AsyncStorageModule): no such class
11-23 21:20:52.870 22610 22610 D DetoxRNHelpers: Native RN module resolution (class com.reactnativecommunity.asyncstorage.AsyncStorageModule): no such class
11-23 21:20:52.872 22610 22610 D DetoxRNHelpers: Native RN module resolution (class com.reactnativecommunity.asyncstorage.AsyncStorageModule): no such class
11-23 21:20:52.908 22610 22610 I ViewInteraction: Checking 'MatchesViewAssertion(Detox){viewMatcher=(view has effective visibility <VISIBLE> and view.getGlobalVisibleRect() covers at least <75> percent of the view's area)}' assertion on view (view.getTag() is "biometric-setup-screen" and view has effective visibility <VISIBLE>)
11-23 21:20:52.933 22610 22610 D DetoxRNHelpers: Native RN module resolution (class com.reactnativecommunity.asyncstorage.AsyncStorageModule): no such class
11-23 21:20:52.937 22610 22610 D DetoxRNHelpers: Native RN module resolution (class com.reactnativecommunity.asyncstorage.AsyncStorageModule): no such class
11-23 21:20:52.940 22610 22610 D DetoxRNHelpers: Native RN module resolution (class com.reactnativecommunity.asyncstorage.AsyncStorageModule): no such class
11-23 21:20:52.942 22610 22610 D DetoxRNHelpers: Native RN module resolution (class com.reactnativecommunity.asyncstorage.AsyncStorageModule): no such class
11-23 21:20:52.979 22610 22610 I ViewInteraction: Checking 'MatchesViewAssertion(Detox){viewMatcher=(view has effective visibility <VISIBLE> and view.getGlobalVisibleRect() covers at least <75> percent of the view's area)}' assertion on view (view.getTag() is "biometric-setup-screen" and view has effective visibility <VISIBLE>)
11-23 21:20:53.007 22610 22610 D DetoxRNHelpers: Native RN module resolution (class com.reactnativecommunity.asyncstorage.AsyncStorageModule): no such class
11-23 21:20:53.009 22610 22610 D DetoxRNHelpers: Native RN module resolution (class com.reactnativecommunity.asyncstorage.AsyncStorageModule): no such class
11-23 21:20:53.013 22610 22610 D DetoxRNHelpers: Native RN module resolution (class com.reactnativecommunity.asyncstorage.AsyncStorageModule): no such class
11-23 21:20:53.014 22610 22610 D DetoxRNHelpers: Native RN module resolution (class com.reactnativecommunity.asyncstorage.AsyncStorageModule): no such class
11-23 21:20:53.050 22610 22610 I ViewInteraction: Checking 'MatchesViewAssertion(Detox){viewMatcher=(view has effective visibility <VISIBLE> and view.getGlobalVisibleRect() covers at least <75> percent of the view's area)}' assertion on view (view.getTag() is "biometric-setup-screen" and view has effective visibility <VISIBLE>)
11-23 21:20:53.078 22610 22610 D DetoxRNHelpers: Native RN module resolution (class com.reactnativecommunity.asyncstorage.AsyncStorageModule): no such class
11-23 21:20:53.081 22610 22610 D DetoxRNHelpers: Native RN module resolution (class com.reactnativecommunity.asyncstorage.AsyncStorageModule): no such class
11-23 21:20:53.085 22610 22610 D DetoxRNHelpers: Native RN module resolution (class com.reactnativecommunity.asyncstorage.AsyncStorageModule): no such class
11-23 21:20:53.087 22610 22610 D DetoxRNHelpers: Native RN module resolution (class com.reactnativecommunity.asyncstorage.AsyncStorageModule): no such class
11-23 21:20:53.123 22610 22610 I ViewInteraction: Checking 'MatchesViewAssertion(Detox){viewMatcher=(view has effective visibility <VISIBLE> and view.getGlobalVisibleRect() covers at least <75> percent of the view's area)}' assertion on view (view.getTag() is "biometric-setup-screen" and view has effective visibility <VISIBLE>)
11-23 21:20:53.149 22610 22610 D DetoxRNHelpers: Native RN module resolution (class com.reactnativecommunity.asyncstorage.AsyncStorageModule): no such class
11-23 21:20:53.151 22610 22610 D DetoxRNHelpers: Native RN module resolution (class com.reactnativecommunity.asyncstorage.AsyncStorageModule): no such class
11-23 21:20:53.155 22610 22610 D DetoxRNHelpers: Native RN module resolution (class com.reactnativecommunity.asyncstorage.AsyncStorageModule): no such class
11-23 21:20:53.157 22610 22610 D DetoxRNHelpers: Native RN module resolution (class com.reactnativecommunity.asyncstorage.AsyncStorageModule): no such class
11-23 21:20:53.194 22610 22610 I ViewInteraction: Checking 'MatchesViewAssertion(Detox){viewMatcher=(view has effective visibility <VISIBLE> and view.getGlobalVisibleRect() covers at least <75> percent of the view's area)}' assertion on view (view.getTag() is "biometric-setup-screen" and view has effective visibility <VISIBLE>)
11-23 21:20:53.221 22610 22610 D DetoxRNHelpers: Native RN module resolution (class com.reactnativecommunity.asyncstorage.AsyncStorageModule): no such class
11-23 21:20:53.223 22610 22610 D DetoxRNHelpers: Native RN module resolution (class com.reactnativecommunity.asyncstorage.AsyncStorageModule): no such class
11-23 21:20:53.226 22610 22610 D DetoxRNHelpers: Native RN module resolution (class com.reactnativecommunity.asyncstorage.AsyncStorageModule): no such class
11-23 21:20:53.229 22610 22610 D DetoxRNHelpers: Native RN module resolution (class com.reactnativecommunity.asyncstorage.AsyncStorageModule): no such class
11-23 21:20:53.267 22610 22610 I ViewInteraction: Checking 'MatchesViewAssertion(Detox){viewMatcher=(view has effective visibility <VISIBLE> and view.getGlobalVisibleRect() covers at least <75> percent of the view's area)}' assertion on view (view.getTag() is "biometric-setup-screen" and view has effective visibility <VISIBLE>)
11-23 21:20:53.293 22610 22610 D DetoxRNHelpers: Native RN module resolution (class com.reactnativecommunity.asyncstorage.AsyncStorageModule): no such class
11-23 21:20:53.296 22610 22610 D DetoxRNHelpers: Native RN module resolution (class com.reactnativecommunity.asyncstorage.AsyncStorageModule): no such class
11-23 21:20:53.299 22610 22610 D DetoxRNHelpers: Native RN module resolution (class com.reactnativecommunity.asyncstorage.AsyncStorageModule): no such class
11-23 21:20:53.301 22610 22610 D DetoxRNHelpers: Native RN module resolution (class com.reactnativecommunity.asyncstorage.AsyncStorageModule): no such class
11-23 21:20:53.361 22610 22610 I ViewInteraction: Checking 'MatchesViewAssertion(Detox){viewMatcher=(view has effective visibility <VISIBLE> and view.getGlobalVisibleRect() covers at least <75> percent of the view's area)}' assertion on view (view.getTag() is "biometric-setup-screen" and view has effective visibility <VISIBLE>)
11-23 21:20:53.367 22610 22615 I ev.souschef.app: Background concurrent mark compact GC freed 22MB AllocSpace bytes, 83(10MB) LOS objects, 66% free, 16MB/50MB, paused 1.039ms,4.475ms total 101.466ms
11-23 21:20:53.390 22610 22610 D DetoxRNHelpers: Native RN module resolution (class com.reactnativecommunity.asyncstorage.AsyncStorageModule): no such class
11-23 21:20:53.393 22610 22610 D DetoxRNHelpers: Native RN module resolution (class com.reactnativecommunity.asyncstorage.AsyncStorageModule): no such class
11-23 21:20:53.396 22610 22610 D DetoxRNHelpers: Native RN module resolution (class com.reactnativecommunity.asyncstorage.AsyncStorageModule): no such class
11-23 21:20:53.398 22610 22610 D DetoxRNHelpers: Native RN module resolution (class com.reactnativecommunity.asyncstorage.AsyncStorageModule): no such class
11-23 21:20:53.435 22610 22610 I ViewInteraction: Checking 'MatchesViewAssertion(Detox){viewMatcher=(view has effective visibility <VISIBLE> and view.getGlobalVisibleRect() covers at least <75> percent of the view's area)}' assertion on view (view.getTag() is "biometric-setup-screen" and view has effective visibility <VISIBLE>)
11-23 21:20:53.463 22610 22610 D DetoxRNHelpers: Native RN module resolution (class com.reactnativecommunity.asyncstorage.AsyncStorageModule): no such class
11-23 21:20:53.466 22610 22610 D DetoxRNHelpers: Native RN module resolution (class com.reactnativecommunity.asyncstorage.AsyncStorageModule): no such class
11-23 21:20:53.470 22610 22610 D DetoxRNHelpers: Native RN module resolution (class com.reactnativecommunity.asyncstorage.AsyncStorageModule): no such class
11-23 21:20:53.472 22610 22610 D DetoxRNHelpers: Native RN module resolution (class com.reactnativecommunity.asyncstorage.AsyncStorageModule): no such class
11-23 21:20:53.509 22610 22610 I ViewInteraction: Checking 'MatchesViewAssertion(Detox){viewMatcher=(view has effective visibility <VISIBLE> and view.getGlobalVisibleRect() covers at least <75> percent of the view's area)}' assertion on view (view.getTag() is "biometric-setup-screen" and view has effective visibility <VISIBLE>)
11-23 21:20:53.535 22610 22610 D DetoxRNHelpers: Native RN module resolution (class com.reactnativecommunity.asyncstorage.AsyncStorageModule): no such class
11-23 21:20:53.538 22610 22610 D DetoxRNHelpers: Native RN module resolution (class com.reactnativecommunity.asyncstorage.AsyncStorageModule): no such class
11-23 21:20:53.541 22610 22610 D DetoxRNHelpers: Native RN module resolution (class com.reactnativecommunity.asyncstorage.AsyncStorageModule): no such class
11-23 21:20:53.543 22610 22610 D DetoxRNHelpers: Native RN module resolution (class com.reactnativecommunity.asyncstorage.AsyncStorageModule): no such class
11-23 21:20:53.580 22610 22610 I ViewInteraction: Checking 'MatchesViewAssertion(Detox){viewMatcher=(view has effective visibility <VISIBLE> and view.getGlobalVisibleRect() covers at least <75> percent of the view's area)}' assertion on view (view.getTag() is "biometric-setup-screen" and view has effective visibility <VISIBLE>)
11-23 21:20:53.606 22610 22610 D DetoxRNHelpers: Native RN module resolution (class com.reactnativecommunity.asyncstorage.AsyncStorageModule): no such class
11-23 21:20:53.609 22610 22610 D DetoxRNHelpers: Native RN module resolution (class com.reactnativecommunity.asyncstorage.AsyncStorageModule): no such class
11-23 21:20:53.613 22610 22610 D DetoxRNHelpers: Native RN module resolution (class com.reactnativecommunity.asyncstorage.AsyncStorageModule): no such class
11-23 21:20:53.614 22610 22610 D DetoxRNHelpers: Native RN module resolution (class com.reactnativecommunity.asyncstorage.AsyncStorageModule): no such class
11-23 21:20:53.652 22610 22610 I ViewInteraction: Checking 'MatchesViewAssertion(Detox){viewMatcher=(view has effective visibility <VISIBLE> and view.getGlobalVisibleRect() covers at least <75> percent of the view's area)}' assertion on view (view.getTag() is "biometric-setup-screen" and view has effective visibility <VISIBLE>)
11-23 21:20:53.677 22610 22610 D DetoxRNHelpers: Native RN module resolution (class com.reactnativecommunity.asyncstorage.AsyncStorageModule): no such class
11-23 21:20:53.681 22610 22610 D DetoxRNHelpers: Native RN module resolution (class com.reactnativecommunity.asyncstorage.AsyncStorageModule): no such class
11-23 21:20:53.684 22610 22610 D DetoxRNHelpers: Native RN module resolution (class com.reactnativecommunity.asyncstorage.AsyncStorageModule): no such class
11-23 21:20:53.686 22610 22610 D DetoxRNHelpers: Native RN module resolution (class com.reactnativecommunity.asyncstorage.AsyncStorageModule): no such class
11-23 21:20:53.724 22610 22610 I ViewInteraction: Checking 'MatchesViewAssertion(Detox){viewMatcher=(view has effective visibility <VISIBLE> and view.getGlobalVisibleRect() covers at least <75> percent of the view's area)}' assertion on view (view.getTag() is "biometric-setup-screen" and view has effective visibility <VISIBLE>)
11-23 21:20:53.749 22610 22610 D DetoxRNHelpers: Native RN module resolution (class com.reactnativecommunity.asyncstorage.AsyncStorageModule): no such class
11-23 21:20:53.753 22610 22610 D DetoxRNHelpers: Native RN module resolution (class com.reactnativecommunity.asyncstorage.AsyncStorageModule): no such class
11-23 21:20:53.755 22610 22655 I DetoxActionHandlers: Test exception
11-23 21:20:53.755 22610 22655 I DetoxActionHandlers: java.lang.reflect.InvocationTargetException
11-23 21:20:53.755 22610 22655 I DetoxActionHandlers: 	at java.lang.reflect.Method.invoke(Native Method)
11-23 21:20:53.755 22610 22655 I DetoxActionHandlers: 	at org.apache.commons.lang3.reflect.MethodUtils.invokeStaticMethod(MethodUtils.java:443)
11-23 21:20:53.755 22610 22655 I DetoxActionHandlers: 	at org.apache.commons.lang3.reflect.MethodUtils.invokeStaticMethod(MethodUtils.java:405)
11-23 21:20:53.755 22610 22655 I DetoxActionHandlers: 	at com.wix.invoke.types.ClassTarget.execute(ClassTarget.java:23)
11-23 21:20:53.755 22610 22655 I DetoxActionHandlers: 	at com.wix.invoke.types.Target.invoke(Target.java:59)
11-23 21:20:53.755 22610 22655 I DetoxActionHandlers: 	at com.wix.invoke.MethodInvocation.invoke(MethodInvocation.java:35)
11-23 21:20:53.755 22610 22655 I DetoxActionHandlers: 	at com.wix.invoke.MethodInvocation.invoke(MethodInvocation.java:26)
11-23 21:20:53.755 22610 22655 I DetoxActionHandlers: 	at com.wix.invoke.MethodInvocation.invoke(MethodInvocation.java:20)
11-23 21:20:53.755 22610 22655 I DetoxActionHandlers: 	at com.wix.detox.adapters.server.InvokeActionHandler.handle(DetoxActionHandlers.kt:54)
11-23 21:20:53.755 22610 22655 I DetoxActionHandlers: 	at com.wix.detox.adapters.server.ActionsExecutor.executeAction$lambda$2$lambda$1(DetoxActionsDispatcher.kt:76)
11-23 21:20:53.755 22610 22655 I DetoxActionHandlers: 	at com.wix.detox.adapters.server.ActionsExecutor.$r8$lambda$GVbB7LHtBHxNHGbgYnHJ6YrwCqs(Unknown Source:0)
11-23 21:20:53.755 22610 22655 I DetoxActionHandlers: 	at com.wix.detox.adapters.server.ActionsExecutor$$ExternalSyntheticLambda0.run(D8$$SyntheticClass:0)
11-23 21:20:53.755 22610 22655 I DetoxActionHandlers: 	at android.os.Handler.handleCallback(Handler.java:995)
11-23 21:20:53.755 22610 22655 I DetoxActionHandlers: 	at android.os.Handler.dispatchMessage(Handler.java:103)
11-23 21:20:53.755 22610 22655 I DetoxActionHandlers: 	at android.os.Looper.loopOnce(Looper.java:273)
11-23 21:20:53.755 22610 22655 I DetoxActionHandlers: 	at android.os.Looper.loop(Looper.java:363)
11-23 21:20:53.755 22610 22655 I DetoxActionHandlers: 	at com.wix.detox.adapters.server.ActionsExecutor._init_$lambda$0(DetoxActionsDispatcher.kt:62)
11-23 21:20:53.755 22610 22655 I DetoxActionHandlers: 	at com.wix.detox.adapters.server.ActionsExecutor.$r8$lambda$xlgL0CQim6vNM0wWEqM8JIDgZUE(Unknown Source:0)
11-23 21:20:53.755 22610 22655 I DetoxActionHandlers: 	at com.wix.detox.adapters.server.ActionsExecutor$$ExternalSyntheticLambda1.run(D8$$SyntheticClass:0)
11-23 21:20:53.755 22610 22655 I DetoxActionHandlers: 	at java.lang.Thread.run(Thread.java:1119)
11-23 21:20:53.755 22610 22655 I DetoxActionHandlers: Caused by: com.wix.detox.common.DetoxErrors$DetoxRuntimeException: 2.0sec timeout expired without matching of given matcher: (view has effective visibility <VISIBLE> and view.getGlobalVisibleRect() covers at least <75> percent of the view's area)
11-23 21:20:53.755 22610 22655 I DetoxActionHandlers: 	at com.wix.detox.espresso.DetoxAssertion.waitForAssertMatcher(DetoxAssertion.java:72)
11-23 21:20:53.755 22610 2