--------- beginning of main
11-23 20:55:09.525  8444  8444 I ev.souschef.app: Late-enabling -Xcheck:jni
11-23 20:55:09.562  8444  8444 I ev.souschef.app: Using CollectorTypeCMC GC.
11-23 20:55:09.577  8444  8444 D nativeloader: Load libframework-connectivity-tiramisu-jni.so using APEX ns com_android_tethering for caller /apex/com.android.tethering/javalib/framework-connectivity-t.jar: ok
11-23 20:55:09.584  8444  8444 D ActivityThread: setConscryptValidator
11-23 20:55:09.585  8444  8444 D ActivityThread: setConscryptValidator - put
--------- beginning of system
11-23 20:55:09.633  8444  8444 W ActivityThread: Package uses different ABI(s) than its instrumentation: package[dev.souschef.app]: arm64-v8a, null instrumentation[dev.souschef.app.test]: null, null
11-23 20:55:09.641  8444  8444 D nativeloader: Configuring clns-9 for other apk /system/framework/sec_camerax_impl.jar. target_sdk_version=36, uses_libraries=ALL, library_path=/data/app/~~yl5JAUw61YMLvgM9hdKUiw==/dev.souschef.app.test-WPMb-lDpnTJJpCe3SDCGfQ==/lib/arm64:/data/app/~~bBwPVJQFDN13MvDQ4-YyBg==/dev.souschef.app-h9nPUn9fKtcGOtyFkdyp8Q==/lib/arm64:/data/app/~~yl5JAUw61YMLvgM9hdKUiw==/dev.souschef.app.test-WPMb-lDpnTJJpCe3SDCGfQ==/base.apk!/lib/arm64-v8a:/data/app/~~bBwPVJQFDN13MvDQ4-YyBg==/dev.souschef.app-h9nPUn9fKtcGOtyFkdyp8Q==/base.apk!/lib/arm64-v8a, permitted_path=/data:/mnt/expand:/data/user/0/dev.souschef.app
11-23 20:55:09.641  8444  8444 D nativeloader: Extending system_exposed_libraries: libhumantracking.arcsoft.so:libPortraitDistortionCorrection.arcsoft.so:libPortraitDistortionCorrectionCali.arcsoft.so:libface_landmark.arcsoft.so:libFacialStickerEngine.arcsoft.so:libfrtracking_engine.arcsoft.so:libFaceRecognition.arcsoft.so:libveengine.arcsoft.so:lib_pet_detection.arcsoft.so:libae_bracket_hdr.arcsoft.so:libhigh_res.arcsoft.so:libhybrid_high_dynamic_range.arcsoft.so:libimage_enhancement.arcsoft.so:liblow_light_hdr.arcsoft.so:libhigh_dynamic_range.arcsoft.so:libsuperresolution_raw.arcsoft.so:libuwsuperresolution.arcsoft.so:libFacialAttributeDetection.arcsoft.so:libobjectcapture_jni.arcsoft.so:libobjectcapture.arcsoft.so:libaudiomirroring_jni.audiomirroring.samsung.so:libBeauty_v4.camera.samsung.so:libexifa.camera.samsung.so:libjpega.camera.samsung.so:libOpenCv.camera.samsung.so:libBestPhoto.camera.samsung.so:libC2paDps.camera.samsung.so:libVideoClassifier.camera.samsung.so:libImageScreener.camera.samsung.so:libMyFilter.camera.samsung.so:libtflite2.myfilters
11-23 20:55:10.362  8444  8444 D nativeloader: Configuring clns-10 for other apk /system/framework/android.test.runner.jar:/system/framework/android.test.mock.jar:/system/framework/android.test.base.jar:/data/app/~~yl5JAUw61YMLvgM9hdKUiw==/dev.souschef.app.test-WPMb-lDpnTJJpCe3SDCGfQ==/base.apk:/data/app/~~bBwPVJQFDN13MvDQ4-YyBg==/dev.souschef.app-h9nPUn9fKtcGOtyFkdyp8Q==/base.apk. target_sdk_version=36, uses_libraries=, library_path=/data/app/~~yl5JAUw61YMLvgM9hdKUiw==/dev.souschef.app.test-WPMb-lDpnTJJpCe3SDCGfQ==/lib/arm64:/data/app/~~bBwPVJQFDN13MvDQ4-YyBg==/dev.souschef.app-h9nPUn9fKtcGOtyFkdyp8Q==/lib/arm64:/data/app/~~yl5JAUw61YMLvgM9hdKUiw==/dev.souschef.app.test-WPMb-lDpnTJJpCe3SDCGfQ==/base.apk!/lib/arm64-v8a:/data/app/~~bBwPVJQFDN13MvDQ4-YyBg==/dev.souschef.app-h9nPUn9fKtcGOtyFkdyp8Q==/base.apk!/lib/arm64-v8a, permitted_path=/data:/mnt/expand:/data/user/0/dev.souschef.app
11-23 20:55:10.376  8444  8444 V GraphicsEnvironment: Currently set values for:
11-23 20:55:10.376  8444  8444 V GraphicsEnvironment:   angle_gl_driver_selection_pkgs=[]
11-23 20:55:10.376  8444  8444 V GraphicsEnvironment:   angle_gl_driver_selection_values=[]
11-23 20:55:10.376  8444  8444 V GraphicsEnvironment: dev.souschef.app is not listed in per-application setting
11-23 20:55:10.376  8444  8444 V GraphicsEnvironment: ANGLE allowlist from config: 
11-23 20:55:10.376  8444  8444 V GraphicsEnvironment: dev.souschef.app is not listed in ANGLE allowlist or settings, returning default
11-23 20:55:10.377  8444  8444 V GraphicsEnvironment: App is not on the allowlist for updatable production driver.
11-23 20:55:10.381  8444  8444 D ApplicationLoaders: Returning zygote-cached class loader: /system/framework/android.test.base.jar
11-23 20:55:10.383  8444  8444 D nativeloader: Configuring clns-11 for other apk /system/framework/android.test.mock.jar. target_sdk_version=36, uses_libraries=ALL, library_path=/data/app/~~yl5JAUw61YMLvgM9hdKUiw==/dev.souschef.app.test-WPMb-lDpnTJJpCe3SDCGfQ==/lib/arm64:/data/app/~~bBwPVJQFDN13MvDQ4-YyBg==/dev.souschef.app-h9nPUn9fKtcGOtyFkdyp8Q==/lib/arm64, permitted_path=/data:/mnt/expand
11-23 20:55:10.383  8444  8444 D nativeloader: Extending system_exposed_libraries: libhumantracking.arcsoft.so:libPortraitDistortionCorrection.arcsoft.so:libPortraitDistortionCorrectionCali.arcsoft.so:libface_landmark.arcsoft.so:libFacialStickerEngine.arcsoft.so:libfrtracking_engine.arcsoft.so:libFaceRecognition.arcsoft.so:libveengine.arcsoft.so:lib_pet_detection.arcsoft.so:libae_bracket_hdr.arcsoft.so:libhigh_res.arcsoft.so:libhybrid_high_dynamic_range.arcsoft.so:libimage_enhancement.arcsoft.so:liblow_light_hdr.arcsoft.so:libhigh_dynamic_range.arcsoft.so:libsuperresolution_raw.arcsoft.so:libuwsuperresolution.arcsoft.so:libFacialAttributeDetection.arcsoft.so:libobjectcapture_jni.arcsoft.so:libobjectcapture.arcsoft.so:libaudiomirroring_jni.audiomirroring.samsung.so:libBeauty_v4.camera.samsung.so:libexifa.camera.samsung.so:libjpega.camera.samsung.so:libOpenCv.camera.samsung.so:libBestPhoto.camera.samsung.so:libC2paDps.camera.samsung.so:libVideoClassifier.camera.samsung.so:libImageScreener.camera.samsung.so:libMyFilter.camera.samsung.so:libtflite2.myfilters
11-23 20:55:10.384  8444  8444 D ApplicationLoaders: Returning zygote-cached class loader: /system/framework/android.test.base.jar
11-23 20:55:10.386  8444  8444 D nativeloader: Configuring clns-12 for other apk /system/framework/android.test.runner.jar. target_sdk_version=36, uses_libraries=ALL, library_path=/data/app/~~yl5JAUw61YMLvgM9hdKUiw==/dev.souschef.app.test-WPMb-lDpnTJJpCe3SDCGfQ==/lib/arm64:/data/app/~~bBwPVJQFDN13MvDQ4-YyBg==/dev.souschef.app-h9nPUn9fKtcGOtyFkdyp8Q==/lib/arm64, permitted_path=/data:/mnt/expand
11-23 20:55:10.386  8444  8444 D nativeloader: Extending system_exposed_libraries: libhumantracking.arcsoft.so:libPortraitDistortionCorrection.arcsoft.so:libPortraitDistortionCorrectionCali.arcsoft.so:libface_landmark.arcsoft.so:libFacialStickerEngine.arcsoft.so:libfrtracking_engine.arcsoft.so:libFaceRecognition.arcsoft.so:libveengine.arcsoft.so:lib_pet_detection.arcsoft.so:libae_bracket_hdr.arcsoft.so:libhigh_res.arcsoft.so:libhybrid_high_dynamic_range.arcsoft.so:libimage_enhancement.arcsoft.so:liblow_light_hdr.arcsoft.so:libhigh_dynamic_range.arcsoft.so:libsuperresolution_raw.arcsoft.so:libuwsuperresolution.arcsoft.so:libFacialAttributeDetection.arcsoft.so:libobjectcapture_jni.arcsoft.so:libobjectcapture.arcsoft.so:libaudiomirroring_jni.audiomirroring.samsung.so:libBeauty_v4.camera.samsung.so:libexifa.camera.samsung.so:libjpega.camera.samsung.so:libOpenCv.camera.samsung.so:libBestPhoto.camera.samsung.so:libC2paDps.camera.samsung.so:libVideoClassifier.camera.samsung.so:libImageScreener.camera.samsung.so:libMyFilter.camera.samsung.so:libtflite2.myfilters
11-23 20:55:11.043  8444  8444 I AndroidJUnitRunner: newApplication dev.souschef.app.MainApplication
11-23 20:55:11.070  8444  8444 D WM-WrkMgrInitializer: Initializing WorkManager with default configuration.
11-23 20:55:11.114  8444  8444 D NOTIFEE : (context): received application context
11-23 20:55:11.125  8444  8478 E ashmem  : Pinning is deprecated since Android Q. Please use trim or other methods.
11-23 20:55:11.131  8444  8444 I AndroidJUnitRunner: onCreate Bundle[mParcelledData.dataSize=260]
11-23 20:55:11.132  8444  8444 D AndroidJUnitRunner: Use the raw file system for managing file I/O.
11-23 20:55:11.234  8444  8444 V TestEventClient: No service name argument was given (testDiscoveryService, testRunEventService or orchestratorService)
11-23 20:55:11.235  8444  8483 D AndroidJUnitRunner: onStart is called.
11-23 20:55:11.237  8444  8444 W SoLoader: Initializing SoLoader: 0
11-23 20:55:11.238  8444  8444 W SoLoader: Recording new base apk path: /data/app/~~bBwPVJQFDN13MvDQ4-YyBg==/dev.souschef.app-h9nPUn9fKtcGOtyFkdyp8Q==/base.apk
11-23 20:55:11.238  8444  8444 W SoLoader: Previously recorded 0 base apk paths.
11-23 20:55:11.239  8444  8444 I SoLoader: Preparing SO source: DirectorySoSource[root = /vendor/lib64 flags = 2]
11-23 20:55:11.239  8444  8444 I SoLoader: Preparing SO source: DirectorySoSource[root = /system/lib64 flags = 2]
11-23 20:55:11.240  8444  8444 I SoLoader: Preparing SO source: DirectApkSoSource[root = [/data/app/~~bBwPVJQFDN13MvDQ4-YyBg==/dev.souschef.app-h9nPUn9fKtcGOtyFkdyp8Q==/base.apk!/lib/arm64-v8a]]
11-23 20:55:11.317  8444  8444 I SoLoader: Preparing SO source: ApplicationSoSource[DirectorySoSource[root = /data/app/~~bBwPVJQFDN13MvDQ4-YyBg==/dev.souschef.app-h9nPUn9fKtcGOtyFkdyp8Q==/lib/arm64 flags = 0]]
11-23 20:55:11.317  8444  8444 I SoLoader: init finish: 4 SO sources prepared
11-23 20:55:11.317  8444  8444 W SoLoader: SoLoader initialized: 8
11-23 20:55:11.348  8444  8444 D nativeloader: Load /data/app/~~bBwPVJQFDN13MvDQ4-YyBg==/dev.souschef.app-h9nPUn9fKtcGOtyFkdyp8Q==/base.apk!/lib/arm64-v8a/libc++_shared.so using class loader ns clns-10 (caller=/data/app/~~bBwPVJQFDN13MvDQ4-YyBg==/dev.souschef.app-h9nPUn9fKtcGOtyFkdyp8Q==/base.apk!classes20.dex): ok
11-23 20:55:11.362  8444  8444 D nativeloader: Load /data/app/~~bBwPVJQFDN13MvDQ4-YyBg==/dev.souschef.app-h9nPUn9fKtcGOtyFkdyp8Q==/base.apk!/lib/arm64-v8a/libjsi.so using class loader ns clns-10 (caller=/data/app/~~bBwPVJQFDN13MvDQ4-YyBg==/dev.souschef.app-h9nPUn9fKtcGOtyFkdyp8Q==/base.apk!classes20.dex): ok
11-23 20:55:11.375  8444  8444 D nativeloader: Load /data/app/~~bBwPVJQFDN13MvDQ4-YyBg==/dev.souschef.app-h9nPUn9fKtcGOtyFkdyp8Q==/base.apk!/lib/arm64-v8a/libfbjni.so using class loader ns clns-10 (caller=/data/app/~~bBwPVJQFDN13MvDQ4-YyBg==/dev.souschef.app-h9nPUn9fKtcGOtyFkdyp8Q==/base.apk!classes20.dex): ok
11-23 20:55:11.388  8444  8444 D nativeloader: Load /data/app/~~bBwPVJQFDN13MvDQ4-YyBg==/dev.souschef.app-h9nPUn9fKtcGOtyFkdyp8Q==/base.apk!/lib/arm64-v8a/libreactnative.so using class loader ns clns-10 (caller=/data/app/~~bBwPVJQFDN13MvDQ4-YyBg==/dev.souschef.app-h9nPUn9fKtcGOtyFkdyp8Q==/base.apk!classes20.dex): ok
11-23 20:55:11.388  8444  8444 D jni_lib_merge: Entering merged library JNI_OnLoad.
11-23 20:55:11.388  8444  8444 D jni_lib_merge: Preparing 12 pre-merged libs (including stub)
11-23 20:55:11.388  8444  8444 D jni_lib_merge: Preparing to register libfabricjni_so.  onload_func: 0x7a02469aa4
11-23 20:55:11.388  8444  8444 D jni_lib_merge: Preparing to register libreact_devsupportjni_so.  onload_func: 0x7a026870e4
11-23 20:55:11.388  8444  8444 D jni_lib_merge: Preparing to register libreact_featureflagsjni_so.  onload_func: 0x7a02696c38
11-23 20:55:11.388  8444  8444 D jni_lib_merge: Preparing to register libreact_newarchdefaults_so.  onload_func: 0x7a02722a3c
11-23 20:55:11.388  8444  8444 D jni_lib_merge: Preparing to register libreactnativeblob_so.  onload_func: 0x7a02913c50
11-23 20:55:11.388  8444  8444 D jni_lib_merge: Preparing to register libreactnativejni_so.  onload_func: 0x7a02956bec
11-23 20:55:11.388  8444  8444 D jni_lib_merge: Preparing to register libreactnativejni_common_so.  onload_func: 0x7a02967610
11-23 20:55:11.388  8444  8444 D jni_lib_merge: Preparing to register librninstance_so.  onload_func: 0x7a029afecc
11-23 20:55:11.388  8444  8444 D jni_lib_merge: Preparing to register libturbomodulejsijni_so.  onload_func: 0x7a02acda58
11-23 20:55:11.388  8444  8444 D jni_lib_merge: Preparing to register libuimanagerjni_so.  onload_func: 0x7a02ae6a0c
11-23 20:55:11.388  8444  8444 D jni_lib_merge: Preparing to register libyoga_so.  onload_func: 0x7a02af6490
11-23 20:55:11.388  8444  8444 D jni_lib_merge: About to register 11 actual methods.
11-23 20:55:11.416  8444  8444 D nativeloader: Load /data/app/~~bBwPVJQFDN13MvDQ4-YyBg==/dev.souschef.app-h9nPUn9fKtcGOtyFkdyp8Q==/base.apk!/lib/arm64-v8a/libreact_codegen_rnscreens.so using class loader ns clns-10 (caller=/data/app/~~bBwPVJQFDN13MvDQ4-YyBg==/dev.souschef.app-h9nPUn9fKtcGOtyFkdyp8Q==/base.apk!classes20.dex): ok
11-23 20:55:11.416  8444  8444 D jni_lib_merge: Entering merged library JNI_OnLoad.
11-23 20:55:11.416  8444  8444 D jni_lib_merge: Preparing 12 pre-merged libs (including stub)
11-23 20:55:11.416  8444  8444 D jni_lib_merge: Preparing to register libfabricjni_so.  onload_func: 0x7a02469aa4
11-23 20:55:11.416  8444  8444 D jni_lib_merge: Preparing to register libreact_devsupportjni_so.  onload_func: 0x7a026870e4
11-23 20:55:11.416  8444  8444 D jni_lib_merge: Preparing to register libreact_featureflagsjni_so.  onload_func: 0x7a02696c38
11-23 20:55:11.416  8444  8444 D jni_lib_merge: Preparing to register libreact_newarchdefaults_so.  onload_func: 0x7a02722a3c
11-23 20:55:11.416  8444  8444 D jni_lib_merge: Preparing to register libreactnativeblob_so.  onload_func: 0x7a02913c50
11-23 20:55:11.416  8444  8444 D jni_lib_merge: Preparing to register libreactnativejni_so.  onload_func: 0x7a02956bec
11-23 20:55:11.416  8444  8444 D jni_lib_merge: Preparing to register libreactnativejni_common_so.  onload_func: 0x7a02967610
11-23 20:55:11.416  8444  8444 D jni_lib_merge: Preparing to register librninstance_so.  onload_func: 0x7a029afecc
11-23 20:55:11.416  8444  8444 D jni_lib_merge: Preparing to register libturbomodulejsijni_so.  onload_func: 0x7a02acda58
11-23 20:55:11.416  8444  8444 D jni_lib_merge: Preparing to register libuimanagerjni_so.  onload_func: 0x7a02ae6a0c
11-23 20:55:11.416  8444  8444 D jni_lib_merge: Preparing to register libyoga_so.  onload_func: 0x7a02af6490
11-23 20:55:11.416  8444  8444 D jni_lib_merge: About to register 11 actual methods.
11-23 20:55:11.430  8444  8444 D nativeloader: Load /data/app/~~bBwPVJQFDN13MvDQ4-YyBg==/dev.souschef.app-h9nPUn9fKtcGOtyFkdyp8Q==/base.apk!/lib/arm64-v8a/libreact_codegen_rnsvg.so using class loader ns clns-10 (caller=/data/app/~~bBwPVJQFDN13MvDQ4-YyBg==/dev.souschef.app-h9nPUn9fKtcGOtyFkdyp8Q==/base.apk!classes20.dex): ok
11-23 20:55:11.430  8444  8444 D jni_lib_merge: Entering merged library JNI_OnLoad.
11-23 20:55:11.430  8444  8444 D jni_lib_merge: Preparing 12 pre-merged libs (including stub)
11-23 20:55:11.430  8444  8444 D jni_lib_merge: Preparing to register libfabricjni_so.  onload_func: 0x7a02469aa4
11-23 20:55:11.430  8444  8444 D jni_lib_merge: Preparing to register libreact_devsupportjni_so.  onload_func: 0x7a026870e4
11-23 20:55:11.430  8444  8444 D jni_lib_merge: Preparing to register libreact_featureflagsjni_so.  onload_func: 0x7a02696c38
11-23 20:55:11.430  8444  8444 D jni_lib_merge: Preparing to register libreact_newarchdefaults_so.  onload_func: 0x7a02722a3c
11-23 20:55:11.430  8444  8444 D jni_lib_merge: Preparing to register libreactnativeblob_so.  onload_func: 0x7a02913c50
11-23 20:55:11.430  8444  8444 D jni_lib_merge: Preparing to register libreactnativejni_so.  onload_func: 0x7a02956bec
11-23 20:55:11.430  8444  8444 D jni_lib_merge: Preparing to register libreactnativejni_common_so.  onload_func: 0x7a02967610
11-23 20:55:11.430  8444  8444 D jni_lib_merge: Preparing to register librninstance_so.  onload_func: 0x7a029afecc
11-23 20:55:11.430  8444  8444 D jni_lib_merge: Preparing to register libturbomodulejsijni_so.  onload_func: 0x7a02acda58
11-23 20:55:11.430  8444  8444 D jni_lib_merge: Preparing to register libuimanagerjni_so.  onload_func: 0x7a02ae6a0c
11-23 20:55:11.430  8444  8444 D jni_lib_merge: Preparing to register libyoga_so.  onload_func: 0x7a02af6490
11-23 20:55:11.430  8444  8444 D jni_lib_merge: About to register 11 actual methods.
11-23 20:55:11.444  8444  8444 D nativeloader: Load /data/app/~~bBwPVJQFDN13MvDQ4-YyBg==/dev.souschef.app-h9nPUn9fKtcGOtyFkdyp8Q==/base.apk!/lib/arm64-v8a/libreact_codegen_safeareacontext.so using class loader ns clns-10 (caller=/data/app/~~bBwPVJQFDN13MvDQ4-YyBg==/dev.souschef.app-h9nPUn9fKtcGOtyFkdyp8Q==/base.apk!classes20.dex): ok
11-23 20:55:11.457  8444  8444 D nativeloader: Load /data/app/~~bBwPVJQFDN13MvDQ4-YyBg==/dev.souschef.app-h9nPUn9fKtcGOtyFkdyp8Q==/base.apk!/lib/arm64-v8a/libreact_codegen_rnpicker.so using class loader ns clns-10 (caller=/data/app/~~bBwPVJQFDN13MvDQ4-YyBg==/dev.souschef.app-h9nPUn9fKtcGOtyFkdyp8Q==/base.apk!classes20.dex): ok
11-23 20:55:11.457  8444  8444 D jni_lib_merge: Entering merged library JNI_OnLoad.
11-23 20:55:11.457  8444  8444 D jni_lib_merge: Preparing 12 pre-merged libs (including stub)
11-23 20:55:11.457  8444  8444 D jni_lib_merge: Preparing to register libfabricjni_so.  onload_func: 0x7a02469aa4
11-23 20:55:11.457  8444  8444 D jni_lib_merge: Preparing to register libreact_devsupportjni_so.  onload_func: 0x7a026870e4
11-23 20:55:11.457  8444  8444 D jni_lib_merge: Preparing to register libreact_featureflagsjni_so.  onload_func: 0x7a02696c38
11-23 20:55:11.457  8444  8444 D jni_lib_merge: Preparing to register libreact_newarchdefaults_so.  onload_func: 0x7a02722a3c
11-23 20:55:11.457  8444  8444 D jni_lib_merge: Preparing to register libreactnativeblob_so.  onload_func: 0x7a02913c50
11-23 20:55:11.457  8444  8444 D jni_lib_merge: Preparing to register libreactnativejni_so.  onload_func: 0x7a02956bec
11-23 20:55:11.457  8444  8444 D jni_lib_merge: Preparing to register libreactnativejni_common_so.  onload_func: 0x7a02967610
11-23 20:55:11.457  8444  8444 D jni_lib_merge: Preparing to register librninstance_so.  onload_func: 0x7a029afecc
11-23 20:55:11.457  8444  8444 D jni_lib_merge: Preparing to register libturbomodulejsijni_so.  onload_func: 0x7a02acda58
11-23 20:55:11.457  8444  8444 D jni_lib_merge: Preparing to register libuimanagerjni_so.  onload_func: 0x7a02ae6a0c
11-23 20:55:11.457  8444  8444 D jni_lib_merge: Preparing to register libyoga_so.  onload_func: 0x7a02af6490
11-23 20:55:11.457  8444  8444 D jni_lib_merge: About to register 11 actual methods.
11-23 20:55:11.466  8444  8444 D nativeloader: Load /data/app/~~bBwPVJQFDN13MvDQ4-YyBg==/dev.souschef.app-h9nPUn9fKtcGOtyFkdyp8Q==/base.apk!/lib/arm64-v8a/libappmodules.so using class loader ns clns-10 (caller=/data/app/~~bBwPVJQFDN13MvDQ4-YyBg==/dev.souschef.app-h9nPUn9fKtcGOtyFkdyp8Q==/base.apk!classes20.dex): ok
11-23 20:55:11.472  8444  8444 I Choreographer: Skipped 42 frames!  The application may be doing too much work on its main thread.
11-23 20:55:11.485  8444  8483 I InstrConnection: Could not send broadcast or register receiver (isolatedProcess?)
11-23 20:55:11.492  8444  8483 D TestRequestBuilder: Using class path scanning to discover tests
11-23 20:55:11.492  8444  8483 I TestRequestBuilder: Scanning classpath to find tests in paths [/data/app/~~yl5JAUw61YMLvgM9hdKUiw==/dev.souschef.app.test-WPMb-lDpnTJJpCe3SDCGfQ==/base.apk]
11-23 20:55:11.493  8444  8483 W ev.souschef.app: Opening an oat file without a class loader. Are you using the deprecated DexFile APIs?
11-23 20:55:12.254  8444  8483 I TestRunner: run started: 1 tests
11-23 20:55:12.255  8444  8483 I TestRunner: started: runDetoxTests(dev.souschef.app.DetoxTest)
11-23 20:55:12.263  8444  8483 I Detox   : Detox server connection details: url=ws://localhost:8099, sessionId=sous-chef-e2e
11-23 20:55:12.270  8444  8483 W FileTestStorage: Output properties is not supported.
11-23 20:55:12.270  8444  8483 I Tracing : Tracer added: class androidx.test.platform.tracing.AndroidXTracer
11-23 20:55:12.279  8444  8483 D EventInjectionStrategy: Creating injection strategy with input manager.
11-23 20:55:12.279  8444  8483 I ev.souschef.app: hiddenapi: Accessing hidden method Landroid/hardware/input/InputManager;->getInstance()Landroid/hardware/input/InputManager; (runtime_flags=0, domain=platform, api=unsupported) from Landroidx/test/espresso/base/InputManagerEventInjectionStrategy; (domain=app) using reflection: allowed
11-23 20:55:12.281  8444  8483 I ev.souschef.app: hiddenapi: Accessing hidden method Landroid/hardware/input/InputManager;->injectInputEvent(Landroid/view/InputEvent;I)Z (runtime_flags=0, domain=platform, api=unsupported) from Landroidx/test/espresso/base/InputManagerEventInjectionStrategy; (domain=app) using reflection: allowed
11-23 20:55:12.281  8444  8483 I ev.souschef.app: hiddenapi: Accessing hidden field Landroid/hardware/input/InputManager;->INJECT_INPUT_EVENT_MODE_WAIT_FOR_FINISH:I (runtime_flags=0, domain=platform, api=unsupported) from Landroidx/test/espresso/base/InputManagerEventInjectionStrategy; (domain=app) using reflection: allowed
11-23 20:55:12.288  8444  8483 I ev.souschef.app: hiddenapi: Accessing hidden field Ljava/lang/reflect/Field;->accessFlags:I (runtime_flags=0, domain=core-platform, api=unsupported) from Lorg/joor/Reflect; (domain=app) using reflection: allowed
11-23 20:55:12.293  8444  8483 I Detox   : Connecting to server...
11-23 20:55:12.293  8444  8483 I DetoxWSClient: At connectToServer
11-23 20:55:12.380  8444  8495 D DetoxWSClient: At onOpen
11-23 20:55:12.380  8444  8495 I DetoxWSClient: Sending out action 'login' (ID #0)
11-23 20:55:12.381  8444  8495 I Detox   : Connected to server!
11-23 20:55:12.384  8444  8495 D DetoxWSClient: Received action 'loginSuccess' (ID #0, params={"testerConnected":true,"appConnected":true})
11-23 20:55:12.385  8444  8489 I DetoxDispatcher: Handling action 'loginSuccess' (ID #0)...
11-23 20:55:12.385  8444  8483 I Detox   : Launching the tested activity!
11-23 20:55:12.385  8444  8489 I DetoxDispatcher: Done with action 'loginSuccess'
11-23 20:55:12.428  8444  8495 D DetoxWSClient: Received action 'isReady' (ID #-1000, params={})
11-23 20:55:12.428  8444  8489 I DetoxDispatcher: Handling action 'isReady' (ID #-1000)...
11-23 20:55:12.437  8444  8444 D ActivityThread: dev.souschef.app will use render engine as VK
11-23 20:55:12.438  8444  8444 D HWUI    : HWUI - treat SMPTE_170M as sRGB
11-23 20:55:12.441  8444  8506 I DisplayManager: Choreographer implicitly registered for the refresh rate.
11-23 20:55:12.442  8444  8506 D HWUI    : CacheManager constructor. deviceInfo=(1080, 1920)
11-23 20:55:12.443  8444  8506 I AdrenoGLES-0: QUALCOMM build                   : 0c393b63cf, I94e2bd5684
11-23 20:55:12.443  8444  8506 I AdrenoGLES-0: Build Date                       : 05/02/25
11-23 20:55:12.443  8444  8506 I AdrenoGLES-0: OpenGL ES Shader Compiler Version: EV031.36.08.33
11-23 20:55:12.443  8444  8506 I AdrenoGLES-0: Local Branch                     : 
11-23 20:55:12.443  8444  8506 I AdrenoGLES-0: Remote Branch                    : refs/tags/AU_LINUX_ANDROID_LA.VENDOR.1.0.R1.11.00.00.816.269
11-23 20:55:12.443  8444  8506 I AdrenoGLES-0: Remote Branch                    : NONE
11-23 20:55:12.443  8444  8506 I AdrenoGLES-0: Reconstruct Branch               : NOTHING
11-23 20:55:12.443  8444  8506 I AdrenoGLES-0: Build Config                     : S P 12.1.1 AArch64
11-23 20:55:12.443  8444  8506 I AdrenoGLES-0: Driver Path                      : /vendor/lib64/egl/libGLESv2_adreno.so
11-23 20:55:12.443  8444  8506 I AdrenoGLES-0: Driver Version                   : 0615.98
11-23 20:55:12.448  8444  8506 I AdrenoGLES-0: PFP: 0x01730181, ME: 0x00000000
11-23 20:55:12.453  8444  8506 W Adreno-AppProfiles: Could not find QSPM HAL service. Skipping adreno profile processing.
11-23 20:55:12.466  8444  8444 D AppCompatDelegate: Checking for metadata for AppLocalesMetadataHolderService : Service not found
11-23 20:55:12.470  8444  8444 D LifecycleMonitor: Lifecycle status change: dev.souschef.app.MainActivity@d25bfb8 in: PRE_ON_CREATE
11-23 20:55:12.492  8444  8444 I NitroMmkvOnLoad: Loading NitroMmkv C++ library...
11-23 20:55:12.495  8444  8444 D nativeloader: Load /data/app/~~bBwPVJQFDN13MvDQ4-YyBg==/dev.souschef.app-h9nPUn9fKtcGOtyFkdyp8Q==/base.apk!/lib/arm64-v8a/libNitroMmkv.so using class loader ns clns-10 (caller=/data/app/~~bBwPVJQFDN13MvDQ4-YyBg==/dev.souschef.app-h9nPUn9fKtcGOtyFkdyp8Q==/base.apk!classes7.dex): ok
11-23 20:55:12.495  8444  8444 I Nitro.HybridObjectRegistry: Registering HybridObject "MMKVFactory"...
11-23 20:55:12.495  8444  8444 I Nitro.HybridObjectRegistry: Successfully registered HybridObject "MMKVFactory"!
11-23 20:55:12.495  8444  8444 I Nitro.HybridObjectRegistry: Registering HybridObject "MMKVPlatformContext"...
11-23 20:55:12.495  8444  8444 I Nitro.HybridObjectRegistry: Successfully registered HybridObject "MMKVPlatformContext"!
11-23 20:55:12.495  8444  8444 I NitroMmkvOnLoad: Successfully loaded NitroMmkv C++ library!
11-23 20:55:12.511  8444  8444 D nativeloader: Load /data/app/~~bBwPVJQFDN13MvDQ4-YyBg==/dev.souschef.app-h9nPUn9fKtcGOtyFkdyp8Q==/base.apk!/lib/arm64-v8a/libhermesvm.so using class loader ns clns-10 (caller=/data/app/~~bBwPVJQFDN13MvDQ4-YyBg==/dev.souschef.app-h9nPUn9fKtcGOtyFkdyp8Q==/base.apk!classes20.dex): ok
11-23 20:55:12.512  8444  8444 D nativeloader: Load /data/app/~~bBwPVJQFDN13MvDQ4-YyBg==/dev.souschef.app-h9nPUn9fKtcGOtyFkdyp8Q==/base.apk!/lib/arm64-v8a/libhermestooling.so using class loader ns clns-10 (caller=/data/app/~~bBwPVJQFDN13MvDQ4-YyBg==/dev.souschef.app-h9nPUn9fKtcGOtyFkdyp8Q==/base.apk!classes20.dex): ok
11-23 20:55:12.512  8444  8444 D jni_lib_merge: Entering merged library JNI_OnLoad.
11-23 20:55:12.512  8444  8444 D jni_lib_merge: Preparing 4 pre-merged libs (including stub)
11-23 20:55:12.512  8444  8444 D jni_lib_merge: Preparing to register libhermes_executor_so.  onload_func: 0x7a06aab400
11-23 20:55:12.512  8444  8444 D jni_lib_merge: Preparing to register libhermesinstancejni_so.  onload_func: 0x7a06ae1848
11-23 20:55:12.512  8444  8444 D jni_lib_merge: Preparing to register libjsijniprofiler_so.  onload_func: 0x7a06ae388c
11-23 20:55:12.512  8444  8444 D jni_lib_merge: About to register 3 actual methods.
11-23 20:55:12.530  8444  8444 D SensorManager: registerListener :: 11, lsm6dso LSM6DSO Accelerometer Non-wakeup, 66667, 0, 
11-23 20:55:12.558  8444  8444 W unknown:BridgelessReact: ReactHost{0}.startSurface(surfaceId = 0): Schedule
11-23 20:55:12.558  8444  8444 W unknown:BridgelessReact: ReactHost{0}.attachSurface(surfaceId = 0)
11-23 20:55:12.559  8444  8520 W unknown:BridgelessReact: ReactHost{0}.getOrCreateReactInstanceTask()
11-23 20:55:12.559  8444  8520 W unknown:BridgelessReact: ReactHost{0}.getOrCreateReactInstanceTask(): Start
11-23 20:55:12.559  8444  8520 D Detox.RNMarker: REACT_BRIDGELESS_LOADING_START (null)
11-23 20:55:12.559  8444  8520 W unknown:BridgelessReact: ReactHost{0}.getJSBundleLoader()
11-23 20:55:12.559  8444  8520 W unknown:BridgelessReact: ReactHost{0}.isMetroRunning()
11-23 20:55:12.561  8444  8444 D CompatChangeReporter: Compat change id reported: 377864165; UID 11175; state: ENABLED
11-23 20:55:12.562  8444  8444 D DesktopModeFlags: Toggle override initialized to: OVERRIDE_UNSET
11-23 20:55:12.566  8444  8444 I DecorView: setWindowBackground: isPopOver=false color=fffafafa d=android.graphics.drawable.ColorDrawable@861564a
11-23 20:55:12.569  8444  8521 W unknown:BridgelessReact: ReactHost{0}.isMetroRunning(): Async result = true
11-23 20:55:12.570  8444  8520 W unknown:BridgelessReact: ReactHost{0}.loadJSBundleFromMetro()
11-23 20:55:12.570  8444  8444 I ev.souschef.app: hiddenapi: Accessing hidden method Landroid/view/ViewGroup;->makeOptionalFitsSystemWindows()V (runtime_flags=0, domain=platform, api=unsupported) from Landroidx/appcompat/widget/ViewUtils; (domain=app) using reflection: allowed
11-23 20:55:12.570  8444  8520 D Detox.RNMarker: DOWNLOAD_START (null)
11-23 20:55:12.571  8444  8444 D LifecycleMonitor: Lifecycle status change: dev.souschef.app.MainActivity@d25bfb8 in: CREATED
11-23 20:55:12.572  8444  8444 D LifecycleMonitor: Lifecycle status change: dev.souschef.app.MainActivity@d25bfb8 in: STARTED
11-23 20:55:12.575  8444  8444 W unknown:BridgelessReact: ReactHost{0}.onHostResume(activity)
11-23 20:55:12.576  8444  8444 W unknown:ReactNative: Packager connection already open, nooping.
11-23 20:55:12.576  8444  8444 D LifecycleMonitor: Lifecycle status change: dev.souschef.app.MainActivity@d25bfb8 in: RESUMED
11-23 20:55:12.580  8444  8444 D ViewRootImpl: desktopMode is false
11-23 20:55:12.581  8444  8444 I ViewRootImpl: dVRR is disabled
11-23 20:55:12.582  8444  8444 D HardwareRenderer: onDisplayChanged. displayId=0 current wxh=1440x3088 mLargest wxh=0x0
11-23 20:55:12.582  8444  8444 D HardwareRenderer: Set largestWidth and largestHeight as logical resolution. (1440x3088)
11-23 20:55:12.582  8444  8506 D HWUI    : setMaxSurfaceArea requested wxh=(1440,3088) requestedSurfaceArea(4446720) mMaxSurfaceArea(2073600)
11-23 20:55:12.583  8444  8506 D NativeCustomFrequencyManager: [NativeCFMS] BpCustomFrequencyManager::BpCustomFrequencyManager()
11-23 20:55:12.587  8444  8444 D InputTransport: Input channel constructed: 'a4db1d4', fd=143
11-23 20:55:12.588  8444  8444 I InsetsController: onStateChanged: host=dev.souschef.app/dev.souschef.app.MainActivity, from=android.view.ViewRootImpl.onInsetsStateChanged:3026, state=InsetsState: {mDisplayFrame=Rect(0, 0 - 1440, 3088), mDisplayCutout=DisplayCutout{insets=Rect(0, 100 - 0, 0) waterfall=Insets{left=0, top=0, right=0, bottom=0} boundingRect={Bounds=[Rect(0, 0 - 0, 0), Rect(683, 0 - 758, 100), Rect(0, 0 - 0, 0), Rect(0, 0 - 0, 0)]} cutoutPathParserInfo={CutoutPathParserInfo{displayWidth=1440 displayHeight=3088 physicalDisplayWidth=1440 physicalDisplayHeight=3088 density={3.75} cutoutSpec={M 0,0 H -10 V 26.66666666666667 H 10 V 0 H 0 Z @dp} rotation={0} scale={1.0} physicalPixelDisplaySizeRatio={1.0}}} sideOverrides={}}, mRoundedCorners=RoundedCorners{[RoundedCorner{position=TopLeft, radius=15, center=Point(15, 15)}, RoundedCorner{position=TopRight, radius=15, center=Point(1425, 15)}, RoundedCorner{position=BottomRight, radius=15, center=Point(1425, 3073)}, RoundedCorner{position=BottomLeft, radius=15, center=Point(15, 3073)}]}  mRoundedCornerFrame=Rect(0, 0 - 1440, 3088), mPrivacyIndicatorBounds=PrivacyIndicatorBounds {static bounds=Rect(1275, 0 - 1440, 100) rotation=0}, mDisplayShape=DisplayShape{ spec=-311912193 displayWidth=1440 displayHeight=3088 physicalPixelDisplaySizeRatio=1.0 rotation=0 offsetX=0 offsetY=0 scale=1.0}, mSources= { InsetsSource: {b11d0001 mType=navigationBars mFrame=[0,3032][1440,3088] mVisible=true mFlags=SUPPRESS_SCRIM mSideHint=BOTTOM mBoundingRects=null}, InsetsSource: {b11d0004 mType=systemGestures mFrame=[0,0][84,3088] mVisible=true mFlags= mSideHint=LEFT mBoundingRects=null}, InsetsSource: {b11d0005 mType=mandatorySystemGestures mFrame=[0,2968][1440,3088] mVisible=true mFlags= mSideHint=BOTTOM mBoundingRects=null}, InsetsSource: {b11d0006 mType=tappableElement mFrame=[0,0][0,0] mVisible=true mFlags= mSideHint=NONE mBoundingRects=null}, InsetsSource: {b11d0024 mType=systemGestures mFrame=[1356,0][1440,3088] mVisible=true mFlags= mSideHint=RIGHT mBoundingRects=null}, InsetsSource: {ecac0000 mType=statusBars mFrame=[0,0][1440,100] mVisible=true mFlags= mSideHint=TOP mBoundingRects=null}, InsetsSource: {ecac0005 mType=mandatorySystemGestures mFrame=[0,0][1440,145] mVisible=true mFlags= mSideHint=TOP mBoundingRects=null}, InsetsSource: {ecac0006 mType=tappableElement mFrame=[0,0][1440,100] mVisible=true mFlags= mSideHint=TOP mBoundingRects=null}, InsetsSource: {3 mType=ime mFrame=[0,0][0,0] mVisible=false mFlags= mSideHint=NONE mBoundingRects=null}, InsetsSource: {27 mType=displayCutout mFrame=[0,0][1440,100] mVisible=true mFlags= mSideHint=TOP mBoundingRects=null} }
11-23 20:55:12.589  8444  8444 I VRI[MainActivity]@8e53a52: synced displayState. AttachInfo displayState=2
11-23 20:55:12.590  8444  8444 I VRI[MainActivity]@8e53a52: setView = com.android.internal.policy.DecorView@f78a99e IsHRR=false mFlingFrameRateChange=0 TM=false
11-23 20:55:12.591  8444  8444 I IDS_TAG : Starting IDS observe window
11-23 20:55:12.591  8444  8444 I IDS_TAG : Getting Shared Preference for dev.souschef.app.MainApplication@a30e246 uid = 11175
11-23 20:55:12.591  8444  8444 I IDS_TAG : App dev.souschef.app.MainApplication@a30e246 has not finished training
11-23 20:55:12.594  8444  8444 I IDS_TAG : Background Changed updated UI for IDS
11-23 20:55:12.596  8444  8444 I IDS_TAG : View Inflated updated UI for IDS
11-23 20:55:12.597  8444  8444 I WindowManager: WindowManagerGlobal#addView, ty=1000, view=android.widget.PopupWindow$PopupDecorView{2bced11 V.E...... R.....I. 0,0-0,0}, caller=android.view.WindowManagerImpl.addView:158 android.widget.PopupWindow.invokePopup:1692 android.widget.PopupWindow.showAtLocation:1418 
11-23 20:55:12.598  8444  8444 D ViewRootImpl: desktopMode is false
11-23 20:55:12.598  8444  8444 I ViewRootImpl: dVRR is disabled
11-23 20:55:12.598  8444  8506 D NativeCustomFrequencyManager: [NativeCFMS] BpCustomFrequencyManager::BpCustomFrequencyManager()
11-23 20:55:12.601  8444  8444 E WindowManager: Couldn't add view: android.widget.PopupWindow$PopupDecorView{2bced11 V.E...... R.....I. 0,0-0,0}
11-23 20:55:12.601  8444  8444 E WindowManager: android.view.WindowManager$BadTokenException: Unable to add window -- token null is not valid; is your activity running?
11-23 20:55:12.601  8444  8444 E WindowManager: 	at android.view.ViewRootImpl.setView(ViewRootImpl.java:2042)
11-23 20:55:12.601  8444  8444 E WindowManager: 	at android.view.WindowManagerGlobal.addView(WindowManagerGlobal.java:604)
11-23 20:55:12.601  8444  8444 E WindowManager: 	at android.view.WindowManagerImpl.addView(WindowManagerImpl.java:158)
11-23 20:55:12.601  8444  8444 E WindowManager: 	at android.widget.PopupWindow.invokePopup(PopupWindow.java:1692)
11-23 20:55:12.601  8444  8444 E WindowManager: 	at android.widget.PopupWindow.showAtLocation(PopupWindow.java:1418)
11-23 20:55:12.601  8444  8444 E WindowManager: 	at android.widget.PopupWindow.showAtLocation(PopupWindow.java:1384)
11-23 20:55:12.601  8444  8444 E WindowManager: 	at com.facebook.react.devsupport.DefaultDevLoadingViewImplementation.showInternal(DefaultDevLoadingViewImplementation.kt:94)
11-23 20:55:12.601  8444  8444 E WindowManager: 	at com.facebook.react.devsupport.DefaultDevLoadingViewImplementation.showMessage$lambda$0(DefaultDevLoadingViewImplementation.kt:39)
11-23 20:55:12.601  8444  8444 E WindowManager: 	at com.facebook.react.devsupport.DefaultDevLoadingViewImplementation.$r8$lambda$Ocmkqkmh3lajgBQuKhYFJfMXqgE(Unknown Source:0)
11-23 20:55:12.601  8444  8444 E WindowManager: 	at com.facebook.react.devsupport.DefaultDevLoadingViewImplementation$$ExternalSyntheticLambda2.run(D8$$SyntheticClass:0)
11-23 20:55:12.601  8444  8444 E WindowManager: 	at android.os.Handler.handleCallback(Handler.java:995)
11-23 20:55:12.601  8444  8444 E WindowManager: 	at android.os.Handler.dispatchMessage(Handler.java:103)
11-23 20:55:12.601  8444  8444 E WindowManager: 	at android.os.Looper.loopOnce(Looper.java:273)
11-23 20:55:12.601  8444  8444 E WindowManager: 	at android.os.Looper.loop(Looper.java:363)
11-23 20:55:12.601  8444  8444 E WindowManager: 	at android.app.ActivityThread.main(ActivityThread.java:10060)
11-23 20:55:12.601  8444  8444 E WindowManager: 	at java.lang.reflect.Method.invoke(Native Method)
11-23 20:55:12.601  8444  8444 E WindowManager: 	at com.android.internal.os.RuntimeInit$MethodAndArgsCaller.run(RuntimeInit.java:632)
11-23 20:55:12.601  8444  8444 E WindowManager: 	at com.android.internal.os.ZygoteInit.main(ZygoteInit.java:975)
11-23 20:55:12.601  8444  8444 I WindowManager: WindowManagerGlobal#removeView, ty=1000, view=android.widget.PopupWindow$PopupDecorView{2bced11 V.E...... R.....I. 0,0-0,0}, caller=android.view.WindowManagerGlobal.addView:611 android.view.WindowManagerImpl.addView:158 android.widget.PopupWindow.invokePopup:1692 
11-23 20:55:12.601  8444  8506 D HWUI    : CacheManager::trimMemory(20)
11-23 20:55:12.601  8444  8444 E unknown:ReactNative: Unable to display loading message because react activity isn't active, message: Loading from localhost:8081…
11-23 20:55:12.602  8444  8444 I IDS_TAG : Background Changed updated UI for IDS
11-23 20:55:12.603  8444  8444 I IDS_TAG : View Inflated updated UI for IDS
11-23 20:55:12.603  8444  8444 I WindowManager: WindowManagerGlobal#addView, ty=1000, view=android.widget.PopupWindow$PopupDecorView{e0e7913 V.E...... R.....I. 0,0-0,0}, caller=android.view.WindowManagerImpl.addView:158 android.widget.PopupWindow.invokePopup:1692 android.widget.PopupWindow.showAtLocation:1418 
11-23 20:55:12.604  8444  8444 D ViewRootImpl: desktopMode is false
11-23 20:55:12.604  8444  8444 I ViewRootImpl: dVRR is disabled
11-23 20:55:12.605  8444  8506 D NativeCustomFrequencyManager: [NativeCFMS] BpCustomFrequencyManager::BpCustomFrequencyManager()
11-23 20:55:12.607  8444  8444 E WindowManager: Couldn't add view: android.widget.PopupWindow$PopupDecorView{e0e7913 V.E...... R.....I. 0,0-0,0}
11-23 20:55:12.607  8444  8444 E WindowManager: android.view.WindowManager$BadTokenException: Unable to add window -- token null is not valid; is your activity running?
11-23 20:55:12.607  8444  8444 E WindowManager: 	at android.view.ViewRootImpl.setView(ViewRootImpl.java:2042)
11-23 20:55:12.607  8444  8444 E WindowManager: 	at android.view.WindowManagerGlobal.addView(WindowManagerGlobal.java:604)
11-23 20:55:12.607  8444  8444 E WindowManager: 	at android.view.WindowManagerImpl.addView(WindowManagerImpl.java:158)
11-23 20:55:12.607  8444  8444 E WindowManager: 	at android.widget.PopupWindow.invokePopup(PopupWindow.java:1692)
11-23 20:55:12.607  8444  8444 E WindowManager: 	at android.widget.PopupWindow.showAtLocation(PopupWindow.java:1418)
11-23 20:55:12.607  8444  8444 E WindowManager: 	at android.widget.PopupWindow.showAtLocation(PopupWindow.java:1384)
11-23 20:55:12.607  8444  8444 E WindowManager: 	at com.facebook.react.devsupport.DefaultDevLoadingViewImplementation.showInternal(DefaultDevLoadingViewImplementation.kt:94)
11-23 20:55:12.607  8444  8444 E WindowManager: 	at com.facebook.react.devsupport.DefaultDevLoadingViewImplementation.showMessage$lambda$0(DefaultDevLoadingViewImplementation.kt:39)
11-23 20:55:12.607  8444  8444 E WindowManager: 	at com.facebook.react.devsupport.DefaultDevLoadingViewImplementation.$r8$lambda$Ocmkqkmh3lajgBQuKhYFJfMXqgE(Unknown Source:0)
11-23 20:55:12.607  8444  8444 E WindowManager: 	at com.facebook.react.devsupport.DefaultDevLoadingViewImplementation$$ExternalSyntheticLambda2.run(D8$$SyntheticClass:0)
11-23 20:55:12.607  8444  8444 E WindowManager: 	at android.os.Handler.handleCallback(Handler.java:995)
11-23 20:55:12.607  8444  8444 E WindowManager: 	at android.os.Handler.dispatchMessage(Handler.java:103)
11-23 20:55:12.607  8444  8444 E WindowManager: 	at android.os.Looper.loopOnce(Looper.java:273)
11-23 20:55:12.607  8444  8444 E WindowManager: 	at android.os.Looper.loop(Looper.java:363)
11-23 20:55:12.607  8444  8444 E WindowManager: 	at android.app.ActivityThread.main(ActivityThread.java:10060)
11-23 20:55:12.607  8444  8444 E WindowManager: 	at java.lang.reflect.Method.invoke(Native Method)
11-23 20:55:12.607  8444  8444 E WindowManager: 	at com.android.internal.os.RuntimeInit$MethodAndArgsCaller.run(RuntimeInit.java:632)
11-23 20:55:12.607  8444  8444 E WindowManager: 	at com.android.internal.os.ZygoteInit.main(ZygoteInit.java:975)
11-23 20:55:12.608  8444  8444 I WindowManager: WindowManagerGlobal#removeView, ty=1000, view=android.widget.PopupWindow$PopupDecorView{e0e7913 V.E...... R.....I. 0,0-0,0}, caller=android.view.WindowManagerGlobal.addView:611 android.view.WindowManagerImpl.addView:158 android.widget.PopupWindow.invokePopup:1692 
11-23 20:55:12.608  8444  8506 D HWUI    : CacheManager::trimMemory(20)
11-23 20:55:12.609  8444  8444 E unknown:ReactNative: Unable to display loading message because react activity isn't active, message: Reloading...
11-23 20:55:12.609  8444  8506 D HWUI    : HWUI - treat SMPTE_170M as sRGB
11-23 20:55:12.609  8444  8444 I IDS_TAG : Closing IDS observe window
11-23 20:55:12.609  8444  8444 I IDS_TAG : Getting Shared Preference for dev.souschef.app.MainApplication@a30e246 uid = 11175
11-23 20:55:12.609  8444  8444 I IDS_TAG : IDS disabled for dev.souschef.app.MainApplication@a30e246
11-23 20:55:12.609  8444  8444 I IDS_TAG : IDS count updated to -1 for dev.souschef.app.MainApplication@a30e246
11-23 20:55:12.625  8444  8444 E ev.souschef.app: Unable to open libpenguin.so: dlopen failed: library "libpenguin.so" not found.
11-23 20:55:12.625  8444  8444 W libc    : Access denied finding property "vendor.display.enable_optimal_refresh_rate"
11-23 20:55:12.626  8444  8444 I BufferQueueProducer: [](id:20fc00000000,api:0,p:497374704,c:8444) setDequeueTimeout:2077252342
11-23 20:55:12.626  8444  8444 I BLASTBufferQueue_Java: new BLASTBufferQueue, mName= VRI[MainActivity]@8e53a52 mNativeObject= 0xb400007adda683b0 caller= android.view.ViewRootImpl.updateBlastSurfaceIfNeeded:3585 android.view.ViewRootImpl.relayoutWindow:11685 android.view.ViewRootImpl.performTraversals:4804 android.view.ViewRootImpl.doTraversal:3924 android.view.ViewRootImpl$TraversalRunnable.run:12903 android.view.Choreographer$CallbackRecord.run:1901 android.view.Choreographer$CallbackRecord.run:1910 android.view.Choreographer.doCallbacks:1367 android.view.Choreographer.doFrame:1292 android.view.Choreographer$FrameDisplayEventReceiver.run:1870 
11-23 20:55:12.626  8444  8444 I BLASTBufferQueue_Java: update, w= 1440 h= 3088 mName = VRI[MainActivity]@8e53a52 mNativeObject= 0xb400007adda683b0 sc.mNativeObject= 0xb400007b7da3c350 format= -1 caller= android.view.ViewRootImpl.updateBlastSurfaceIfNeeded:3590 android.view.ViewRootImpl.relayoutWindow:11685 android.view.ViewRootImpl.performTraversals:4804 android.view.ViewRootImpl.doTraversal:3924 android.view.ViewRootImpl$TraversalRunnable.run:12903 android.view.Choreographer$CallbackRecord.run:1901 
11-23 20:55:12.626  8444  8444 W libc    : Access denied finding property "vendor.display.enable_optimal_refresh_rate"
11-23 20:55:12.627  8444  8444 I VRI[MainActivity]@8e53a52: Relayout returned: old=(0,0,1440,3088) new=(0,0,1440,3088) relayoutAsync=false req=(1440,3088)0 dur=10 res=0x3 s={true 0xb400007beda57a40} ch=true seqId=0
11-23 20:55:12.627  8444  8444 I VRI[MainActivity]@8e53a52: performConfigurationChange setNightDimText nightDimLevel=0
11-23 20:55:12.627  8444  8444 D VRI[MainActivity]@8e53a52: mThreadedRenderer.initialize() mSurface={isValid=true 0xb400007beda57a40} hwInitialized=true
11-23 20:55:12.629  8444  8444 D VRI[MainActivity]@8e53a52: reportNextDraw android.view.ViewRootImpl.performTraversals:5443 android.view.ViewRootImpl.doTraversal:3924 android.view.ViewRootImpl$TraversalRunnable.run:12903 android.view.Choreographer$CallbackRecord.run:1901 android.view.Choreographer$CallbackRecord.run:1910 
11-23 20:55:12.629  8444  8444 D VRI[MainActivity]@8e53a52: Setup new sync=wmsSync-VRI[MainActivity]@8e53a52#0
11-23 20:55:12.629  8444  8444 I VRI[MainActivity]@8e53a52: Creating new active sync group VRI[MainActivity]@8e53a52#1
11-23 20:55:12.630  8444  8444 D VRI[MainActivity]@8e53a52: registerCallbacksForSync syncBuffer=false
11-23 20:55:12.633  8444  8524 D VRI[MainActivity]@8e53a52: Received frameDrawingCallback syncResult=0 frameNum=1.
11-23 20:55:12.633  8444  8524 I VRI[MainActivity]@8e53a52: mWNT: t=0xb400007c8da63d50 mBlastBufferQueue=0xb400007adda683b0 fn= 1 HdrRenderState mRenderHdrSdrRatio=1.0 caller= android.view.ViewRootImpl$12.onFrameDraw:15441 android.view.ThreadedRenderer$1.onFrameDraw:718 <bottom of call stack> 
11-23 20:55:12.633  8444  8524 I VRI[MainActivity]@8e53a52: Setting up sync and frameCommitCallback
11-23 20:55:12.634  8444  8506 I BLASTBufferQueue: [VRI[MainActivity]@8e53a52#0](f:0,a:0,s:0) onFrameAvailable the first frame is available
11-23 20:55:12.634  8444  8506 I SurfaceComposerClient: apply transaction with the first frame. layerId: 57719, bufferData(ID: 36266703847425, frameNumber: 1)
11-23 20:55:12.635  8444  8506 I VRI[MainActivity]@8e53a52: Received frameCommittedCallback lastAttemptedDrawFrameNum=1 didProduceBuffer=true
11-23 20:55:12.637  8444  8506 D HWUI    : CFMS:: SetUp Pid : 8444    Tid : 8506
11-23 20:55:12.637  8444  8444 D VRI[MainActivity]@8e53a52: reportDrawFinished seqId=0
11-23 20:55:12.638  8444  8444 I InsetsSourceConsumer: applyRequestedVisibilityToControl: visible=true, type=statusBars, host=dev.souschef.app/dev.souschef.app.MainActivity
11-23 20:55:12.638  8444  8444 I InsetsSourceConsumer: applyRequestedVisibilityToControl: visible=true, type=navigationBars, host=dev.souschef.app/dev.souschef.app.MainActivity
11-23 20:55:12.660  8444  8444 D VRI[MainActivity]@8e53a52: mThreadedRenderer.initializeIfNeeded()#2 mSurface={isValid=true 0xb400007beda57a40}
11-23 20:55:12.660  8444  8444 W unknown:BridgelessReact: ReactHost{0}.raiseSoftException(onWindowFocusChange(hasFocus = "true")): Tried to access onWindowFocusChange while context is not ready
11-23 20:55:12.661  8444  8444 E unknown:ReactHost: Unhandled SoftException
11-23 20:55:12.661  8444  8444 E unknown:ReactHost: com.facebook.react.bridge.ReactNoCrashSoftException: raiseSoftException(onWindowFocusChange(hasFocus = "true")): Tried to access onWindowFocusChange while context is not ready
11-23 20:55:12.661  8444  8444 E unknown:ReactHost: 	at com.facebook.react.runtime.ReactHostImpl.raiseSoftException(ReactHostImpl.kt:826)
11-23 20:55:12.661  8444  8444 E unknown:ReactHost: 	at com.facebook.react.runtime.ReactHostImpl.raiseSoftException$default(ReactHostImpl.kt:817)
11-23 20:55:12.661  8444  8444 E unknown:ReactHost: 	at com.facebook.react.runtime.ReactHostImpl.onWindowFocusChange(ReactHostImpl.kt:619)
11-23 20:55:12.661  8444  8444 E unknown:ReactHost: 	at com.facebook.react.ReactDelegate.onWindowFocusChanged(ReactDelegate.kt:232)
11-23 20:55:12.661  8444  8444 E unknown:ReactHost: 	at com.facebook.react.ReactActivityDelegate.onWindowFocusChanged(ReactActivityDelegate.java:236)
11-23 20:55:12.661  8444  8444 E unknown:ReactHost: 	at com.facebook.react.ReactActivity.onWindowFocusChanged(ReactActivity.java:158)
11-23 20:55:12.661  8444  8444 E unknown:ReactHost: 	at androidx.appcompat.view.WindowCallbackWrapper.onWindowFocusChanged(WindowCallbackWrapper.java:124)
11-23 20:55:12.661  8444  8444 E unknown:ReactHost: 	at com.android.internal.policy.DecorView.onWindowFocusChanged(DecorView.java:2430)
11-23 20:55:12.661  8444  8444 E unknown:ReactHost: 	at android.view.View.dispatchWindowFocusChanged(View.java:17541)
11-23 20:55:12.661  8444  8444 E unknown:ReactHost: 	at android.view.ViewGroup.dispatchWindowFocusChanged(ViewGroup.java:1542)
11-23 20:55:12.661  8444  8444 E unknown:ReactHost: 	at android.view.ViewRootImpl.dispatchFocusEvent(ViewRootImpl.java:5958)
11-23 20:55:12.661  8444  8444 E unknown:ReactHost: 	at android.view.ViewRootImpl.handleWindowFocusChanged(ViewRootImpl.java:5841)
11-23 20:55:12.661  8444  8444 E unknown:ReactHost: 	at android.view.ViewRootImpl.-$$Nest$mhandleWindowFocusChanged(Unknown Source:0)
11-23 20:55:12.661  8444  8444 E unknown:ReactHost: 	at android.view.ViewRootImpl$ViewRootHandler.handleMessageImpl(ViewRootImpl.java:8391)
11-23 20:55:12.661  8444  8444 E unknown:ReactHost: 	at android.view.ViewRootImpl$ViewRootHandler.handleMessage(ViewRootImpl.java:8301)
11-23 20:55:12.661  8444  8444 E unknown:ReactHost: 	at android.os.Handler.dispatchMessage(Handler.java:110)
11-23 20:55:12.661  8444  8444 E unknown:ReactHost: 	at android.os.Looper.loopOnce(Looper.java:273)
11-23 20:55:12.661  8444  8444 E unknown:ReactHost: 	at android.os.Looper.loop(Looper.java:363)
11-23 20:55:12.661  8444  8444 E unknown:ReactHost: 	at android.app.ActivityThread.main(ActivityThread.java:10060)
11-23 20:55:12.661  8444  8444 E unknown:ReactHost: 	at java.lang.reflect.Method.invoke(Native Method)
11-23 20:55:12.661  8444  8444 E unknown:ReactHost: 	at com.android.internal.os.RuntimeInit$MethodAndArgsCaller.run(RuntimeInit.java:632)
11-23 20:55:12.661  8444  8444 E unknown:ReactHost: 	at com.android.internal.os.ZygoteInit.main(ZygoteInit.java:975)
11-23 20:55:12.661  8444  8444 D InputMethodManagerUtils: startInputInner - Id : 0
11-23 20:55:12.661  8444  8444 I InputMethodManager: startInputInner - IInputMethodManagerGlobalInvoker.startInputOrWindowGainedFocus
11-23 20:55:12.665  8444  8444 I InputMethodManager: handleMessage: setImeVisibility visible=false
11-23 20:55:12.665  8444  8444 D InsetsController: hide(ime(), fromIme=false)
11-23 20:55:12.665  8444  8444 I ImeTracker: dev.souschef.app:f4c68390: onCancelled at PHASE_CLIENT_ALREADY_HIDDEN
11-23 20:55:12.676  8444  8530 D InputTransport: Input channel constructed: 'ClientS', fd=154
11-23 20:55:12.890  8444  8448 I ev.souschef.app: Compiler allocated 5101KB to compile void android.view.ViewRootImpl.performTraversals()
11-23 20:55:13.251  8444  8521 D Detox.RNMarker: DOWNLOAD_END ({"url":"http:\/\/localhost:8081\/index.bundle?platform=android&dev=true&lazy=true&minify=false&app=dev.souschef.app&modulesOnly=false&runModule=true&excludeSource=true&sourcePaths=url-server","filesChangedCount":0})
11-23 20:55:13.251  8444  8521 W unknown:BridgelessReact: ReactHost{0}.loadJSBundleFromMetro(): Creating BundleLoader
11-23 20:55:13.251  8444  8520 W unknown:BridgelessReact: ReactHost{0}.getOrCreateReactContext(): Creating BridgelessReactContext
11-23 20:55:13.252  8444  8520 W unknown:BridgelessReact: ReactHost{0}.getOrCreateReactInstanceTask(): Creating ReactInstance
11-23 20:55:13.286  8444  8673 D InstallReferrerState: OK
11-23 20:55:13.298  8444  8520 D nativeloader: Load /data/app/~~bBwPVJQFDN13MvDQ4-YyBg==/dev.souschef.app-h9nPUn9fKtcGOtyFkdyp8Q==/base.apk!/lib/arm64-v8a/libVisionCamera.so using class loader ns clns-10 (caller=/data/app/~~bBwPVJQFDN13MvDQ4-YyBg==/dev.souschef.app-h9nPUn9fKtcGOtyFkdyp8Q==/base.apk!classes9.dex): ok
11-23 20:55:13.300  8444  8520 I CameraManagerGlobal: Connecting to camera service
11-23 20:55:13.301  8444  8520 D VendorTagDescriptor: addVendorDescriptor: vendor tag id 14172875900359437128 added
11-23 20:55:13.304  8444  8530 I CameraManagerGlobal: Camera 0 facing CAMERA_FACING_BACK state now CAMERA_STATE_CLOSED for client com.ebay.mobile API Level 2 User Id 0Device Id 0
11-23 20:55:13.304  8444  8530 I CameraManagerGlobal: Camera 1 facing CAMERA_FACING_FRONT state now CAMERA_STATE_CLOSED for client com.samsung.android.smartface API Level 2 User Id 0Device Id 0
11-23 20:55:13.305  8444  8530 I CameraManagerGlobal: Camera 2 facing CAMERA_FACING_BACK state now CAMERA_STATE_CLOSED for client android.system API Level 2 User Id 0Device Id 0
11-23 20:55:13.305  8444  8530 I CameraManagerGlobal: Camera 20 facing CAMERA_FACING_BACK state now CAMERA_STATE_CLOSED for client com.sec.android.app.camera API Level 2 User Id 0Device Id 0
11-23 20:55:13.305  8444  8530 I CameraManagerGlobal: Camera 21 facing CAMERA_FACING_BACK state now CAMERA_STATE_CLOSED for client android.system API Level 2 User Id 0Device Id 0
11-23 20:55:13.305  8444  8530 I CameraManagerGlobal: Camera 23 facing CAMERA_FACING_BACK state now CAMERA_STATE_CLOSED for client android.system API Level 2 User Id 0Device Id 0
11-23 20:55:13.305  8444  8697 I CameraDevices: Initializing ProcessCameraProvider...
11-23 20:55:13.305  8444  8530 I CameraManagerGlobal: Camera 3 facing CAMERA_FACING_FRONT state now CAMERA_STATE_CLOSED for client android.system API Level 2 User Id 0Device Id 0
11-23 20:55:13.306  8444  8530 I CameraManagerGlobal: Camera 4 facing CAMERA_FACING_FRONT state now CAMERA_STATE_CLOSED for client client.pid<1892> API Level 2 User Id 0Device Id 0
11-23 20:55:13.306  8444  8530 I CameraManagerGlobal: Camera 52 facing CAMERA_FACING_BACK state now CAMERA_STATE_CLOSED for client android.system API Level 2 User Id 0Device Id 0
11-23 20:55:13.306  8444  8530 I CameraManagerGlobal: Camera 54 facing CAMERA_FACING_BACK state now CAMERA_STATE_CLOSED for client android.system API Level 2 User Id 0Device Id 0
11-23 20:55:13.306  8444  8530 I CameraManagerGlobal: Camera 56 facing CAMERA_FACING_BACK state now CAMERA_STATE_CLOSED for client com.sec.android.app.camera API Level 2 User Id 0Device Id 0
11-23 20:55:13.306  8444  8530 I CameraManagerGlobal: Camera 58 facing CAMERA_FACING_BACK state now CAMERA_STATE_CLOSED for client android.system API Level 2 User Id 0Device Id 0
11-23 20:55:13.306  8444  8530 I CameraManagerGlobal: Camera 90 facing CAMERA_FACING_FRONT state now CAMERA_STATE_CLOSED for client android.system API Level 2 User Id 0Device Id 0
11-23 20:55:13.312  8444  8697 D QuirkSettingsLoader: QuirkSettings$MetadataHolderService is not found.
11-23 20:55:13.312  8444  8697 D CameraX : QuirkSettings from app metadata: null
11-23 20:55:13.312  8444  8697 D CameraX : QuirkSettings by default: QuirkSettings{enabledWhenDeviceHasQuirk=true, forceEnabledQuirks=[], forceDisabledQuirks=[]}
11-23 20:55:13.317  8444  8703 D DeviceQuirks: camera2 DeviceQuirks = ZslDisablerQuirk
11-23 20:55:13.338  8444  8703 D CameraRepository: Added camera: 0
11-23 20:55:13.342  8444  8703 D CameraQuirks: camera2 CameraQuirks = 
11-23 20:55:13.342  8444  8520 W unknown:BridgelessReact: ReactHost{0}.getOrCreateReactInstanceTask(): Loading JS Bundle
11-23 20:55:13.342  8444  8520 W unknown:BridgelessReact: ReactHost{0}.getOrCreateReactInstanceTask(): Calling DevSupportManagerBase.onNewReactContextCreated(reactContext)
11-23 20:55:13.343  8444  8649 D Detox.RNMarker: RUN_JS_BUNDLE_START (/index.bundle?platform=android&dev=true&lazy=true&minify=false&app=dev.souschef.app&modulesOnly=false&runModule=true&excludeSource=true&sourcePaths=url-server)
11-23 20:55:13.345  8444  8444 W unknown:ReactNative: Packager connection already open, nooping.
11-23 20:55:13.345  8444  8444 W unknown:BridgelessReact: ReactContext.onHostResume()
11-23 20:55:13.345  8444  8444 W unknown:BridgelessReact: ReactHost{0}.getOrCreateReactInstanceTask(): Executing ReactInstanceEventListeners
11-23 20:55:13.345  8444  8444 I DetoxRNLoading: Got new RN-context through listener
11-23 20:55:13.345  8444  8520 W unknown:BridgelessReact: ReactHost{0}.startSurface(surfaceId = 0): Execute
11-23 20:55:13.346  8444  8489 W ev.souschef.app: Long monitor contention with owner Instr: androidx.test.runner.AndroidJUnitRunner (8483) at void com.wix.detox.DetoxMain.launchActivityOnCue(android.content.Context, com.wix.detox.ActivityLaunchHelper)(DetoxMain.kt:53) waiters=0 in void com.wix.detox.DetoxMain$setupActionHandlers$SynchronizedActionHandler.handle(java.lang.String, long) for 916ms
11-23 20:55:13.347  8444  8444 I ev.souschef.app: hiddenapi: Accessing hidden method Landroid/os/MessageQueue;->next()Landroid/os/Message; (runtime_flags=0, domain=platform, api=unsupported) from Landroidx/test/espresso/base/Interrogator; (domain=app) using reflection: allowed
11-23 20:55:13.347  8444  8444 I ev.souschef.app: hiddenapi: Accessing hidden field Landroid/os/MessageQueue;->mMessages:Landroid/os/Message; (runtime_flags=0, domain=platform, api=unsupported) from Landroidx/test/espresso/base/Interrogator; (domain=app) using reflection: allowed
11-23 20:55:13.347  8444  8444 I ev.souschef.app: hiddenapi: Accessing hidden method Landroid/os/Message;->recycleUnchecked()V (runtime_flags=0, domain=platform, api=unsupported) from Landroidx/test/espresso/base/Interrogator; (domain=app) using reflection: allowed
11-23 20:55:13.348  8444  8444 I Detox   : Wait is over: App is now idle!
11-23 20:55:13.349  8444  8703 I Camera2CameraInfo: Device Level: INFO_SUPPORTED_HARDWARE_LEVEL_3
11-23 20:55:13.349  8444  8489 I DetoxWSClient: Sending out action 'ready' (ID #-1000)
11-23 20:55:13.349  8444  8489 I DetoxDispatcher: Done with action 'isReady'
11-23 20:55:13.351  8444  8703 I CameraManager: registerAvailabilityCallback: Is device callback = false
11-23 20:55:13.351  8444  8703 I CameraManagerGlobal: postSingleUpdate device: camera id 0 status STATUS_PRESENT
11-23 20:55:13.351  8444  8703 I CameraManagerGlobal: postSingleUpdate device: camera id 1 status STATUS_PRESENT
11-23 20:55:13.351  8444  8703 I CameraManagerGlobal: postSingleUpdate device: camera id 2 status STATUS_PRESENT
11-23 20:55:13.351  8444  8703 I CameraManagerGlobal: postSingleUpdate device: camera id 3 status STATUS_PRESENT
11-23 20:55:13.351  8444  8703 D CameraRepository: Added camera: 1
11-23 20:55:13.351  8444  8703 D CameraQuirks: camera2 CameraQuirks = 
11-23 20:55:13.352  8444  8703 I Camera2CameraInfo: Device Level: INFO_SUPPORTED_HARDWARE_LEVEL_FULL
11-23 20:55:13.352  8444  8703 I CameraManager: registerAvailabilityCallback: Is device callback = false
11-23 20:55:13.352  8444  8703 I CameraManagerGlobal: postSingleUpdate device: camera id 0 status STATUS_PRESENT
11-23 20:55:13.352  8444  8703 I CameraManagerGlobal: postSingleUpdate device: camera id 1 status STATUS_PRESENT
11-23 20:55:13.352  8444  8703 I CameraManagerGlobal: postSingleUpdate device: camera id 2 status STATUS_PRESENT
11-23 20:55:13.352  8444  8703 I CameraManagerGlobal: postSingleUpdate device: camera id 3 status STATUS_PRESENT
11-23 20:55:13.352  8444  8703 D CameraRepository: Added camera: 2
11-23 20:55:13.353  8444  8703 D CameraQuirks: camera2 CameraQuirks = 
11-23 20:55:13.353  8444  8703 I Camera2CameraInfo: Device Level: INFO_SUPPORTED_HARDWARE_LEVEL_LIMITED
11-23 20:55:13.353  8444  8703 I CameraManager: registerAvailabilityCallback: Is device callback = false
11-23 20:55:13.353  8444  8703 I CameraManagerGlobal: postSingleUpdate device: camera id 0 status STATUS_PRESENT
11-23 20:55:13.353  8444  8703 I CameraManagerGlobal: postSingleUpdate device: camera id 1 status STATUS_PRESENT
11-23 20:55:13.353  8444  8703 I CameraManagerGlobal: postSingleUpdate device: camera id 2 status STATUS_PRESENT
11-23 20:55:13.353  8444  8703 I CameraManagerGlobal: postSingleUpdate device: camera id 3 status STATUS_PRESENT
11-23 20:55:13.354  8444  8703 D CameraRepository: Added camera: 3
11-23 20:55:13.354  8444  8703 D CameraQuirks: camera2 CameraQuirks = 
11-23 20:55:13.354  8444  8703 I Camera2CameraInfo: Device Level: INFO_SUPPORTED_HARDWARE_LEVEL_FULL
11-23 20:55:13.354  8444  8703 I CameraManager: registerAvailabilityCallback: Is device callback = false
11-23 20:55:13.354  8444  8703 I CameraManagerGlobal: postSingleUpdate device: camera id 0 status STATUS_PRESENT
11-23 20:55:13.354  8444  8703 I CameraManagerGlobal: postSingleUpdate device: camera id 1 status STATUS_PRESENT
11-23 20:55:13.354  8444  8703 I CameraManagerGlobal: postSingleUpdate device: camera id 2 status STATUS_PRESENT
11-23 20:55:13.354  8444  8703 I CameraManagerGlobal: postSingleUpdate device: camera id 3 status STATUS_PRESENT
11-23 20:55:13.355  8444  8703 D CameraValidator: Verifying camera lens facing on b0q, lensFacingInteger: null
11-23 20:55:13.356  8444  8725 I CameraDevices: Initializing ExtensionsManager...
11-23 20:55:13.357  8444  8725 I cx/ExtensionVersion: extension library version = 1.4.0, device version = 1.5.0
11-23 20:55:13.363  8444  8725 D ExtenderVersion: Selected vendor runtime: 1.5.0
11-23 20:55:13.364  8444  8725 I cx/ServiceInitializer: init: app version = 1.4.0
11-23 20:55:13.364  8444  8725 I cx/ServiceInitializer: bind to extension service
11-23 20:55:13.364  8444  8725 I cx/ServiceInitializer: bindService start. intent = Intent { cmp=com.samsung.android.cameraxservice/com.samsung.android.camerax.service.CameraExtensionService }
11-23 20:55:13.374  8444  8726 I cx/ServiceInitializer: service connected
11-23 20:55:13.374  8444  8725 I cx/ServiceInitializer: Service is available
11-23 20:55:13.374  8444  8725 D ExtensionsManager: Successfully initialized extensions
11-23 20:55:13.375  8444  8725 I CameraDevices: Successfully initialized!
11-23 20:55:13.382  8444  8725 D DeviceQuirks: video DeviceQuirks = CameraUseInconsistentTimebaseQuirk
11-23 20:55:13.383  8444  8725 D CapabilitiesByQuality: profiles = ImmutableEncoderProfilesProxy{defaultDurationSeconds=30, recommendedFileFormat=2, audioProfiles=[AudioProfileProxy{codec=3, mediaType=audio/mp4a-latm, bitrate=256000, sampleRate=48000, channels=2, profile=1}], videoProfiles=[VideoProfileProxy{codec=2, mediaType=video/avc, bitrate=48000000, frameRate=30, width=3840, height=2160, profile=-1, bitDepth=8, chromaSubsampling=0, hdrFormat=0}]}
11-23 20:55:13.383  8444  8725 D CapabilitiesByQuality: profiles = ImmutableEncoderProfilesProxy{defaultDurationSeconds=30, recommendedFileFormat=2, audioProfiles=[AudioProfileProxy{codec=3, mediaType=audio/mp4a-latm, bitrate=256000, sampleRate=48000, channels=2, profile=1}], videoProfiles=[VideoProfileProxy{codec=2, mediaType=video/avc, bitrate=17000000, frameRate=30, width=1920, height=1080, profile=-1, bitDepth=8, chromaSubsampling=0, hdrFormat=0}]}
11-23 20:55:13.383  8444  8725 D CapabilitiesByQuality: profiles = ImmutableEncoderProfilesProxy{defaultDurationSeconds=30, recommendedFileFormat=2, audioProfiles=[AudioProfileProxy{codec=3, mediaType=audio/mp4a-latm, bitrate=256000, sampleRate=48000, channels=2, profile=1}], videoProfiles=[VideoProfileProxy{codec=2, mediaType=video/avc, bitrate=12000000, frameRate=30, width=1280, height=720, profile=-1, bitDepth=8, chromaSubsampling=0, hdrFormat=0}]}
11-23 20:55:13.384  8444  8725 D CapabilitiesByQuality: profiles = ImmutableEncoderProfilesProxy{defaultDurationSeconds=30, recommendedFileFormat=2, audioProfiles=[AudioProfileProxy{codec=3, mediaType=audio/mp4a-latm, bitrate=256000, sampleRate=48000, channels=2, profile=1}], videoProfiles=[VideoProfileProxy{codec=2, mediaType=video/avc, bitrate=3449000, frameRate=30, width=720, height=480, profile=-1, bitDepth=8, chromaSubsampling=0, hdrFormat=0}]}
11-23 20:55:13.390  8444  8725 D DeviceQuirks: extensions DeviceQuirks = CrashWhenOnDisableTooSoon | GetAvailableKeysNeedsOnInit
11-23 20:55:13.391  8444  8650 I unistylesOnLoad: Loading unistyles C++ library...
11-23 20:55:13.395  8444  8650 D nativeloader: Load /data/app/~~bBwPVJQFDN13MvDQ4-YyBg==/dev.souschef.app-h9nPUn9fKtcGOtyFkdyp8Q==/base.apk!/lib/arm64-v8a/libunistyles.so using class loader ns clns-10 (caller=/data/app/~~bBwPVJQFDN13MvDQ4-YyBg==/dev.souschef.app-h9nPUn9fKtcGOtyFkdyp8Q==/base.apk!classes15.dex): ok
11-23 20:55:13.395  8444  8650 I unistylesOnLoad: Successfully loaded unistyles C++ library!
11-23 20:55:13.396  8444  8725 D CameraCharacteristicsUtil: isAvailableFeature(mode 202) : true
11-23 20:55:13.396  8444  8725 D CameraCharacteristicsUtil: isAvailableDynamicShotInfo : true
11-23 20:55:13.396  8444  8725 D CameraCharacteristicsUtil: isAvailableFeature(mode 101) : true
11-23 20:55:13.396  8444  8725 I cx/HdrExt#0: isExtensionAvailable: cameraId = 0, false
11-23 20:55:13.397  8444  8725 D CameraCharacteristicsUtil: isAvailableFeature(mode 201) : true
11-23 20:55:13.397  8444  8725 D CameraCharacteristicsUtil: isAvailableDynamicShotInfo : true
11-23 20:55:13.397  8444  8725 D CameraCharacteristicsUtil: isAvailableFeature(mode 101) : true
11-23 20:55:13.397  8444  8725 I cx/NightExt#1: isExtensionAvailable: cameraId = 0, false
11-23 20:55:13.397  8444  8725 D CameraCharacteristicsUtil: isAvailableFeature(mode 203) : false
11-23 20:55:13.397  8444  8725 I cx/SuperNightExt#2: isExtensionAvailable: cameraId = 0, false
11-23 20:55:13.399  8444  8650 W BridgelessReactContext: [WARNING] Bridgeless doesn't support CatalystInstance. Accessing an API that's not part of the new architecture is not encouraged usage.
11-23 20:55:13.422  8444  8725 D CapabilitiesByQuality: profiles = ImmutableEncoderProfilesProxy{defaultDurationSeconds=30, recommendedFileFormat=2, audioProfiles=[AudioProfileProxy{codec=3, mediaType=audio/mp4a-latm, bitrate=256000, sampleRate=48000, channels=2, profile=1}], videoProfiles=[VideoProfileProxy{codec=2, mediaType=video/avc, bitrate=17000000, frameRate=30, width=1920, height=1080, profile=-1, bitDepth=8, chromaSubsampling=0, hdrFormat=0}]}
11-23 20:55:13.422  8444  8725 D CapabilitiesByQuality: profiles = ImmutableEncoderProfilesProxy{defaultDurationSeconds=30, recommendedFileFormat=2, audioProfiles=[AudioProfileProxy{codec=3, mediaType=audio/mp4a-latm, bitrate=256000, sampleRate=48000, channels=2, profile=1}], videoProfiles=[VideoProfileProxy{codec=2, mediaType=video/avc, bitrate=12000000, frameRate=30, width=1280, height=720, profile=-1, bitDepth=8, chromaSubsampling=0, hdrFormat=0}]}
11-23 20:55:13.422  8444  8725 D CapabilitiesByQuality: profiles = ImmutableEncoderProfilesProxy{defaultDurationSeconds=30, recommendedFileFormat=2, audioProfiles=[AudioProfileProxy{codec=3, mediaType=audio/mp4a-latm, bitrate=256000, sampleRate=48000, channels=2, profile=1}], videoProfiles=[VideoProfileProxy{codec=2, mediaType=video/avc, bitrate=3449000, frameRate=30, width=720, height=480, profile=-1, bitDepth=8, chromaSubsampling=0, hdrFormat=0}]}
11-23 20:55:13.423  8444  8725 D CameraCharacteristicsUtil: isAvailableFeature(mode 202) : true
11-23 20:55:13.423  8444  8725 D CameraCharacteristicsUtil: isAvailableDynamicShotInfo : true
11-23 20:55:13.423  8444  8725 D CameraCharacteristicsUtil: isAvailableFeature(mode 101) : true
11-23 20:55:13.423  8444  8725 I cx/HdrExt#3: isExtensionAvailable: cameraId = 1, false
11-23 20:55:13.423  8444  8725 D CameraCharacteristicsUtil: isAvailableFeature(mode 201) : true
11-23 20:55:13.423  8444  8725 D CameraCharacteristicsUtil: isAvailableDynamicShotInfo : true
11-23 20:55:13.423  8444  8725 D CameraCharacteristicsUtil: isAvailableFeature(mode 101) : true
11-23 20:55:13.423  8444  8725 I cx/NightExt#4: isExtensionAvailable: cameraId = 1, false
11-23 20:55:13.423  8444  8725 D CameraCharacteristicsUtil: isAvailableFeature(mode 203) : false
11-23 20:55:13.423  8444  8725 I cx/SuperNightExt#5: isExtensionAvailable: cameraId = 1, false
11-23 20:55:13.438  8444  8725 D CapabilitiesByQuality: profiles = ImmutableEncoderProfilesProxy{defaultDurationSeconds=30, recommendedFileFormat=2, audioProfiles=[AudioProfileProxy{codec=3, mediaType=audio/mp4a-latm, bitrate=256000, sampleRate=48000, channels=2, profile=1}], videoProfiles=[VideoProfileProxy{codec=2, mediaType=video/avc, bitrate=17000000, frameRate=30, width=1920, height=1080, profile=-1, bitDepth=8, chromaSubsampling=0, hdrFormat=0}]}
11-23 20:55:13.438  8444  8725 D CapabilitiesByQuality: profiles = ImmutableEncoderProfilesProxy{defaultDurationSeconds=30, recommendedFileFormat=2, audioProfiles=[AudioProfileProxy{codec=3, mediaType=audio/mp4a-latm, bitrate=256000, sampleRate=48000, channels=2, profile=1}], videoProfiles=[VideoProfileProxy{codec=2, mediaType=video/avc, bitrate=12000000, frameRate=30, width=1280, height=720, profile=-1, bitDepth=8, chromaSubsampling=0, hdrFormat=0}]}
11-23 20:55:13.438  8444  8725 D CapabilitiesByQuality: profiles = ImmutableEncoderProfilesProxy{defaultDurationSeconds=30, recommendedFileFormat=2, audioProfiles=[AudioProfileProxy{codec=3, mediaType=audio/mp4a-latm, bitrate=256000, sampleRate=48000, channels=2, profile=1}], videoProfiles=[VideoProfileProxy{codec=2, mediaType=video/avc, bitrate=3449000, frameRate=30, width=720, height=480, profile=-1, bitDepth=8, chromaSubsampling=0, hdrFormat=0}]}
11-23 20:55:13.439  8444  8725 D CameraCharacteristicsUtil: isAvailableFeature(mode 202) : true
11-23 20:55:13.439  8444  8725 D CameraCharacteristicsUtil: isAvailableDynamicShotInfo : true
11-23 20:55:13.439  8444  8725 D CameraCharacteristicsUtil: isAvailableFeature(mode 101) : true
11-23 20:55:13.439  8444  8725 I cx/HdrExt#6: isExtensionAvailable: cameraId = 2, false
11-23 20:55:13.439  8444  8725 D CameraCharacteristicsUtil: isAvailableFeature(mode 201) : true
11-23 20:55:13.439  8444  8725 D CameraCharacteristicsUtil: isAvailableDynamicShotInfo : true
11-23 20:55:13.439  8444  8725 D CameraCharacteristicsUtil: isAvailableFeature(mode 101) : true
11-23 20:55:13.439  8444  8725 I cx/NightExt#7: isExtensionAvailable: cameraId = 2, false
11-23 20:55:13.439  8444  8725 D CameraCharacteristicsUtil: isAvailableFeature(mode 203) : false
11-23 20:55:13.439  8444  8725 I cx/SuperNightExt#8: isExtensionAvailable: cameraId = 2, false
11-23 20:55:13.458  8444  8725 D CapabilitiesByQuality: profiles = ImmutableEncoderProfilesProxy{defaultDurationSeconds=30, recommendedFileFormat=2, audioProfiles=[AudioProfileProxy{codec=3, mediaType=audio/mp4a-latm, bitrate=256000, sampleRate=48000, channels=2, profile=1}], videoProfiles=[VideoProfileProxy{codec=2, mediaType=video/avc, bitrate=17000000, frameRate=30, width=1920, height=1080, profile=-1, bitDepth=8, chromaSubsampling=0, hdrFormat=0}]}
11-23 20:55:13.458  8444  8725 D CapabilitiesByQuality: profiles = ImmutableEncoderProfilesProxy{defaultDurationSeconds=30, recommendedFileFormat=2, audioProfiles=[AudioProfileProxy{codec=3, mediaType=audio/mp4a-latm, bitrate=256000, sampleRate=48000, channels=2, profile=1}], videoProfiles=[VideoProfileProxy{codec=2, mediaType=video/avc, bitrate=12000000, frameRate=30, width=1280, height=720, profile=-1, bitDepth=8, chromaSubsampling=0, hdrFormat=0}]}
11-23 20:55:13.458  8444  8725 D CapabilitiesByQuality: profiles = ImmutableEncoderProfilesProxy{defaultDurationSeconds=30, recommendedFileFormat=2, audioProfiles=[AudioProfileProxy{codec=3, mediaType=audio/mp4a-latm, bitrate=256000, sampleRate=48000, channels=2, profile=1}], videoProfiles=[VideoProfileProxy{codec=2, mediaType=video/avc, bitrate=3449000, frameRate=30, width=720, height=480, profile=-1, bitDepth=8, chromaSubsampling=0, hdrFormat=0}]}
11-23 20:55:13.459  8444  8725 D CameraCharacteristicsUtil: isAvailableFeature(mode 202) : true
11-23 20:55:13.459  8444  8725 D CameraCharacteristicsUtil: isAvailableDynamicShotInfo : true
11-23 20:55:13.459  8444  8725 D CameraCharacteristicsUtil: isAvailableFeature(mode 101) : true
11-23 20:55:13.459  8444  8725 I cx/HdrExt#9: isExtensionAvailable: cameraId = 3, false
11-23 20:55:13.459  8444  8725 D CameraCharacteristicsUtil: isAvailableFeature(mode 201) : true
11-23 20:55:13.459  8444  8725 D CameraCharacteristicsUtil: isAvailableDynamicShotInfo : true
11-23 20:55:13.459  8444  8725 D CameraCharacteristicsUtil: isAvailableFeature(mode 101) : true
11-23 20:55:13.459  8444  8725 I cx/NightExt#10: isExtensionAvailable: cameraId = 3, false
11-23 20:55:13.459  8444  8725 D CameraCharacteristicsUtil: isAvailableFeature(mode 203) : false
11-23 20:55:13.459  8444  8725 I cx/SuperNightExt#11: isExtensionAvailable: cameraId = 3, false
11-23 20:55:13.717  8444  8650 I WebViewFactory: Loading com.google.android.webview version 142.0.7444.102 (code 744410233)
11-23 20:55:13.719  8444  8650 V ResourcesManager: The following library key has been added: ResourcesKey{ mHash=a3ac2951 mResDir=null mSplitDirs=[] mOverlayDirs=[] mLibDirs=[/data/app/~~tvoUFl1ih_wZhroNvtiPhw==/com.google.android.webview-FAwkKInsUwrkFYH9__nZNg==/base.apk,/data/app/~~iOjg4v7FUGEqeG5ov2UHFg==/com.google.android.trichromelibrary_744410233-x5KmF7_bd6W3qDnzcG5isA==/base.apk,/system_ext/framework/androidx.window.extensions.jar] mDisplayId=0 mOverrideConfig=v36 mCompatInfo={450dpi always-compat} mLoaders=[]}
11-23 20:55:13.721  8444  8650 W ev.souschef.app: Failed to find entry 'classes.dex': Entry not found
11-23 20:55:13.721  8444  8650 D nativeloader: Configuring clns-13 for other apk /data/app/~~iOjg4v7FUGEqeG5ov2UHFg==/com.google.android.trichromelibrary_744410233-x5KmF7_bd6W3qDnzcG5isA==/base.apk. target_sdk_version=36, uses_libraries=ALL, library_path=/data/app/~~tvoUFl1ih_wZhroNvtiPhw==/com.google.android.webview-FAwkKInsUwrkFYH9__nZNg==/lib/arm64:/data/app/~~tvoUFl1ih_wZhroNvtiPhw==/com.google.android.webview-FAwkKInsUwrkFYH9__nZNg==/base.apk!/lib/arm64-v8a:/data/app/~~iOjg4v7FUGEqeG5ov2UHFg==/com.google.android.trichromelibrary_744410233-x5KmF7_bd6W3qDnzcG5isA==/base.apk!/lib/arm64-v8a, permitted_path=/data:/mnt/expand
11-23 20:55:13.721  8444  8650 D nativeloader: Extending system_exposed_libraries: libhumantracking.arcsoft.so:libPortraitDistortionCorrection.arcsoft.so:libPortraitDistortionCorrectionCali.arcsoft.so:libface_landmark.arcsoft.so:libFacialStickerEngine.arcsoft.so:libfrtracking_engine.arcsoft.so:libFaceRecognition.arcsoft.so:libveengine.arcsoft.so:lib_pet_detection.arcsoft.so:libae_bracket_hdr.arcsoft.so:libhigh_res.arcsoft.so:libhybrid_high_dynamic_range.arcsoft.so:libimage_enhancement.arcsoft.so:liblow_light_hdr.arcsoft.so:libhigh_dynamic_range.arcsoft.so:libsuperresolution_raw.arcsoft.so:libuwsuperresolution.arcsoft.so:libFacialAttributeDetection.arcsoft.so:libobjectcapture_jni.arcsoft.so:libobjectcapture.arcsoft.so:libaudiomirroring_jni.audiomirroring.samsung.so:libBeauty_v4.camera.samsung.so:libexifa.camera.samsung.so:libjpega.camera.samsung.so:libOpenCv.camera.samsung.so:libBestPhoto.camera.samsung.so:libC2paDps.camera.samsung.so:libVideoClassifier.camera.samsung.so:libImageScreener.camera.samsung.so:libMyFilter.camera.samsung.so:libtflite2.myfilters
11-23 20:55:13.722  8444  8650 D ApplicationLoaders: Returning zygote-cached class loader: /system_ext/framework/androidx.window.extensions.jar
11-23 20:55:13.723  8444  8650 W ev.souschef.app: Loading /data/app/~~tvoUFl1ih_wZhroNvtiPhw==/com.google.android.webview-FAwkKInsUwrkFYH9__nZNg==/oat/arm64/base.odex non-executable as it requires an image which we failed to load
11-23 20:55:13.724  8444  8650 D nativeloader: Configuring clns-14 for other apk /data/app/~~tvoUFl1ih_wZhroNvtiPhw==/com.google.android.webview-FAwkKInsUwrkFYH9__nZNg==/base.apk. target_sdk_version=36, uses_libraries=, library_path=/data/app/~~tvoUFl1ih_wZhroNvtiPhw==/com.google.android.webview-FAwkKInsUwrkFYH9__nZNg==/lib/arm64:/data/app/~~tvoUFl1ih_wZhroNvtiPhw==/com.google.android.webview-FAwkKInsUwrkFYH9__nZNg==/base.apk!/lib/arm64-v8a:/data/app/~~iOjg4v7FUGEqeG5ov2UHFg==/com.google.android.trichromelibrary_744410233-x5KmF7_bd6W3qDnzcG5isA==/base.apk!/lib/arm64-v8a, permitted_path=/data:/mnt/expand
11-23 20:55:13.734  8444  8650 I cr_WVCFactoryProvider: version=142.0.7444.102 (744410233) minSdkVersion=29 multiprocess=true packageId=2 splits=<none>
11-23 20:55:13.738  8444  8650 D nativeloader: Load /data/app/~~iOjg4v7FUGEqeG5ov2UHFg==/com.google.android.trichromelibrary_744410233-x5KmF7_bd6W3qDnzcG5isA==/base.apk!/lib/arm64-v8a/libmonochrome_64.so using class loader ns clns-14 (caller=/data/app/~~tvoUFl1ih_wZhroNvtiPhw==/com.google.android.webview-FAwkKInsUwrkFYH9__nZNg==/base.apk): ok
11-23 20:55:13.739  8444  8650 D nativeloader: Load /system/lib64/libwebviewchromium_plat_support.so using class loader ns clns-14 (caller=/data/app/~~tvoUFl1ih_wZhroNvtiPhw==/com.google.android.webview-FAwkKInsUwrkFYH9__nZNg==/base.apk): ok
11-23 20:55:13.741  8444  8752 I chromium: [1123/205513.741377:INFO:android_webview/browser/variations/variations_seed_loader.cc:67] Failed to open file for reading.: No such file or directory (2)
11-23 20:55:13.741  8444  8752 I chromium: [1123/205513.741546:INFO:android_webview/browser/variations/variations_seed_loader.cc:67] Failed to open file for reading.: No such file or directory (2)
11-23 20:55:13.744  8444  8650 I cr_LibraryLoader: Successfully loaded native library
11-23 20:55:13.745  8444  8650 I cr_CachingUmaRecorder: Flushed 18 samples from 18 histograms, 0 samples were dropped.
11-23 20:55:13.749  8444  8649 I ReactNativeJS: 🔧 Apollo: Memory management configured for mobile
11-23 20:55:13.755  8444  8649 I Nitro.HybridObjectRegistry: Registering HybridObject "UnistylesRuntime"...
11-23 20:55:13.755  8444  8649 I Nitro.HybridObjectRegistry: Successfully registered HybridObject "UnistylesRuntime"!
11-23 20:55:13.755  8444  8649 I Nitro.HybridObjectRegistry: Registering HybridObject "UnistylesStyleSheet"...
11-23 20:55:13.755  8444  8649 I Nitro.HybridObjectRegistry: Successfully registered HybridObject "UnistylesStyleSheet"!
11-23 20:55:13.755  8444  8649 I Nitro.HybridObjectRegistry: Registering HybridObject "UnistylesShadowRegistry"...
11-23 20:55:13.755  8444  8649 I Nitro.HybridObjectRegistry: Successfully registered HybridObject "UnistylesShadowRegistry"!
11-23 20:55:13.756  8444  8649 I NitroModules: Loading NitroModules C++ library...
11-23 20:55:13.757  8444  8649 D nativeloader: Load /data/app/~~bBwPVJQFDN13MvDQ4-YyBg==/dev.souschef.app-h9nPUn9fKtcGOtyFkdyp8Q==/base.apk!/lib/arm64-v8a/libNitroModules.so using class loader ns clns-10 (caller=/data/app/~~bBwPVJQFDN13MvDQ4-YyBg==/dev.souschef.app-h9nPUn9fKtcGOtyFkdyp8Q==/base.apk!classes12.dex): ok
11-23 20:55:13.757  8444  8649 I NitroModules: Successfully loaded NitroModules C++ library!
11-23 20:55:13.757  8444  8649 I Nitro.Dispatcher: Installing global Dispatcher Holder into Runtime "HermesRuntime[RNBridgeless] (Thread #521475584960)"...
11-23 20:55:13.757  8444  8649 I Nitro.HybridObjectPrototype: Creating new JS prototype for C++ instance type "HybridNitroModulesProxy"...
11-23 20:55:13.758  8444  8649 I Nitro.HybridObjectPrototype: Creating new JS prototype for C++ instance type "HybridObject"...
11-23 20:55:13.758  8444  8649 I Nitro.JSICache: Creating new JSICache<T> for runtime HermesRuntime[RNBridgeless] (Thread #521475584960)..
11-23 20:55:13.778  8444  8649 W unknown:ViewManagerPropertyUpdater: Could not find generated setter for class com.th3rdwave.safeareacontext.SafeAreaProviderManager
11-23 20:55:13.780  8444  8649 W unknown:ViewManagerPropertyUpdater: Could not find generated setter for class com.facebook.react.uimanager.LayoutShadowNode
11-23 20:55:13.782  8444  8649 W unknown:ViewManagerPropertyUpdater: Could not find generated setter for class com.swmansion.rnscreens.SearchBarManager
11-23 20:55:13.782  8444  8649 W unknown:ViewManagerPropertyUpdater: Could not find generated setter for class com.swmansion.rnscreens.ScreenFooterManager
11-23 20:55:13.783  8444  8649 W unknown:ViewManagerPropertyUpdater: Could not find generated setter for class com.swmansion.rnscreens.gamma.tabs.TabScreenViewManager
11-23 20:55:13.783  8444  8649 W unknown:ViewManagerPropertyUpdater: Could not find generated setter for class com.swmansion.rnscreens.ScreenContainerViewManager
11-23 20:55:13.783  8444  8649 W unknown:ViewManagerPropertyUpdater: Could not find generated setter for class com.swmansion.rnscreens.gamma.tabs.TabsHostViewManager
11-23 20:55:13.784  8444  8649 W unknown:ViewManagerPropertyUpdater: Could not find generated setter for class com.swmansion.rnscreens.ModalScreenViewManager
11-23 20:55:13.785  8444  8649 W unknown:ViewManagerPropertyUpdater: Could not find generated setter for class com.swmansion.rnscreens.ScreenStackHeaderConfigViewManager
11-23 20:55:13.785  8444  8649 E unknown:UIManagerModuleConstantsHelper: Direct event name for 'CameraView' doesn't correspond to the naming convention, expected 'topEventName'->'onEventName', got 'topCameraStarted'->'onStarted'
11-23 20:55:13.785  8444  8649 E unknown:UIManagerModuleConstantsHelper: Direct event name for 'CameraView' doesn't correspond to the naming convention, expected 'topEventName'->'onEventName', got 'topCameraError'->'onError'
11-23 20:55:13.785  8444  8649 E unknown:UIManagerModuleConstantsHelper: Direct event name for 'CameraView' doesn't correspond to the naming convention, expected 'topEventName'->'onEventName', got 'topCameraViewReady'->'onViewReady'
11-23 20:55:13.785  8444  8649 E unknown:UIManagerModuleConstantsHelper: Direct event name for 'CameraView' doesn't correspond to the naming convention, expected 'topEventName'->'onEventName', got 'topCameraAverageFpsChanged'->'onAverageFpsChanged'
11-23 20:55:13.785  8444  8649 E unknown:UIManagerModuleConstantsHelper: Direct event name for 'CameraView' doesn't correspond to the naming convention, expected 'topEventName'->'onEventName', got 'topCameraShutter'->'onShutter'
11-23 20:55:13.785  8444  8649 E unknown:UIManagerModuleConstantsHelper: Direct event name for 'CameraView' doesn't correspond to the naming convention, expected 'topEventName'->'onEventName', got 'topCameraOutputOrientationChanged'->'onOutputOrientationChanged'
11-23 20:55:13.785  8444  8649 E unknown:UIManagerModuleConstantsHelper: Direct event name for 'CameraView' doesn't correspond to the naming convention, expected 'topEventName'->'onEventName', got 'topCameraInitialized'->'onInitialized'
11-23 20:55:13.785  8444  8649 E unknown:UIManagerModuleConstantsHelper: Direct event name for 'CameraView' doesn't correspond to the naming convention, expected 'topEventName'->'onEventName', got 'topCameraCodeScanned'->'onCodeScanned'
11-23 20:55:13.786  8444  8649 E unknown:UIManagerModuleConstantsHelper: Direct event name for 'CameraView' doesn't correspond to the naming convention, expected 'topEventName'->'onEventName', got 'topCameraPreviewOrientationChanged'->'onPreviewOrientationChanged'
11-23 20:55:13.786  8444  8649 E unknown:UIManagerModuleConstantsHelper: Direct event name for 'CameraView' doesn't correspond to the naming convention, expected 'topEventName'->'onEventName', got 'topCameraStopped'->'onStopped'
11-23 20:55:13.786  8444  8649 E unknown:UIManagerModuleConstantsHelper: Direct event name for 'CameraView' doesn't correspond to the naming convention, expected 'topEventName'->'onEventName', got 'topCameraPreviewStarted'->'onPreviewStarted'
11-23 20:55:13.786  8444  8649 E unknown:UIManagerModuleConstantsHelper: Direct event name for 'CameraView' doesn't correspond to the naming convention, expected 'topEventName'->'onEventName', got 'topCameraPreviewStopped'->'onPreviewStopped'
11-23 20:55:13.786  8444  8649 W unknown:ViewManagerPropertyUpdater: Could not find generated setter for class com.mrousavy.camera.react.CameraViewManager
11-23 20:55:13.786  8444  8649 W unknown:ViewManagerPropertyUpdater: Could not find generated setter for class com.swmansion.rnscreens.ScreenContentWrapperManager
11-23 20:55:13.787  8444  8649 W unknown:ViewManagerPropertyUpdater: Could not find generated setter for class com.th3rdwave.safeareacontext.SafeAreaViewManager
11-23 20:55:13.788  8444  8649 W unknown:ViewManagerPropertyUpdater: Could not find generated setter for class com.th3rdwave.safeareacontext.SafeAreaViewShadowNode
11-23 20:55:13.788  8444  8649 W unknown:ViewManagerPropertyUpdater: Could not find generated setter for class com.swmansion.rnscreens.safearea.SafeAreaViewManager
11-23 20:55:13.789  8444  8649 W unknown:ViewManagerPropertyUpdater: Could not find generated setter for class com.swmansion.rnscreens.safearea.paper.SafeAreaViewShadowNode
11-23 20:55:13.789  8444  8649 W unknown:ViewManagerPropertyUpdater: Could not find generated setter for class com.swmansion.rnscreens.ScreenViewManager
11-23 20:55:13.789  8444  8649 W unknown:ViewManagerPropertyUpdater: Could not find generated setter for class com.reactnativepagerview.PagerViewViewManager
11-23 20:55:13.790  8444  8649 W unknown:ViewManagerPropertyUpdater: Could not find generated setter for class com.swmansion.rnscreens.ScreenStackHeaderSubviewManager
11-23 20:55:13.790  8444  8649 W unknown:ViewManagerPropertyUpdater: Could not find generated setter for class com.reactnativecommunity.picker.ReactDialogPickerManager
11-23 20:55:13.791  8444  8649 W unknown:ViewManagerPropertyUpdater: Could not find generated setter for class com.reactnativecommunity.picker.ReactPickerShadowNode
11-23 20:55:13.791  8444  8649 W unknown:ViewManagerPropertyUpdater: Could not find generated setter for class com.swmansion.rnscreens.ScreenStackViewManager
11-23 20:55:13.791  8444  8649 W unknown:ViewManagerPropertyUpdater: Could not find generated setter for class com.reactnativecommunity.picker.ReactDropdownPickerManager
11-23 20:55:13.841  8444  8649 W unknown:ViewManagerPropertyUpdater: Could not find generated setter for class com.horcrux.svg.RenderableViewManager$FeMergeManager
11-23 20:55:13.842  8444  8649 W unknown:ViewManagerPropertyUpdater: Could not find generated setter for class com.horcrux.svg.VirtualViewManager$RenderableShadowNode
11-23 20:55:13.846  8444  8649 W unknown:ViewManagerPropertyUpdater: Could not find generated setter for class com.facebook.react.views.safeareaview.ReactSafeAreaViewManager
11-23 20:55:13.848  8444  8649 W unknown:ViewManagerPropertyUpdater: Could not find generated setter for class com.horcrux.svg.RenderableViewManager$LinearGradientManager
11-23 20:55:13.852  8444  8649 W unknown:ViewManagerPropertyUpdater: Could not find generated setter for class com.facebook.react.views.progressbar.ReactProgressBarViewManager
11-23 20:55:13.852  8444  8649 W unknown:ViewManagerPropertyUpdater: Could not find generated setter for class com.facebook.react.views.progressbar.ProgressBarShadowNode
11-23 20:55:13.855  8444  8649 W unknown:ViewManagerPropertyUpdater: Could not find generated setter for class com.horcrux.svg.RenderableViewManager$FeColorMatrixManager
11-23 20:55:13.858  8444  8649 W unknown:ViewManagerPropertyUpdater: Could not find generated setter for class com.horcrux.svg.RenderableViewManager$SymbolManager
11-23 20:55:13.862  8444  8649 W unknown:ViewManagerPropertyUpdater: Could not find generated setter for class com.horcrux.svg.RenderableViewManager$PatternManager
11-23 20:55:13.866  8444  8649 W unknown:ViewManagerPropertyUpdater: Could not find generated setter for class com.horcrux.svg.SvgViewManager
11-23 20:55:13.871  8444  8649 W unknown:ViewManagerPropertyUpdater: Could not find generated setter for class com.facebook.react.views.switchview.ReactSwitchManager
11-23 20:55:13.871  8444  8649 W unknown:ViewManagerPropertyUpdater: Could not find generated setter for class com.facebook.react.views.switchview.ReactSwitchShadowNode
11-23 20:55:13.874  8444  8649 W unknown:ViewManagerPropertyUpdater: Could not find generated setter for class com.horcrux.svg.RenderableViewManager$UseViewManager
11-23 20:55:13.878  8444  8649 W unknown:ViewManagerPropertyUpdater: Could not find generated setter for class com.horcrux.svg.RenderableViewManager$TSpanViewManager
11-23 20:55:13.882  8444  8649 W unknown:ViewManagerPropertyUpdater: Could not find generated setter for class com.horcrux.svg.RenderableViewManager$FilterManager
11-23 20:55:13.885  8444  8649 W unknown:ViewManagerPropertyUpdater: Could not find generated setter for class com.horcrux.svg.RenderableViewManager$MarkerManager
11-23 20:55:13.889  8444  8649 W unknown:ViewManagerPropertyUpdater: Could not find generated setter for class com.swmansion.gesturehandler.react.RNGestureHandlerButtonViewManager
11-23 20:55:13.892  8444  8649 W unknown:ViewManagerPropertyUpdater: Could not find generated setter for class com.horcrux.svg.RenderableViewManager$ForeignObjectManager
11-23 20:55:13.895  8444  8649 W unknown:ViewManagerPropertyUpdater: Could not find generated setter for class com.horcrux.svg.RenderableViewManager$GroupViewManager
11-23 20:55:13.899  8444  8649 W unknown:ViewManagerPropertyUpdater: Could not find generated setter for class com.horcrux.svg.RenderableViewManager$TextViewManager
11-23 20:55:13.903  8444  8649 W unknown:ViewManagerPropertyUpdater: Could not find generated setter for class com.horcrux.svg.RenderableViewManager$ImageViewManager
11-23 20:55:13.907  8444  8649 W unknown:ViewManagerPropertyUpdater: Could not find generated setter for class com.horcrux.svg.RenderableViewManager$FeCompositeManager
11-23 20:55:13.911  8444  8649 W unknown:ViewManagerPropertyUpdater: Could not find generated setter for class com.horcrux.svg.RenderableViewManager$RadialGradientManager
11-23 20:55:13.915  8444  8649 W unknown:ViewManagerPropertyUpdater: Could not find generated setter for class com.facebook.react.views.unimplementedview.ReactUnimplementedViewManager
11-23 20:55:13.917  8444  8649 W unknown:ViewManagerPropertyUpdater: Could not find generated setter for class com.horcrux.svg.RenderableViewManager$FeOffsetManager
11-23 20:55:13.921  8444  8649 W unknown:ViewManagerPropertyUpdater: Could not find generated setter for class com.horcrux.svg.RenderableViewManager$PathViewManager
11-23 20:55:13.925  8444  8649 W unknown:ViewManagerPropertyUpdater: Could not find generated setter for class com.facebook.react.views.drawer.ReactDrawerLayoutManager
11-23 20:55:13.929  8444  8649 W unknown:ViewManagerPropertyUpdater: Could not find generated setter for class com.facebook.react.views.textinput.ReactTextInputManager
11-23 20:55:13.931  8444  8649 W unknown:ViewManagerPropertyUpdater: Could not find generated setter for class com.facebook.react.views.textinput.ReactTextInputShadowNode
11-23 20:55:13.935  8444  8649 W unknown:ViewManagerPropertyUpdater: Could not find generated setter for class com.horcrux.svg.RenderableViewManager$DefsViewManager
11-23 20:55:13.939  8444  8649 W unknown:ViewManagerPropertyUpdater: Could not find generated setter for class com.facebook.react.views.debuggingoverlay.DebuggingOverlayManager
11-23 20:55:13.942  8444  8649 W unknown:ViewManagerPropertyUpdater: Could not find generated setter for class com.horcrux.svg.RenderableViewManager$FeGaussianBlurManager
11-23 20:55:13.946  8444  8649 W unknown:ViewManagerPropertyUpdater: Could not find generated setter for class com.facebook.react.views.scroll.ReactHorizontalScrollViewManager
11-23 20:55:13.950  8444  8649 W unknown:ViewManagerPropertyUpdater: Could not find generated setter for class com.facebook.react.views.text.ReactTextViewManager
11-23 20:55:13.951  8444  8649 W unknown:ViewManagerPropertyUpdater: Could not find generated setter for class com.facebook.react.views.text.ReactTextShadowNode
11-23 20:55:13.954  8444  8649 W unknown:ViewManagerPropertyUpdater: Could not find generated setter for class com.facebook.react.views.scroll.ReactHorizontalScrollContainerViewManager
11-23 20:55:13.958  8444  8649 W unknown:ViewManagerPropertyUpdater: Could not find generated setter for class com.horcrux.svg.RenderableViewManager$ClipPathViewManager
11-23 20:55:13.961  8444  8649 W unknown:ViewManagerPropertyUpdater: Could not find generated setter for class com.horcrux.svg.RenderableViewManager$FeBlendManager
11-23 20:55:13.964  8444  8649 W unknown:ViewManagerPropertyUpdater: Could not find generated setter for class com.facebook.react.views.view.ReactViewManager
11-23 20:55:13.968  8444  8649 W unknown:ViewManagerPropertyUpdater: Could not find generated setter for class com.horcrux.svg.RenderableViewManager$CircleViewManager
11-23 20:55:13.972  8444  8649 W unknown:ViewManagerPropertyUpdater: Could not find generated setter for class com.facebook.react.views.modal.ReactModalHostManager
11-23 20:55:13.975  8444  8649 W unknown:ViewManagerPropertyUpdater: Could not find generated setter for class com.horcrux.svg.RenderableViewManager$EllipseViewManager
11-23 20:55:13.978  8444  8649 W unknown:ViewManagerPropertyUpdater: Could not find generated setter for class com.horcrux.svg.RenderableViewManager$LineViewManager
11-23 20:55:13.982  8444  8649 W unknown:ViewManagerPropertyUpdater: Could not find generated setter for class com.facebook.react.views.text.frescosupport.FrescoBasedReactTextInlineImageViewManager
11-23 20:55:13.983  8444  8649 W unknown:ViewManagerPropertyUpdater: Could not find generated setter for class com.facebook.react.views.text.frescosupport.FrescoBasedReactTextInlineImageShadowNode
11-23 20:55:13.986  8444  8649 W unknown:ViewManagerPropertyUpdater: Could not find generated setter for class com.horcrux.svg.RenderableViewManager$FeFloodManager
11-23 20:55:13.989  8444  8649 W unknown:ViewManagerPropertyUpdater: Could not find generated setter for class com.facebook.react.views.image.ReactImageManager
11-23 20:55:13.997  8444  8649 W unknown:ViewManagerPropertyUpdater: Could not find generated setter for class com.horcrux.svg.RenderableViewManager$MaskManager
11-23 20:55:14.001  8444  8649 W unknown:ViewManagerPropertyUpdater: Could not find generated setter for class com.horcrux.svg.RenderableViewManager$RectViewManager
11-23 20:55:14.004  8444  8649 W unknown:ViewManagerPropertyUpdater: Could not find generated setter for class com.horcrux.svg.RenderableViewManager$TextPathViewManager
11-23 20:55:14.008  8444  8649 W unknown:ViewManagerPropertyUpdater: Could not find generated setter for class com.facebook.react.views.scroll.ReactScrollViewManager
11-23 20:55:14.012  8444  8649 W unknown:ViewManagerPropertyUpdater: Could not find generated setter for class com.facebook.react.views.text.ReactVirtualTextViewManager
11-23 20:55:14.012  8444  8649 W unknown:ViewManagerPropertyUpdater: Could not find generated setter for class com.facebook.react.views.text.ReactVirtualTextShadowNode
11-23 20:55:14.015  8444  8649 W unknown:ViewManagerPropertyUpdater: Could not find generated setter for class com.facebook.react.views.swiperefresh.SwipeRefreshLayoutManager
11-23 20:55:14.017  8444  8649 W unknown:ViewManagerPropertyUpdater: Could not find generated setter for class com.facebook.react.views.text.ReactRawTextManager
11-23 20:55:14.018  8444  8649 W unknown:ViewManagerPropertyUpdater: Could not find generated setter for class com.facebook.react.views.text.ReactRawTextShadowNode
11-23 20:55:14.018  8444  8649 W unknown:ViewManagerPropertyUpdater: Could not find generated setter for class com.swmansion.gesturehandler.react.RNGestureHandlerRootViewManager
11-23 20:55:14.022  8444  8649 I Nitro.HybridObjectPrototype: Creating new JS prototype for C++ instance type "HybridStyleSheet"...
11-23 20:55:14.022  8444  8649 I Nitro.HybridObjectPrototype: Creating new JS prototype for C++ instance type "HybridUnistylesStyleSheetSpec"...
11-23 20:55:14.027  8444  8649 I Nitro.HybridObjectPrototype: Creating new JS prototype for C++ instance type "HybridUnistylesRuntime"...
11-23 20:55:14.027  8444  8649 I Nitro.HybridObjectPrototype: Creating new JS prototype for C++ instance type "HybridUnistylesRuntimeSpec"...
11-23 20:55:14.027  8444  8649 I Nitro.HybridObjectPrototype: Creating new JS prototype for C++ instance type "HybridUnistylesStatusBarSpec"...
11-23 20:55:14.027  8444  8649 I Nitro.HybridObjectPrototype: Creating new JS prototype for C++ instance type "HybridUnistylesNavigationBarSpec"...
11-23 20:55:14.028  8444  8649 I Nitro.HybridObjectPrototype: Creating new JS prototype for C++ instance type "HybridShadowRegistry"...
11-23 20:55:14.028  8444  8649 I Nitro.HybridObjectPrototype: Creating new JS prototype for C++ instance type "HybridUnistylesShadowRegistrySpec"...
11-23 20:55:14.038  8444  8649 D nativeloader: Load /data/app/~~bBwPVJQFDN13MvDQ4-YyBg==/dev.souschef.app-h9nPUn9fKtcGOtyFkdyp8Q==/base.apk!/lib/arm64-v8a/librnscreens.so using class loader ns clns-10 (caller=/data/app/~~bBwPVJQFDN13MvDQ4-YyBg==/dev.souschef.app-h9nPUn9fKtcGOtyFkdyp8Q==/base.apk!classes16.dex): ok
11-23 20:55:14.117  8444  8649 D nativeloader: Load /data/app/~~bBwPVJQFDN13MvDQ4-YyBg==/dev.souschef.app-h9nPUn9fKtcGOtyFkdyp8Q==/base.apk!/lib/arm64-v8a/libworklets.so using class loader ns clns-10 (caller=/data/app/~~bBwPVJQFDN13MvDQ4-YyBg==/dev.souschef.app-h9nPUn9fKtcGOtyFkdyp8Q==/base.apk!classes20.dex): ok
11-23 20:55:14.173  8444  8649 D nativeloader: Load /data/app/~~bBwPVJQFDN13MvDQ4-YyBg==/dev.souschef.app-h9nPUn9fKtcGOtyFkdyp8Q==/base.apk!/lib/arm64-v8a/libreanimated.so using class loader ns clns-10 (caller=/data/app/~~bBwPVJQFDN13MvDQ4-YyBg==/dev.souschef.app-h9nPUn9fKtcGOtyFkdyp8Q==/base.apk!classes20.dex): ok
11-23 20:55:14.307  8444  8649 D Detox.RNMarker: RUN_JS_BUNDLE_END (/index.bundle?platform=android&dev=true&lazy=true&minify=false&app=dev.souschef.app&modulesOnly=false&runModule=true&excludeSource=true&sourcePaths=url-server)
11-23 20:55:14.319  8444  8649 I ReactNativeJS: Running "SousChef" with {"rootTag":1,"initialProps":{},"fabric":true}
11-23 20:55:14.442  8444  8649 I Nitro.HybridObjectPrototype: Creating new JS prototype for C++ instance type "HybridMMKVPlatformContextSpec"...
11-23 20:55:14.442  8444  8649 I Nitro.HybridObjectPrototype: Creating new JS prototype for C++ instance type "HybridMMKVFactorySpec"...
11-23 20:55:14.442  8444  8649 I Nitro.MMKVFactory: Initializing MMKV with rootPath=/data/user/0/dev.souschef.app/files/mmkv
11-23 20:55:14.442  8444  8649 I MMKV    : <MMKV.cpp:166::initialize> version v2.2.4, page size 4096, arch arm64-v8a
11-23 20:55:14.442  8444  8649 I MMKV    : <MMKV.cpp:177::initialize> armv8 AES instructions is supported
11-23 20:55:14.442  8444  8649 I MMKV    : <MMKV.cpp:185::initialize> armv8 CRC32 instructions is supported
11-23 20:55:14.443  8444  8649 I MMKV    : <MMKV.cpp:223::initializeMMKV> root dir: /data/data/dev.souschef.app/files/mmkv
11-23 20:55:14.443  8444  8649 I Nitro.MMKV: Creating MMKV instance "sous-chef-storage_temp"... (Path: , Encrypted: false)
11-23 20:55:14.443  8444  8649 I MMKV    : <MemoryFile.cpp:102::open> open fd[182], flag 0x7, /data/data/dev.souschef.app/files/mmkv/sous-chef-storage_temp
11-23 20:55:14.443  8444  8649 I MMKV    : <MemoryFile.cpp:249::mmapOrCleanup> mmap to address [0x7dc6e30000], oldPtr [0x0], [/data/data/dev.souschef.app/files/mmkv/sous-chef-storage_temp]
11-23 20:55:14.443  8444  8649 I MMKV    : <MemoryFile.cpp:108::close> closing fd[182], /data/data/dev.souschef.app/files/mmkv/sous-chef-storage_temp
11-23 20:55:14.443  8444  8649 I MMKV    : <MemoryFile.cpp:102::open> open fd[182], flag 0x7, /data/data/dev.souschef.app/files/mmkv/sous-chef-storage_temp.crc
11-23 20:55:14.443  8444  8649 I MMKV    : <MemoryFile.cpp:249::mmapOrCleanup> mmap to address [0x7dc6dce000], oldPtr [0x0], [/data/data/dev.souschef.app/files/mmkv/sous-chef-storage_temp.crc]
11-23 20:55:14.443  8444  8649 I Nitro.HybridObjectPrototype: Creating new JS prototype for C++ instance type "HybridMMKVSpec"...
11-23 20:55:14.457  8444  8649 I MMKV    : <MemoryFile.cpp:102::open> open fd[183], flag 0x7, /data/data/dev.souschef.app/files/mmkv/sous-chef-storage_temp
11-23 20:55:14.457  8444  8649 I MMKV    : <MemoryFile.cpp:108::close> closing fd[183], /data/data/dev.souschef.app/files/mmkv/sous-chef-storage_temp
11-23 20:55:14.457  8444  8649 I MMKV    : <MMKV_IO.cpp:84::loadFromFile> loading [sous-chef-storage_temp] with 0 actual size, file size 4096, InterProcess 0, meta info version:0
11-23 20:55:14.457  8444  8649 I MMKV    : <MMKV_IO.cpp:133::loadFromFile> loaded [sous-chef-storage_temp] with 0 key-values
11-23 20:55:14.463  8444  8649 D ConnectivityManager: StackLog: [android.net.ConnectivityManager.sendRequestForNetwork(ConnectivityManager.java:4736)] [android.net.ConnectivityManager.registerDefaultNetworkCallbackForUid(ConnectivityManager.java:5461)] [android.net.ConnectivityManager.registerDefaultNetworkCallback(ConnectivityManager.java:5428)] [android.net.ConnectivityManager.registerDefaultNetworkCallback(ConnectivityManager.java:5402)] [com.reactnativecommunity.netinfo.NetworkCallbackConnectivityReceiver.register(NetworkCallbackConnectivityReceiver.java:62)] [com.reactnativecommunity.netinfo.NetInfoModule.initialize(NetInfoModule.java:40)] [com.facebook.react.internal.turbomodule.core.TurboModuleManager.getOrCreateModule(TurboModuleManager.kt:261)] [com.facebook.react.internal.turbomodule.core.TurboModuleManager.getModule(TurboModuleManager.kt:203)] [com.facebook.react.internal.turbomodule.core.TurboModuleManager.getLegacyCxxModule(TurboModuleManager.kt:128)] [com.facebook.jni.NativeRunnable.run(Native Method)]
11-23 20:55:14.580  8444  8444 I WindowManager: WindowManagerGlobal#addView, ty=1000, view=android.widget.PopupWindow$PopupDecorView{e7151fa V.E...... R.....I. 0,0-0,0}, caller=android.view.WindowManagerImpl.addView:158 android.widget.PopupWindow.invokePopup:1692 android.widget.PopupWindow.showAtLocation:1418 
11-23 20:55:14.581  8444  8444 D ViewRootImpl: desktopMode is false
11-23 20:55:14.581  8444  8444 I ViewRootImpl: dVRR is disabled
11-23 20:55:14.581  8444  8506 D NativeCustomFrequencyManager: [NativeCFMS] BpCustomFrequencyManager::BpCustomFrequencyManager()
11-23 20:55:14.587  8444  8444 D InputTransport: Input channel constructed: 'f9a2e46', fd=186
11-23 20:55:14.587  8444  8444 I InsetsController: onStateChanged: host=PopupWindow:f177c25, from=android.view.ViewRootImpl.onInsetsStateChanged:3026, state=InsetsState: {mDisplayFrame=Rect(0, 0 - 1440, 3088), mDisplayCutout=DisplayCutout{insets=Rect(0, 100 - 0, 0) waterfall=Insets{left=0, top=0, right=0, bottom=0} boundingRect={Bounds=[Rect(0, 0 - 0, 0), Rect(683, 0 - 758, 100), Rect(0, 0 - 0, 0), Rect(0, 0 - 0, 0)]} cutoutPathParserInfo={CutoutPathParserInfo{displayWidth=1440 displayHeight=3088 physicalDisplayWidth=1440 physicalDisplayHeight=3088 density={3.75} cutoutSpec={M 0,0 H -10 V 26.66666666666667 H 10 V 0 H 0 Z @dp} rotation={0} scale={1.0} physicalPixelDisplaySizeRatio={1.0}}} sideOverrides={}}, mRoundedCorners=RoundedCorners{[RoundedCorner{position=TopLeft, radius=15, center=Point(15, 15)}, RoundedCorner{position=TopRight, radius=15, center=Point(1425, 15)}, RoundedCorner{position=BottomRight, radius=15, center=Point(1425, 3073)}, RoundedCorner{position=BottomLeft, radius=15, center=Point(15, 3073)}]}  mRoundedCornerFrame=Rect(0, 0 - 1440, 3088), mPrivacyIndicatorBounds=PrivacyIndicatorBounds {static bounds=Rect(1275, 0 - 1440, 100) rotation=0}, mDisplayShape=DisplayShape{ spec=-311912193 displayWidth=1440 displayHeight=3088 physicalPixelDisplaySizeRatio=1.0 rotation=0 offsetX=0 offsetY=0 scale=1.0}, mSources= { InsetsSource: {b11d0001 mType=navigationBars mFrame=[0,3032][1440,3088] mVisible=true mFlags=SUPPRESS_SCRIM mSideHint=BOTTOM mBoundingRects=null}, InsetsSource: {b11d0004 mType=systemGestures mFrame=[0,0][84,3088] mVisible=true mFlags= mSideHint=LEFT mBoundingRects=null}, InsetsSource: {b11d0005 mType=mandatorySystemGestures mFrame=[0,2968][1440,3088] mVisible=true mFlags= mSideHint=BOTTOM mBoundingRects=null}, InsetsSource: {b11d0006 mType=tappableElement mFrame=[0,0][0,0] mVisible=true mFlags= mSideHint=NONE mBoundingRects=null}, InsetsSource: {b11d0024 mType=systemGestures mFrame=[1356,0][1440,3088] mVisible=true mFlags= mSideHint=RIGHT mBoundingRects=null}, InsetsSource: {ecac0000 mType=statusBars mFrame=[0,0][1440,100] mVisible=true mFlags= mSideHint=TOP mBoundingRects=null}, InsetsSource: {ecac0005 mType=mandatorySystemGestures mFrame=[0,0][1440,145] mVisible=true mFlags= mSideHint=TOP mBoundingRects=null}, InsetsSource: {ecac0006 mType=tappableElement mFrame=[0,0][1440,100] mVisible=true mFlags= mSideHint=TOP mBoundingRects=null}, InsetsSource: {27 mType=displayCutout mFrame=[0,0][1440,100] mVisible=true mFlags= mSideHint=TOP mBoundingRects=null} }
11-23 20:55:14.587  8444  8444 I VRI[PopupWindow:f177c25]@fdb1a08: synced displayState. AttachInfo displayState=2
11-23 20:55:14.588  8444  8649 I MMKV    : <MMKV_IO.cpp:545::writeActualSize> [sous-chef-storage_temp] increase sequence to 1, crc 3235386293, actualSize 4
11-23 20:55:14.588  8444  8649 I Nitro.MMKV: Creating MMKV instance "sous-chef-storage"... (Path: , Encrypted: true)
11-23 20:55:14.589  8444  8649 I MMKV    : <MemoryFile.cpp:102::open> open fd[185], flag 0x7, /data/data/dev.souschef.app/files/mmkv/sous-chef-storage
11-23 20:55:14.589  8444  8649 I MMKV    : <MemoryFile.cpp:249::mmapOrCleanup> mmap to address [0x7ddbc7a000], oldPtr [0x0], [/data/data/dev.souschef.app/files/mmkv/sous-chef-storage]
11-23 20:55:14.589  8444  8649 I MMKV    : <MemoryFile.cpp:108::close> closing fd[185], /data/data/dev.souschef.app/files/mmkv/sous-chef-storage
11-23 20:55:14.589  8444  8649 I MMKV    : <MemoryFile.cpp:102::open> open fd[185], flag 0x7, /data/data/dev.souschef.app/files/mmkv/sous-chef-storage.crc
11-23 20:55:14.589  8444  8649 I MMKV    : <MemoryFile.cpp:249::mmapOrCleanup> mmap to address [0x7ddbc79000], oldPtr [0x0], [/data/data/dev.souschef.app/files/mmkv/sous-chef-storage.crc]
11-23 20:55:14.589  8444  8649 I MMKV    : <MemoryFile.cpp:102::open> open fd[187], flag 0x7, /data/data/dev.souschef.app/files/mmkv/sous-chef-storage
11-23 20:55:14.589  8444  8649 I MMKV    : <MemoryFile.cpp:108::close> closing fd[187], /data/data/dev.souschef.app/files/mmkv/sous-chef-storage
11-23 20:55:14.589  8444  8649 I MMKV    : <MMKV_IO.cpp:84::loadFromFile> loading [sous-chef-storage] with 0 actual size, file size 4096, InterProcess 0, meta info version:0
11-23 20:55:14.589  8444  8649 I MMKV    : <MMKV_IO.cpp:133::loadFromFile> loaded [sous-chef-storage] with 0 key-values
11-23 20:55:14.590  8444  8444 I VRI[PopupWindow:f177c25]@fdb1a08: setView = android.widget.PopupWindow$PopupDecorView@e7151fa IsHRR=false mFlingFrameRateChange=0 TM=false
11-23 20:55:14.596  8444  8444 W libc    : Access denied finding property "vendor.display.enable_optimal_refresh_rate"
11-23 20:55:14.596  8444  8444 I BufferQueueProducer: [](id:20fc00000001,api:0,p:498228816,c:8444) setDequeueTimeout:2077252342
11-23 20:55:14.596  8444  8444 I BLASTBufferQueue_Java: new BLASTBufferQueue, mName= VRI[PopupWindow:f177c25]@fdb1a08 mNativeObject= 0xb400007adda95680 caller= android.view.ViewRootImpl.updateBlastSurfaceIfNeeded:3585 android.view.ViewRootImpl.relayoutWindow:11685 android.view.ViewRootImpl.performTraversals:4804 android.view.ViewRootImpl.doTraversal:3924 android.view.ViewRootImpl$TraversalRunnable.run:12903 android.view.Choreographer$CallbackRecord.run:1901 android.view.Choreographer$CallbackRecord.run:1910 android.view.Choreographer.doCallbacks:1367 android.view.Choreographer.doFrame:1292 android.view.Choreographer$FrameDisplayEventReceiver.run:1870 
11-23 20:55:14.596  8444  8444 I BLASTBufferQueue_Java: update, w= 1440 h= 94 mName = VRI[PopupWindow:f177c25]@fdb1a08 mNativeObject= 0xb400007adda95680 sc.mNativeObject= 0xb400007b7da349d0 format= -3 caller= android.view.ViewRootImpl.updateBlastSurfaceIfNeeded:3590 android.view.ViewRootImpl.relayoutWindow:11685 android.view.ViewRootImpl.performTraversals:4804 android.view.ViewRootImpl.doTraversal:3924 android.view.ViewRootImpl$TraversalRunnable.run:12903 android.view.Choreographer$CallbackRecord.run:1901 
11-23 20:55:14.597  8444  8444 W libc    : Access denied finding property "vendor.display.enable_optimal_refresh_rate"
11-23 20:55:14.597  8444  8444 I VRI[PopupWindow:f177c25]@fdb1a08: Relayout returned: old=(0,100,1440,3032) new=(0,100,1440,194) relayoutAsync=false req=(1440,94)0 dur=3 res=0x3 s={true 0xb400007bedb19920} ch=true seqId=0
11-23 20:55:14.597  8444  8444 I VRI[PopupWindow:f177c25]@fdb1a08: performConfigurationChange setNightDimText nightDimLevel=0
11-23 20:55:14.598  8444  8444 D VRI[PopupWindow:f177c25]@fdb1a08: mThreadedRenderer.initialize() mSurface={isValid=true 0xb400007bedb19920} hwInitialized=true
11-23 20:55:14.599  8444  8444 D VRI[PopupWindow:f177c25]@fdb1a08: reportNextDraw android.view.ViewRootImpl.performTraversals:5443 android.view.ViewRootImpl.doTraversal:3924 android.view.ViewRootImpl$TraversalRunnable.run:12903 android.view.Choreographer$CallbackRecord.run:1901 android.view.Choreographer$CallbackRecord.run:1910 
11-23 20:55:14.599  8444  8444 D VRI[PopupWindow:f177c25]@fdb1a08: Setup new sync=wmsSync-VRI[PopupWindow:f177c25]@fdb1a08#2
11-23 20:55:14.599  8444  8444 I VRI[PopupWindow:f177c25]@fdb1a08: Creating new active sync group VRI[PopupWindow:f177c25]@fdb1a08#3
11-23 20:55:14.599  8444  8444 D VRI[PopupWindow:f177c25]@fdb1a08: registerCallbacksForSync syncBuffer=false
11-23 20:55:14.600  8444  8526 D VRI[PopupWindow:f177c25]@fdb1a08: Received frameDrawingCallback syncResult=0 frameNum=1.
11-23 20:55:14.600  8444  8526 I VRI[PopupWindow:f177c25]@fdb1a08: mWNT: t=0xb400007c8dad1c10 mBlastBufferQueue=0xb400007adda95680 fn= 1 HdrRenderState mRenderHdrSdrRatio=1.0 caller= android.view.ViewRootImpl$12.onFrameDraw:15441 android.view.ThreadedRenderer$1.onFrameDraw:718 <bottom of call stack> 
11-23 20:55:14.600  8444  8526 I VRI[PopupWindow:f177c25]@fdb1a08: Setting up sync and frameCommitCallback
11-23 20:55:14.617  8444  8506 I BLASTBufferQueue: [VRI[PopupWindow:f177c25]@fdb1a08#1](f:0,a:0,s:0) onFrameAvailable the first frame is available
11-23 20:55:14.617  8444  8506 I SurfaceComposerClient: apply transaction with the first frame. layerId: 57727, bufferData(ID: 36266703847431, frameNumber: 1)
11-23 20:55:14.618  8444  8506 I VRI[PopupWindow:f177c25]@fdb1a08: Received frameCommittedCallback lastAttemptedDrawFrameNum=1 didProduceBuffer=true
11-23 20:55:14.619  8444  8506 D HWUI    : CFMS:: SetUp Pid : 8444    Tid : 8506
11-23 20:55:14.619  8444  8444 D VRI[PopupWindow:f177c25]@fdb1a08: reportDrawFinished seqId=0
11-23 20:55:14.621  8444  8506 D HWUI    : HWUI - treat SMPTE_170M as sRGB
11-23 20:55:14.621  8444  8444 I VRI[PopupWindow:f177c25]@fdb1a08: handleResized, frames=ClientWindowFrames{frame=[0,100][1440,194] display=[0,100][1440,3032] parentFrame=[0,0][0,0] attachedFrame=[0,0][1440,3088]} displayId=0 dragResizing=false compatScale=1.0 frameChanged=false attachedFrameChanged=false configChanged=false displayChanged=false compatScaleChanged=false dragResizingChanged=false
11-23 20:55:14.621  8444  8444 I VRI[PopupWindow:f177c25]@fdb1a08: handleResized mSyncSeqId = 0
11-23 20:55:14.621  8444  8444 D VRI[PopupWindow:f177c25]@fdb1a08: reportNextDraw android.view.ViewRootImpl.handleResized:2983 android.view.ViewRootImpl.-$$Nest$mhandleResized:0 android.view.ViewRootImpl$W.resized:14082 android.app.servertransaction.WindowStateResizeItem.execute:93 android.app.servertransaction.WindowStateTransactionItem.execute:62 
11-23 20:55:14.622  8444  8444 D VRI[PopupWindow:f177c25]@fdb1a08: Setup new sync=wmsSync-VRI[PopupWindow:f177c25]@fdb1a08#4
11-23 20:55:14.622  8444  8444 I VRI[PopupWindow:f177c25]@fdb1a08: Creating new active sync group VRI[PopupWindow:f177c25]@fdb1a08#5
11-23 20:55:14.623  8444  8444 D VRI[PopupWindow:f177c25]@fdb1a08: registerCallbacksForSync syncBuffer=false
11-23 20:55:14.626  8444  8524 D VRI[PopupWindow:f177c25]@fdb1a08: Received frameDrawingCallback syncResult=0 frameNum=2.
11-23 20:55:14.626  8444  8524 I VRI[PopupWindow:f177c25]@fdb1a08: Setting up sync and frameCommitCallback
11-23 20:55:14.626  8444  8506 I VRI[PopupWindow:f177c25]@fdb1a08: Received frameCommittedCallback lastAttemptedDrawFrameNum=2 didProduceBuffer=false
11-23 20:55:14.626  8444  8506 I BLASTBufferQueue_Java: gatherPendingTransactions, mName= VRI[PopupWindow:f177c25]@fdb1a08 mNativeObject= 0xb400007adda95680 frameNumber= 2 caller= android.view.ViewRootImpl$12.lambda$onFrameDraw$3:15525 android.view.ViewRootImpl$12.$r8$lambda$CTo3ExVBk8akdVTGlqHPAoYLRVI:0 android.view.ViewRootImpl$12$$ExternalSyntheticLambda1.onFrameCommit:0 android.view.ThreadedRenderer$1.lambda$onFrameDraw$0:730 android.view.ThreadedRenderer$1$$ExternalSyntheticLambda0.onFrameCommit:0 <bottom of call stack> 
11-23 20:55:14.627  8444  8444 D VRI[PopupWindow:f177c25]@fdb1a08: reportDrawFinished seqId=0
11-23 20:55:14.742  8444  8649 I ReactNativeJS: 📦 Cache: Version mismatch (stored: undefined, current: 1.1.2), clearing cache
11-23 20:55:14.742  8444  8649 I ReactNativeJS: 🧹 Cache: Cleared persisted cache
11-23 20:55:15.119  8444  8649 I ReactNativeJS: [MemoryMonitor] Stopped
11-23 20:55:15.143  8444  8649 I ReactNativeJS: [MemoryMonitor] Started with 10000ms interval
11-23 20:55:15.143  8444  8649 I MMKV    : <MMKV_IO.cpp:545::writeActualSize> [sous-chef-storage] increase sequence to 1, crc 1000269629, actualSize 4
11-23 20:55:15.146  8444  8444 W WindowOnBackDispatcher: sendCancelIfRunning: isInProgress=false callback=android.widget.PopupWindow$PopupDecorView$$ExternalSyntheticLambda1@30d7d23
11-23 20:55:15.146  8444  8444 I WindowManager: WindowManagerGlobal#removeView, ty=1000, view=android.widget.PopupWindow$PopupDecorView{e7151fa V.E...... R....... 0,0-1440,94}, caller=android.view.WindowManagerGlobal.removeView:654 android.view.WindowManagerImpl.removeViewImmediate:216 android.widget.PopupWindow.dismissImmediate:2415 
11-23 20:55:15.149  8444  8444 I VRI[PopupWindow:f177c25]@fdb1a08: dispatchDetachedFromWindow
11-23 20:55:15.151  8444  8685 E RNKeychainManager: No entry found for service: dev.souschef.app.credentials.indicator
11-23 20:55:15.152  8444  8444 D InputTransport: Input channel destroyed: 'f9a2e46', fd=186
11-23 20:55:15.154  8444  8444 D Detox.RNMarker: CONTENT_APPEARED (SousChef)
11-23 20:55:15.159  8444  8444 I ReactNative: [GESTURE HANDLER] Initialize gesture handler for root view com.facebook.react.runtime.ReactSurfaceView{f1dc87c V.E...... ......ID 0,0-1440,3088 #1}
11-23 20:55:15.375  8444  8649 I ReactNativeJS: 🛠️ Queue Debug Tools Available:
11-23 20:55:15.375  8444  8649 I ReactNativeJS:    Access via: __QUEUE_DEBUG__
11-23 20:55:15.376  8444  8649 I ReactNativeJS:    Commands:
11-23 20:55:15.376  8444  8649 I ReactNativeJS:      __QUEUE_DEBUG__.viewQueue()
11-23 20:55:15.376  8444  8649 I ReactNativeJS:      __QUEUE_DEBUG__.getQueueStats()
11-23 20:55:15.376  8444  8649 I ReactNativeJS:      __QUEUE_DEBUG__.processQueue()
11-23 20:55:15.376  8444  8649 I ReactNativeJS:      __QUEUE_DEBUG__.clearQueue()
11-23 20:55:15.376  8444  8649 I ReactNativeJS:      __QUEUE_DEBUG__.retryFailedMutations(userId)
11-23 20:55:15.377  8444  8649 I ReactNativeJS:      __QUEUE_DEBUG__.exportQueue()
11-23 20:55:15.377  8444  8649 I ReactNativeJS:      __QUEUE_DEBUG__.simulateOffline()
11-23 20:55:15.377  8444  8649 I ReactNativeJS:      __QUEUE_DEBUG__.simulateOnline()
11-23 20:55:15.441  8444  8649 I ReactNativeJS: ⏸️ [NotificationReceived] Subscription SKIPPED - no user ID
11-23 20:55:15.444  8444  8444 I BLASTBufferQueue_Java: update, w= 1440 h= 3088 mName = VRI[MainActivity]@8e53a52 mNativeObject= 0xb400007adda683b0 sc.mNativeObject= 0xb400007b7da3c350 format= -1 caller= android.view.ViewRootImpl.updateBlastSurfaceIfNeeded:3574 android.view.ViewRootImpl.relayoutWindow:11685 android.view.ViewRootImpl.performTraversals:4804 android.view.ViewRootImpl.doTraversal:3924 android.view.ViewRootImpl$TraversalRunnable.run:12903 android.view.Choreographer$CallbackRecord.run:1901 
11-23 20:55:15.444  8444  8444 I VRI[MainActivity]@8e53a52: Relayout returned: old=(0,0,1440,3088) new=(0,0,1440,3088) relayoutAsync=true req=(1440,3088)0 dur=1 res=0x0 s={true 0xb400007beda57a40} ch=false seqId=0
11-23 20:55:15.445  8444  8444 I VRI[MainActivity]@8e53a52: registerCallbackForPendingTransactions
11-23 20:55:15.445  8444  8526 I VRI[MainActivity]@8e53a52: mWNT: t=0xb400007c8daf1410 mBlastBufferQueue=0xb400007adda683b0 fn= 3 HdrRenderState mRenderHdrSdrRatio=1.0 caller= android.view.ViewRootImpl$10.onFrameDraw:6536 android.view.ViewRootImpl$4.onFrameDraw:2489 android.view.ThreadedRenderer$1.onFrameDraw:718 
11-23 20:55:15.450  8444  8444 I BLASTBufferQueue_Java: update, w= 1440 h= 3088 mName = VRI[MainActivity]@8e53a52 mNativeObject= 0xb400007adda683b0 sc.mNativeObject= 0xb400007b7da3c350 format= -1 caller= android.view.ViewRootImpl.updateBlastSurfaceIfNeeded:3574 android.view.ViewRootImpl.relayoutWindow:11685 android.view.ViewRootImpl.performTraversals:4804 android.view.ViewRootImpl.doTraversal:3924 android.view.ViewRootImpl$TraversalRunnable.run:12903 android.view.Choreographer$CallbackRecord.run:1901 
11-23 20:55:15.450  8444  8444 I VRI[MainActivity]@8e53a52: Relayout returned: old=(0,0,1440,3088) new=(0,0,1440,3088) relayoutAsync=true req=(1440,3088)0 dur=0 res=0x0 s={true 0xb400007beda57a40} ch=false seqId=0
11-23 20:55:15.451  8444  8444 I VRI[MainActivity]@8e53a52: registerCallbackForPendingTransactions
11-23 20:55:15.452  8444  8524 I VRI[MainActivity]@8e53a52: mWNT: t=0xb400007c8daeebd0 mBlastBufferQueue=0xb400007adda683b0 fn= 4 HdrRenderState mRenderHdrSdrRatio=1.0 caller= android.view.ViewRootImpl$10.onFrameDraw:6536 android.view.ViewRootImpl$4.onFrameDraw:2489 android.view.ThreadedRenderer$1.onFrameDraw:718 
11-23 20:55:15.509  8444  8444 D AudioSystem: onNewService: media.audio_policy service obtained 0xb400007b2db7e400
11-23 20:55:15.510  8444  8444 D AudioSystem: getService: checking for service media.audio_policy: 0xb400007b2db7e400
11-23 20:55:15.633  8444  8789 D nativeloader: Load /data/app/~~bBwPVJQFDN13MvDQ4-YyBg==/dev.souschef.app-h9nPUn9fKtcGOtyFkdyp8Q==/base.apk!/lib/arm64-v8a/libimagepipeline.so using class loader ns clns-10 (caller=/data/app/~~bBwPVJQFDN13MvDQ4-YyBg==/dev.souschef.app-h9nPUn9fKtcGOtyFkdyp8Q==/base.apk!classes20.dex): ok
11-23 20:55:15.638  8444  8789 I Kumiho-Kumiho: getPackageName: dev.souschef.app
11-23 20:55:15.640  8444  8790 I Kumiho-Kumiho: getPackageName: dev.souschef.app
11-23 20:55:15.641  8444  8790 I Kumiho-Kumiho: getPackageName: dev.souschef.app
11-23 20:55:15.841  8444  8444 D ScrollView: initGoToTop
11-23 20:55:15.844  8444  8444 I ev.souschef.app: hiddenapi: Accessing hidden field Landroid/widget/ScrollView;->mScroller:Landroid/widget/OverScroller; (runtime_flags=0, domain=platform, api=unsupported) from Lcom/facebook/react/views/scroll/ReactScrollView; (domain=app) using reflection: allowed
11-23 20:55:15.854  8444  8444 W [RNScreens]: backTitleVisible prop is not available on Android
11-23 20:55:15.854  8444  8444 W [RNScreens]: backTitleFontFamily prop is not available on Android
11-23 20:55:15.854  8444  8444 W [RNScreens]: disableBackButtonMenu prop is not available on Android
11-23 20:55:15.854  8444  8444 W [RNScreens]: largeTitleFontFamily prop is not available on Android
11-23 20:55:15.854  8444  8444 W [RNScreens]: topInsetEnabled prop is not available on Android
11-23 20:55:15.854  8444  8444 W [RNScreens]: largeTitleFontWeight prop is not available on Android
11-23 20:55:15.854  8444  8444 W [RNScreens]: largeTitleHideShadow prop is not available on Android
11-23 20:55:15.870  8444  8444 W [RNScreens]: backTitleVisible prop is not available on Android
11-23 20:55:15.870  8444  8444 W [RNScreens]: backTitleFontFamily prop is not available on Android
11-23 20:55:15.870  8444  8444 W [RNScreens]: disableBackButtonMenu prop is not available on Android
11-23 20:55:15.870  8444  8444 W [RNScreens]: largeTitleFontFamily prop is not available on Android
11-23 20:55:15.870  8444  8444 W [RNScreens]: topInsetEnabled prop is not available on Android
11-23 20:55:15.870  8444  8444 W [RNScreens]: largeTitleFontWeight prop is not available on Android
11-23 20:55:15.870  8444  8444 W [RNScreens]: largeTitleHideShadow prop is not available on Android
11-23 20:55:15.905  8444  8649 D Detox.RNMarker: REACT_BRIDGELESS_LOADING_END (null)
11-23 20:55:15.910  8444  8649 D nativeloader: Load /data/app/~~bBwPVJQFDN13MvDQ4-YyBg==/dev.souschef.app-h9nPUn9fKtcGOtyFkdyp8Q==/base.apk!/lib/arm64-v8a/libgesturehandler.so using class loader ns clns-10 (caller=/data/app/~~bBwPVJQFDN13MvDQ4-YyBg==/dev.souschef.app-h9nPUn9fKtcGOtyFkdyp8Q==/base.apk!classes20.dex): ok
11-23 20:55:15.910  8444  8649 D jni_lib_merge: Entering merged library JNI_OnLoad.
11-23 20:55:15.910  8444  8649 D jni_lib_merge: Preparing 12 pre-merged libs (including stub)
11-23 20:55:15.910  8444  8649 D jni_lib_merge: Preparing to register libfabricjni_so.  onload_func: 0x7a02469aa4
11-23 20:55:15.910  8444  8649 D jni_lib_merge: Preparing to register libreact_devsupportjni_so.  onload_func: 0x7a026870e4
11-23 20:55:15.910  8444  8649 D jni_lib_merge: Preparing to register libreact_featureflagsjni_so.  onload_func: 0x7a02696c38
11-23 20:55:15.910  8444  8649 D jni_lib_merge: Preparing to register libreact_newarchdefaults_so.  onload_func: 0x7a02722a3c
11-23 20:55:15.910  8444  8649 D jni_lib_merge: Preparing to register libreactnativeblob_so.  onload_func: 0x7a02913c50
11-23 20:55:15.910  8444  8649 D jni_lib_merge: Preparing to register libreactnativejni_so.  onload_func: 0x7a02956bec
11-23 20:55:15.910  8444  8649 D jni_lib_merge: Preparing to register libreactnativejni_common_so.  onload_func: 0x7a02967610
11-23 20:55:15.910  8444  8649 D jni_lib_merge: Preparing to register librninstance_so.  onload_func: 0x7a029afecc
11-23 20:55:15.910  8444  8649 D jni_lib_merge: Preparing to register libturbomodulejsijni_so.  onload_func: 0x7a02acda58
11-23 20:55:15.910  8444  8649 D jni_lib_merge: Preparing to register libuimanagerjni_so.  onload_func: 0x7a02ae6a0c
11-23 20:55:15.910  8444  8649 D jni_lib_merge: Preparing to register libyoga_so.  onload_func: 0x7a02af6490
11-23 20:55:15.910  8444  8649 D jni_lib_merge: About to register 11 actual methods.
11-23 20:55:16.356  8444  8495 D DetoxWSClient: Received action 'invoke' (ID #1, params={"target":{"type":"Class","value":"com.wix.detox.espresso.EspressoDetox"},"method":"setSynchronization","args":[{"type":"boolean","value":true}]})
11-23 20:55:16.357  8444  8489 I DetoxDispatcher: Handling action 'invoke' (ID #1)...
11-23 20:55:16.362  8444  8489 D Detox   : class com.wix.detox.espresso.EspressoDetox, setSynchronization, [true]
11-23 20:55:16.368  8444  8489 I DetoxRNIdleRes: Setting up Espresso Idling Resources for React Native
11-23 20:55:16.373  8444  8444 D DetoxRNHelpers: Native RN module resolution (class com.reactnativecommunity.asyncstorage.AsyncStorageModule): no such class
11-23 20:55:16.374  8444  8489 D IdlingRegistry: Registering idling resources: [com.wix.detox.reactnative.idlingresources.uimodule.fabric.FabricUIManagerIdlingResources@44182bd]
11-23 20:55:16.374  8444  8489 D IdlingRegistry: Registering idling resources: [com.wix.detox.reactnative.idlingresources.animations.AnimatedModuleIdlingResource@e870b2]
11-23 20:55:16.374  8444  8489 D IdlingRegistry: Registering idling resources: [com.wix.detox.reactnative.idlingresources.timers.FabricTimersIdlingResource@fa6803]
11-23 20:55:16.374  8444  8489 D IdlingRegistry: Registering idling resources: [com.wix.detox.reactnative.idlingresources.network.NetworkIdlingResource@ba16380]
11-23 20:55:16.374  8444  8489 D IdlingRegistry: Registering idling resources: [com.wix.detox.reactnative.idlingresources.StabilizedIdlingResource@5088db9]
11-23 20:55:16.694  8444  8444 D DetoxRNHelpers: Native RN module resolution (class com.reactnativecommunity.asyncstorage.AsyncStorageModule): no such class
11-23 20:55:16.695  8444  8489 I DetoxWSClient: Sending out action 'invokeResult' (ID #1)
11-23 20:55:16.695  8444  8444 I Choreographer: Skipped 37 frames!  The application may be doing too much work on its main thread.
11-23 20:55:16.696  8444  8489 I DetoxDispatcher: Done with action 'invoke'
11-23 20:55:16.701  8444  8495 D DetoxWSClient: Received action 'invoke' (ID #2, params={"target":{"type":"Class","value":"com.wix.detox.espresso.DetoxAssertion"},"method":"waitForAssertMatcher","args":[{"type":"Invocation","value":{"target":{"type":"Class","value":"androidx.test.espresso.Espresso"},"method":"onView","args":[{"type":"Invocation","value":{"target":{"type":"Class","value":"com.wix.detox.espresso.DetoxMatcher"},"method":"matcherForTestId","args":["landing-auth-screen",{"type":"boolean","value":false}]}}]}},{"type":"Invocation","value":{"target":{"type":"Class","value":"com.wix.detox.espresso.DetoxMatcher"},"method":"matcherForSufficientlyVisible","args":[{"type":"Integer","value":75}]}},{"type":"Double","value":5}]})
11-23 20:55:16.701  8444  8489 I DetoxDispatcher: Handling action 'invoke' (ID #2)...
11-23 20:55:16.702  8444  8489 D Detox   : class com.wix.detox.espresso.DetoxMatcher, matcherForTestId, [landing-auth-screen, false]
11-23 20:55:16.703  8444  8489 D Detox   : class androidx.test.espresso.Espresso, onView, [(view.getTag() is "landing-auth-screen" and view has effective visibility <VISIBLE>)]
11-23 20:55:16.705  8444  8489 D Detox   : class com.wix.detox.espresso.DetoxMatcher, matcherForSufficientlyVisible, [75]
11-23 20:55:16.706  8444  8489 D Detox   : class com.wix.detox.espresso.DetoxAssertion, waitForAssertMatcher, [androidx.test.espresso.ViewInteraction@df2f43b, (view has effective visibility <VISIBLE> and view.getGlobalVisibleRect() covers at least <75> percent of the view's area), 5.0]
11-23 20:55:17.348  8444  8823 D ProfileInstaller: Installing profile for dev.souschef.app
11-23 20:55:17.458  8444  8444 W UiControllerImpl: Waiting for: DYNAMIC_TASKS_HAVE_IDLED for 100 iterations.
11-23 20:55:18.282  8444  8444 W UiControllerImpl: Waiting for: DYNAMIC_TASKS_HAVE_IDLED for 200 iterations.
11-23 20:55:19.117  8444  8444 W UiControllerImpl: Waiting for: DYNAMIC_TASKS_HAVE_IDLED for 300 iterations.
11-23 20:55:19.941  8444  8444 W UiControllerImpl: Waiting for: DYNAMIC_TASKS_HAVE_IDLED for 400 iterations.
11-23 20:55:20.707  8444  8444 W UiControllerImpl: Waiting for: DYNAMIC_TASKS_HAVE_IDLED for 500 iterations.
11-23 20:55:21.533  8444  8444 W UiControllerImpl: Waiting for: DYNAMIC_TASKS_HAVE_IDLED for 600 iterations.
11-23 20:55:21.713  8444  8444 D DetoxRNHelpers: Native RN module resolution (class com.reactnativecommunity.asyncstorage.AsyncStorageModule): no such class
11-23 20:55:21.720  8444  8444 D DetoxRNHelpers: Native RN module resolution (class com.reactnativecommunity.asyncstorage.AsyncStorageModule): no such class
11-23 20:55:21.727  8444  8444 I ViewInteraction: Checking 'MatchesViewAssertion(Detox){viewMatcher=(view has effective visibility <VISIBLE> and view.getGlobalVisibleRect() covers at least <75> percent of the view's area)}' assertion on view (view.getTag() is "landing-auth-screen" and view has effective visibility <VISIBLE>)
11-23 20:55:21.738  8444  8489 I DetoxWSClient: Sending out action 'invokeResult' (ID #2)
11-23 20:55:21.739  8444  8489 I DetoxDispatcher: Done with action 'invoke'
11-23 20:55:21.745  8444  8495 D DetoxWSClient: Received action 'invoke' (ID #3, params={"target":{"type":"Class","value":"com.wix.detox.espresso.EspressoDetox"},"method":"perform","args":[{"type":"Invocation","value":{"target":{"type":"Class","value":"com.wix.detox.espresso.DetoxMatcher"},"method":"matcherForTestId","args":["landing-login-button",{"type":"boolean","value":false}]}},{"type":"Invocation","value":{"target":{"type":"Class","value":"com.wix.detox.espresso.DetoxViewActions"},"method":"click","args":[]}}]})
11-23 20:55:21.745  8444  8489 I DetoxDispatcher: Handling action 'invoke' (ID #3)...
11-23 20:55:21.746  8444  8489 D Detox   : class com.wix.detox.espresso.DetoxMatcher, matcherForTestId, [landing-login-button, false]
11-23 20:55:21.747  8444  8489 D Detox   : class com.wix.detox.espresso.DetoxViewActions, click, []
11-23 20:55:21.748  8444  8489 I ev.souschef.app: hiddenapi: Accessing hidden method Landroid/view/ViewConfiguration;->getDoubleTapMinTime()I (runtime_flags=0, domain=platform, api=unsupported) from Lcom/wix/detox/espresso/action/common/DetoxViewConfigurations; (domain=app) using reflection: allowed
11-23 20:55:21.750  8444  8489 D Detox   : class com.wix.detox.espresso.EspressoDetox, perform, [(view.getTag() is "landing-login-button" and view has effective visibility <VISIBLE>), com.wix.detox.espresso.action.RNClickAction@2b9940f]
11-23 20:55:21.756  8444  8444 D DetoxRNHelpers: Native RN module resolution (class com.reactnativecommunity.asyncstorage.AsyncStorageModule): no such class
11-23 20:55:21.758  8444  8444 D DetoxRNHelpers: Native RN module resolution (class com.reactnativecommunity.asyncstorage.AsyncStorageModule): no such class
11-23 20:55:21.760  8444  8444 I ViewInteraction: Performing 'com.wix.detox.espresso.action.detoxsingletap@6bacc9c click' action on view (view.getTag() is "landing-login-button" and view has effective visibility <VISIBLE>)
11-23 20:55:21.773  8444  8444 I VRI[MainActivity]@8e53a52: ViewPostIme pointer 0
11-23 20:55:21.783  8444  8444 I VRI[MainActivity]@8e53a52: call setFrameRateCategory for touch hint category=high hint, reason=touch, vri=VRI[MainActivity]@8e53a52
11-23 20:55:21.798  8444  8444 I VRI[MainActivity]@8e53a52: ViewPostIme pointer 1
11-23 20:55:22.102  8444  8444 D ScrollView: initGoToTop
11-23 20:55:22.107  8444  8444 W [RNScreens]: backTitleVisible prop is not available on Android
11-23 20:55:22.107  8444  8444 W [RNScreens]: backTitleFontFamily prop is not available on Android
11-23 20:55:22.107  8444  8444 W [RNScreens]: disableBackButtonMenu prop is not available on Android
11-23 20:55:22.107  8444  8444 W [RNScreens]: largeTitleFontFamily prop is not available on Android
11-23 20:55:22.107  8444  8444 W [RNScreens]: topInsetEnabled prop is not available on Android
11-23 20:55:22.107  8444  8444 W [RNScreens]: largeTitleFontWeight prop is not available on Android
11-23 20:55:22.108  8444  8444 W [RNScreens]: largeTitleHideShadow prop is not available on Android
11-23 20:55:22.264  8444  8444 I VRI[MainActivity]@8e53a52: registerCallbackForPendingTransactions
11-23 20:55:22.283  8444  8526 I VRI[MainActivity]@8e53a52: mWNT: t=0xb400007c8db74d50 mBlastBufferQueue=0xb400007adda683b0 fn= 65 HdrRenderState mRenderHdrSdrRatio=1.0 caller= android.view.ViewRootImpl$10.onFrameDraw:6536 android.view.ViewRootImpl$4.onFrameDraw:2489 android.view.ThreadedRenderer$1.onFrameDraw:718 
11-23 20:55:22.676  8444  8444 D DetoxRNHelpers: Native RN module resolution (class com.reactnativecommunity.asyncstorage.AsyncStorageModule): no such class
11-23 20:55:22.981  8444  8444 D DetoxRNHelpers: Native RN module resolution (class com.reactnativecommunity.asyncstorage.AsyncStorageModule): no such class
11-23 20:55:22.984  8444  8444 D DetoxRNHelpers: Native RN module resolution (class com.reactnativecommunity.asyncstorage.AsyncStorageModule): no such class
11-23 20:55:23.050  8444  8444 D DetoxRNHelpers: Native RN module resolution (class com.reactnativecommunity.asyncstorage.AsyncStorageModule): no such class
11-23 20:55:23.053  8444  8444 D DetoxRNHelpers: Native RN module resolution (class com.reactnativecommunity.asyncstorage.AsyncStorageModule): no such class
11-23 20:55:23.056  8444  8444 D DetoxRNHelpers: Native RN module resolution (class com.reactnativecommunity.asyncstorage.AsyncStorageModule): no such class
11-23 20:55:23.059  8444  8444 D DetoxRNHelpers: Native RN module resolution (class com.reactnativecommunity.asyncstorage.AsyncStorageModule): no such class
11-23 20:55:23.060  8444  8489 I DetoxWSClient: Sending out action 'invokeResult' (ID #3)
11-23 20:55:23.061  8444  8489 I DetoxDispatcher: Done with action 'invoke'
11-23 20:55:23.065  8444  8495 D DetoxWSClient: Received action 'invoke' (ID #4, params={"target":{"type":"Class","value":"com.wix.detox.espresso.DetoxAssertion"},"method":"waitForAssertMatcher","args":[{"type":"Invocation","value":{"target":{"type":"Class","value":"androidx.test.espresso.Espresso"},"method":"onView","args":[{"type":"Invocation","value":{"target":{"type":"Class","value":"com.wix.detox.espresso.DetoxMatcher"},"method":"matcherForTestId","args":["login-screen",{"type":"boolean","value":false}]}}]}},{"type":"Invocation","value":{"target":{"type":"Class","value":"com.wix.detox.espresso.DetoxMatcher"},"method":"matcherForSufficientlyVisible","args":[{"type":"Integer","value":75}]}},{"type":"Double","value":5}]})
11-23 20:55:23.066  8444  8489 I DetoxDispatcher: Handling action 'invoke' (ID #4)...
11-23 20:55:23.066  8444  8489 D Detox   : class com.wix.detox.espresso.DetoxMatcher, matcherForTestId, [login-screen, false]
11-23 20:55:23.067  8444  8489 D Detox   : class androidx.test.espresso.Espresso, onView, [(view.getTag() is "login-screen" and view has effective visibility <VISIBLE>)]
11-23 20:55:23.069  8444  8489 D Detox   : class com.wix.detox.espresso.DetoxMatcher, matcherForSufficientlyVisible, [75]
11-23 20:55:23.070  8444  8489 D Detox   : class com.wix.detox.espresso.DetoxAssertion, waitForAssertMatcher, [androidx.test.espresso.ViewInteraction@e1cc2c, (view has effective visibility <VISIBLE> and view.getGlobalVisibleRect() covers at least <75> percent of the view's area), 5.0]
11-23 20:55:23.073  8444  8444 D DetoxRNHelpers: Native RN module resolution (class com.reactnativecommunity.asyncstorage.AsyncStorageModule): no such class
11-23 20:55:23.077  8444  8444 D DetoxRNHelpers: Native RN module resolution (class com.reactnativecommunity.asyncstorage.AsyncStorageModule): no such class
11-23 20:55:23.080  8444  8444 I ViewInteraction: Checking 'MatchesViewAssertion(Detox){viewMatcher=(view has effective visibility <VISIBLE> and view.getGlobalVisibleRect() covers at least <75> percent of the view's area)}' assertion on view (view.getTag() is "login-screen" and view has effective visibility <VISIBLE>)
11-23 20:55:23.085  8444  8489 I DetoxWSClient: Sending out action 'invokeResult' (ID #4)
11-23 20:55:23.086  8444  8489 I DetoxDispatcher: Done with action 'invoke'
11-23 20:55:23.091  8444  8495 D DetoxWSClient: Received action 'invoke' (ID #5, params={"target":{"type":"Class","value":"com.wix.detox.espresso.DetoxAssertion"},"method":"waitForAssertMatcher","args":[{"type":"Invocation","value":{"target":{"type":"Class","value":"androidx.test.espresso.Espresso"},"method":"onView","args":[{"type":"Invocation","value":{"target":{"type":"Class","value":"com.wix.detox.espresso.DetoxMatcher"},"method":"matcherForTestId","args":["login-screen",{"type":"boolean","value":false}]}}]}},{"type":"Invocation","value":{"target":{"type":"Class","value":"com.wix.detox.espresso.DetoxMatcher"},"method":"matcherForSufficientlyVisible","args":[{"type":"Integer","value":75}]}},{"type":"Double","value":10}]})
11-23 20:55:23.091  8444  8489 I DetoxDispatcher: Handling action 'invoke' (ID #5)...
11-23 20:55:23.092  8444  8489 D Detox   : class com.wix.detox.espresso.DetoxMatcher, matcherForTestId, [login-screen, false]
11-23 20:55:23.093  8444  8489 D Detox   : class androidx.test.espresso.Espresso, onView, [(view.getTag() is "login-screen" and view has effective visibility <VISIBLE>)]
11-23 20:55:23.094  8444  8489 D Detox   : class com.wix.detox.espresso.DetoxMatcher, matcherForSufficientlyVisible, [75]
11-23 20:55:23.095  8444  8489 D Detox   : class com.wix.detox.espresso.DetoxAssertion, waitForAssertMatcher, [androidx.test.espresso.ViewInteraction@1234c8a, (view has effective visibility <VISIBLE> and view.getGlobalVisibleRect() covers at least <75> percent of the view's area), 10.0]
11-23 20:55:23.100  8444  8444 D DetoxRNHelpers: Native RN module resolution (class com.reactnativecommunity.asyncstorage.AsyncStorageModule): no such class
11-23 20:55:23.103  8444  8444 D DetoxRNHelpers: Native RN module resolution (class com.reactnativecommunity.asyncstorage.AsyncStorageModule): no such class
11-23 20:55:23.106  8444  8444 I ViewInteraction: Checking 'MatchesViewAssertion(Detox){viewMatcher=(view has effective visibility <VISIBLE> and view.getGlobalVisibleRect() covers at least <75> percent of the view's area)}' assertion on view (view.getTag() is "login-screen" and view has effective visibility <VISIBLE>)
11-23 20:55:23.110  8444  8489 I DetoxWSClient: Sending out action 'invokeResult' (ID #5)
11-23 20:55:23.111  8444  8489 I DetoxDispatcher: Done with action 'invoke'
11-23 20:55:23.115  8444  8495 D DetoxWSClient: Received action 'invoke' (ID #6, params={"target":{"type":"Class","value":"com.wix.detox.espresso.EspressoDetox"},"method":"perform","args":[{"type":"Invocation","value":{"target":{"type":"Class","value":"com.wix.detox.espresso.DetoxMatcher"},"method":"matcherForTestId","args":["login-email-input",{"type":"boolean","value":false}]}},{"type":"Invocation","value":{"target":{"type":"Class","value":"androidx.test.espresso.action.ViewActions"},"method":"clearText","args":[]}}]})
11-23 20:55:23.115  8444  8489 I DetoxDispatcher: Handling action 'invoke' (ID #6)...
11-23 20:55:23.116  8444  8489 D Detox   : class com.wix.detox.espresso.DetoxMatcher, matcherForTestId, [login-email-input, false]
11-23 20:55:23.117  8444  8489 D Detox   : class androidx.test.espresso.action.ViewActions, clearText, []
11-23 20:55:23.117  8444  8489 D Detox   : class com.wix.detox.espresso.EspressoDetox, perform, [(view.getTag() is "login-email-input" and view has effective visibility <VISIBLE>), androidx.test.espresso.action.ReplaceTextAction@a15d2fb]
11-23 20:55:23.122  8444  8444 D DetoxRNHelpers: Native RN module resolution (class com.reactnativecommunity.asyncstorage.AsyncStorageModule): no such class
11-23 20:55:23.126  8444  8444 D DetoxRNHelpers: Native RN module resolution (class com.reactnativecommunity.asyncstorage.AsyncStorageModule): no such class
11-23 20:55:23.128  8444  8444 I ViewInteraction: Performing 'replace text()' action on view (view.getTag() is "login-email-input" and view has effective visibility <VISIBLE>)
11-23 20:55:23.141  8444  8489 I DetoxWSClient: Sending out action 'invokeResult' (ID #6)
11-23 20:55:23.141  8444  8489 I DetoxDispatcher: Done with action 'invoke'
11-23 20:55:23.152  8444  8495 D DetoxWSClient: Received action 'invoke' (ID #7, params={"target":{"type":"Class","value":"com.wix.detox.espresso.EspressoDetox"},"method":"perform","args":[{"type":"Invocation","value":{"target":{"type":"Class","value":"com.wix.detox.espresso.DetoxMatcher"},"method":"matcherForTestId","args":["login-email-input",{"type":"boolean","value":false}]}},{"type":"Invocation","value":{"target":{"type":"Class","value":"com.wix.detox.espresso.DetoxViewActions"},"method":"typeText","args":["test@souschef.dev"]}}]})
11-23 20:55:23.153  8444  8489 I DetoxDispatcher: Handling action 'invoke' (ID #7)...
11-23 20:55:23.153  8444  8489 D Detox   : class com.wix.detox.espresso.DetoxMatcher, matcherForTestId, [login-email-input, false]
11-23 20:55:23.154  8444  8489 D Detox   : class com.wix.detox.espresso.DetoxViewActions, typeText, [test@souschef.dev]
11-23 20:55:23.156  8444  8489 D Detox   : class com.wix.detox.espresso.EspressoDetox, perform, [(view.getTag() is "login-email-input" and view has effective visibility <VISIBLE>), com.wix.detox.espresso.action.DetoxTypeTextAction@81b96f4]
11-23 20:55:23.161  8444  8444 D DetoxRNHelpers: Native RN module resolution (class com.reactnativecommunity.asyncstorage.AsyncStorageModule): no such class
11-23 20:55:23.164  8444  8444 D DetoxRNHelpers: Native RN module resolution (class com.reactnativecommunity.asyncstorage.AsyncStorageModule): no such class
11-23 20:55:23.166  8444  8444 I ViewInteraction: Performing 'Click to focus & type text (test@souschef.dev)' action on view (view.getTag() is "login-email-input" and view has effective visibility <VISIBLE>)
11-23 20:55:23.178  8444  8444 I VRI[MainActivity]@8e53a52: ViewPostIme pointer 0
11-23 20:55:23.208  8444  8444 I VRI[MainActivity]@8e53a52: ViewPostIme pointer 1
11-23 20:55:23.220  8444  8444 D InputMethodManagerUtils: startInputInner - Id : 0
11-23 20:55:23.221  8444  8444 I InputMethodManager: startInputInner - IInputMethodManagerGlobalInvoker.startInputOrWindowGainedFocus
11-23 20:55:23.226  8444  8444 I AutofillManager: showAutofillDialog() return false due to improve fill dialog
11-23 20:55:23.226  8444  8444 I InputMethodManager_LC: showSoftInput(View,I)
11-23 20:55:23.228  8444  8444 I ImeTracker: dev.souschef.app:8679e456: onRequestShow at ORIGIN_CLIENT reason SHOW_SOFT_INPUT fromUser true
11-23 20:55:23.229  8444  8444 I InputMethodManager_LC: ssi(): flags=0 view=dev.souschef.app reason=SHOW_SOFT_INPUT
11-23 20:55:23.229  8444  8444 D InsetsController: show(ime(), fromIme=false)
11-23 20:55:23.230  8444  8444 D InsetsController: Setting requestedVisibleTypes to -1 (was -9)
11-23 20:55:23.231  8444  8455 D InputTransport: Input channel constructed: 'ClientS', fd=189
11-23 20:55:23.231  8444  8444 I InsetsController: setRequestedVisibleTypes: visible=true, mask=ime, host=dev.souschef.app/dev.souschef.app.MainActivity, from=android.view.InsetsController.controlAnimationUnchecked:1604 android.view.InsetsController.applyAnimation:2416 android.view.InsetsController.applyAnimation:2343 android.view.InsetsController.show:1422 android.view.inputmethod.InputMethodManager.showSoftInput:2659 android.view.inputmethod.InputMethodManager.showSoftInput:2571 android.view.inputmethod.InputMethodManager.showSoftInput:2563 android.view.inputmethod.InputMethodManager.showSoftInput:2491 android.widget.TextView.onTouchEvent:14078 com.facebook.react.views.textinput.ReactEditText.onTouchEvent:323 
11-23 20:55:23.252  8444  8444 I VRI[MainActivity]@8e53a52: handleResized, frames=ClientWindowFrames{frame=[0,0][1440,3088] display=[0,0][1440,3088] parentFrame=[0,0][0,0]} displayId=0 dragResizing=false compatScale=1.0 frameChanged=false attachedFrameChanged=false configChanged=false displayChanged=false compatScaleChanged=false dragResizingChanged=false
11-23 20:55:23.266  8444  8444 I InputMethodManager_LC: showSoftInput(View,I)
11-23 20:55:23.267  8444  8444 I ImeTracker: dev.souschef.app:c23ac30: onRequestShow at ORIGIN_CLIENT reason SHOW_SOFT_INPUT fromUser false
11-23 20:55:23.267  8444  8444 I InputMethodManager_LC: ssi(): flags=0 view=dev.souschef.app reason=SHOW_SOFT_INPUT
11-23 20:55:23.267  8444  8444 D InsetsController: show(ime(), fromIme=false)
11-23 20:55:23.268  8444  8444 I ImeTracker: dev.souschef.app:c23ac30: onCancelled at PHASE_CLIENT_REPORT_REQUESTED_VISIBLE_TYPES
11-23 20:55:23.282  8444  8444 D DetoxRNHelpers: Native RN module resolution (class com.reactnativecommunity.asyncstorage.AsyncStorageModule): no such class
11-23 20:55:23.330  8444  8444 I InsetsController: onStateChanged: host=dev.souschef.app/dev.souschef.app.MainActivity, from=android.view.ViewRootImpl.onInsetsStateChanged:3026, state=InsetsState: {mDisplayFrame=Rect(0, 0 - 1440, 3088), mDisplayCutout=DisplayCutout{insets=Rect(0, 100 - 0, 0) waterfall=Insets{left=0, top=0, right=0, bottom=0} boundingRect={Bounds=[Rect(0, 0 - 0, 0), Rect(683, 0 - 758, 100), Rect(0, 0 - 0, 0), Rect(0, 0 - 0, 0)]} cutoutPathParserInfo={CutoutPathParserInfo{displayWidth=1440 displayHeight=3088 physicalDisplayWidth=1440 physicalDisplayHeight=3088 density={3.75} cutoutSpec={M 0,0 H -10 V 26.66666666666667 H 10 V 0 H 0 Z @dp} rotation={0} scale={1.0} physicalPixelDisplaySizeRatio={1.0}}} sideOverrides={}}, mRoundedCorners=RoundedCorners{[RoundedCorner{position=TopLeft, radius=15, center=Point(15, 15)}, RoundedCorner{position=TopRight, radius=15, center=Point(1425, 15)}, RoundedCorner{position=BottomRight, radius=15, center=Point(1425, 3073)}, RoundedCorner{position=BottomLeft, radius=15, center=Point(15, 3073)}]}  mRoundedCornerFrame=Rect(0, 0 - 1440, 3088), mPrivacyIndicatorBounds=PrivacyIndicatorBounds {static bounds=Rect(1275, 0 - 1440, 100) rotation=0}, mDisplayShape=DisplayShape{ spec=-311912193 displayWidth=1440 displayHeight=3088 physicalPixelDisplaySizeRatio=1.0 rotation=0 offsetX=0 offsetY=0 scale=1.0}, mSources= { InsetsSource: {b11d0001 mType=navigationBars mFrame=[0,3032][1440,3088] mVisible=true mFlags=SUPPRESS_SCRIM mSideHint=BOTTOM mBoundingRects=null}, InsetsSource: {b11d0004 mType=systemGestures mFrame=[0,0][84,3088] mVisible=true mFlags= mSideHint=LEFT mBoundingRects=null}, InsetsSource: {b11d0005 mType=mandatorySystemGestures mFrame=[0,2968][1440,3088] mVisible=true mFlags= mSideHint=BOTTOM mBoundingRects=null}, InsetsSource: {b11d0006 mType=tappableElement mFrame=[0,0][0,0] mVisible=true mFlags= mSideHint=NONE mBoundingRects=null}, InsetsSource: {b11d0024 mType=systemGestures mFrame=[1356,0][1440,3088] mVisible=true mFlags= mSideHint=RIGHT mBoundingRects=null}, InsetsSource: {ecac0000 mType=statusBars mFrame=[0,0][1440,100] mVisible=true mFlags= mSideHint=TOP mBoundingRects=null}, InsetsSource: {ecac0005 mType=mandatorySystemGestures mFrame=[0,0][1440,145] mVisible=true mFlags= mSideHint=TOP mBoundingRects=null}, InsetsSource: {ecac0006 mType=tappableElement mFrame=[0,0][1440,100] mVisible=true mFlags= mSideHint=TOP mBoundingRects=null}, InsetsSource: {3 mType=ime mFrame=[0,0][0,0] mVisible=false mFlags= mSideHint=NONE mBoundingRects=null}, InsetsSource: {27 mType=displayCutout mFrame=[0,0][1440,100] mVisible=true mFlags= mSideHint=TOP mBoundingRects=null} }
11-23 20:55:23.331  8444  8444 I VRI[MainActivity]@8e53a52: handleResized, frames=ClientWindowFrames{frame=[0,0][1440,3088] display=[0,0][1440,3088] parentFrame=[0,0][0,0]} displayId=0 dragResizing=false compatScale=1.0 frameChanged=false attachedFrameChanged=false configChanged=false displayChanged=false compatScaleChanged=false dragResizingChanged=false
11-23 20:55:23.353  8444  8444 I InsetsController: onStateChanged: host=dev.souschef.app/dev.souschef.app.MainActivity, from=android.view.ViewRootImpl.onInsetsStateChanged:3026, state=InsetsState: {mDisplayFrame=Rect(0, 0 - 1440, 3088), mDisplayCutout=DisplayCutout{insets=Rect(0, 100 - 0, 0) waterfall=Insets{left=0, top=0, right=0, bottom=0} boundingRect={Bounds=[Rect(0, 0 - 0, 0), Rect(683, 0 - 758, 100), Rect(0, 0 - 0, 0), Rect(0, 0 - 0, 0)]} cutoutPathParserInfo={CutoutPathParserInfo{displayWidth=1440 displayHeight=3088 physicalDisplayWidth=1440 physicalDisplayHeight=3088 density={3.75} cutoutSpec={M 0,0 H -10 V 26.66666666666667 H 10 V 0 H 0 Z @dp} rotation={0} scale={1.0} physicalPixelDisplaySizeRatio={1.0}}} sideOverrides={}}, mRoundedCorners=RoundedCorners{[RoundedCorner{position=TopLeft, radius=15, center=Point(15, 15)}, RoundedCorner{position=TopRight, radius=15, center=Point(1425, 15)}, RoundedCorner{position=BottomRight, radius=15, center=Point(1425, 3073)}, RoundedCorner{position=BottomLeft, radius=15, center=Point(15, 3073)}]}  mRoundedCornerFrame=Rect(0, 0 - 1440, 3088), mPrivacyIndicatorBounds=PrivacyIndicatorBounds {static bounds=Rect(1275, 0 - 1440, 100) rotation=0}, mDisplayShape=DisplayShape{ spec=-311912193 displayWidth=1440 displayHeight=3088 physicalPixelDisplaySizeRatio=1.0 rotation=0 offsetX=0 offsetY=0 scale=1.0}, mSources= { InsetsSource: {b11d0001 mType=navigationBars mFrame=[0,3032][1440,3088] mVisible=true mFlags=SUPPRESS_SCRIM mSideHint=BOTTOM mBoundingRects=null}, InsetsSource: {b11d0004 mType=systemGestures mFrame=[0,0][84,3088] mVisible=true mFlags= mSideHint=LEFT mBoundingRects=null}, InsetsSource: {b11d0005 mType=mandatorySystemGestures mFrame=[0,2968][1440,3088] mVisible=true mFlags= mSideHint=BOTTOM mBoundingRects=null}, InsetsSource: {b11d0006 mType=tappableElement mFrame=[0,0][0,0] mVisible=true mFlags= mSideHint=NONE mBoundingRects=null}, InsetsSource: {b11d0024 mType=systemGestures mFrame=[1356,0][1440,3088] mVisible=true mFlags= mSideHint=RIGHT mBoundingRects=null}, InsetsSource: {ecac0000 mType=statusBars mFrame=[0,0][1440,100] mVisible=true mFlags= mSideHint=TOP mBoundingRects=null}, InsetsSource: {ecac0005 mType=mandatorySystemGestures mFrame=[0,0][1440,145] mVisible=true mFlags= mSideHint=TOP mBoundingRects=null}, InsetsSource: {ecac0006 mType=tappableElement mFrame=[0,0][1440,100] mVisible=true mFlags= mSideHint=TOP mBoundingRects=null}, InsetsSource: {3 mType=ime mFrame=[0,2076][1440,3088] mVisible=true mFlags= mSideHint=BOTTOM mBoundingRects=null}, InsetsSource: {27 mType=displayCutout mFrame=[0,0][1440,100] mVisible=true mFlags= mSideHint=TOP mBoundingRects=null} }
11-23 20:55:23.353  8444  8444 I VRI[MainActivity]@8e53a52: handleResized, frames=ClientWindowFrames{frame=[0,0][1440,3088] display=[0,0][1440,3088] parentFrame=[0,0][0,0]} displayId=0 dragResizing=false compatScale=1.0 frameChanged=false attachedFrameChanged=false configChanged=false displayChanged=false compatScaleChanged=false dragResizingChanged=false
11-23 20:55:23.361  8444  8444 I InsetsController: onStateChanged: host=dev.souschef.app/dev.souschef.app.MainActivity, from=android.view.ViewRootImpl.onInsetsStateChanged:3026, state=InsetsState: {mDisplayFrame=Rect(0, 0 - 1440, 3088), mDisplayCutout=DisplayCutout{insets=Rect(0, 100 - 0, 0) waterfall=Insets{left=0, top=0, right=0, bottom=0} boundingRect={Bounds=[Rect(0, 0 - 0, 0), Rect(683, 0 - 758, 100), Rect(0, 0 - 0, 0), Rect(0, 0 - 0, 0)]} cutoutPathParserInfo={CutoutPathParserInfo{displayWidth=1440 displayHeight=3088 physicalDisplayWidth=1440 physicalDisplayHeight=3088 density={3.75} cutoutSpec={M 0,0 H -10 V 26.66666666666667 H 10 V 0 H 0 Z @dp} rotation={0} scale={1.0} physicalPixelDisplaySizeRatio={1.0}}} sideOverrides={}}, mRoundedCorners=RoundedCorners{[RoundedCorner{position=TopLeft, radius=15, center=Point(15, 15)}, RoundedCorner{position=TopRight, radius=15, center=Point(1425, 15)}, RoundedCorner{position=BottomRight, radius=15, center=Point(1425, 3073)}, RoundedCorner{position=BottomLeft, radius=15, center=Point(15, 3073)}]}  mRoundedCornerFrame=Rect(0, 0 - 1440, 3088), mPrivacyIndicatorBounds=PrivacyIndicatorBounds {static bounds=Rect(1275, 0 - 1440, 100) rotation=0}, mDisplayShape=DisplayShape{ spec=-311912193 displayWidth=1440 displayHeight=3088 physicalPixelDisplaySizeRatio=1.0 rotation=0 offsetX=0 offsetY=0 scale=1.0}, mSources= { InsetsSource: {b11d0001 mType=navigationBars mFrame=[0,3032][1440,3088] mVisible=true mFlags=SUPPRESS_SCRIM mSideHint=BOTTOM mBoundingRects=null}, InsetsSource: {b11d0004 mType=systemGestures mFrame=[0,0][84,3088] mVisible=true mFlags= mSideHint=LEFT mBoundingRects=null}, InsetsSource: {b11d0005 mType=mandatorySystemGestures mFrame=[0,2968][1440,3088] mVisible=true mFlags= mSideHint=BOTTOM mBoundingRects=null}, InsetsSource: {b11d0006 mType=tappableElement mFrame=[0,0][0,0] mVisible=true mFlags= mSideHint=NONE mBoundingRects=null}, InsetsSource: {b11d0024 mType=systemGestures mFrame=[1356,0][1440,3088] mVisible=true mFlags= mSideHint=RIGHT mBoundingRects=null}, InsetsSource: {ecac0000 mType=statusBars mFrame=[0,0][1440,100] mVisible=true mFlags= mSideHint=TOP mBoundingRects=null}, InsetsSource: {ecac0005 mType=mandatorySystemGestures mFrame=[0,0][1440,145] mVisible=true mFlags= mSideHint=TOP mBoundingRects=null}, InsetsSource: {ecac0006 mType=tappableElement mFrame=[0,0][1440,100] mVisible=true mFlags= mSideHint=TOP mBoundingRects=null}, InsetsSource: {3 mType=ime mFrame=[0,2076][1440,3088] mVisible=true mFlags= mSideHint=BOTTOM mBoundingRects=null}, InsetsSource: {27 mType=displayCutout mFrame=[0,0][1440,100] mVisible=true mFlags= mSideHint=TOP mBoundingRects=null} }
11-23 20:55:23.363  8444  8444 I InsetsController: controlAnimationUncheckedInner: Added types=ime, animType=0, host=dev.souschef.app/dev.souschef.app.MainActivity, from=android.view.InsetsController.controlAnimationUnchecked:1608 android.view.InsetsController.applyAnimation:2416 android.view.InsetsController.applyAnimation:2343 
11-23 20:55:23.369  8444  8444 I BLASTBufferQueue_Java: update, w= 1440 h= 3088 mName = VRI[MainActivity]@8e53a52 mNativeObject= 0xb400007adda683b0 sc.mNativeObject= 0xb400007b7da3c350 format= -1 caller= android.view.ViewRootImpl.updateBlastSurfaceIfNeeded:3574 android.view.ViewRootImpl.relayoutWindow:11685 android.view.ViewRootImpl.performTraversals:4804 android.view.ViewRootImpl.doTraversal:3924 android.view.ViewRootImpl$TraversalRunnable.run:12903 android.view.Choreographer$CallbackRecord.run:1901 
11-23 20:55:23.369  8444  8444 I VRI[MainActivity]@8e53a52: Relayout returned: old=(0,0,1440,3088) new=(0,0,1440,3088) relayoutAsync=true req=(1440,3088)0 dur=0 res=0x0 s={true 0xb400007beda57a40} ch=false seqId=0
11-23 20:55:23.378  8444  8444 W InteractionJankMonitor: Initializing without READ_DEVICE_CONFIG permission. enabled=false, interval=1, missedFrameThreshold=3, frameTimeThreshold=64, package=dev.souschef.app
11-23 20:55:23.380  8444  8444 I VRI[MainActivity]@8e53a52: registerCallbackForPendingTransactions
11-23 20:55:23.383  8444  8524 I VRI[MainActivity]@8e53a52: mWNT: t=0xb400007c8dacb690 mBlastBufferQueue=0xb400007adda683b0 fn= 112 HdrRenderState mRenderHdrSdrRatio=1.0 caller= android.view.SyncRtSurfaceTransactionApplier.applyTransaction:100 android.view.SyncRtSurfaceTransactionApplier.lambda$scheduleApply$0:73 android.view.SyncRtSurfaceTransactionApplier.$r8$lambda$afI4fXg3U3-nBZQEDQMiNy-B06s:0 
11-23 20:55:23.383  8444  8524 I VRI[MainActivity]@8e53a52: mWNT: t=0xb400007c8dacd450 mBlastBufferQueue=0xb400007adda683b0 fn= 112 HdrRenderState mRenderHdrSdrRatio=1.0 caller= android.view.ViewRootImpl$10.onFrameDraw:6536 android.view.ViewRootImpl$4.onFrameDraw:2489 android.view.ThreadedRenderer$1.onFrameDraw:718 
11-23 20:55:23.387  8444  8526 I VRI[MainActivity]@8e53a52: mWNT: t=0xb400007c8db86550 mBlastBufferQueue=0xb400007adda683b0 fn= 113 HdrRenderState mRenderHdrSdrRatio=1.0 caller= android.view.SyncRtSurfaceTransactionApplier.applyTransaction:100 android.view.SyncRtSurfaceTransactionApplier.lambda$scheduleApply$0:73 android.view.SyncRtSurfaceTransactionApplier.$r8$lambda$afI4fXg3U3-nBZQEDQMiNy-B06s:0 
11-23 20:55:23.395  8444  8524 I VRI[MainActivity]@8e53a52: mWNT: t=0xb400007c8dad9d90 mBlastBufferQueue=0xb400007adda683b0 fn= 114 HdrRenderState mRenderHdrSdrRatio=1.0 caller= android.view.SyncRtSurfaceTransactionApplier.applyTransaction:100 android.view.SyncRtSurfaceTransactionApplier.lambda$scheduleApply$0:73 android.view.SyncRtSurfaceTransactionApplier.$r8$lambda$afI4fXg3U3-nBZQEDQMiNy-B06s:0 
11-23 20:55:23.411  8444  8526 I VRI[MainActivity]@8e53a52: mWNT: t=0xb400007c8dadaf10 mBlastBufferQueue=0xb400007adda683b0 fn= 115 HdrRenderState mRenderHdrSdrRatio=1.0 caller= android.view.SyncRtSurfaceTransactionApplier.applyTransaction:100 android.view.SyncRtSurfaceTransactionApplier.lambda$scheduleApply$0:73 android.view.SyncRtSurfaceTransactionApplier.$r8$lambda$afI4fXg3U3-nBZQEDQMiNy-B06s:0 
11-23 20:55:23.417  8444  8524 I VRI[MainActivity]@8e53a52: mWNT: t=0xb400007c8db868d0 mBlastBufferQueue=0xb400007adda683b0 fn= 116 HdrRenderState mRenderHdrSdrRatio=1.0 caller= android.view.SyncRtSurfaceTransactionApplier.applyTransaction:100 android.view.SyncRtSurfaceTransactionApplier.lambda$scheduleApply$0:73 android.view.SyncRtSurfaceTransactionApplier.$r8$lambda$afI4fXg3U3-nBZQEDQMiNy-B06s:0 
11-23 20:55:23.422  8444  8526 I VRI[MainActivity]@8e53a52: mWNT: t=0xb400007c8dad9a10 mBlastBufferQueue=0xb400007adda683b0 fn= 117 HdrRenderState mRenderHdrSdrRatio=1.0 caller= android.view.SyncRtSurfaceTransactionApplier.applyTransaction:100 android.view.SyncRtSurfaceTransactionApplier.lambda$scheduleApply$0:73 android.view.SyncRtSurfaceTransactionApplier.$r8$lambda$afI4fXg3U3-nBZQEDQMiNy-B06s:0 
11-23 20:55:23.428  8444  8524 I VRI[MainActivity]@8e53a52: mWNT: t=0xb400007c8dad5cd0 mBlastBufferQueue=0xb400007adda683b0 fn= 118 HdrRenderState mRenderHdrSdrRatio=1.0 caller= android.view.SyncRtSurfaceTransactionApplier.applyTransaction:100 android.view.SyncRtSurfaceTransactionApplier.lambda$scheduleApply$0:73 android.view.SyncRtSurfaceTransactionApplier.$r8$lambda$afI4fXg3U3-nBZQEDQMiNy-B06s:0 
11-23 20:55:23.438  8444  8526 I VRI[MainActivity]@8e53a52: mWNT: t=0xb400007c8dad7e10 mBlastBufferQueue=0xb400007adda683b0 fn= 119 HdrRenderState mRenderHdrSdrRatio=1.0 caller= android.view.SyncRtSurfaceTransactionApplier.applyTransaction:100 android.view.SyncRtSurfaceTransactionApplier.lambda$scheduleApply$0:73 android.view.SyncRtSurfaceTransactionApplier.$r8$lambda$afI4fXg3U3-nBZQEDQMiNy-B06s:0 
11-23 20:55:23.446  8444  8524 I VRI[MainActivity]@8e53a52: mWNT: t=0xb400007c8db85210 mBlastBufferQueue=0xb400007adda683b0 fn= 120 HdrRenderState mRenderHdrSdrRatio=1.0 caller= android.view.SyncRtSurfaceTransactionApplier.applyTransaction:100 android.view.SyncRtSurfaceTransactionApplier.lambda$scheduleApply$0:73 android.view.SyncRtSurfaceTransactionApplier.$r8$lambda$afI4fXg3U3-nBZQEDQMiNy-B06s:0 
11-23 20:55:23.454  8444  8526 I VRI[MainActivity]@8e53a52: mWNT: t=0xb400007c8dada490 mBlastBufferQueue=0xb400007adda683b0 fn= 121 HdrRenderState mRenderHdrSdrRatio=1.0 caller= android.view.SyncRtSurfaceTransactionApplier.applyTransaction:100 android.view.SyncRtSurfaceTransactionApplier.lambda$scheduleApply$0:73 android.view.SyncRtSurfaceTransactionApplier.$r8$lambda$afI4fXg3U3-nBZQEDQMiNy-B06s:0 
11-23 20:55:23.462  8444  8524 I VRI[MainActivity]@8e53a52: mWNT: t=0xb400007c8dad6ad0 mBlastBufferQueue=0xb400007adda683b0 fn= 122 HdrRenderState mRenderHdrSdrRatio=1.0 caller= android.view.SyncRtSurfaceTransactionApplier.applyTransaction:100 android.view.SyncRtSurfaceTransactionApplier.lambda$scheduleApply$0:73 android.view.SyncRtSurfaceTransactionApplier.$r8$lambda$afI4fXg3U3-nBZQEDQMiNy-B06s:0 
11-23 20:55:23.471  8444  8526 I VRI[MainActivity]@8e53a52: mWNT: t=0xb400007c8dadab90 mBlastBufferQueue=0xb400007adda683b0 fn= 123 HdrRenderState mRenderHdrSdrRatio=1.0 caller= android.view.SyncRtSurfaceTransactionApplier.applyTransaction:100 android.view.SyncRtSurfaceTransactionApplier.lambda$scheduleApply$0:73 android.view.SyncRtSurfaceTransactionApplier.$r8$lambda$afI4fXg3U3-nBZQEDQMiNy-B06s:0 
11-23 20:55:23.479  8444  8524 I VRI[MainActivity]@8e53a52: mWNT: t=0xb400007c8dada9d0 mBlastBufferQueue=0xb400007adda683b0 fn= 124 HdrRenderState mRenderHdrSdrRatio=1.0 caller= android.view.SyncRtSurfaceTransactionApplier.applyTransaction:100 android.view.SyncRtSurfaceTransactionApplier.lambda$scheduleApply$0:73 android.view.SyncRtSurfaceTransactionApplier.$r8$lambda$afI4fXg3U3-nBZQEDQMiNy-B06s:0 
11-23 20:55:23.488  8444  8526 I VRI[MainActivity]@8e53a52: mWNT: t=0xb400007c8dad8dd0 mBlastBufferQueue=0xb400007adda683b0 fn= 125 HdrRenderState mRenderHdrSdrRatio=1.0 caller= android.view.SyncRtSurfaceTransactionApplier.applyTransaction:100 android.view.SyncRtSurfaceTransactionApplier.lambda$scheduleApply$0:73 android.view.SyncRtSurfaceTransactionApplier.$r8$lambda$afI4fXg3U3-nBZQEDQMiNy-B06s:0 
11-23 20:55:23.495  8444  8524 I VRI[MainActivity]@8e53a52: mWNT: t=0xb400007c8dad9850 mBlastBufferQueue=0xb400007adda683b0 fn= 126 HdrRenderState mRenderHdrSdrRatio=1.0 caller= android.view.SyncRtSurfaceTransactionApplier.applyTransaction:100 android.view.SyncRtSurfaceTransactionApplier.lambda$scheduleApply$0:73 android.view.SyncRtSurfaceTransactionApplier.$r8$lambda$afI4fXg3U3-nBZQEDQMiNy-B06s:0 
11-23 20:55:23.504  8444  8526 I VRI[MainActivity]@8e53a52: mWNT: t=0xb400007c8db87f90 mBlastBufferQueue=0xb400007adda683b0 fn= 127 HdrRenderState mRenderHdrSdrRatio=1.0 caller= android.view.SyncRtSurfaceTransactionApplier.applyTransaction:100 android.view.SyncRtSurfaceTransactionApplier.lambda$scheduleApply$0:73 android.view.SyncRtSurfaceTransactionApplier.$r8$lambda$afI4fXg3U3-nBZQEDQMiNy-B06s:0 
11-23 20:55:23.512  8444  8524 I VRI[MainActivity]@8e53a52: mWNT: t=0xb400007c8db66f10 mBlastBufferQueue=0xb400007adda683b0 fn= 128 HdrRenderState mRenderHdrSdrRatio=1.0 caller= android.view.SyncRtSurfaceTransactionApplier.applyTransaction:100 android.view.SyncRtSurfaceTransactionApplier.lambda$scheduleApply$0:73 android.view.SyncRtSurfaceTransactionApplier.$r8$lambda$afI4fXg3U3-nBZQEDQMiNy-B06s:0 
11-23 20:55:23.521  8444  8526 I VRI[MainActivity]@8e53a52: mWNT: t=0xb400007c8db6cd90 mBlastBufferQueue=0xb400007adda683b0 fn= 129 HdrRenderState mRenderHdrSdrRatio=1.0 caller= android.view.SyncRtSurfaceTransactionApplier.applyTransaction:100 android.view.SyncRtSurfaceTransactionApplier.lambda$scheduleApply$0:73 android.view.SyncRtSurfaceTransactionApplier.$r8$lambda$afI4fXg3U3-nBZQEDQMiNy-B06s:0 
11-23 20:55:23.529  8444  8524 I VRI[MainActivity]@8e53a52: mWNT: t=0xb400007c8db6ca10 mBlastBufferQueue=0xb400007adda683b0 fn= 130 HdrRenderState mRenderHdrSdrRatio=1.0 caller= android.view.SyncRtSurfaceTransactionApplier.applyTransaction:100 android.view.SyncRtSurfaceTransactionApplier.lambda$scheduleApply$0:73 android.view.SyncRtSurfaceTransactionApplier.$r8$lambda$afI4fXg3U3-nBZQEDQMiNy-B06s:0 
11-23 20:55:23.537  8444  8526 I VRI[MainActivity]@8e53a52: mWNT: t=0xb400007c8db861d0 mBlastBufferQueue=0xb400007adda683b0 fn= 131 HdrRenderState mRenderHdrSdrRatio=1.0 caller= android.view.SyncRtSurfaceTransactionApplier.applyTransaction:100 android.view.SyncRtSurfaceTransactionApplier.lambda$scheduleApply$0:73 android.view.SyncRtSurfaceTransactionApplier.$r8$lambda$afI4fXg3U3-nBZQEDQMiNy-B06s:0 
11-23 20:55:23.545  8444  8524 I VRI[MainActivity]@8e53a52: mWNT: t=0xb400007c8db8e6d0 mBlastBufferQueue=0xb400007adda683b0 fn= 132 HdrRenderState mRenderHdrSdrRatio=1.0 caller= android.view.SyncRtSurfaceTransactionApplier.applyTransaction:100 android.view.SyncRtSurfaceTransactionApplier.lambda$scheduleApply$0:73 android.view.SyncRtSurfaceTransactionApplier.$r8$lambda$afI4fXg3U3-nBZQEDQMiNy-B06s:0 
11-23 20:55:23.553  8444  8526 I VRI[MainActivity]@8e53a52: mWNT: t=0xb400007c8db60d10 mBlastBufferQueue=0xb400007adda683b0 fn= 133 HdrRenderState mRenderHdrSdrRatio=1.0 caller= android.view.SyncRtSurfaceTransactionApplier.applyTransaction:100 android.view.SyncRtSurfaceTransactionApplier.lambda$scheduleApply$0:73 android.view.SyncRtSurfaceTransactionApplier.$r8$lambda$afI4fXg3U3-nBZQEDQMiNy-B06s:0 
11-23 20:55:23.562  8444  8524 I VRI[MainActivity]@8e53a52: mWNT: t=0xb400007c8db6ac50 mBlastBufferQueue=0xb400007adda683b0 fn= 134 HdrRenderState mRenderHdrSdrRatio=1.0 caller= android.view.SyncRtSurfaceTransactionApplier.applyTransaction:100 android.view.SyncRtSurfaceTransactionApplier.lambda$scheduleApply$0:73 android.view.SyncRtSurfaceTransactionApplier.$r8$lambda$afI4fXg3U3-nBZQEDQMiNy-B06s:0 
11-23 20:55:23.572  8444  8526 I VRI[MainActivity]@8e53a52: mWNT: t=0xb400007c8db61cd0 mBlastBufferQueue=0xb400007adda683b0 fn= 135 HdrRenderState mRenderHdrSdrRatio=1.0 caller= android.view.SyncRtSurfaceTransactionApplier.applyTransaction:100 android.view.SyncRtSurfaceTransactionApplier.lambda$scheduleApply$0:73 android.view.SyncRtSurfaceTransactionApplier.$r8$lambda$afI4fXg3U3-nBZQEDQMiNy-B06s:0 
11-23 20:55:23.578  8444  8524 I VRI[MainActivity]@8e53a52: mWNT: t=0xb400007c8db85ad0 mBlastBufferQueue=0xb400007adda683b0 fn= 136 HdrRenderState mRenderHdrSdrRatio=1.0 caller= android.view.SyncRtSurfaceTransactionApplier.applyTransaction:100 android.view.SyncRtSurfaceTransactionApplier.lambda$scheduleApply$0:73 android.view.SyncRtSurfaceTransactionApplier.$r8$lambda$afI4fXg3U3-nBZQEDQMiNy-B06s:0 
11-23 20:55:23.587  8444  8526 I VRI[MainActivity]@8e53a52: mWNT: t=0xb400007c8db8b950 mBlastBufferQueue=0xb400007adda683b0 fn= 137 HdrRenderState mRenderHdrSdrRatio=1.0 caller= android.view.SyncRtSurfaceTransactionApplier.applyTransaction:100 android.view.SyncRtSurfaceTransactionApplier.lambda$scheduleApply$0:73 android.view.SyncRtSurfaceTransactionApplier.$r8$lambda$afI4fXg3U3-nBZQEDQMiNy-B06s:0 
11-23 20:55:23.589  8444  8444 D DetoxRNHelpers: Native RN module resolution (class com.reactnativecommunity.asyncstorage.AsyncStorageModule): no such class
11-23 20:55:23.590  8444  8444 D DetoxRNHelpers: Native RN module resolution (class com.reactnativecommunity.asyncstorage.AsyncStorageModule): no such class
11-23 20:55:23.595  8444  8524 I VRI[MainActivity]@8e53a52: mWNT: t=0xb400007c8db35650 mBlastBufferQueue=0xb400007adda683b0 fn= 138 HdrRenderState mRenderHdrSdrRatio=1.0 caller= android.view.SyncRtSurfaceTransactionApplier.applyTransaction:100 android.view.SyncRtSurfaceTransactionApplier.lambda$scheduleApply$0:73 android.view.SyncRtSurfaceTransactionApplier.$r8$lambda$afI4fXg3U3-nBZQEDQMiNy-B06s:0 
11-23 20:55:23.603  8444  8526 I VRI[MainActivity]@8e53a52: mWNT: t=0xb400007c8db88150 mBlastBufferQueue=0xb400007adda683b0 fn= 139 HdrRenderState mRenderHdrSdrRatio=1.0 caller= android.view.SyncRtSurfaceTransactionApplier.applyTransaction:100 android.view.SyncRtSurfaceTransactionApplier.lambda$scheduleApply$0:73 android.view.SyncRtSurfaceTransactionApplier.$r8$lambda$afI4fXg3U3-nBZQEDQMiNy-B06s:0 
11-23 20:55:23.613  8444  8524 I VRI[MainActivity]@8e53a52: mWNT: t=0xb400007c8db84cd0 mBlastBufferQueue=0xb400007adda683b0 fn= 140 HdrRenderState mRenderHdrSdrRatio=1.0 caller= android.view.SyncRtSurfaceTransactionApplier.applyTransaction:100 android.view.SyncRtSurfaceTransactionApplier.lambda$scheduleApply$0:73 android.view.SyncRtSurfaceTransactionApplier.$r8$lambda$afI4fXg3U3-nBZQEDQMiNy-B06s:0 
11-23 20:55:23.620  8444  8526 I VRI[MainActivity]@8e53a52: mWNT: t=0xb400007c8db66d50 mBlastBufferQueue=0xb400007adda683b0 fn= 141 HdrRenderState mRenderHdrSdrRatio=1.0 caller= android.view.SyncRtSurfaceTransactionApplier.applyTransaction:100 android.view.SyncRtSurfaceTransactionApplier.lambda$scheduleApply$0:73 android.view.SyncRtSurfaceTransactionApplier.$r8$lambda$afI4fXg3U3-nBZQEDQMiNy-B06s:0 
11-23 20:55:23.629  8444  8524 I VRI[MainActivity]@8e53a52: mWNT: t=0xb400007c8db88a10 mBlastBufferQueue=0xb400007adda683b0 fn= 142 HdrRenderState mRenderHdrSdrRatio=1.0 caller= android.view.SyncRtSurfaceTransactionApplier.applyTransaction:100 android.view.SyncRtSurfaceTransactionApplier.lambda$scheduleApply$0:73 android.view.SyncRtSurfaceTransactionApplier.$r8$lambda$afI4fXg3U3-nBZQEDQMiNy-B06s:0 
11-23 20:55:23.638  8444  8526 I VRI[MainActivity]@8e53a52: mWNT: t=0xb400007c8db87dd0 mBlastBufferQueue=0xb400007adda683b0 fn= 143 HdrRenderState mRenderHdrSdrRatio=1.0 caller= android.view.SyncRtSurfaceTransactionApplier.applyTransaction:100 android.view.SyncRtSurfaceTransactionApplier.lambda$scheduleApply$0:73 android.view.SyncRtSurfaceTransactionApplier.$r8$lambda$afI4fXg3U3-nBZQEDQMiNy-B06s:0 
11-23 20:55:23.645  8444  8524 I VRI[MainActivity]@8e53a52: mWNT: t=0xb400007c8db6a8d0 mBlastBufferQueue=0xb400007adda683b0 fn= 144 HdrRenderState mRenderHdrSdrRatio=1.0 caller= android.view.SyncRtSurfaceTransactionApplier.applyTransaction:100 android.view.SyncRtSurfaceTransactionApplier.lambda$scheduleApply$0:73 android.view.SyncRtSurfaceTransactionApplier.$r8$lambda$afI4fXg3U3-nBZQEDQMiNy-B06s:0 
11-23 20:55:23.656  8444  8526 I VRI[MainActivity]@8e53a52: mWNT: t=0xb400007c8db6b890 mBlastBufferQueue=0xb400007adda683b0 fn= 145 HdrRenderState mRenderHdrSdrRatio=1.0 caller= android.view.SyncRtSurfaceTransactionApplier.applyTransaction:100 android.view.SyncRtSurfaceTransactionApplier.lambda$scheduleApply$0:73 android.view.SyncRtSurfaceTransactionApplier.$r8$lambda$afI4fXg3U3-nBZQEDQMiNy-B06s:0 
11-23 20:55:23.656  8444  8444 D DetoxRNHelpers: Native RN module resolution (class com.reactnativecommunity.asyncstorage.AsyncStorageModule): no such class
11-23 20:55:23.658  8444  8444 D DetoxRNHelpers: Native RN module resolution (class com.reactnativecommunity.asyncstorage.AsyncStorageModule): no such class
11-23 20:55:23.660  8444  8444 D DetoxRNHelpers: Native RN module resolution (class com.reactnativecommunity.asyncstorage.AsyncStorageModule): no such class
11-23 20:55:23.665  8444  8524 I VRI[MainActivity]@8e53a52: mWNT: t=0xb400007c8db67ed0 mBlastBufferQueue=0xb400007adda683b0 fn= 146 HdrRenderState mRenderHdrSdrRatio=1.0 caller= android.view.SyncRtSurfaceTransactionApplier.applyTransaction:100 android.view.SyncRtSurfaceTransactionApplier.lambda$scheduleApply$0:73 android.view.SyncRtSurfaceTransactionApplier.$r8$lambda$afI4fXg3U3-nBZQEDQMiNy-B06s:0 
11-23 20:55:23.667  8444  8444 D DetoxRNHelpers: Native RN module resolution (class com.reactnativecommunity.asyncstorage.AsyncStorageModule): no such class
11-23 20:55:23.672  8444  8444 D UiControllerImpl: Injecting string: "test@souschef.dev"
11-23 20:55:23.674  8444  8444 D DetoxRNHelpers: Native RN module resolution (class com.reactnativecommunity.asyncstorage.AsyncStorageModule): no such class
11-23 20:55:23.680  8444  8526 I VRI[MainActivity]@8e53a52: mWNT: t=0xb400007c8db899d0 mBlastBufferQueue=0xb400007adda683b0 fn= 147 HdrRenderState mRenderHdrSdrRatio=1.0 caller= android.view.SyncRtSurfaceTransactionApplier.applyTransaction:100 android.view.SyncRtSurfaceTransactionApplier.lambda$scheduleApply$0:73 android.view.SyncRtSurfaceTransactionApplier.$r8$lambda$afI4fXg3U3-nBZQEDQMiNy-B06s:0 
11-23 20:55:23.680  8444  8444 D DetoxRNHelpers: Native RN module resolution (class com.reactnativecommunity.asyncstorage.AsyncStorageModule): no such class
11-23 20:55:23.686  8444  8524 I VRI[MainActivity]@8e53a52: mWNT: t=0xb400007c8db8ea50 mBlastBufferQueue=0xb400007adda683b0 fn= 148 HdrRenderState mRenderHdrSdrRatio=1.0 caller= android.view.SyncRtSurfaceTransactionApplier.applyTransaction:100 android.view.SyncRtSurfaceTransactionApplier.lambda$scheduleApply$0:73 android.view.SyncRtSurfaceTransactionApplier.$r8$lambda$afI4fXg3U3-nBZQEDQMiNy-B06s:0 
11-23 20:55:23.695  8444  8526 I VRI[MainActivity]@8e53a52: mWNT: t=0xb400007c8db84e90 mBlastBufferQueue=0xb400007adda683b0 fn= 149 HdrRenderState mRenderHdrSdrRatio=1.0 caller= android.view.SyncRtSurfaceTransactionApplier.applyTransaction:100 android.view.SyncRtSurfaceTransactionApplier.lambda$scheduleApply$0:73 android.view.SyncRtSurfaceTransactionApplier.$r8$lambda$afI4fXg3U3-nBZQEDQMiNy-B06s:0 
11-23 20:55:23.703  8444  8524 I VRI[MainActivity]@8e53a52: mWNT: t=0xb400007c8db8a990 mBlastBufferQueue=0xb400007adda683b0 fn= 150 HdrRenderState mRenderHdrSdrRatio=1.0 caller= android.view.SyncRtSurfaceTransactionApplier.applyTransaction:100 android.view.SyncRtSurfaceTransactionApplier.lambda$scheduleApply$0:73 android.view.SyncRtSurfaceTransactionApplier.$r8$lambda$afI4fXg3U3-nBZQEDQMiNy-B06s:0 
11-23 20:55:23.703  8444  8444 I VRI[MainActivity]@8e53a52: The input has been finished in ImeInputStage.
11-23 20:55:23.716  8444  8526 I VRI[MainActivity]@8e53a52: mWNT: t=0xb400007c8db89810 mBlastBufferQueue=0xb400007adda683b0 fn= 151 HdrRenderState mRenderHdrSdrRatio=1.0 caller= android.view.SyncRtSurfaceTransactionApplier.applyTransaction:100 android.view.SyncRtSurfaceTransactionApplier.lambda$scheduleApply$0:73 android.view.SyncRtSurfaceTransactionApplier.$r8$lambda$afI4fXg3U3-nBZQEDQMiNy-B06s:0 
11-23 20:55:23.741  8444  8524 I VRI[MainActivity]@8e53a52: mWNT: t=0xb400007c8dada810 mBlastBufferQueue=0xb400007adda683b0 fn= 152 HdrRenderState mRenderHdrSdrRatio=1.0 caller= android.view.SyncRtSurfaceTransactionApplier.applyTransaction:100 android.view.SyncRtSurfaceTransactionApplier.lambda$scheduleApply$0:73 android.view.SyncRtSurfaceTransactionApplier.$r8$lambda$afI4fXg3U3-nBZQEDQMiNy-B06s:0 
11-23 20:55:23.750  8444  8444 I AssistStructure: Flattened final assist data: 2140 bytes, containing 1 windows, 13 views
11-23 20:55:23.754  8444  8444 I InsetsController: cancelAnimation: types=ime, animType=0, host=dev.souschef.app/dev.souschef.app.MainActivity, from=android.view.InsetsController.notifyFinished:2006 android.view.InsetsAnimationControlImpl.applyChangeInsets:335 android.view.InsetsController.lambda$new$3:957 
11-23 20:55:23.755  8444  8444 I ImeTracker: dev.souschef.app:8679e456: onShown
11-23 20:55:23.759  8444  8526 I VRI[MainActivity]@8e53a52: mWNT: t=0xb400007c8db853d0 mBlastBufferQueue=0xb400007adda683b0 fn= 153 HdrRenderState mRenderHdrSdrRatio=1.0 caller= android.view.SyncRtSurfaceTransactionApplier.applyTransaction:100 android.view.SyncRtSurfaceTransactionApplier.lambda$scheduleApply$0:73 android.view.SyncRtSurfaceTransactionApplier.$r8$lambda$afI4fXg3U3-nBZQEDQMiNy-B06s:0 
11-23 20:55:23.776  8444  8444 D DetoxRNHelpers: Native RN module resolution (class com.reactnativecommunity.asyncstorage.AsyncStorageModule): no such class
11-23 20:55:23.780  8444  8444 I VRI[MainActivity]@8e53a52: ViewPostIme key 1
11-23 20:55:23.785  8444  8444 D DetoxRNHelpers: Native RN module resolution (class com.reactnativecommunity.asyncstorage.AsyncStorageModule): no such class
11-23 20:55:23.787  8444  8444 D DetoxRNHelpers: Native RN module resolution (class com.reactnativecommunity.asyncstorage.AsyncStorageModule): no such class
11-23 20:55:23.794  8444  8444 I VRI[MainActivity]@8e53a52: The input has been finished in ImeInputStage.
11-23 20:55:23.854  8444  8444 D DetoxRNHelpers: Native RN module resolution (class com.reactnativecommunity.asyncstorage.AsyncStorageModule): no such class
11-23 20:55:23.858  8444  8444 I VRI[MainActivity]@8e53a52: ViewPostIme key 1
11-23 20:55:23.861  8444  8444 D DetoxRNHelpers: Native RN module resolution (class com.reactnativecommunity.asyncstorage.AsyncStorageModule): no such class
11-23 20:55:23.863  8444  8444 D DetoxRNHelpers: Native RN module resolution (class com.reactnativecommunity.asyncstorage.AsyncStorageModule): no such class
11-23 20:55:23.868  8444  8444 I VRI[MainActivity]@8e53a52: The input has been finished in ImeInputStage.
11-23 20:55:23.914  8444  8444 D DetoxRNHelpers: Native RN module resolution (class com.reactnativecommunity.asyncstorage.AsyncStorageModule): no such class
11-23 20:55:23.918  8444  8444 I VRI[MainActivity]@8e53a52: ViewPostIme key 1
11-23 20:55:23.921  8444  8444 D DetoxRNHelpers: Native RN module resolution (class com.reactnativecommunity.asyncstorage.AsyncStorageModule): no such class
11-23 20:55:23.923  8444  8444 D DetoxRNHelpers: Native RN module resolution (class com.reactnativecommunity.asyncstorage.AsyncStorageModule): no such class
11-23 20:55:23.929  8444  8444 I VRI[MainActivity]@8e53a52: The input has been finished in ImeInputStage.
11-23 20:55:23.989  8444  8444 D DetoxRNHelpers: Native RN module resolution (class com.reactnativecommunity.asyncstorage.AsyncStorageModule): no such class
11-23 20:55:23.993  8444  8444 I VRI[MainActivity]@8e53a52: ViewPostIme key 1
11-23 20:55:23.997  8444  8444 D DetoxRNHelpers: Native RN module resolution (class com.reactnativecommunity.asyncstorage.AsyncStorageModule): no such class
11-23 20:55:23.998  8444  8444 D DetoxRNHelpers: Native RN module resolution (class com.reactnativecommunity.asyncstorage.AsyncStorageModule): no such class
11-23 20:55:24.006  8444  8444 I VRI[MainActivity]@8e53a52: ViewPostIme key 0
11-23 20:55:24.024  8444  8444 D DetoxRNHelpers: Native RN module resolution (class com.reactnativecommunity.asyncstorage.AsyncStorageModule): no such class
11-23 20:55:24.026  8444  8444 D DetoxRNHelpers: Native RN module resolution (class com.reactnativecommunity.asyncstorage.AsyncStorageModule): no such class
11-23 20:55:24.039  8444  8444 I VRI[MainActivity]@8e53a52: The input has been finished in ImeInputStage.
11-23 20:55:24.091  8444  8444 D DetoxRNHelpers: Native RN module resolution (class com.reactnativecommunity.asyncstorage.AsyncStorageModule): no such class
11-23 20:55:24.095  8444  8444 I VRI[MainActivity]@8e53a52: ViewPostIme key 1
11-23 20:55:24.098  8444  8444 D DetoxRNHelpers: Native RN module resolution (class com.reactnativecommunity.asyncstorage.AsyncStorageModule): no such class
11-23 20:55:24.099  8444  8444 D DetoxRNHelpers: Native RN module resolution (class com.reactnativecommunity.asyncstorage.AsyncStorageModule): no such class
11-23 20:55:24.106  8444  8444 I VRI[MainActivity]@8e53a52: ViewPostIme key 1
11-23 20:55:24.113  8444  8444 D DetoxRNHelpers: Native RN module resolution (class com.reactnativecommunity.asyncstorage.AsyncStorageModule): no such class
11-23 20:55:24.115  8444  8444 D DetoxRNHelpers: Native RN module resolution (class com.reactnativecommunity.asyncstorage.AsyncStorageModule): no such class
11-23 20:55:24.121  8444  8444 I VRI[MainActivity]@8e53a52: The input has been finished in ImeInputStage.
11-23 20:55:24.183  8444  8444 D DetoxRNHelpers: Native RN module resolution (class com.reactnativecommunity.asyncstorage.AsyncStorageModule): no such class
11-23 20:55:24.188  8444  8444 I VRI[MainActivity]@8e53a52: ViewPostIme key 1
11-23 20:55:24.191  8444  8444 D DetoxRNHelpers: Native RN module resolution (class com.reactnativecommunity.asyncstorage.AsyncStorageModule): no such class
11-23 20:55:24.193  8444  8444 D DetoxRNHelpers: Native RN module resolution (class com.reactnativecommunity.asyncstorage.AsyncStorageModule): no such class
11-23 20:55:24.200  8444  8444 I VRI[MainActivity]@8e53a52: The input has been finished in ImeInputStage.
11-23 20:55:24.258  8444  8444 D DetoxRNHelpers: Native RN module resolution (class com.reactnativecommunity.asyncstorage.AsyncStorageModule): no such class
11-23 20:55:24.264  8444  8444 I VRI[MainActivity]@8e53a52: ViewPostIme key 1
11-23 20:55:24.266  8444  8444 D DetoxRNHelpers: Native RN module resolution (class com.reactnativecommunity.asyncstorage.AsyncStorageModule): no such class
11-23 20:55:24.269  8444  8444 D DetoxRNHelpers: Native RN module resolution (class com.reactnativecommunity.asyncstorage.AsyncStorageModule): no such class
11-23 20:55:24.275  8444  8444 I VRI[MainActivity]@8e53a52: The input has been finished in ImeInputStage.
11-23 20:55:24.339  8444  8444 D DetoxRNHelpers: Native RN module resolution (class com.reactnativecommunity.asyncstorage.AsyncStorageModule): no such class
11-23 20:55:24.343  8444  8444 I VRI[MainActivity]@8e53a52: ViewPostIme key 1
11-23 20:55:24.346  8444  8444 D DetoxRNHelpers: Native RN module resolution (class com.reactnativecommunity.asyncstorage.AsyncStorageModule): no such class
11-23 20:55:24.347  8444  8444 D DetoxRNHelpers: Native RN module resolution (class com.reactnativecommunity.asyncstorage.AsyncStorageModule): no such class
11-23 20:55:24.353  8444  8444 I VRI[MainActivity]@8e53a52: The input has been finished in ImeInputStage.
11-23 20:55:24.408  8444  8444 D DetoxRNHelpers: Native RN module resolution (class com.reactnativecommunity.asyncstorage.AsyncStorageModule): no such class
11-23 20:55:24.415  8444  8444 I VRI[MainActivity]@8e53a52: ViewPostIme key 1
11-23 20:55:24.418  8444  8444 D DetoxRNHelpers: Native RN module resolution (class com.reactnativecommunity.asyncstorage.AsyncStorageModule): no such class
11-23 20:55:24.419  8444  8444 D DetoxRNHelpers: Native RN module resolution (class com.reactnativecommunity.asyncstorage.AsyncStorageModule): no such class
11-23 20:55:24.426  8444  8444 I VRI[MainActivity]@8e53a52: The input has been finished in ImeInputStage.
11-23 20:55:24.489  8444  8444 D DetoxRNHelpers: Native RN module resolution (class com.reactnativecommunity.asyncstorage.AsyncStorageModule): no such class
11-23 20:55:24.495  8444  8444 I VRI[MainActivity]@8e53a52: ViewPostIme key 1
11-23 20:55:24.498  8444  8444 D DetoxRNHelpers: Native RN module resolution (class com.reactnativecommunity.asyncstorage.AsyncStorageModule): no such class
11-23 20:55:24.499  8444  8444 D DetoxRNHelpers: Native RN module resolution (class com.reactnativecommunity.asyncstorage.AsyncStorageModule): no such class
11-23 20:55:24.507  8444  8444 I VRI[MainActivity]@8e53a52: The input has been finished in ImeInputStage.
11-23 20:55:24.566  8444  8444 D DetoxRNHelpers: Native RN module resolution (class com.reactnativecommunity.asyncstorage.AsyncStorageModule): no such class
11-23 20:55:24.573  8444  8444 I VRI[MainActivity]@8e53a52: ViewPostIme key 1
11-23 20:55:24.577  8444  8444 D DetoxRNHelpers: Native RN module resolution (class com.reactnativecommunity.asyncstorage.AsyncStorageModule): no such class
11-23 20:55:24.578  8444  8444 D DetoxRNHelpers: Native RN module resolution (class com.reactnativecommunity.asyncstorage.AsyncStorageModule): no such class
11-23 20:55:24.586  8444  8444 I VRI[MainActivity]@8e53a52: The input has been finished in ImeInputStage.
11-23 20:55:24.650  8444  8444 D DetoxRNHelpers: Native RN module resolution (class com.reactnativecommunity.asyncstorage.AsyncStorageModule): no such class
11-23 20:55:24.654  8444  8444 I VRI[MainActivity]@8e53a52: ViewPostIme key 1
11-23 20:55:24.657  8444  8444 D DetoxRNHelpers: Native RN module resolution (class com.reactnativecommunity.asyncstorage.AsyncStorageModule): no such class
11-23 20:55:24.659  8444  8444 D DetoxRNHelpers: Native RN module resolution (class com.reactnativecommunity.asyncstorage.AsyncStorageModule): no such class
11-23 20:55:24.666  8444  8444 I VRI[MainActivity]@8e53a52: The input has been finished in ImeInputStage.
11-23 20:55:24.730  8444  8444 D DetoxRNHelpers: Native RN module resolution (class com.reactnativecommunity.asyncstorage.AsyncStorageModule): no such class
11-23 20:55:24.734  8444  8444 I VRI[MainActivity]@8e53a52: ViewPostIme key 1
11-23 20:55:24.737  8444  8444 D DetoxRNHelpers: Native RN module resolution (class com.reactnativecommunity.asyncstorage.AsyncStorageModule): no such class
11-23 20:55:24.738  8444  8444 D DetoxRNHelpers: Native RN module resolution (class com.reactnativecommunity.asyncstorage.AsyncStorageModule): no such class
11-23 20:55:24.746  8444  8444 I VRI[MainActivity]@8e53a52: The input has been finished in ImeInputStage.
11-23 20:55:24.806  8444  8444 D DetoxRNHelpers: Native RN module resolution (class com.reactnativecommunity.asyncstorage.AsyncStorageModule): no such class
11-23 20:55:24.810  8444  8444 I VRI[MainActivity]@8e53a52: ViewPostIme key 1
11-23 20:55:24.813  8444  8444 D DetoxRNHelpers: Native RN module resolution (class com.reactnativecommunity.asyncstorage.AsyncStorageModule): no such class
11-23 20:55:24.814  8444  8444 D DetoxRNHelpers: Native RN module resolution (class com.reactnativecommunity.asyncstorage.AsyncStorageModule): no such class
11-23 20:55:24.820  8444  8444 I VRI[MainActivity]@8e53a52: The input has been finished in ImeInputStage.
11-23 20:55:24.883  8444  8444 D DetoxRNHelpers: Native RN module resolution (class com.reactnativecommunity.asyncstorage.AsyncStorageModule): no such class
11-23 20:55:24.889  8444  8444 I VRI[MainActivity]@8e53a52: ViewPostIme key 1
11-23 20:55:24.891  8444  8444 D DetoxRNHelpers: Native RN module resolution (class com.reactnativecommunity.asyncstorage.AsyncStorageModule): no such class
11-23 20:55:24.894  8444  8444 D DetoxRNHelpers: Native RN module resolution (class com.reactnativecommunity.asyncstorage.AsyncStorageModule): no such class
11-23 20:55:24.900  8444  8444 I VRI[MainActivity]@8e53a52: The input has been finished in ImeInputStage.
11-23 20:55:24.966  8444  8444 D DetoxRNHelpers: Native RN module resolution (class com.reactnativecommunity.asyncstorage.AsyncStorageModule): no such class
11-23 20:55:24.971  8444  8444 I VRI[MainActivity]@8e53a52: ViewPostIme key 1
11-23 20:55:24.974  8444  8444 D DetoxRNHelpers: Native RN module resolution (class com.reactnativecommunity.asyncstorage.AsyncStorageModule): no such class
11-23 20:55:24.977  8444  8444 D DetoxRNHelpers: Native RN module resolution (class com.reactnativecommunity.asyncstorage.AsyncStorageModule): no such class
11-23 20:55:24.983  8444  8444 I VRI[MainActivity]@8e53a52: The input has been finished in ImeInputStage.
11-23 20:55:25.040  8444  8444 D DetoxRNHelpers: Native RN module resolution (class com.reactnativecommunity.asyncstorage.AsyncStorageModule): no such class
11-23 20:55:25.045  8444  8444 I VRI[MainActivity]@8e53a52: ViewPostIme key 1
11-23 20:55:25.047  8444  8489 I DetoxWSClient: Sending out action 'invokeResult' (ID #7)
11-23 20:55:25.047  8444  8489 I DetoxDispatcher: Done with action 'invoke'
11-23 20:55:25.057  8444  8495 D DetoxWSClient: Received action 'invoke' (ID #8, params={"target":{"type":"Class","value":"com.wix.detox.espresso.EspressoDetox"},"method":"perform","args":[{"type":"Invocation","value":{"target":{"type":"Class","value":"com.wix.detox.espresso.DetoxMatcher"},"method":"matcherForTestId","args":["login-password-input",{"type":"boolean","value":false}]}},{"type":"Invocation","value":{"target":{"type":"Class","value":"androidx.test.espresso.action.ViewActions"},"method":"clearText","args":[]}}]})
11-23 20:55:25.057  8444  8489 I DetoxDispatcher: Handling action 'invoke' (ID #8)...
11-23 20:55:25.058  8444  8489 D Detox   : class com.wix.detox.espresso.DetoxMatcher, matcherForTestId, [login-password-input, false]
11-23 20:55:25.059  8444  8489 D Detox   : class androidx.test.espresso.action.ViewActions, clearText, []
11-23 20:55:25.059  8444  8489 D Detox   : class com.wix.detox.espresso.EspressoDetox, perform, [(view.getTag() is "login-password-input" and view has effective visibility <VISIBLE>), androidx.test.espresso.action.ReplaceTextAction@a0a23ce]
11-23 20:55:25.064  8444  8444 D DetoxRNHelpers: Native RN module resolution (class com.reactnativecommunity.asyncstorage.AsyncStorageModule): no such class
11-23 20:55:25.068  8444  8444 D DetoxRNHelpers: Native RN module resolution (class com.reactnativecommunity.asyncstorage.AsyncStorageModule): no such class
11-23 20:55:25.071  8444  8444 I ViewInteraction: Performing 'replace text()' action on view (view.getTag() is "login-password-input" and view has effective visibility <VISIBLE>)
11-23 20:55:25.080  8444  8489 I DetoxWSClient: Sending out action 'invokeResult' (ID #8)
11-23 20:55:25.080  8444  8489 I DetoxDispatcher: Done with action 'invoke'
11-23 20:55:25.085  8444  8495 D DetoxWSClient: Received action 'invoke' (ID #9, params={"target":{"type":"Class","value":"com.wix.detox.espresso.EspressoDetox"},"method":"perform","args":[{"type":"Invocation","value":{"target":{"type":"Class","value":"com.wix.detox.espresso.DetoxMatcher"},"method":"matcherForTestId","args":["login-password-input",{"type":"boolean","value":false}]}},{"type":"Invocation","value":{"target":{"type":"Class","value":"com.wix.detox.espresso.DetoxViewActions"},"method":"typeText","args":["Test123!"]}}]})
11-23 20:55:25.085  8444  8489 I DetoxDispatcher: Handling action 'invoke' (ID #9)...
11-23 20:55:25.086  8444  8489 D Detox   : class com.wix.detox.espresso.DetoxMatcher, matcherForTestId, [login-password-input, false]
11-23 20:55:25.087  8444  8489 D Detox   : class com.wix.detox.espresso.DetoxViewActions, typeText, [Test123!]
11-23 20:55:25.088  8444  8489 D Detox   : class com.wix.detox.espresso.EspressoDetox, perform, [(view.getTag() is "login-password-input" and view has effective visibility <VISIBLE>), com.wix.detox.espresso.action.DetoxTypeTextAction@e5e3f32]
11-23 20:55:25.092  8444  8444 D DetoxRNHelpers: Native RN module resolution (class com.reactnativecommunity.asyncstorage.AsyncStorageModule): no such class
11-23 20:55:25.094  8444  8444 D DetoxRNHelpers: Native RN module resolution (class com.reactnativecommunity.asyncstorage.AsyncStorageModule): no such class
11-23 20:55:25.096  8444  8444 I ViewInteraction: Performing 'Click to focus & type text (Test123!)' action on view (view.getTag() is "login-password-input" and view has effective visibility <VISIBLE>)
11-23 20:55:25.107  8444  8444 I VRI[MainActivity]@8e53a52: ViewPostIme pointer 0
11-23 20:55:25.136  8444  8444 I VRI[MainActivity]@8e53a52: ViewPostIme pointer 1
11-23 20:55:25.152  8444  8444 D InputMethodManagerUtils: startInputInner - Id : 0
11-23 20:55:25.152  8444  8444 I InputMethodManager: startInputInner - IInputMethodManagerGlobalInvoker.startInputOrWindowGainedFocus
11-23 20:55:25.159  8444  8444 I AutofillManager: showAutofillDialog() return false due to improve fill dialog
11-23 20:55:25.159  8444  8444 I InputMethodManager_LC: showSoftInput(View,I)
11-23 20:55:25.159  8444  8444 I ImeTracker: dev.souschef.app:a3a84fd8: onRequestShow at ORIGIN_CLIENT reason SHOW_SOFT_INPUT fromUser true
11-23 20:55:25.160  8444  8444 I InputMethodManager_LC: ssi(): flags=0 view=dev.souschef.app reason=SHOW_SOFT_INPUT
11-23 20:55:25.160  8444  8444 D InsetsController: show(ime(), fromIme=false)
11-23 20:55:25.160  8444  8444 I ImeTracker: dev.souschef.app:a3a84fd8: onCancelled at PHASE_CLIENT_APPLY_ANIMATION
11-23 20:55:25.166  8444  8455 D InputTransport: Input channel constructed: 'ClientS', fd=191
11-23 20:55:25.180  8444  8444 W RemoteInputConnectionImpl: requestCursorUpdates on inactive InputConnection
11-23 20:55:25.183  8444  8444 W WindowOnBackDispatcher: sendCancelIfRunning: isInProgress=false callback=android.view.ImeBackAnimationController@b720f9a
11-23 20:55:25.200  8444  8444 I InputMethodManager_LC: showSoftInput(View,I)
11-23 20:55:25.201  8444  8444 I ImeTracker: dev.souschef.app:809f8a7c: onRequestShow at ORIGIN_CLIENT reason SHOW_SOFT_INPUT fromUser false
11-23 20:55:25.201  8444  8444 I InputMethodManager_LC: ssi(): flags=0 view=dev.souschef.app reason=SHOW_SOFT_INPUT
11-23 20:55:25.201  8444  8444 D InsetsController: show(ime(), fromIme=false)
11-23 20:55:25.201  8444  8444 I ImeTracker: dev.souschef.app:809f8a7c: onCancelled at PHASE_CLIENT_APPLY_ANIMATION
11-23 20:55:25.214  8444  8444 D DetoxRNHelpers: Native RN module resolution (class com.reactnativecommunity.asyncstorage.AsyncStorageModule): no such class
11-23 20:55:25.214  8444  8444 I Detox   : Network is busy, with 1 in-flight calls
11-23 20:55:25.215  8444  8444 D DetoxRNHelpers: Native RN module resolution (class com.reactnativecommunity.asyncstorage.AsyncStorageModule): no such class
11-23 20:55:25.216  8444  8444 D DetoxRNHelpers: Native RN module resolution (class com.reactnativecommunity.asyncstorage.AsyncStorageModule): no such class
11-23 20:55:25.220  8444  8444 I Detox   : Network is busy, with 1 in-flight calls
11-23 20:55:25.224  8444  8444 I Detox   : Network is busy, with 1 in-flight calls
11-23 20:55:25.231  8444  8444 I InsetsController: onStateChanged: host=dev.souschef.app/dev.souschef.app.MainActivity, from=android.view.ViewRootImpl.onInsetsStateChanged:3026, state=InsetsState: {mDisplayFrame=Rect(0, 0 - 1440, 3088), mDisplayCutout=DisplayCutout{insets=Rect(0, 100 - 0, 0) waterfall=Insets{left=0, top=0, right=0, bottom=0} boundingRect={Bounds=[Rect(0, 0 - 0, 0), Rect(683, 0 - 758, 100), Rect(0, 0 - 0, 0), Rect(0, 0 - 0, 0)]} cutoutPathParserInfo={CutoutPathParserInfo{displayWidth=1440 displayHeight=3088 physicalDisplayWidth=1440 physicalDisplayHeight=3088 density={3.75} cutoutSpec={M 0,0 H -10 V 26.66666666666667 H 10 V 0 H 0 Z @dp} rotation={0} scale={1.0} physicalPixelDisplaySizeRatio={1.0}}} sideOverrides={}}, mRoundedCorners=RoundedCorners{[RoundedCorner{position=TopLeft, radius=15, center=Point(15, 15)}, RoundedCorner{position=TopRight, radius=15, center=Point(1425, 15)}, RoundedCorner{position=BottomRight, radius=15, center=Point(1425, 3073)}, RoundedCorner{position=BottomLeft, radius=15, center=Point(15, 3073)}]}  mRoundedCornerFrame=Rect(0, 0 - 1440, 3088), mPrivacyIndicatorBounds=PrivacyIndicatorBounds {static bounds=Rect(1275, 0 - 1440, 100) rotation=0}, mDisplayShape=DisplayShape{ spec=-311912193 displayWidth=1440 displayHeight=3088 physicalPixelDisplaySizeRatio=1.0 rotation=0 offsetX=0 offsetY=0 scale=1.0}, mSources= { InsetsSource: {b11d0001 mType=navigationBars mFrame=[0,3032][1440,3088] mVisible=true mFlags=SUPPRESS_SCRIM mSideHint=BOTTOM mBoundingRects=null}, InsetsSource: {b11d0004 mType=systemGestures mFrame=[0,0][84,3088] mVisible=true mFlags= mSideHint=LEFT mBoundingRects=null}, InsetsSource: {b11d0005 mType=mandatorySystemGestures mFrame=[0,2968][1440,3088] mVisible=true mFlags= mSideHint=BOTTOM mBoundingRects=null}, InsetsSource: {b11d0006 mType=tappableElement mFrame=[0,0][0,0] mVisible=true mFlags= mSideHint=NONE mBoundingRects=null}, InsetsSource: {b11d0024 mType=systemGestures mFrame=[1356,0][1440,3088] mVisible=true mFlags= mSideHint=RIGHT mBoundingRects=null}, InsetsSource: {ecac0000 mType=statusBars mFrame=[0,0][1440,100] mVisible=true mFlags= mSideHint=TOP mBoundingRects=null}, InsetsSource: {ecac0005 mType=mandatorySystemGestures mFrame=[0,0][1440,145] mVisible=true mFlags= mSideHint=TOP mBoundingRects=null}, InsetsSource: {ecac0006 mType=tappableElement mFrame=[0,0][1440,100] mVisible=true mFlags= mSideHint=TOP mBoundingRects=null}, InsetsSource: {3 mType=ime mFrame=[0,1922][1440,3088] mVisible=true mFlags= mSideHint=BOTTOM mBoundingRects=null}, InsetsSource: {27 mType=displayCutout mFrame=[0,0][1440,100] mVisible=true mFlags= mSideHint=TOP mBoundingRects=null} }
11-23 20:55:25.232  8444  8444 I VRI[MainActivity]@8e53a52: handleResized, frames=ClientWindowFrames{frame=[0,0][1440,3088] display=[0,0][1440,3088] parentFrame=[0,0][0,0]} displayId=0 dragResizing=false compatScale=1.0 frameChanged=false attachedFrameChanged=false configChanged=false displayChanged=false compatScaleChanged=false dragResizingChanged=false
11-23 20:55:25.243  8444  8444 D DetoxRNHelpers: Native RN module resolution (class com.reactnativecommunity.asyncstorage.AsyncStorageModule): no such class
11-23 20:55:25.546  8444  8444 D DetoxRNHelpers: Native RN module resolution (class com.reactnativecommunity.asyncstorage.AsyncStorageModule): no such class
11-23 20:55:25.548  8444  8444 D DetoxRNHelpers: Native RN module resolution (class com.reactnativecommunity.asyncstorage.AsyncStorageModule): no such class
11-23 20:55:25.614  8444  8444 D DetoxRNHelpers: Native RN module resolution (class com.reactnativecommunity.asyncstorage.AsyncStorageModule): no such class
11-23 20:55:25.616  8444  8444 D DetoxRNHelpers: Native RN module resolution (class com.reactnativecommunity.asyncstorage.AsyncStorageModule): no such class
11-23 20:55:25.619  8444  8444 D DetoxRNHelpers: Native RN module resolution (class com.reactnativecommunity.asyncstorage.AsyncStorageModule): no such class
11-23 20:55:25.621  8444  8444 D DetoxRNHelpers: Native RN module resolution (class com.reactnativecommunity.asyncstorage.AsyncStorageModule): no such class
11-23 20:55:25.622  8444  8444 D UiControllerImpl: Injecting string: "Test123!"
11-23 20:55:25.624  8444  8444 D DetoxRNHelpers: Native RN module resolution (class com.reactnativecommunity.asyncstorage.AsyncStorageModule): no such class
11-23 20:55:25.626  8444  8444 D DetoxRNHelpers: Native RN module resolution (class com.reactnativecommunity.asyncstorage.AsyncStorageModule): no such class
11-23 20:55:25.637  8444  8444 I VRI[MainActivity]@8e53a52: ViewPostIme key 0
11-23 20:55:25.654  8444  8444 D DetoxRNHelpers: Native RN module resolution (class com.reactnativecommunity.asyncstorage.AsyncStorageModule): no such class
11-23 20:55:25.655  8444  8444 D DetoxRNHelpers: Native RN module resolution (class com.reactnativecommunity.asyncstorage.AsyncStorageModule): no such class
11-23 20:55:25.660  8444  8444 I VRI[MainActivity]@8e53a52: setInTouchMode(false), android.view.ViewRootImpl.checkForLeavingTouchModeAndConsume:10972 android.view.ViewRootImpl.-$$Nest$mcheckForLeavingTouchModeAndConsume:0 android.view.ViewRootImpl$EarlyPostImeInputStage.processKeyEvent:9438 android.view.ViewRootImpl$EarlyPostImeInputStage.onProcess:9422 android.view.ViewRootImpl$InputStage.deliver:8901 android.view.ViewRootImpl$InputStage.onDeliverToNext:8958 android.view.ViewRootImpl$InputStage.forward:8924 android.view.ViewRootImpl$AsyncInputStage.forward:9157 android.view.ViewRootImpl$ImeInputStage.onFinishedInputEvent:9407 android.view.inputmethod.InputMethodManager$PendingEvent.run:5545 
11-23 20:55:25.661  8444  8444 I VRI[MainActivity]@8e53a52: ViewPostIme key 0
11-23 20:55:25.725  8444  8444 D DetoxRNHelpers: Native RN module resolution (class com.reactnativecommunity.asyncstorage.AsyncStorageModule): no such class
11-23 20:55:25.729  8444  8444 I VRI[MainActivity]@8e53a52: ViewPostIme key 1
11-23 20:55:25.732  8444  8444 D DetoxRNHelpers: Native RN module resolution (class com.reactnativecommunity.asyncstorage.AsyncStorageModule): no such class
11-23 20:55:25.733  8444  8444 D DetoxRNHelpers: Native RN module resolution (class com.reactnativecommunity.asyncstorage.AsyncStorageModule): no such class
11-23 20:55:25.741  8444  8444 I VRI[MainActivity]@8e53a52: ViewPostIme key 1
11-23 20:55:25.748  8444  8444 D DetoxRNHelpers: Native RN module resolution (class com.reactnativecommunity.asyncstorage.AsyncStorageModule): no such class
11-23 20:55:25.750  8444  8444 D DetoxRNHelpers: Native RN module resolution (class com.reactnativecommunity.asyncstorage.AsyncStorageModule): no such class
11-23 20:55:25.756  8444  8444 I VRI[MainActivity]@8e53a52: ViewPostIme key 0
11-23 20:55:25.815  8444  8444 D DetoxRNHelpers: Native RN module resolution (class com.reactnativecommunity.asyncstorage.AsyncStorageModule): no such class
11-23 20:55:25.819  8444  8444 I VRI[MainActivity]@8e53a52: ViewPostIme key 1
11-23 20:55:25.822  8444  8444 D DetoxRNHelpers: Native RN module resolution (class com.reactnativecommunity.asyncstorage.AsyncStorageModule): no such class
11-23 20:55:25.824  8444  8444 D DetoxRNHelpers: Native RN module resolution (class com.reactnativecommunity.asyncstorage.AsyncStorageModule): no such class
11-23 20:55:25.829  8444  8444 I VRI[MainActivity]@8e53a52: ViewPostIme key 0
11-23 20:55:25.901  8444  8444 D DetoxRNHelpers: Native RN module resolution (class com.reactnativecommunity.asyncstorage.AsyncStorageModule): no such class
11-23 20:55:25.906  8444  8444 I VRI[MainActivity]@8e53a52: ViewPostIme key 1
11-23 20:55:25.909  8444  8444 D DetoxRNHelpers: Native RN module resolution (class com.reactnativecommunity.asyncstorage.AsyncStorageModule): no such class
11-23 20:55:25.911  8444  8444 D DetoxRNHelpers: Native RN module resolution (class com.reactnativecommunity.asyncstorage.AsyncStorageModule): no such class
11-23 20:55:25.915  8444  8444 I VRI[MainActivity]@8e53a52: ViewPostIme key 0
11-23 20:55:25.977  8444  8444 D DetoxRNHelpers: Native RN module resolution (class com.reactnativecommunity.asyncstorage.AsyncStorageModule): no such class
11-23 20:55:25.981  8444  8444 I VRI[MainActivity]@8e53a52: ViewPostIme key 1
11-23 20:55:25.984  8444  8444 D DetoxRNHelpers: Native RN module resolution (class com.reactnativecommunity.asyncstorage.AsyncStorageModule): no such class
11-23 20:55:25.986  8444  8444 D DetoxRNHelpers: Native RN module resolution (class com.reactnativecommunity.asyncstorage.AsyncStorageModule): no such class
11-23 20:55:25.992  8444  8444 I VRI[MainActivity]@8e53a52: ViewPostIme key 0
11-23 20:55:26.049  8444  8444 D DetoxRNHelpers: Native RN module resolution (class com.reactnativecommunity.asyncstorage.AsyncStorageModule): no such class
11-23 20:55:26.054  8444  8444 I VRI[MainActivity]@8e53a52: ViewPostIme key 1
11-23 20:55:26.057  8444  8444 D DetoxRNHelpers: Native RN module resolution (class com.reactnativecommunity.asyncstorage.AsyncStorageModule): no such class
11-23 20:55:26.058  8444  8444 D DetoxRNHelpers: Native RN module resolution (class com.reactnativecommunity.asyncstorage.AsyncStorageModule): no such class
11-23 20:55:26.062  8444  8444 I VRI[MainActivity]@8e53a52: ViewPostIme key 0
11-23 20:55:26.117  8444  8444 D DetoxRNHelpers: Native RN module resolution (class com.reactnativecommunity.asyncstorage.AsyncStorageModule): no such class
11-23 20:55:26.121  8444  8444 I VRI[MainActivity]@8e53a52: ViewPostIme key 1
11-23 20:55:26.124  8444  8444 D DetoxRNHelpers: Native RN module resolution (class com.reactnativecommunity.asyncstorage.AsyncStorageModule): no such class
11-23 20:55:26.126  8444  8444 D DetoxRNHelpers: Native RN module resolution (class com.reactnativecommunity.asyncstorage.AsyncStorageModule): no such class
11-23 20:55:26.131  8444  8444 I VRI[MainActivity]@8e53a52: ViewPostIme key 0
11-23 20:55:26.190  8444  8444 D DetoxRNHelpers: Native RN module resolution (class com.reactnativecommunity.asyncstorage.AsyncStorageModule): no such class
11-23 20:55:26.194  8444  8444 I VRI[MainActivity]@8e53a52: ViewPostIme key 1
11-23 20:55:26.197  8444  8444 D DetoxRNHelpers: Native RN module resolution (class com.reactnativecommunity.asyncstorage.AsyncStorageModule): no such class
11-23 20:55:26.198  8444  8444 D DetoxRNHelpers: Native RN module resolution (class com.reactnativecommunity.asyncstorage.AsyncStorageModule): no such class
11-23 20:55:26.205  8444  8444 I VRI[MainActivity]@8e53a52: ViewPostIme key 0
11-23 20:55:26.217  8444  8444 D DetoxRNHelpers: Native RN module resolution (class com.reactnativecommunity.asyncstorage.AsyncStorageModule): no such class
11-23 20:55:26.219  8444  8444 D DetoxRNHelpers: Native RN module resolution (class com.reactnativecommunity.asyncstorage.AsyncStorageModule): no such class
11-23 20:55:26.223  8444  8444 I VRI[MainActivity]@8e53a52: ViewPostIme key 0
11-23 20:55:26.283  8444  8444 D DetoxRNHelpers: Native RN module resolution (class com.reactnativecommunity.asyncstorage.AsyncStorageModule): no such class
11-23 20:55:26.287  8444  8444 I VRI[MainActivity]@8e53a52: ViewPostIme key 1
11-23 20:55:26.290  8444  8444 D DetoxRNHelpers: Native RN module resolution (class com.reactnativecommunity.asyncstorage.AsyncStorageModule): no such class
11-23 20:55:26.292  8444  8444 D DetoxRNHelpers: Native RN module resolution (class com.reactnativecommunity.asyncstorage.AsyncStorageModule): no such class
11-23 20:55:26.300  8444  8444 I VRI[MainActivity]@8e53a52: ViewPostIme key 1
11-23 20:55:26.314  8444  8489 I DetoxWSClient: Sending out action 'invokeResult' (ID #9)
11-23 20:55:26.314  8444  8489 I DetoxDispatcher: Done with action 'invoke'
11-23 20:55:26.319  8444  8495 D DetoxWSClient: Received action 'invoke' (ID #10, params={"target":{"type":"Class","value":"com.wix.detox.espresso.EspressoDetox"},"method":"perform","args":[{"type":"Invocation","value":{"target":{"type":"Class","value":"com.wix.detox.espresso.DetoxMatcher"},"method":"matcherForTestId","args":["login-screen",{"type":"boolean","value":false}]}},{"type":"Invocation","value":{"target":{"type":"Class","value":"com.wix.detox.espresso.DetoxAction"},"method":"tapAtLocation","args":[{"type":"Integer","value":10},{"type":"Integer","value":10}]}}]})
11-23 20:55:26.319  8444  8489 I DetoxDispatcher: Handling action 'invoke' (ID #10)...
11-23 20:55:26.320  8444  8489 D Detox   : class com.wix.detox.espresso.DetoxMatcher, matcherForTestId, [login-screen, false]
11-23 20:55:26.321  8444  8489 D Detox   : class com.wix.detox.espresso.DetoxAction, tapAtLocation, [10, 10]
11-23 20:55:26.322  8444  8489 D Detox   : class com.wix.detox.espresso.EspressoDetox, perform, [(view.getTag() is "login-screen" and view has effective visibility <VISIBLE>), com.wix.detox.espresso.action.RNClickAction@4d47358]
11-23 20:55:26.327  8444  8444 D DetoxRNHelpers: Native RN module resolution (class com.reactnativecommunity.asyncstorage.AsyncStorageModule): no such class
11-23 20:55:26.330  8444  8444 D DetoxRNHelpers: Native RN module resolution (class com.reactnativecommunity.asyncstorage.AsyncStorageModule): no such class
11-23 20:55:26.333  8444  8444 I ViewInteraction: Performing 'com.wix.detox.espresso.action.detoxsingletap@7aa1cb1 click' action on view (view.getTag() is "login-screen" and view has effective visibility <VISIBLE>)
11-23 20:55:26.341  8444  8444 I VRI[MainActivity]@8e53a52: ViewPostIme pointer 0
11-23 20:55:26.368  8444  8444 I VRI[MainActivity]@8e53a52: ViewPostIme pointer 1
11-23 20:55:26.375  8444  8444 D DetoxRNHelpers: Native RN module resolution (class com.reactnativecommunity.asyncstorage.AsyncStorageModule): no such class
11-23 20:55:26.387  8444  8444 I ImeTracker: dev.souschef.app:f268279f: onRequestHide at ORIGIN_CLIENT reason HIDE_SOFT_INPUT fromUser false
11-23 20:55:26.387  8444  8444 I InputMethodManager_LC: hsifw() - flag : 0
11-23 20:55:26.388  8444  8444 I InputMethodManager_LC: hsifw() - mService.hideSoftInput
11-23 20:55:26.388  8444  8444 D InsetsController: hide(ime(), fromIme=false)
11-23 20:55:26.389  8444  8444 W WindowOnBackDispatcher: sendCancelIfRunning: isInProgress=false callback=android.view.ImeBackAnimationController@b720f9a
11-23 20:55:26.392  8444  8444 D InsetsController: Setting requestedVisibleTypes to -9 (was -1)
11-23 20:55:26.393  8444  8444 I InsetsController: setRequestedVisibleTypes: visible=false, mask=ime, host=dev.souschef.app/dev.souschef.app.MainActivity, from=android.view.InsetsController.controlAnimationUnchecked:1604 android.view.InsetsController.applyAnimation:2416 android.view.InsetsController.applyAnimation:2343 android.view.InsetsController.hide:1540 android.view.inputmethod.InputMethodManager.hideSoftInputFromWindow:2889 android.view.inputmethod.InputMethodManager.hideSoftInputFromWindow:2812 android.view.inputmethod.InputMethodManager.hideSoftInputFromWindow:2773 com.facebook.react.views.textinput.ReactEditText.hideSoftKeyboard:865 com.facebook.react.views.textinput.ReactEditText.clearFocusAndMaybeRefocus$ReactAndroid_debug:388 com.facebook.react.views.textinput.ReactEditText.clearFocusFromJS$ReactAndroid_debug:392 
11-23 20:55:26.394  8444  8444 I InsetsController: controlAnimationUncheckedInner: Added types=ime, animType=1, host=dev.souschef.app/dev.souschef.app.MainActivity, from=android.view.InsetsController.controlAnimationUnchecked:1608 android.view.InsetsController.applyAnimation:2416 android.view.InsetsController.applyAnimation:2343 
11-23 20:55:26.394  8444  8444 D CompatChangeReporter: Compat change id reported: 395521150; UID 11175; state: ENABLED
11-23 20:55:26.398  8444  8444 I BLASTBufferQueue_Java: update, w= 1440 h= 3088 mName = VRI[MainActivity]@8e53a52 mNativeObject= 0xb400007adda683b0 sc.mNativeObject= 0xb400007b7da3c350 format= -1 caller= android.view.ViewRootImpl.updateBlastSurfaceIfNeeded:3574 android.view.ViewRootImpl.relayoutWindow:11685 android.view.ViewRootImpl.performTraversals:4804 android.view.ViewRootImpl.doTraversal:3924 android.view.ViewRootImpl$TraversalRunnable.run:12903 android.view.Choreographer$CallbackRecord.run:1901 
11-23 20:55:26.399  8444  8444 I VRI[MainActivity]@8e53a52: Relayout returned: old=(0,0,1440,3088) new=(0,0,1440,3088) relayoutAsync=true req=(1440,3088)0 dur=0 res=0x0 s={true 0xb400007beda57a40} ch=false seqId=0
11-23 20:55:26.404  8444  8444 I VRI[MainActivity]@8e53a52: registerCallbackForPendingTransactions
11-23 20:55:26.406  8444  8524 I VRI[MainActivity]@8e53a52: mWNT: t=0xb400007c8db93c90 mBlastBufferQueue=0xb400007adda683b0 fn= 213 HdrRenderState mRenderHdrSdrRatio=1.0 caller= android.view.SyncRtSurfaceTransactionApplier.applyTransaction:100 android.view.SyncRtSurfaceTransactionApplier.lambda$scheduleApply$0:73 android.view.SyncRtSurfaceTransactionApplier.$r8$lambda$afI4fXg3U3-nBZQEDQMiNy-B06s:0 
11-23 20:55:26.406  8444  8524 I VRI[MainActivity]@8e53a52: mWNT: t=0xb400007c8db90650 mBlastBufferQueue=0xb400007adda683b0 fn= 213 HdrRenderState mRenderHdrSdrRatio=1.0 caller= android.view.ViewRootImpl$10.onFrameDraw:6536 android.view.ViewRootImpl$4.onFrameDraw:2489 android.view.ThreadedRenderer$1.onFrameDraw:718 
11-23 20:55:26.410  8444  8526 I VRI[MainActivity]@8e53a52: mWNT: t=0xb400007c8db34690 mBlastBufferQueue=0xb400007adda683b0 fn= 214 HdrRenderState mRenderHdrSdrRatio=1.0 caller= android.view.SyncRtSurfaceTransactionApplier.applyTransaction:100 android.view.SyncRtSurfaceTransactionApplier.lambda$scheduleApply$0:73 android.view.SyncRtSurfaceTransactionApplier.$r8$lambda$afI4fXg3U3-nBZQEDQMiNy-B06s:0 
11-23 20:55:26.412  8444  8524 I VRI[MainActivity]@8e53a52: mWNT: t=0xb400007c8db933d0 mBlastBufferQueue=0xb400007adda683b0 fn= 215 HdrRenderState mRenderHdrSdrRatio=1.0 caller= android.view.SyncRtSurfaceTransactionApplier.applyTransaction:100 android.view.SyncRtSurfaceTransactionApplier.lambda$scheduleApply$0:73 android.view.SyncRtSurfaceTransactionApplier.$r8$lambda$afI4fXg3U3-nBZQEDQMiNy-B06s:0 
11-23 20:55:26.421  8444  8526 I VRI[MainActivity]@8e53a52: mWNT: t=0xb400007c8db95510 mBlastBufferQueue=0xb400007adda683b0 fn= 216 HdrRenderState mRenderHdrSdrRatio=1.0 caller= android.view.SyncRtSurfaceTransactionApplier.applyTransaction:100 android.view.SyncRtSurfaceTransactionApplier.lambda$scheduleApply$0:73 android.view.SyncRtSurfaceTransactionApplier.$r8$lambda$afI4fXg3U3-nBZQEDQMiNy-B06s:0 
11-23 20:55:26.433  8444  8524 I VRI[MainActivity]@8e53a52: mWNT: t=0xb400007c8db94e10 mBlastBufferQueue=0xb400007adda683b0 fn= 217 HdrRenderState mRenderHdrSdrRatio=1.0 caller= android.view.SyncRtSurfaceTransactionApplier.applyTransaction:100 android.view.SyncRtSurfaceTransactionApplier.lambda$scheduleApply$0:73 android.view.SyncRtSurfaceTransactionApplier.$r8$lambda$afI4fXg3U3-nBZQEDQMiNy-B06s:0 
11-23 20:55:26.437  8444  8526 I VRI[MainActivity]@8e53a52: mWNT: t=0xb400007c8db93e50 mBlastBufferQueue=0xb400007adda683b0 fn= 218 HdrRenderState mRenderHdrSdrRatio=1.0 caller= android.view.SyncRtSurfaceTransactionApplier.applyTransaction:100 android.view.SyncRtSurfaceTransactionApplier.lambda$scheduleApply$0:73 android.view.SyncRtSurfaceTransactionApplier.$r8$lambda$afI4fXg3U3-nBZQEDQMiNy-B06s:0 
11-23 20:55:26.446  8444  8524 I VRI[MainActivity]@8e53a52: mWNT: t=0xb400007c8dad9850 mBlastBufferQueue=0xb400007adda683b0 fn= 219 HdrRenderState mRenderHdrSdrRatio=1.0 caller= android.view.SyncRtSurfaceTransactionApplier.applyTransaction:100 android.view.SyncRtSurfaceTransactionApplier.lambda$scheduleApply$0:73 android.view.SyncRtSurfaceTransactionApplier.$r8$lambda$afI4fXg3U3-nBZQEDQMiNy-B06s:0 
11-23 20:55:26.457  8444  8526 I VRI[MainActivity]@8e53a52: mWNT: t=0xb400007c8dad6ad0 mBlastBufferQueue=0xb400007adda683b0 fn= 220 HdrRenderState mRenderHdrSdrRatio=1.0 caller= android.view.SyncRtSurfaceTransactionApplier.applyTransaction:100 android.view.SyncRtSurfaceTransactionApplier.lambda$scheduleApply$0:73 android.view.SyncRtSurfaceTransactionApplier.$r8$lambda$afI4fXg3U3-nBZQEDQMiNy-B06s:0 
11-23 20:55:26.462  8444  8524 I VRI[MainActivity]@8e53a52: mWNT: t=0xb400007c8db6a710 mBlastBufferQueue=0xb400007adda683b0 fn= 221 HdrRenderState mRenderHdrSdrRatio=1.0 caller= android.view.SyncRtSurfaceTransactionApplier.applyTransaction:100 android.view.SyncRtSurfaceTransactionApplier.lambda$scheduleApply$0:73 android.view.SyncRtSurfaceTransactionApplier.$r8$lambda$afI4fXg3U3-nBZQEDQMiNy-B06s:0 
11-23 20:55:26.471  8444  8526 I VRI[MainActivity]@8e53a52: mWNT: t=0xb400007c8db95f90 mBlastBufferQueue=0xb400007adda683b0 fn= 222 HdrRenderState mRenderHdrSdrRatio=1.0 caller= android.view.SyncRtSurfaceTransactionApplier.applyTransaction:100 android.view.SyncRtSurfaceTransactionApplier.lambda$scheduleApply$0:73 android.view.SyncRtSurfaceTransactionApplier.$r8$lambda$afI4fXg3U3-nBZQEDQMiNy-B06s:0 
11-23 20:55:26.481  8444  8524 I VRI[MainActivity]@8e53a52: mWNT: t=0xb400007c8db995d0 mBlastBufferQueue=0xb400007adda683b0 fn= 223 HdrRenderState mRenderHdrSdrRatio=1.0 caller= android.view.SyncRtSurfaceTransactionApplier.applyTransaction:100 android.view.SyncRtSurfaceTransactionApplier.lambda$scheduleApply$0:73 android.view.SyncRtSurfaceTransactionApplier.$r8$lambda$afI4fXg3U3-nBZQEDQMiNy-B06s:0 
11-23 20:55:26.488  8444  8526 I VRI[MainActivity]@8e53a52: mWNT: t=0xb400007c8db96850 mBlastBufferQueue=0xb400007adda683b0 fn= 224 HdrRenderState mRenderHdrSdrRatio=1.0 caller= android.view.SyncRtSurfaceTransactionApplier.applyTransaction:100 android.view.SyncRtSurfaceTransactionApplier.lambda$scheduleApply$0:73 android.view.SyncRtSurfaceTransactionApplier.$r8$lambda$afI4fXg3U3-nBZQEDQMiNy-B06s:0 
11-23 20:55:26.489  8444  8444 D DetoxRNHelpers: Native RN module resolution (class com.reactnativecommunity.asyncstorage.AsyncStorageModule): no such class
11-23 20:55:26.497  8444  8524 I VRI[MainActivity]@8e53a52: mWNT: t=0xb400007c8db97490 mBlastBufferQueue=0xb400007adda683b0 fn= 225 HdrRenderState mRenderHdrSdrRatio=1.0 caller= android.view.SyncRtSurfaceTransactionApplier.applyTransaction:100 android.view.SyncRtSurfaceTransactionApplier.lambda$scheduleApply$0:73 android.view.SyncRtSurfaceTransactionApplier.$r8$lambda$afI4fXg3U3-nBZQEDQMiNy-B06s:0 
11-23 20:55:26.505  8444  8526 I VRI[MainActivity]@8e53a52: mWNT: t=0xb400007c8db9aad0 mBlastBufferQueue=0xb400007adda683b0 fn= 226 HdrRenderState mRenderHdrSdrRatio=1.0 caller= android.view.SyncRtSurfaceTransactionApplier.applyTransaction:100 android.view.SyncRtSurfaceTransactionApplier.lambda$scheduleApply$0:73 android.view.SyncRtSurfaceTransactionApplier.$r8$lambda$afI4fXg3U3-nBZQEDQMiNy-B06s:0 
11-23 20:55:26.513  8444  8524 I VRI[MainActivity]@8e53a52: mWNT: t=0xb400007c8db99e90 mBlastBufferQueue=0xb400007adda683b0 fn= 227 HdrRenderState mRenderHdrSdrRatio=1.0 caller= android.view.SyncRtSurfaceTransactionApplier.applyTransaction:100 android.view.SyncRtSurfaceTransactionApplier.lambda$scheduleApply$0:73 android.view.SyncRtSurfaceTransactionApplier.$r8$lambda$afI4fXg3U3-nBZQEDQMiNy-B06s:0 
11-23 20:55:26.521  8444  8526 I VRI[MainActivity]@8e53a52: mWNT: t=0xb400007c8db98d10 mBlastBufferQueue=0xb400007adda683b0 fn= 228 HdrRenderState mRenderHdrSdrRatio=1.0 caller= android.view.SyncRtSurfaceTransactionApplier.applyTransaction:100 android.view.SyncRtSurfaceTransactionApplier.lambda$scheduleApply$0:73 android.view.SyncRtSurfaceTransactionApplier.$r8$lambda$afI4fXg3U3-nBZQEDQMiNy-B06s:0 
11-23 20:55:26.530  8444  8524 I VRI[MainActivity]@8e53a52: mWNT: t=0xb400007c8db96d90 mBlastBufferQueue=0xb400007adda683b0 fn= 229 HdrRenderState mRenderHdrSdrRatio=1.0 caller= android.view.SyncRtSurfaceTransactionApplier.applyTransaction:100 android.view.SyncRtSurfaceTransactionApplier.lambda$scheduleApply$0:73 android.view.SyncRtSurfaceTransactionApplier.$r8$lambda$afI4fXg3U3-nBZQEDQMiNy-B06s:0 
11-23 20:55:26.537  8444  8526 I VRI[MainActivity]@8e53a52: mWNT: t=0xb400007c8db95890 mBlastBufferQueue=0xb400007adda683b0 fn= 230 HdrRenderState mRenderHdrSdrRatio=1.0 caller= android.view.SyncRtSurfaceTransactionApplier.applyTransaction:100 android.view.SyncRtSurfaceTransactionApplier.lambda$scheduleApply$0:73 android.view.SyncRtSurfaceTransactionApplier.$r8$lambda$afI4fXg3U3-nBZQEDQMiNy-B06s:0 
11-23 20:55:26.547  8444  8524 I VRI[MainActivity]@8e53a52: mWNT: t=0xb400007c8db98610 mBlastBufferQueue=0xb400007adda683b0 fn= 231 HdrRenderState mRenderHdrSdrRatio=1.0 caller= android.view.SyncRtSurfaceTransactionApplier.applyTransaction:100 android.view.SyncRtSurfaceTransactionApplier.lambda$scheduleApply$0:73 android.view.SyncRtSurfaceTransactionApplier.$r8$lambda$afI4fXg3U3-nBZQEDQMiNy-B06s:0 
11-23 20:55:26.555  8444  8526 I VRI[MainActivity]@8e53a52: mWNT: t=0xb400007c8db98450 mBlastBufferQueue=0xb400007adda683b0 fn= 232 HdrRenderState mRenderHdrSdrRatio=1.0 caller= android.view.SyncRtSurfaceTransactionApplier.applyTransaction:100 android.view.SyncRtSurfaceTransactionApplier.lambda$scheduleApply$0:73 android.view.SyncRtSurfaceTransactionApplier.$r8$lambda$afI4fXg3U3-nBZQEDQMiNy-B06s:0 
11-23 20:55:26.562  8444  8524 I VRI[MainActivity]@8e53a52: mWNT: t=0xb400007c8db95dd0 mBlastBufferQueue=0xb400007adda683b0 fn= 233 HdrRenderState mRenderHdrSdrRatio=1.0 caller= android.view.SyncRtSurfaceTransactionApplier.applyTransaction:100 android.view.SyncRtSurfaceTransactionApplier.lambda$scheduleApply$0:73 android.view.SyncRtSurfaceTransactionApplier.$r8$lambda$afI4fXg3U3-nBZQEDQMiNy-B06s:0 
11-23 20:55:26.571  8444  8526 I VRI[MainActivity]@8e53a52: mWNT: t=0xb400007c8db9ac90 mBlastBufferQueue=0xb400007adda683b0 fn= 234 HdrRenderState mRenderHdrSdrRatio=1.0 caller= android.view.SyncRtSurfaceTransactionApplier.applyTransaction:100 android.view.SyncRtSurfaceTransactionApplier.lambda$scheduleApply$0:73 android.view.SyncRtSurfaceTransactionApplier.$r8$lambda$afI4fXg3U3-nBZQEDQMiNy-B06s:0 
11-23 20:55:26.579  8444  8524 I VRI[MainActivity]@8e53a52: mWNT: t=0xb400007c8db97810 mBlastBufferQueue=0xb400007adda683b0 fn= 235 HdrRenderState mRenderHdrSdrRatio=1.0 caller= android.view.SyncRtSurfaceTransactionApplier.applyTransaction:100 android.view.SyncRtSurfaceTransactionApplier.lambda$scheduleApply$0:73 android.view.SyncRtSurfaceTransactionApplier.$r8$lambda$afI4fXg3U3-nBZQEDQMiNy-B06s:0 
11-23 20:55:26.588  8444  8526 I VRI[MainActivity]@8e53a52: mWNT: t=0xb400007c8db95c10 mBlastBufferQueue=0xb400007adda683b0 fn= 236 HdrRenderState mRenderHdrSdrRatio=1.0 caller= android.view.SyncRtSurfaceTransactionApplier.applyTransaction:100 android.view.SyncRtSurfaceTransactionApplier.lambda$scheduleApply$0:73 android.view.SyncRtSurfaceTransactionApplier.$r8$lambda$afI4fXg3U3-nBZQEDQMiNy-B06s:0 
11-23 20:55:26.596  8444  8524 I VRI[MainActivity]@8e53a52: mWNT: t=0xb400007c8db9a050 mBlastBufferQueue=0xb400007adda683b0 fn= 237 HdrRenderState mRenderHdrSdrRatio=1.0 caller= android.view.SyncRtSurfaceTransactionApplier.applyTransaction:100 android.view.SyncRtSurfaceTransactionApplier.lambda$scheduleApply$0:73 android.view.SyncRtSurfaceTransactionApplier.$r8$lambda$afI4fXg3U3-nBZQEDQMiNy-B06s:0 
11-23 20:55:26.605  8444  8526 I VRI[MainActivity]@8e53a52: mWNT: t=0xb400007c8db9a590 mBlastBufferQueue=0xb400007adda683b0 fn= 238 HdrRenderState mRenderHdrSdrRatio=1.0 caller= android.view.SyncRtSurfaceTransactionApplier.applyTransaction:100 android.view.SyncRtSurfaceTransactionApplier.lambda$scheduleApply$0:73 android.view.SyncRtSurfaceTransactionApplier.$r8$lambda$afI4fXg3U3-nBZQEDQMiNy-B06s:0 
11-23 20:55:26.613  8444  8524 I VRI[MainActivity]@8e53a52: mWNT: t=0xb400007c8db96a10 mBlastBufferQueue=0xb400007adda683b0 fn= 239 HdrRenderState mRenderHdrSdrRatio=1.0 caller= android.view.SyncRtSurfaceTransactionApplier.applyTransaction:100 android.view.SyncRtSurfaceTransactionApplier.lambda$scheduleApply$0:73 android.view.SyncRtSurfaceTransactionApplier.$r8$lambda$afI4fXg3U3-nBZQEDQMiNy-B06s:0 
11-23 20:55:26.622  8444  8526 I VRI[MainActivity]@8e53a52: mWNT: t=0xb400007c8db97110 mBlastBufferQueue=0xb400007adda683b0 fn= 240 HdrRenderState mRenderHdrSdrRatio=1.0 caller= android.view.SyncRtSurfaceTransactionApplier.applyTransaction:100 android.view.SyncRtSurfaceTransactionApplier.lambda$scheduleApply$0:73 android.view.SyncRtSurfaceTransactionApplier.$r8$lambda$afI4fXg3U3-nBZQEDQMiNy-B06s:0 
11-23 20:55:26.630  8444  8524 I VRI[MainActivity]@8e53a52: mWNT: t=0xb400007c8db95a50 mBlastBufferQueue=0xb400007adda683b0 fn= 241 HdrRenderState mRenderHdrSdrRatio=1.0 caller= android.view.SyncRtSurfaceTransactionApplier.applyTransaction:100 android.view.SyncRtSurfaceTransactionApplier.lambda$scheduleApply$0:73 android.view.SyncRtSurfaceTransactionApplier.$r8$lambda$afI4fXg3U3-nBZQEDQMiNy-B06s:0 
11-23 20:55:26.638  8444  8526 I VRI[MainActivity]@8e53a52: mWNT: t=0xb400007c8db99b10 mBlastBufferQueue=0xb400007adda683b0 fn= 242 HdrRenderState mRenderHdrSdrRatio=1.0 caller= android.view.SyncRtSurfaceTransactionApplier.applyTransaction:100 android.view.SyncRtSurfaceTransactionApplier.lambda$scheduleApply$0:73 android.view.SyncRtSurfaceTransactionApplier.$r8$lambda$afI4fXg3U3-nBZQEDQMiNy-B06s:0 
11-23 20:55:26.647  8444  8524 I VRI[MainActivity]@8e53a52: mWNT: t=0xb400007c8db99790 mBlastBufferQueue=0xb400007adda683b0 fn= 243 HdrRenderState mRenderHdrSdrRatio=1.0 caller= android.view.SyncRtSurfaceTransactionApplier.applyTransaction:100 android.view.SyncRtSurfaceTransactionApplier.lambda$scheduleApply$0:73 android.view.SyncRtSurfaceTransactionApplier.$r8$lambda$afI4fXg3U3-nBZQEDQMiNy-B06s:0 
11-23 20:55:26.655  8444  8526 I VRI[MainActivity]@8e53a52: mWNT: t=0xb400007c8db98ed0 mBlastBufferQueue=0xb400007adda683b0 fn= 244 HdrRenderState mRenderHdrSdrRatio=1.0 caller= android.view.SyncRtSurfaceTransactionApplier.applyTransaction:100 android.view.SyncRtSurfaceTransactionApplier.lambda$scheduleApply$0:73 android.view.SyncRtSurfaceTransactionApplier.$r8$lambda$afI4fXg3U3-nBZQEDQMiNy-B06s:0 
11-23 20:55:26.663  8444  8524 I VRI[MainActivity]@8e53a52: mWNT: t=0xb400007c8db9a910 mBlastBufferQueue=0xb400007adda683b0 fn= 245 HdrRenderState mRenderHdrSdrRatio=1.0 caller= android.view.SyncRtSurfaceTransactionApplier.applyTransaction:100 android.view.SyncRtSurfaceTransactionApplier.lambda$scheduleApply$0:73 android.view.SyncRtSurfaceTransactionApplier.$r8$lambda$afI4fXg3U3-nBZQEDQMiNy-B06s:0 
11-23 20:55:26.672  8444  8526 I VRI[MainActivity]@8e53a52: mWNT: t=0xb400007c8db99410 mBlastBufferQueue=0xb400007adda683b0 fn= 246 HdrRenderState mRenderHdrSdrRatio=1.0 caller= android.view.SyncRtSurfaceTransactionApplier.applyTransaction:100 android.view.SyncRtSurfaceTransactionApplier.lambda$scheduleApply$0:73 android.view.SyncRtSurfaceTransactionApplier.$r8$lambda$afI4fXg3U3-nBZQEDQMiNy-B06s:0 
11-23 20:55:26.683  8444  8524 I VRI[MainActivity]@8e53a52: mWNT: t=0xb400007c8dada810 mBlastBufferQueue=0xb400007adda683b0 fn= 247 HdrRenderState mRenderHdrSdrRatio=1.0 caller= android.view.SyncRtSurfaceTransactionApplier.applyTransaction:100 android.view.SyncRtSurfaceTransactionApplier.lambda$scheduleApply$0:73 android.view.SyncRtSurfaceTransactionApplier.$r8$lambda$afI4fXg3U3-nBZQEDQMiNy-B06s:0 
11-23 20:55:26.688  8444  8526 I VRI[MainActivity]@8e53a52: mWNT: t=0xb400007c8dad8dd0 mBlastBufferQueue=0xb400007adda683b0 fn= 248 HdrRenderState mRenderHdrSdrRatio=1.0 caller= android.view.SyncRtSurfaceTransactionApplier.applyTransaction:100 android.view.SyncRtSurfaceTransactionApplier.lambda$scheduleApply$0:73 android.view.SyncRtSurfaceTransactionApplier.$r8$lambda$afI4fXg3U3-nBZQEDQMiNy-B06s:0 
11-23 20:55:26.695  8444  8524 I VRI[MainActivity]@8e53a52: mWNT: t=0xb400007c8db8a990 mBlastBufferQueue=0xb400007adda683b0 fn= 249 HdrRenderState mRenderHdrSdrRatio=1.0 caller= android.view.SyncRtSurfaceTransactionApplier.applyTransaction:100 android.view.SyncRtSurfaceTransactionApplier.lambda$scheduleApply$0:73 android.view.SyncRtSurfaceTransactionApplier.$r8$lambda$afI4fXg3U3-nBZQEDQMiNy-B06s:0 
11-23 20:55:26.701  8444  8444 I InsetsController: cancelAnimation: types=ime, animType=1, host=dev.souschef.app/dev.souschef.app.MainActivity, from=android.view.InsetsController.notifyFinished:2006 android.view.InsetsAnimationControlImpl.applyChangeInsets:335 android.view.InsetsController.lambda$new$3:957 
11-23 20:55:26.706  8444  8526 I VRI[MainActivity]@8e53a52: mWNT: t=0xb400007c8db8ea50 mBlastBufferQueue=0xb400007adda683b0 fn= 250 HdrRenderState mRenderHdrSdrRatio=1.0 caller= android.view.SyncRtSurfaceTransactionApplier.applyTransaction:100 android.view.SyncRtSurfaceTransactionApplier.lambda$scheduleApply$0:73 android.view.SyncRtSurfaceTransactionApplier.$r8$lambda$afI4fXg3U3-nBZQEDQMiNy-B06s:0 
11-23 20:55:26.720  8444  8444 I InsetsController: onStateChanged: host=dev.souschef.app/dev.souschef.app.MainActivity, from=android.view.ViewRootImpl.onInsetsStateChanged:3026, state=InsetsState: {mDisplayFrame=Rect(0, 0 - 1440, 3088), mDisplayCutout=DisplayCutout{insets=Rect(0, 100 - 0, 0) waterfall=Insets{left=0, top=0, right=0, bottom=0} boundingRect={Bounds=[Rect(0, 0 - 0, 0), Rect(683, 0 - 758, 100), Rect(0, 0 - 0, 0), Rect(0, 0 - 0, 0)]} cutoutPathParserInfo={CutoutPathParserInfo{displayWidth=1440 displayHeight=3088 physicalDisplayWidth=1440 physicalDisplayHeight=3088 density={3.75} cutoutSpec={M 0,0 H -10 V 26.66666666666667 H 10 V 0 H 0 Z @dp} rotation={0} scale={1.0} physicalPixelDisplaySizeRatio={1.0}}} sideOverrides={}}, mRoundedCorners=RoundedCorners{[RoundedCorner{position=TopLeft, radius=15, center=Point(15, 15)}, RoundedCorner{position=TopRight, radius=15, center=Point(1425, 15)}, RoundedCorner{position=BottomRight, radius=15, center=Point(1425, 3073)}, RoundedCorner{position=BottomLeft, radius=15, center=Point(15, 3073)}]}  mRoundedCornerFrame=Rect(0, 0 - 1440, 3088), mPrivacyIndicatorBounds=PrivacyIndicatorBounds {static bounds=Rect(1275, 0 - 1440, 100) rotation=0}, mDisplayShape=DisplayShape{ spec=-311912193 displayWidth=1440 displayHeight=3088 physicalPixelDisplaySizeRatio=1.0 rotation=0 offsetX=0 offsetY=0 scale=1.0}, mSources= { InsetsSource: {b11d0001 mType=navigationBars mFrame=[0,3032][1440,3088] mVisible=true mFlags=SUPPRESS_SCRIM mSideHint=BOTTOM mBoundingRects=null}, InsetsSource: {b11d0004 mType=systemGestures mFrame=[0,0][84,3088] mVisible=true mFlags= mSideHint=LEFT mBoundingRects=null}, InsetsSource: {b11d0005 mType=mandatorySystemGestures mFrame=[0,2968][1440,3088] mVisible=true mFlags= mSideHint=BOTTOM mBoundingRects=null}, InsetsSource: {b11d0006 mType=tappableElement mFrame=[0,0][0,0] mVisible=true mFlags= mSideHint=NONE mBoundingRects=null}, InsetsSource: {b11d0024 mType=systemGestures mFrame=[1356,0][1440,3088] mVisible=true mFlags= mSideHint=RIGHT mBoundingRects=null}, InsetsSource: {ecac0000 mType=statusBars mFrame=[0,0][1440,100] mVisible=true mFlags= mSideHint=TOP mBoundingRects=null}, InsetsSource: {ecac0005 mType=mandatorySystemGestures mFrame=[0,0][1440,145] mVisible=true mFlags= mSideHint=TOP mBoundingRects=null}, InsetsSource: {ecac0006 mType=tappableElement mFrame=[0,0][1440,100] mVisible=true mFlags= mSideHint=TOP mBoundingRects=null}, InsetsSource: {3 mType=ime mFrame=[0,1922][1440,3088] mVisible=false mFlags= mSideHint=BOTTOM mBoundingRects=null}, InsetsSource: {27 mType=displayCutout mFrame=[0,0][1440,100] mVisible=true mFlags= mSideHint=TOP mBoundingRects=null} }
11-23 20:55:26.720  8444  8444 I VRI[MainActivity]@8e53a52: handleResized, frames=ClientWindowFrames{frame=[0,0][1440,3088] display=[0,0][1440,3088] parentFrame=[0,0][0,0]} displayId=0 dragResizing=false compatScale=1.0 frameChanged=false attachedFrameChanged=false configChanged=false displayChanged=false compatScaleChanged=false dragResizingChanged=false
11-23 20:55:26.738  8444  8444 I InsetsSourceConsumer: applyRequestedVisibilityToControl: visible=false, type=ime, host=dev.souschef.app/dev.souschef.app.MainActivity
11-23 20:55:26.738  8444  8444 I InsetsSourceConsumer: applyRequestedVisibilityToControl: visible=true, type=navigationBars, host=dev.souschef.app/dev.souschef.app.MainActivity
11-23 20:55:26.739  8444  8444 I ImeTracker: system_server:4c987c54: onCancelled at PHASE_CLIENT_ON_CONTROLS_CHANGED
11-23 20:55:26.746  8444  8524 I VRI[MainActivity]@8e53a52: mWNT: t=0xb400007c8db67ed0 mBlastBufferQueue=0xb400007adda683b0 fn= 251 HdrRenderState mRenderHdrSdrRatio=1.0 caller= android.view.SyncRtSurfaceTransactionApplier.applyTransaction:100 android.view.SyncRtSurfaceTransactionApplier.lambda$scheduleApply$0:73 android.view.SyncRtSurfaceTransactionApplier.$r8$lambda$afI4fXg3U3-nBZQEDQMiNy-B06s:0 
11-23 20:55:26.793  8444  8444 D DetoxRNHelpers: Native RN module resolution (class com.reactnativecommunity.asyncstorage.AsyncStorageModule): no such class
11-23 20:55:26.795  8444  8444 D DetoxRNHelpers: Native RN module resolution (class com.reactnativecommunity.asyncstorage.AsyncStorageModule): no such class
11-23 20:55:26.862  8444  8444 D DetoxRNHelpers: Native RN module resolution (class com.reactnativecommunity.asyncstorage.AsyncStorageModule): no such class
11-23 20:55:26.864  8444  8444 D DetoxRNHelpers: Native RN module resolution (class com.reactnativecommunity.asyncstorage.AsyncStorageModule): no such class
11-23 20:55:26.866  8444  8444 D DetoxRNHelpers: Native RN module resolution (class com.reactnativecommunity.asyncstorage.AsyncStorageModule): no such class
11-23 20:55:26.869  8444  8444 D DetoxRNHelpers: Native RN module resolution (class com.reactnativecommunity.asyncstorage.AsyncStorageModule): no such class
11-23 20:55:26.870  8444  8489 I DetoxWSClient: Sending out action 'invokeResult' (ID #10)
11-23 20:55:26.871  8444  8489 I DetoxDispatcher: Done with action 'invoke'
11-23 20:55:26.878  8444  8495 D DetoxWSClient: Received action 'invoke' (ID #11, params={"target":{"type":"Class","value":"com.wix.detox.espresso.EspressoDetox"},"method":"perform","args":[{"type":"Invocation","value":{"target":{"type":"Class","value":"com.wix.detox.espresso.DetoxMatcher"},"method":"matcherForTestId","args":["login-submit-button",{"type":"boolean","value":false}]}},{"type":"Invocation","value":{"target":{"type":"Class","value":"com.wix.detox.espresso.DetoxViewActions"},"method":"click","args":[]}}]})
11-23 20:55:26.878  8444  8489 I DetoxDispatcher: Handling action 'invoke' (ID #11)...
11-23 20:55:26.879  8444  8489 D Detox   : class com.wix.detox.espresso.DetoxMatcher, matcherForTestId, [login-submit-button, false]
11-23 20:55:26.880  8444  8489 D Detox   : class com.wix.detox.espresso.DetoxViewActions, click, []
11-23 20:55:26.880  8444  8489 D Detox   : class com.wix.detox.espresso.EspressoDetox, perform, [(view.getTag() is "login-submit-button" and view has effective visibility <VISIBLE>), com.wix.detox.espresso.action.RNClickAction@90a9421]
11-23 20:55:26.884  8444  8444 D DetoxRNHelpers: Native RN module resolution (class com.reactnativecommunity.asyncstorage.AsyncStorageModule): no such class
11-23 20:55:26.886  8444  8444 D DetoxRNHelpers: Native RN module resolution (class com.reactnativecommunity.asyncstorage.AsyncStorageModule): no such class
11-23 20:55:26.888  8444  8444 I ViewInteraction: Performing 'com.wix.detox.espresso.action.detoxsingletap@5295046 click' action on view (view.getTag() is "login-submit-button" and view has effective visibility <VISIBLE>)
11-23 20:55:26.897  8444  8444 I VRI[MainActivity]@8e53a52: ViewPostIme pointer 0
11-23 20:55:26.936  8444  8444 I VRI[MainActivity]@8e53a52: ViewPostIme pointer 1
11-23 20:55:26.939  8444  8449 I ev.souschef.app: Background young concurrent mark compact GC freed 20MB AllocSpace bytes, 169(4084KB) LOS objects, 68% free, 11MB/35MB, paused 1.271ms,5.452ms total 72.719ms
11-23 20:55:26.941  8444  8450 D InputTransport: Input channel destroyed: 'ClientS', fd=189
11-23 20:55:26.943  8444  8450 D InputTransport: Input channel destroyed: 'ClientS', fd=191
11-23 20:55:27.175  8444  8649 I ReactNativeJS: '%c🚀 ✅ MUTATION Login 151ms', 'color: #22c55e; font-weight: bold'
11-23 20:55:27.204  8444  8649 I ReactNativeJS: '   📤 Variables:', { input: { email: 'test@souschef.dev', password: 'Test123!' } }
11-23 20:55:27.261  8444  8444 I InsetsController: onStateChanged: host=dev.souschef.app/dev.souschef.app.MainActivity, from=android.view.ViewRootImpl.onInsetsStateChanged:3026, state=InsetsState: {mDisplayFrame=Rect(0, 0 - 1440, 3088), mDisplayCutout=DisplayCutout{insets=Rect(0, 100 - 0, 0) waterfall=Insets{left=0, top=0, right=0, bottom=0} boundingRect={Bounds=[Rect(0, 0 - 0, 0), Rect(683, 0 - 758, 100), Rect(0, 0 - 0, 0), Rect(0, 0 - 0, 0)]} cutoutPathParserInfo={CutoutPathParserInfo{displayWidth=1440 displayHeight=3088 physicalDisplayWidth=1440 physicalDisplayHeight=3088 density={3.75} cutoutSpec={M 0,0 H -10 V 26.66666666666667 H 10 V 0 H 0 Z @dp} rotation={0} scale={1.0} physicalPixelDisplaySizeRatio={1.0}}} sideOverrides={}}, mRoundedCorners=RoundedCorners{[RoundedCorner{position=TopLeft, radius=15, center=Point(15, 15)}, RoundedCorner{position=TopRight, radius=15, center=Point(1425, 15)}, RoundedCorner{position=BottomRight, radius=15, center=Point(1425, 3073)}, RoundedCorner{position=BottomLeft, radius=15, center=Point(15, 3073)}]}  mRoundedCornerFrame=Rect(0, 0 - 1440, 3088), mPrivacyIndicatorBounds=PrivacyIndicatorBounds {static bounds=Rect(1275, 0 - 1440, 100) rotation=0}, mDisplayShape=DisplayShape{ spec=-311912193 displayWidth=1440 displayHeight=3088 physicalPixelDisplaySizeRatio=1.0 rotation=0 offsetX=0 offsetY=0 scale=1.0}, mSources= { InsetsSource: {b11d0001 mType=navigationBars mFrame=[0,3032][1440,3088] mVisible=true mFlags=SUPPRESS_SCRIM mSideHint=BOTTOM mBoundingRects=null}, InsetsSource: {b11d0004 mType=systemGestures mFrame=[0,0][84,3088] mVisible=true mFlags= mSideHint=LEFT mBoundingRects=null}, InsetsSource: {b11d0005 mType=mandatorySystemGestures mFrame=[0,2968][1440,3088] mVisible=true mFlags= mSideHint=BOTTOM mBoundingRects=null}, InsetsSource: {b11d0006 mType=tappableElement mFrame=[0,0][0,0] mVisible=true mFlags= mSideHint=NONE mBoundingRects=null}, InsetsSource: {b11d0024 mType=systemGestures mFrame=[1356,0][1440,3088] mVisible=true mFlags= mSideHint=RIGHT mBoundingRects=null}, InsetsSource: {ecac0000 mType=statusBars mFrame=[0,0][1440,100] mVisible=true mFlags= mSideHint=TOP mBoundingRects=null}, InsetsSource: {ecac0005 mType=mandatorySystemGestures mFrame=[0,0][1440,145] mVisible=true mFlags= mSideHint=TOP mBoundingRects=null}, InsetsSource: {ecac0006 mType=tappableElement mFrame=[0,0][1440,100] mVisible=true mFlags= mSideHint=TOP mBoundingRects=null}, InsetsSource: {3 mType=ime mFrame=[0,0][0,0] mVisible=false mFlags= mSideHint=NONE mBoundingRects=null}, InsetsSource: {27 mType=displayCutout mFrame=[0,0][1440,100] mVisible=true mFlags= mSideHint=TOP mBoundingRects=null} }
11-23 20:55:27.262  8444  8444 I VRI[MainActivity]@8e53a52: handleResized, frames=ClientWindowFrames{frame=[0,0][1440,3088] display=[0,0][1440,3088] parentFrame=[0,0][0,0]} displayId=0 dragResizing=false compatScale=1.0 frameChanged=false attachedFrameChanged=false configChanged=false displayChanged=false compatScaleChanged=false dragResizingChanged=false
11-23 20:55:27.269  8444  8444 I InsetsController: onStateChanged: host=dev.souschef.app/dev.souschef.app.MainActivity, from=android.view.ViewRootImpl.onInsetsStateChanged:3026, state=InsetsState: {mDisplayFrame=Rect(0, 0 - 1440, 3088), mDisplayCutout=DisplayCutout{insets=Rect(0, 100 - 0, 0) waterfall=Insets{left=0, top=0, right=0, bottom=0} boundingRect={Bounds=[Rect(0, 0 - 0, 0), Rect(683, 0 - 758, 100), Rect(0, 0 - 0, 0), Rect(0, 0 - 0, 0)]} cutoutPathParserInfo={CutoutPathParserInfo{displayWidth=1440 displayHeight=3088 physicalDisplayWidth=1440 physicalDisplayHeight=3088 density={3.75} cutoutSpec={M 0,0 H -10 V 26.66666666666667 H 10 V 0 H 0 Z @dp} rotation={0} scale={1.0} physicalPixelDisplaySizeRatio={1.0}}} sideOverrides={}}, mRoundedCorners=RoundedCorners{[RoundedCorner{position=TopLeft, radius=15, center=Point(15, 15)}, RoundedCorner{position=TopRight, radius=15, center=Point(1425, 15)}, RoundedCorner{position=BottomRight, radius=15, center=Point(1425, 3073)}, RoundedCorner{position=BottomLeft, radius=15, center=Point(15, 3073)}]}  mRoundedCornerFrame=Rect(0, 0 - 1440, 3088), mPrivacyIndicatorBounds=PrivacyIndicatorBounds {static bounds=Rect(1275, 0 - 1440, 100) rotation=0}, mDisplayShape=DisplayShape{ spec=-311912193 displayWidth=1440 displayHeight=3088 physicalPixelDisplaySizeRatio=1.0 rotation=0 offsetX=0 offsetY=0 scale=1.0}, mSources= { InsetsSource: {b11d0001 mType=navigationBars mFrame=[0,3032][1440,3088] mVisible=true mFlags=SUPPRESS_SCRIM mSideHint=BOTTOM mBoundingRects=null}, InsetsSource: {b11d0004 mType=systemGestures mFrame=[0,0][84,3088] mVisible=true mFlags= mSideHint=LEFT mBoundingRects=null}, InsetsSource: {b11d0005 mType=mandatorySystemGestures mFrame=[0,2968][1440,3088] mVisible=true mFlags= mSideHint=BOTTOM mBoundingRects=null}, InsetsSource: {b11d0006 mType=tappableElement mFrame=[0,0][0,0] mVisible=true mFlags= mSideHint=NONE mBoundingRects=null}, InsetsSource: {b11d0024 mType=systemGestures mFrame=[1356,0][1440,3088] mVisible=true mFlags= mSideHint=RIGHT mBoundingRects=null}, InsetsSource: {ecac0000 mType=statusBars mFrame=[0,0][1440,100] mVisible=true mFlags= mSideHint=TOP mBoundingRects=null}, InsetsSource: {ecac0005 mType=mandatorySystemGestures mFrame=[0,0][1440,145] mVisible=true mFlags= mSideHint=TOP mBoundingRects=null}, InsetsSource: {ecac0006 mType=tappableElement mFrame=[0,0][1440,100] mVisible=true mFlags= mSideHint=TOP mBoundingRects=null}, InsetsSource: {3 mType=ime mFrame=[0,0][0,0] mVisible=false mFlags= mSideHint=NONE mBoundingRects=null}, InsetsSource: {27 mType=displayCutout mFrame=[0,0][1440,100] mVisible=true mFlags= mSideHint=TOP mBoundingRects=null} }
11-23 20:55:27.269  8444  8444 I VRI[MainActivity]@8e53a52: handleResized, frames=ClientWindowFrames{frame=[0,0][1440,3088] display=[0,0][1440,3088] parentFrame=[0,0][0,0]} displayId=0 dragResizing=false compatScale=1.0 frameChanged=false attachedFrameChanged=false configChanged=false displayChanged=false compatScaleChanged=false dragResizingChanged=false
11-23 20:55:27.282  8444  8649 I ReactNativeJS: [TokenScheduler] Scheduling proactive refresh in 2999s (token expires in 3599s)
11-23 20:55:27.318  8444  8650 W System.err: getSerialNumber failed, it probably should not be used: getSerial: The uid 11175 does not meet the requirements to access device identifiers.
11-23 20:55:27.328  8444  8444 I cr_CombinedPProvider: #registerProvider() provider:WV.hk@6ef7a32 isPolicyCacheEnabled:false policyProvidersSize:0
11-23 20:55:27.330  8444  8444 I cr_PolicyProvider: #setManagerAndSource() 0
11-23 20:55:27.361  8444  8444 I cr_CombinedPProvider: #linkNativeInternal() 1
11-23 20:55:27.363  8444  8444 I cr_AppResProvider: #getApplicationRestrictionsFromUserManager() Bundle[EMPTY_PARCEL]
11-23 20:55:27.363  8444  8444 I cr_PolicyProvider: #notifySettingsAvailable() 0
11-23 20:55:27.363  8444  8444 I cr_CombinedPProvider: #onSettingsAvailable() 0
11-23 20:55:27.363  8444  8444 I cr_CombinedPProvider: #flushPolicies()
11-23 20:55:27.429  8444  8444 W chromium: [WARNING:android_webview/browser/network_service/net_helpers.cc:143] HTTP Cache size is: 20971520
11-23 20:55:27.472  8444  9013 I CameraManager: registerAvailabilityCallback: Is device callback = false
11-23 20:55:27.473  8444  9013 I CameraManagerGlobal: postSingleUpdate device: camera id 0 status STATUS_PRESENT
11-23 20:55:27.473  8444  9013 I CameraManagerGlobal: postSingleUpdate device: camera id 1 status STATUS_PRESENT
11-23 20:55:27.474  8444  9013 I CameraManagerGlobal: postSingleUpdate device: camera id 2 status STATUS_PRESENT
11-23 20:55:27.474  8444  9013 I CameraManagerGlobal: postSingleUpdate device: camera id 3 status STATUS_PRESENT
11-23 20:55:27.487  8444  8649 I ReactNativeJS: '✅ [NotificationReceived] Subscription ACTIVE for user:', '68f41739878fd075b87c1dd1'
11-23 20:55:27.490  8444  8650 W AudioCapabilities: Unsupported mediaType audio/x-ape
11-23 20:55:27.490  8444  8650 W AudioCapabilities: Unsupported mediaType audio/evrc
11-23 20:55:27.491  8444  8650 W AudioCapabilities: Unsupported mediaType audio/evrc
11-23 20:55:27.491  8444  8650 W AudioCapabilities: Unsupported mediaType audio/x-ima
11-23 20:55:27.492  8444  8650 W AudioCapabilities: Unsupported mediaType audio/mpeg-L1
11-23 20:55:27.492  8444  8650 W AudioCapabilities: Unsupported mediaType audio/mpeg-L2
11-23 20:55:27.493  8444  8650 W AudioCapabilities: Unsupported mediaType audio/qcelp
11-23 20:55:27.493  8444  8650 W AudioCapabilities: Unsupported mediaType audio/qcelp
11-23 20:55:27.493  8444  8650 W VideoCapabilities: Unsupported mime video/wvc1
11-23 20:55:27.494  8444  8650 W VideoCapabilities: Unsupported mime video/x-ms-wmv
11-23 20:55:27.498  8444  8650 W AudioCapabilities: Unsupported mediaType audio/iamf
11-23 20:55:27.513  8444  8650 W VideoCapabilities: Unsupported mime image/vnd.android.heic
11-23 20:55:27.514  8444  8650 W VideoCapabilities: Unrecognized profile/level 32768/256 for video/mp4v-es
11-23 20:55:27.528  8444  8650 W AudioCapabilities: Unsupported mime audio/x-ape
11-23 20:55:27.528  8444  8650 W AudioCapabilities: Unsupported mime audio/evrc
11-23 20:55:27.529  8444  8650 W AudioCapabilities: Unsupported mime audio/evrc
11-23 20:55:27.529  8444  8650 W AudioCapabilities: Unsupported mime audio/x-ima
11-23 20:55:27.531  8444  8650 W AudioCapabilities: Unsupported mime audio/mpeg-L1
11-23 20:55:27.531  8444  8650 W AudioCapabilities: Unsupported mime audio/mpeg-L2
11-23 20:55:27.531  8444  8650 W AudioCapabilities: Unsupported mime audio/qcelp
11-23 20:55:27.532  8444  8650 W AudioCapabilities: Unsupported mime audio/qcelp
11-23 20:55:27.533  8444  8650 W VideoCapabilities: Unsupported mime video/wvc1
11-23 20:55:27.534  8444  8650 W VideoCapabilities: Unsupported mime video/wvc1
11-23 20:55:27.534  8444  8650 W VideoCapabilities: Unsupported mime video/x-ms-wmv
11-23 20:55:27.544  8444  8650 W AudioCapabilities: Unsupported mime audio/iamf
11-23 20:55:27.573  8444  8650 W VideoCapabilities: Unsupported mime image/vnd.android.heic
11-23 20:55:27.574  8444  8650 W VideoCapabilities: Unsupported mime image/vnd.android.heic
11-23 20:55:27.575  8444  8650 W VideoCapabilities: Unrecognized profile/level 32768/256 for video/mp4v-es
11-23 20:55:28.387  8444  8444 W [RNScreens]: backTitleVisible prop is not available on Android
11-23 20:55:28.387  8444  8444 W [RNScreens]: backTitleFontFamily prop is not available on Android
11-23 20:55:28.388  8444  8444 W [RNScreens]: disableBackButtonMenu prop is not available on Android
11-23 20:55:28.388  8444  8444 W [RNScreens]: largeTitleFontFamily prop is not available on Android
11-23 20:55:28.388  8444  8444 W [RNScreens]: topInsetEnabled prop is not available on Android
11-23 20:55:28.388  8444  8444 W [RNScreens]: largeTitleFontWeight prop is not available on Android
11-23 20:55:28.388  8444  8444 W [RNScreens]: largeTitleHideShadow prop is not available on Android
11-23 20:55:28.453  8444  8444 W [RNScreens]: backTitleVisible prop is not available on Android
11-23 20:55:28.453  8444  8444 W [RNScreens]: backTitleFontFamily prop is not available on Android
11-23 20:55:28.453  8444  8444 W [RNScreens]: disableBackButtonMenu prop is not available on Android
11-23 20:55:28.453  8444  8444 W [RNScreens]: largeTitleFontFamily prop is not available on Android
11-23 20:55:28.453  8444  8444 W [RNScreens]: topInsetEnabled prop is not available on Android
11-23 20:55:28.453  8444  8444 W [RNScreens]: largeTitleFontWeight prop is not available on Android
11-23 20:55:28.453  8444  8444 W [RNScreens]: largeTitleHideShadow prop is not available on Android
11-23 20:55:28.721  8444  8649 I ReactNativeJS: [ScreenTransition] PantryMain focused
11-23 20:55:28.724  8444  8649 I ReactNativeJS: [ScreenTransition] PantryMain mounted in 3.49ms
11-23 20:55:29.237  8444  8444 I Dialog  : mIsDeviceDefault = false, mIsSamsungBasicInteraction = false, isMetaDataInActivity = false
11-23 20:55:29.241  8444  8444 I DecorView: setWindowBackground: isPopOver=false color=0 d=android.graphics.drawable.ColorDrawable@d5b2beb
11-23 20:55:29.244  8444  8444 I WindowManager: WindowManagerGlobal#addView, ty=2, view=com.android.internal.policy.DecorView{fff2d63 V.E...... R.....I. 0,0-0,0}[MainActivity], caller=android.view.WindowManagerImpl.addView:158 android.app.Dialog.show:540 com.facebook.react.views.modal.ReactModalHostView.showOrUpdate:341 
11-23 20:55:29.245  8444  8444 D ViewRootImpl: desktopMode is false
11-23 20:55:29.246  8444  8444 I ViewRootImpl: dVRR is disabled
11-23 20:55:29.246  8444  8506 D NativeCustomFrequencyManager: [NativeCFMS] BpCustomFrequencyManager::BpCustomFrequencyManager()
11-23 20:55:29.252  8444  8444 D InputTransport: Input channel constructed: '9376a00', fd=196
11-23 20:55:29.253  8444  8444 I InsetsController: onStateChanged: host=dev.souschef.app/dev.souschef.app.MainActivity, from=android.view.ViewRootImpl.onInsetsStateChanged:3026, state=InsetsState: {mDisplayFrame=Rect(0, 0 - 1440, 3088), mDisplayCutout=DisplayCutout{insets=Rect(0, 100 - 0, 0) waterfall=Insets{left=0, top=0, right=0, bottom=0} boundingRect={Bounds=[Rect(0, 0 - 0, 0), Rect(683, 0 - 758, 100), Rect(0, 0 - 0, 0), Rect(0, 0 - 0, 0)]} cutoutPathParserInfo={CutoutPathParserInfo{displayWidth=1440 displayHeight=3088 physicalDisplayWidth=1440 physicalDisplayHeight=3088 density={3.75} cutoutSpec={M 0,0 H -10 V 26.66666666666667 H 10 V 0 H 0 Z @dp} rotation={0} scale={1.0} physicalPixelDisplaySizeRatio={1.0}}} sideOverrides={}}, mRoundedCorners=RoundedCorners{[RoundedCorner{position=TopLeft, radius=15, center=Point(15, 15)}, RoundedCorner{position=TopRight, radius=15, center=Point(1425, 15)}, RoundedCorner{position=BottomRight, radius=15, center=Point(1425, 3073)}, RoundedCorner{position=BottomLeft, radius=15, center=Point(15, 3073)}]}  mRoundedCornerFrame=Rect(0, 0 - 1440, 3088), mPrivacyIndicatorBounds=PrivacyIndicatorBounds {static bounds=Rect(1275, 0 - 1440, 100) rotation=0}, mDisplayShape=DisplayShape{ spec=-311912193 displayWidth=1440 displayHeight=3088 physicalPixelDisplaySizeRatio=1.0 rotation=0 offsetX=0 offsetY=0 scale=1.0}, mSources= { InsetsSource: {b11d0001 mType=navigationBars mFrame=[0,3032][1440,3088] mVisible=true mFlags=SUPPRESS_SCRIM mSideHint=BOTTOM mBoundingRects=null}, InsetsSource: {b11d0004 mType=systemGestures mFrame=[0,0][84,3088] mVisible=true mFlags= mSideHint=LEFT mBoundingRects=null}, InsetsSource: {b11d0005 mType=mandatorySystemGestures mFrame=[0,2968][1440,3088] mVisible=true mFlags= mSideHint=BOTTOM mBoundingRects=null}, InsetsSource: {b11d0006 mType=tappableElement mFrame=[0,0][0,0] mVisible=true mFlags= mSideHint=NONE mBoundingRects=null}, InsetsSource: {b11d0024 mType=systemGestures mFrame=[1356,0][1440,3088] mVisible=true mFlags= mSideHint=RIGHT mBoundingRects=null}, InsetsSource: {ecac0000 mType=statusBars mFrame=[0,0][1440,100] mVisible=true mFlags= mSideHint=TOP mBoundingRects=null}, InsetsSource: {ecac0005 mType=mandatorySystemGestures mFrame=[0,0][1440,145] mVisible=true mFlags= mSideHint=TOP mBoundingRects=null}, InsetsSource: {ecac0006 mType=tappableElement mFrame=[0,0][1440,100] mVisible=true mFlags= mSideHint=TOP mBoundingRects=null}, InsetsSource: {27 mType=displayCutout mFrame=[0,0][1440,100] mVisible=true mFlags= mSideHint=TOP mBoundingRects=null} }
11-23 20:55:29.254  8444  8444 I VRI[MainActivity]@d0cad60: synced displayState. AttachInfo displayState=2
11-23 20:55:29.256  8444  8444 I VRI[MainActivity]@d0cad60: setView = com.android.internal.policy.DecorView@fff2d63 IsHRR=false mFlingFrameRateChange=0 TM=true
11-23 20:55:29.276  8444  8444 I InsetsController: onStateChanged: host=dev.souschef.app/dev.souschef.app.MainActivity, from=android.view.ViewRootImpl.onInsetsStateChanged:3026, state=InsetsState: {mDisplayFrame=Rect(0, 0 - 1440, 3088), mDisplayCutout=DisplayCutout{insets=Rect(0, 100 - 0, 0) waterfall=Insets{left=0, top=0, right=0, bottom=0} boundingRect={Bounds=[Rect(0, 0 - 0, 0), Rect(683, 0 - 758, 100), Rect(0, 0 - 0, 0), Rect(0, 0 - 0, 0)]} cutoutPathParserInfo={CutoutPathParserInfo{displayWidth=1440 displayHeight=3088 physicalDisplayWidth=1440 physicalDisplayHeight=3088 density={3.75} cutoutSpec={M 0,0 H -10 V 26.66666666666667 H 10 V 0 H 0 Z @dp} rotation={0} scale={1.0} physicalPixelDisplaySizeRatio={1.0}}} sideOverrides={}}, mRoundedCorners=RoundedCorners{[RoundedCorner{position=TopLeft, radius=15, center=Point(15, 15)}, RoundedCorner{position=TopRight, radius=15, center=Point(1425, 15)}, RoundedCorner{position=BottomRight, radius=15, center=Point(1425, 3073)}, RoundedCorner{position=BottomLeft, radius=15, center=Point(15, 3073)}]}  mRoundedCornerFrame=Rect(0, 0 - 1440, 3088), mPrivacyIndicatorBounds=PrivacyIndicatorBounds {static bounds=Rect(1275, 0 - 1440, 100) rotation=0}, mDisplayShape=DisplayShape{ spec=-311912193 displayWidth=1440 displayHeight=3088 physicalPixelDisplaySizeRatio=1.0 rotation=0 offsetX=0 offsetY=0 scale=1.0}, mSources= { InsetsSource: {b11d0001 mType=navigationBars mFrame=[0,3032][1440,3088] mVisible=true mFlags=SUPPRESS_SCRIM mSideHint=BOTTOM mBoundingRects=null}, InsetsSource: {b11d0004 mType=systemGestures mFrame=[0,0][84,3088] mVisible=true mFlags= mSideHint=LEFT mBoundingRects=null}, InsetsSource: {b11d0005 mType=mandatorySystemGestures mFrame=[0,2968][1440,3088] mVisible=true mFlags= mSideHint=BOTTOM mBoundingRects=null}, InsetsSource: {b11d0006 mType=tappableElement mFrame=[0,0][0,0] mVisible=true mFlags= mSideHint=NONE mBoundingRects=null}, InsetsSource: {b11d0024 mType=systemGestures mFrame=[1356,0][1440,3088] mVisible=true mFlags= mSideHint=RIGHT mBoundingRects=null}, InsetsSource: {ecac0000 mType=statusBars mFrame=[0,0][1440,100] mVisible=true mFlags= mSideHint=TOP mBoundingRects=null}, InsetsSource: {ecac0005 mType=mandatorySystemGestures mFrame=[0,0][1440,145] mVisible=true mFlags= mSideHint=TOP mBoundingRects=null}, InsetsSource: {ecac0006 mType=tappableElement mFrame=[0,0][1440,100] mVisible=true mFlags= mSideHint=TOP mBoundingRects=null}, InsetsSource: {3 mType=ime mFrame=[0,0][0,0] mVisible=false mFlags= mSideHint=NONE mBoundingRects=null}, InsetsSource: {27 mType=displayCutout mFrame=[0,0][1440,100] mVisible=true mFlags= mSideHint=TOP mBoundingRects=null} }
11-23 20:55:29.277  8444  8444 W libc    : Access denied finding property "vendor.display.enable_optimal_refresh_rate"
11-23 20:55:29.278  8444  8444 I BufferQueueProducer: [](id:20fc00000002,api:0,p:499762224,c:8444) setDequeueTimeout:2077252342
11-23 20:55:29.280  8444  8444 I BLASTBufferQueue_Java: new BLASTBufferQueue, mName= VRI[MainActivity]@d0cad60 mNativeObject= 0xb400007addd43130 caller= android.view.ViewRootImpl.updateBlastSurfaceIfNeeded:3585 android.view.ViewRootImpl.relayoutWindow:11685 android.view.ViewRootImpl.performTraversals:4804 android.view.ViewRootImpl.doTraversal:3924 android.view.ViewRootImpl$TraversalRunnable.run:12903 android.view.Choreographer$CallbackRecord.run:1901 android.view.Choreographer$CallbackRecord.run:1910 android.view.Choreographer.doCallbacks:1367 android.view.Choreographer.doFrame:1292 android.view.Choreographer$FrameDisplayEventReceiver.run:1870 
11-23 20:55:29.281  8444  8444 I BLASTBufferQueue_Java: update, w= 1440 h= 3088 mName = VRI[MainActivity]@d0cad60 mNativeObject= 0xb400007addd43130 sc.mNativeObject= 0xb400007b7dab92d0 format= -2 caller= android.view.ViewRootImpl.updateBlastSurfaceIfNeeded:3590 android.view.ViewRootImpl.relayoutWindow:11685 android.view.ViewRootImpl.performTraversals:4804 android.view.ViewRootImpl.doTraversal:3924 android.view.ViewRootImpl$TraversalRunnable.run:12903 android.view.Choreographer$CallbackRecord.run:1901 
11-23 20:55:29.281  8444  8444 W libc    : Access denied finding property "vendor.display.enable_optimal_refresh_rate"
11-23 20:55:29.282  8444  8444 I VRI[MainActivity]@d0cad60: Relayout returned: old=(0,0,1440,3088) new=(0,0,1440,3088) relayoutAsync=false req=(1440,3088)0 dur=12 res=0x3 s={true 0xb400007bedb6a710} ch=true seqId=0
11-23 20:55:29.283  8444  8444 I VRI[MainActivity]@d0cad60: performConfigurationChange setNightDimText nightDimLevel=0
11-23 20:55:29.284  8444  8444 D VRI[MainActivity]@d0cad60: mThreadedRenderer.initialize() mSurface={isValid=true 0xb400007bedb6a710} hwInitialized=true
11-23 20:55:29.286  8444  8444 D VRI[MainActivity]@d0cad60: reportNextDraw android.view.ViewRootImpl.performTraversals:5443 android.view.ViewRootImpl.doTraversal:3924 android.view.ViewRootImpl$TraversalRunnable.run:12903 android.view.Choreographer$CallbackRecord.run:1901 android.view.Choreographer$CallbackRecord.run:1910 
11-23 20:55:29.286  8444  8444 D VRI[MainActivity]@d0cad60: Setup new sync=wmsSync-VRI[MainActivity]@d0cad60#6
11-23 20:55:29.286  8444  8444 I VRI[MainActivity]@d0cad60: Creating new active sync group VRI[MainActivity]@d0cad60#7
11-23 20:55:29.287  8444  8444 D VRI[MainActivity]@d0cad60: registerCallbacksForSync syncBuffer=false
11-23 20:55:29.288  8444  8526 D VRI[MainActivity]@d0cad60: Received frameDrawingCallback syncResult=0 frameNum=1.
11-23 20:55:29.289  8444  8526 I VRI[MainActivity]@d0cad60: mWNT: t=0xb400007c8dc03590 mBlastBufferQueue=0xb400007addd43130 fn= 1 HdrRenderState mRenderHdrSdrRatio=1.0 caller= android.view.ViewRootImpl$12.onFrameDraw:15441 android.view.ThreadedRenderer$1.onFrameDraw:718 <bottom of call stack> 
11-23 20:55:29.289  8444  8526 I VRI[MainActivity]@d0cad60: Setting up sync and frameCommitCallback
11-23 20:55:29.290  8444  8506 I BLASTBufferQueue: [VRI[MainActivity]@d0cad60#2](f:0,a:0,s:0) onFrameAvailable the first frame is available
11-23 20:55:29.290  8444  8506 I SurfaceComposerClient: apply transaction with the first frame. layerId: 57733, bufferData(ID: 36266703847435, frameNumber: 1)
11-23 20:55:29.290  8444  8506 I VRI[MainActivity]@d0cad60: Received frameCommittedCallback lastAttemptedDrawFrameNum=1 didProduceBuffer=true
11-23 20:55:29.291  8444  8506 D HWUI    : CFMS:: SetUp Pid : 8444    Tid : 8506
11-23 20:55:29.291  8444  8444 D VRI[MainActivity]@d0cad60: reportDrawFinished seqId=0
11-23 20:55:29.295  8444  8649 I ReactNativeJS: [ScreenTransition] PantryMain interactive in 572.90ms
11-23 20:55:29.304  8444  8649 W ReactNativeJS: [ScreenTransition] Slow screen transition: PantryMain took 572.90ms
11-23 20:55:29.344  8444  8444 I VRI[MainActivity]@8e53a52: registerCallbackForPendingTransactions
11-23 20:55:29.349  8444  8524 I VRI[MainActivity]@8e53a52: mWNT: t=0xb400007c8db86010 mBlastBufferQueue=0xb400007adda683b0 fn= 289 HdrRenderState mRenderHdrSdrRatio=1.0 caller= android.view.ViewRootImpl$10.onFrameDraw:6536 android.view.ViewRootImpl$4.onFrameDraw:2489 android.view.ThreadedRenderer$1.onFrameDraw:718 
11-23 20:55:29.357  8444  8506 D HWUI    : HWUI - treat SMPTE_170M as sRGB
11-23 20:55:29.362  8444  8444 I InsetsSourceConsumer: applyRequestedVisibilityToControl: visible=true, type=statusBars, host=dev.souschef.app/dev.souschef.app.MainActivity
11-23 20:55:29.362  8444  8444 I InsetsSourceConsumer: applyRequestedVisibilityToControl: visible=true, type=navigationBars, host=dev.souschef.app/dev.souschef.app.MainActivity
11-23 20:55:29.363  8444  8444 I ImeFocusController: onPreWindowFocus: skipped hasWindowFocus=false mHasImeFocus=true
11-23 20:55:29.364  8444  8444 I ImeFocusController: onPostWindowFocus: skipped hasWindowFocus=false mHasImeFocus=true
11-23 20:55:29.367  8444  8444 I ImeTracker: dev.souschef.app:8589ffd: onRequestHide at ORIGIN_CLIENT reason HIDE_SOFT_INPUT_CLOSE_CURRENT_SESSION fromUser false
11-23 20:55:29.367  8444  8444 D InsetsController: hide(ime(), fromIme=false)
11-23 20:55:29.368  8444  8444 I ImeTracker: dev.souschef.app:8589ffd: onCancelled at PHASE_CLIENT_ALREADY_HIDDEN
11-23 20:55:29.389  8444  8444 I BLASTBufferQueue_Java: update, w= 1440 h= 3088 mName = VRI[MainActivity]@d0cad60 mNativeObject= 0xb400007addd43130 sc.mNativeObject= 0xb400007b7dab92d0 format= -2 caller= android.view.ViewRootImpl.updateBlastSurfaceIfNeeded:3574 android.view.ViewRootImpl.relayoutWindow:11685 android.view.ViewRootImpl.performTraversals:4804 android.view.ViewRootImpl.doTraversal:3924 android.view.ViewRootImpl$TraversalRunnable.run:12903 android.view.Choreographer$CallbackRecord.run:1901 
11-23 20:55:29.389  8444  8444 I VRI[MainActivity]@d0cad60: Relayout returned: old=(0,0,1440,3088) new=(0,0,1440,3088) relayoutAsync=true req=(1440,3088)0 dur=1 res=0x0 s={true 0xb400007bedb6a710} ch=false seqId=0
11-23 20:55:29.390  8444  8444 I VRI[MainActivity]@d0cad60: registerCallbackForPendingTransactions
11-23 20:55:29.391  8444  8526 I VRI[MainActivity]@d0cad60: mWNT: t=0xb400007c8db81850 mBlastBufferQueue=0xb400007addd43130 fn= 3 HdrRenderState mRenderHdrSdrRatio=1.0 caller= android.view.ViewRootImpl$10.onFrameDraw:6536 android.view.ViewRootImpl$4.onFrameDraw:2489 android.view.ThreadedRenderer$1.onFrameDraw:718 
11-23 20:55:29.396  8444  8444 D VRI[MainActivity]@d0cad60: mThreadedRenderer.initializeIfNeeded()#2 mSurface={isValid=true 0xb400007bedb6a710}
11-23 20:55:29.397  8444  8444 D InputMethodManagerUtils: startInputInner - Id : 0
11-23 20:55:29.397  8444  8444 I InputMethodManager: startInputInner - IInputMethodManagerGlobalInvoker.startInputOrWindowGainedFocus
11-23 20:55:29.403  8444  8444 I InputMethodManager: handleMessage: setImeVisibility visible=false
11-23 20:55:29.403  8444  8444 D InsetsController: hide(ime(), fromIme=false)
11-23 20:55:29.403  8444  8444 I ImeTracker: dev.souschef.app:766cad31: onCancelled at PHASE_CLIENT_ALREADY_HIDDEN
11-23 20:55:29.405  8444  8880 D InputTransport: Input channel constructed: 'ClientS', fd=282
11-23 20:55:29.444  8444  8649 I ReactNativeJS: '%c🚀 ✅ QUERY GetCommonUnits 410ms', 'color: #22c55e; font-weight: bold'
11-23 20:55:29.473  8444  8789 I Kumiho-Kumiho: getPackageName: dev.souschef.app
11-23 20:55:29.478  8444  9035 I Kumiho-Kumiho: getPackageName: dev.souschef.app
11-23 20:55:29.480  8444  9035 I Kumiho-Kumiho: getPackageName: dev.souschef.app
11-23 20:55:29.482  8444  8649 I ReactNativeJS: '%c🚀 ✅ QUERY MyShoppingListInvites 446ms', 'color: #22c55e; font-weight: bold'
11-23 20:55:29.495  8444  8649 I ReactNativeJS: '%c🚀 ✅ QUERY GetMyPendingInvites 457ms', 'color: #22c55e; font-weight: bold'
11-23 20:55:29.502  8444  8649 I ReactNativeJS: '%c🚀 ✅ QUERY GetNotificationPreferences 464ms', 'color: #22c55e; font-weight: bold'
11-23 20:55:29.520  8444  8649 I ReactNativeJS: '%c🚀 ✅ QUERY GetUserProfile 464ms', 'color: #22c55e; font-weight: bold'
11-23 20:55:29.553  8444  8649 I ReactNativeJS: '%c🚀 ✅ QUERY GetDefaultHome 488ms', 'color: #22c55e; font-weight: bold'
11-23 20:55:29.772  8444  8649 I ReactNativeJS: '🏠 Auto-selected default home:', '691f7d5e3c9c067fb5562608'
11-23 20:55:29.928  8444  8649 I ReactNativeJS: '%c🚀 ✅ QUERY GetHomes 871ms', 'color: #22c55e; font-weight: bold'
11-23 20:55:29.980  8444  8444 I VRI[MainActivity]@8e53a52: call setFrameRateCategory for touch hint category=no preference, reason=boost timeout, vri=VRI[MainActivity]@8e53a52
11-23 20:55:30.295  8444  8444 D ScrollView: initGoToTop
11-23 20:55:30.329  8444  8444 W UiControllerImpl: Waiting for: DYNAMIC_TASKS_HAVE_IDLED for 700 iterations.
11-23 20:55:30.862  8444  8649 I ReactNativeJS: '%c🚀 ❌ SUBSCRIPTION MemberLeft 937ms', 'color: #ef4444; font-weight: bold'
11-23 20:55:30.862  8444  8649 I ReactNativeJS: '   📤 Variables:', { homeId: '691f7d5e3c9c067fb5562608' }
11-23 20:55:30.867  8444  8649 E ReactNativeJS: '   ❌ Errors:', '[\n  {\n    "name": "Error",\n    "message": "Converting circular structure to JSON\\n    --> starting at object with constructor \'Timeout\'\\n    |     property \'_idlePrev\' -> object with constructor \'TimersList\'\\n    --- property \'_idleNext\' closes the circle",\n    "additionalProperties": {\n      "locations": "[Max depth reached]",\n      "path": "[Max depth reached]"\n    }\n  }\n]'
11-23 20:55:30.885  8444  8649 W ReactNativeJS: '⚠️ [MemberLeft]', 'Subscription error (circular structure - expected during reconnection)', ''
11-23 20:55:30.892  8444  8649 I ReactNativeJS: '🔔 [MemberLeft]', 'Subscription connected', { entityId: '691f7d5e3c9c067fb5562608' }
11-23 20:55:30.989  8444  8649 I ReactNativeJS: 💾 Cache: Persisted cache (0 KB)
11-23 20:55:30.991  8444  8649 I ReactNativeJS: '%c🚀 ⚠️ QUERY GetHomeBasic 1073ms', 'color: #f59e0b; font-weight: bold'
11-23 20:55:30.991  8444  8649 I ReactNativeJS: '   📤 Variables:', { homeId: '691f7d5e3c9c067fb5562608' }
11-23 20:55:31.159  8444  8649 I ReactNativeJS: '%c🚀 ✅ QUERY GetPantry 444ms', 'color: #22c55e; font-weight: bold'
11-23 20:55:31.160  8444  8649 I ReactNativeJS: '   📤 Variables:', { itemsFirst: 25,
11-23 20:55:31.160  8444  8649 I ReactNativeJS:   storageLocationsFirst: 50,
11-23 20:55:31.160  8444  8649 I ReactNativeJS:   id: '691f7d5e3c9c067fb556260b' }
11-23 20:55:32.508  8444  8444 W IdlingPolicy: These resources are not idle: [LooperIdlingResource-224-mqt_v_js]
11-23 20:55:32.630  8444  8444 D ScrollView: initGoToTop
11-23 20:55:32.726  8444  8444 D ScrollView: initGoToTop
11-23 20:55:33.059  8444  8649 I ReactNativeJS: '%c🚀 ⚠️ MUTATION RegisterDevice 2269ms', 'color: #f59e0b; font-weight: bold'
11-23 20:55:33.060  8444  8649 I ReactNativeJS: '   📤 Variables:', { input: 
11-23 20:55:33.060  8444  8649 I ReactNativeJS:    { deviceId: 'android-YzJiY2I3ZDZlMThkNWU3ZC10YXJvLWMy-michvx6c',
11-23 20:55:33.060  8444  8649 I ReactNativeJS:      deviceName: 'ARTAN\'s S22 Ultra',
11-23 20:55:33.060  8444  8649 I ReactNativeJS:      deviceType: 'MOBILE',
11-23 20:55:33.060  8444  8649 I ReactNativeJS:      platform: 'ANDROID',
11-23 20:55:33.060  8444  8649 I ReactNativeJS:      osName: 'Android',
11-23 20:55:33.060  8444  8649 I ReactNativeJS:      osVersion: '16',
11-23 20:55:33.060  8444  8649 I ReactNativeJS:      appVersion: '1.7.17',
11-23 20:55:33.060  8444  8649 I ReactNativeJS:      userAgent: 'Mozilla/5.0 (Linux; Android 16; SM-S908U1 Build/BP2A.250605.031.A3; wv) AppleWebKit/537.36 (KHTML, like Gecko) Version/4.0 Chrome/142.0.7444.102 Mobile Safari/537.36',
11-23 20:55:33.060  8444  8649 I ReactNativeJS:      browserName: 'Native App',
11-23 20:55:33.060  8444  8649 I ReactNativeJS:      browserVersion: undefined,
11-23 20:55:33.060  8444  8649 I ReactNativeJS:      screenResolution: '384x823.4666666666667',
11-23 20:55:33.060  8444  8649 I ReactNativeJS:      timezone: 'America/New_York',
11-23 20:55:33.060  8444  8649 I ReactNativeJS:      language: 'en-US',
11-23 20:55:33.060  8444  8649 I ReactNativeJS:      lastIpAddress: '192.168.1.107',
11-23 20:55:33.060  8444  8649 I ReactNativeJS:      lastCountry: 'US' } }
11-23 20:55:33.369  8444  8444 D DetoxRNHelpers: Native RN module resolution (class com.reactnativecommunity.asyncstorage.AsyncStorageModule): no such class
11-23 20:55:33.677  8444  8444 D DetoxRNHelpers: Native RN module resolution (class com.reactnativecommunity.asyncstorage.AsyncStorageModule): no such class
11-23 20:55:33.702  8444  8444 D DetoxRNHelpers: Native RN module resolution (class com.reactnativecommunity.asyncstorage.AsyncStorageModule): no such class
11-23 20:55:33.769  8444  8444 D DetoxRNHelpers: Native RN module resolution (class com.reactnativecommunity.asyncstorage.AsyncStorageModule): no such class
11-23 20:55:33.785  8444  8444 D DetoxRNHelpers: Native RN module resolution (class com.reactnativecommunity.asyncstorage.AsyncStorageModule): no such class
11-23 20:55:34.838  8444  8444 W UiControllerImpl: Waiting for: DYNAMIC_TASKS_HAVE_IDLED for 100 iterations.
11-23 20:55:35.090  8444  8649 I MMKV    : <MMKV_IO.cpp:468::expandAndWriteBack> extending [sous-chef-storage_temp] file size from 4096 to 65536, incoming size:14336, future usage:19816
11-23 20:55:35.090  8444  8649 I MMKV    : <MemoryFile.cpp:102::open> open fd[188], flag 0x7, /data/data/dev.souschef.app/files/mmkv/sous-chef-storage_temp
11-23 20:55:35.091  8444  8649 I MMKV    : <MemoryFile.cpp:249::mmapOrCleanup> mmap to address [0x7db5a72000], oldPtr [0x7dc6e30000], [/data/data/dev.souschef.app/files/mmkv/sous-chef-storage_temp]
11-23 20:55:35.091  8444  8649 I MMKV    : <MemoryFile.cpp:108::close> closing fd[188], /data/data/dev.souschef.app/files/mmkv/sous-chef-storage_temp
11-23 20:55:35.091  8444  8649 I MMKV    : <MMKV_IO.cpp:545::writeActualSize> [sous-chef-storage_temp] increase sequence to 2, crc 4168575544, actualSize 519
11-23 20:55:35.091  8444  8649 I MMKV    : <MMKV.cpp:1182::sync> MMKV::sync, SyncFlag = 1
11-23 20:55:35.096  8444  8649 I ReactNativeJS: 💾 Cache: Persisted cache (14 KB)
11-23 20:55:35.100  8444  8444 D DetoxRNHelpers: Native RN module resolution (class com.reactnativecommunity.asyncstorage.AsyncStorageModule): no such class
11-23 20:55:35.101  8444  8489 I DetoxWSClient: Sending out action 'invokeResult' (ID #11)
11-23 20:55:35.102  8444  8489 I DetoxDispatcher: Done with action 'invoke'
11-23 20:55:35.111  8444  8495 D DetoxWSClient: Received action 'invoke' (ID #12, params={"target":{"type":"Class","value":"com.wix.detox.espresso.DetoxAssertion"},"method":"waitForAssertMatcher","args":[{"type":"Invocation","value":{"target":{"type":"Class","value":"androidx.test.espresso.Espresso"},"method":"onView","args":[{"type":"Invocation","value":{"target":{"type":"Class","value":"com.wix.detox.espresso.DetoxMatcher"},"method":"matcherForTestId","args":["post-login-biometric-prompt",{"type":"boolean","value":false}]}}]}},{"type":"Invocation","value":{"target":{"type":"Class","value":"com.wix.detox.espresso.DetoxMatcher"},"method":"matcherForSufficientlyVisible","args":[{"type":"Integer","value":75}]}},{"type":"Double","value":2}]})
11-23 20:55:35.112  8444  8489 I DetoxDispatcher: Handling action 'invoke' (ID #12)...
11-23 20:55:35.112  8444  8489 D Detox   : class com.wix.detox.espresso.DetoxMatcher, matcherForTestId, [post-login-biometric-prompt, false]
11-23 20:55:35.114  8444  8489 D Detox   : class androidx.test.espresso.Espresso, onView, [(view.getTag() is "post-login-biometric-prompt" and view has effective visibility <VISIBLE>)]
11-23 20:55:35.115  8444  8489 D Detox   : class com.wix.detox.espresso.DetoxMatcher, matcherForSufficientlyVisible, [75]
11-23 20:55:35.116  8444  8489 D Detox   : class com.wix.detox.espresso.DetoxAssertion, waitForAssertMatcher, [androidx.test.espresso.ViewInteraction@7ccc92a, (view has effective visibility <VISIBLE> and view.getGlobalVisibleRect() covers at least <75> percent of the view's area), 2.0]
11-23 20:55:35.121  8444  8444 D DetoxRNHelpers: Native RN module resolution (class com.reactnativecommunity.asyncstorage.AsyncStorageModule): no such class
11-23 20:55:35.124  8444  8444 D DetoxRNHelpers: Native RN module resolution (class com.reactnativecommunity.asyncstorage.AsyncStorageModule): no such class
11-23 20:55:35.127  8444  8444 I ViewInteraction: Checking 'MatchesViewAssertion(Detox){viewMatcher=(view has effective visibility <VISIBLE> and view.getGlobalVisibleRect() covers at least <75> percent of the view's area)}' assertion on view (view.getTag() is "post-login-biometric-prompt" and view has effective visibility <VISIBLE>)
11-23 20:55:35.132  8444  8489 I DetoxWSClient: Sending out action 'invokeResult' (ID #12)
11-23 20:55:35.133  8444  8489 I DetoxDispatcher: Done with action 'invoke'
11-23 20:55:35.138  8444  8495 D DetoxWSClient: Received action 'invoke' (ID #13, params={"target":{"type":"Class","value":"com.wix.detox.espresso.DetoxAssertion"},"method":"waitForAssertMatcher","args":[{"type":"Invocation","value":{"target":{"type":"Class","value":"androidx.test.espresso.Espresso"},"method":"onView","args":[{"type":"Invocation","value":{"target":{"type":"Class","value":"com.wix.detox.espresso.DetoxMatcher"},"method":"matcherForTestId","args":["post-login-biometric-prompt",{"type":"boolean","value":false}]}}]}},{"type":"Invocation","value":{"target":{"type":"Class","value":"com.wix.detox.espresso.DetoxMatcher"},"method":"matcherForNotNull","args":[]}},{"type":"Double","value":5}]})
11-23 20:55:35.139  8444  8489 I DetoxDispatcher: Handling action 'invoke' (ID #13)...
11-23 20:55:35.139  8444  8489 D Detox   : class com.wix.detox.espresso.DetoxMatcher, matcherForTestId, [post-login-biometric-prompt, false]
11-23 20:55:35.140  8444  8489 D Detox   : class androidx.test.espresso.Espresso, onView, [(view.getTag() is "post-login-biometric-prompt" and view has effective visibility <VISIBLE>)]
11-23 20:55:35.142  8444  8489 D Detox   : class com.wix.detox.espresso.DetoxMatcher, matcherForNotNull, []
11-23 20:55:35.142  8444  8489 D Detox   : class com.wix.detox.espresso.DetoxAssertion, waitForAssertMatcher, [androidx.test.espresso.ViewInteraction@871dcb8, not null, 5.0]
11-23 20:55:35.146  8444  8444 D DetoxRNHelpers: Native RN module resolution (class com.reactnativecommunity.asyncstorage.AsyncStorageModule): no such class
11-23 20:55:35.149  8444  8444 D DetoxRNHelpers: Native RN module resolution (class com.reactnativecommunity.asyncstorage.AsyncStorageModule): no such class
11-23 20:55:35.151  8444  8444 I ViewInteraction: Checking 'MatchesViewAssertion(Detox){viewMatcher=not null}' assertion on view (view.getTag() is "post-login-biometric-prompt" and view has effective visibility <VISIBLE>)
11-23 20:55:35.155  8444  8489 I DetoxWSClient: Sending out action 'invokeResult' (ID #13)
11-23 20:55:35.156  8444  8489 I DetoxDispatcher: Done with action 'invoke'
11-23 20:55:35.159  8444  8495 D DetoxWSClient: Received action 'invoke' (ID #14, params={"target":{"type":"Class","value":"com.wix.detox.espresso.DetoxAssertion"},"method":"waitForAssertMatcher","args":[{"type":"Invocation","value":{"target":{"type":"Class","value":"androidx.test.espresso.Espresso"},"method":"onView","args":[{"type":"Invocation","value":{"target":{"type":"Class","value":"com.wix.detox.espresso.DetoxMatcher"},"method":"matcherForTestId","args":["post-login-biometric-prompt",{"type":"boolean","value":false}]}}]}},{"type":"Invocation","value":{"target":{"type":"Class","value":"com.wix.detox.espresso.DetoxMatcher"},"method":"matcherForSufficientlyVisible","args":[{"type":"Integer","value":75}]}},{"type":"Double","value":5}]})
11-23 20:55:35.159  8444  8489 I DetoxDispatcher: Handling action 'invoke' (ID #14)...
11-23 20:55:35.160  8444  8489 D Detox   : class com.wix.detox.espresso.DetoxMatcher, matcherForTestId, [post-login-biometric-prompt, false]
11-23 20:55:35.161  8444  8489 D Detox   : class androidx.test.espresso.Espresso, onView, [(view.getTag() is "post-login-biometric-prompt" and view has effective visibility <VISIBLE>)]
11-23 20:55:35.163  8444  8489 D Detox   : class com.wix.detox.espresso.DetoxMatcher, matcherForSufficientlyVisible, [75]
11-23 20:55:35.164  8444  8489 D Detox   : class com.wix.detox.espresso.DetoxAssertion, waitForAssertMatcher, [androidx.test.espresso.ViewInteraction@80b3a91, (view has effective visibility <VISIBLE> and view.getGlobalVisibleRect() covers at least <75> percent of the view's area), 5.0]
11-23 20:55:35.167  8444  8444 D DetoxRNHelpers: Native RN module resolution (class com.reactnativecommunity.asyncstorage.AsyncStorageModule): no such class
11-23 20:55:35.169  8444  8444 D DetoxRNHelpers: Native RN module resolution (class com.reactnativecommunity.asyncstorage.AsyncStorageModule): no such class
11-23 20:55:35.171  8444  8444 I ViewInteraction: Checking 'MatchesViewAssertion(Detox){viewMatcher=(view has effective visibility <VISIBLE> and view.getGlobalVisibleRect() covers at least <75> percent of the view's area)}' assertion on view (view.getTag() is "post-login-biometric-prompt" and view has effective visibility <VISIBLE>)
11-23 20:55:35.174  8444  8489 I DetoxWSClient: Sending out action 'invokeResult' (ID #14)
11-23 20:55:35.176  8444  8489 I DetoxDispatcher: Done with action 'invoke'
11-23 20:55:35.544  8444  8495 D DetoxWSClient: Received action 'invoke' (ID #15, params={"target":{"type":"Class","value":"com.wix.detox.espresso.DetoxAssertion"},"method":"waitForAssertMatcher","args":[{"type":"Invocation","value":{"target":{"type":"Class","value":"androidx.test.espresso.Espresso"},"method":"onView","args":[{"type":"Invocation","value":{"target":{"type":"Class","value":"com.wix.detox.espresso.DetoxMatcher"},"method":"matcherForTestId","args":["biometric-prompt-decline",{"type":"boolean","value":false}]}}]}},{"type":"Invocation","value":{"target":{"type":"Class","value":"com.wix.detox.espresso.DetoxMatcher"},"method":"matcherForSufficientlyVisible","args":[{"type":"Integer","value":75}]}},{"type":"Double","value":15}]})
11-23 20:55:35.545  8444  8489 I DetoxDispatcher: Handling action 'invoke' (ID #15)...
11-23 20:55:35.546  8444  8489 D Detox   : class com.wix.detox.espresso.DetoxMatcher, matcherForTestId, [biometric-prompt-decline, false]
11-23 20:55:35.547  8444  8489 D Detox   : class androidx.test.espresso.Espresso, onView, [(view.getTag() is "biometric-prompt-decline" and view has effective visibility <VISIBLE>)]
11-23 20:55:35.549  8444  8489 D Detox   : class com.wix.detox.espresso.DetoxMatcher, matcherForSufficientlyVisible, [75]
11-23 20:55:35.550  8444  8489 D Detox   : class com.wix.detox.espresso.DetoxAssertion, waitForAssertMatcher, [androidx.test.espresso.ViewInteraction@5c64df6, (view has effective visibility <VISIBLE> and view.getGlobalVisibleRect() covers at least <75> percent of the view's area), 15.0]
11-23 20:55:35.556  8444  8444 D DetoxRNHelpers: Native RN module resolution (class com.reactnativecommunity.asyncstorage.AsyncStorageModule): no such class
11-23 20:55:35.559  8444  8444 D DetoxRNHelpers: Native RN module resolution (class com.reactnativecommunity.asyncstorage.AsyncStorageModule): no such class
11-23 20:55:35.562  8444  8444 I ViewInteraction: Checking 'MatchesViewAssertion(Detox){viewMatcher=(view has effective visibility <VISIBLE> and view.getGlobalVisibleRect() covers at least <75> percent of the view's area)}' assertion on view (view.getTag() is "biometric-prompt-decline" and view has effective visibility <VISIBLE>)
11-23 20:55:35.566  8444  8489 I DetoxWSClient: Sending out action 'invokeResult' (ID #15)
11-23 20:55:35.567  8444  8489 I DetoxDispatcher: Done with action 'invoke'
11-23 20:55:35.571  8444  8495 D DetoxWSClient: Received action 'invoke' (ID #16, params={"target":{"type":"Class","value":"com.wix.detox.espresso.EspressoDetox"},"method":"perform","args":[{"type":"Invocation","value":{"target":{"type":"Class","value":"com.wix.detox.espresso.DetoxMatcher"},"method":"matcherForTestId","args":["biometric-prompt-decline",{"type":"boolean","value":false}]}},{"type":"Invocation","value":{"target":{"type":"Class","value":"com.wix.detox.espresso.DetoxViewActions"},"method":"click","args":[]}}]})
11-23 20:55:35.571  8444  8489 I DetoxDispatcher: Handling action 'invoke' (ID #16)...
11-23 20:55:35.572  8444  8489 D Detox   : class com.wix.detox.espresso.DetoxMatcher, matcherForTestId, [biometric-prompt-decline, false]
11-23 20:55:35.572  8444  8489 D Detox   : class com.wix.detox.espresso.DetoxViewActions, click, []
11-23 20:55:35.573  8444  8489 D Detox   : class com.wix.detox.espresso.EspressoDetox, perform, [(view.getTag() is "biometric-prompt-decline" and view has effective visibility <VISIBLE>), com.wix.detox.espresso.action.RNClickAction@ec40c64]
11-23 20:55:35.577  8444  8444 D DetoxRNHelpers: Native RN module resolution (class com.reactnativecommunity.asyncstorage.AsyncStorageModule): no such class
11-23 20:55:35.579  8444  8444 D DetoxRNHelpers: Native RN module resolution (class com.reactnativecommunity.asyncstorage.AsyncStorageModule): no such class
11-23 20:55:35.582  8444  8444 I ViewInteraction: Performing 'com.wix.detox.espresso.action.detoxsingletap@e97eecd click' action on view (view.getTag() is "biometric-prompt-decline" and view has effective visibility <VISIBLE>)
11-23 20:55:35.589  8444  8444 I VRI[MainActivity]@d0cad60: ViewPostIme pointer 0
11-23 20:55:35.594  8444  8444 I VRI[MainActivity]@d0cad60: call setFrameRateCategory for touch hint category=high hint, reason=touch, vri=VRI[MainActivity]@d0cad60
11-23 20:55:35.618  8444  8444 I VRI[MainActivity]@d0cad60: ViewPostIme pointer 1
11-23 20:55:36.072  8444  8444 I WindowManager: WindowManagerGlobal#removeView, ty=2, view=com.android.internal.policy.DecorView{fff2d63 V.E...... R......D 0,0-1440,3088 aid=1073741861}[MainActivity], caller=android.view.WindowManagerGlobal.removeView:654 android.view.WindowManagerImpl.removeViewImmediate:216 android.app.Dialog.dismissDialog:850 
11-23 20:55:36.073  8444  8444 W WindowOnBackDispatcher: sendCancelIfRunning: isInProgress=false callback=androidx.activity.OnBackPressedDispatcher$Api34Impl$createOnBackAnimationCallback$1@e7f3f8c
11-23 20:55:36.079  8444  8444 I VRI[MainActivity]@d0cad60: dispatchDetachedFromWindow
11-23 20:55:36.096  8444  8444 D InputTransport: Input channel destroyed: '9376a00', fd=196
11-23 20:55:36.156  8444  8444 I InsetsSourceConsumer: applyRequestedVisibilityToControl: visible=true, type=statusBars, host=dev.souschef.app/dev.souschef.app.MainActivity
11-23 20:55:36.157  8444  8444 I InsetsSourceConsumer: applyRequestedVisibilityToControl: visible=true, type=navigationBars, host=dev.souschef.app/dev.souschef.app.MainActivity
11-23 20:55:36.158  8444  8444 I InsetsController: onStateChanged: host=dev.souschef.app/dev.souschef.app.MainActivity, from=android.view.ViewRootImpl.onInsetsStateChanged:3026, state=InsetsState: {mDisplayFrame=Rect(0, 0 - 1440, 3088), mDisplayCutout=DisplayCutout{insets=Rect(0, 100 - 0, 0) waterfall=Insets{left=0, top=0, right=0, bottom=0} boundingRect={Bounds=[Rect(0, 0 - 0, 0), Rect(683, 0 - 758, 100), Rect(0, 0 - 0, 0), Rect(0, 0 - 0, 0)]} cutoutPathParserInfo={CutoutPathParserInfo{displayWidth=1440 displayHeight=3088 physicalDisplayWidth=1440 physicalDisplayHeight=3088 density={3.75} cutoutSpec={M 0,0 H -10 V 26.66666666666667 H 10 V 0 H 0 Z @dp} rotation={0} scale={1.0} physicalPixelDisplaySizeRatio={1.0}}} sideOverrides={}}, mRoundedCorners=RoundedCorners{[RoundedCorner{position=TopLeft, radius=15, center=Point(15, 15)}, RoundedCorner{position=TopRight, radius=15, center=Point(1425, 15)}, RoundedCorner{position=BottomRight, radius=15, center=Point(1425, 3073)}, RoundedCorner{position=BottomLeft, radius=15, center=Point(15, 3073)}]}  mRoundedCornerFrame=Rect(0, 0 - 1440, 3088), mPrivacyIndicatorBounds=PrivacyIndicatorBounds {static bounds=Rect(1275, 0 - 1440, 100) rotation=0}, mDisplayShape=DisplayShape{ spec=-311912193 displayWidth=1440 displayHeight=3088 physicalPixelDisplaySizeRatio=1.0 rotation=0 offsetX=0 offsetY=0 scale=1.0}, mSources= { InsetsSource: {b11d0001 mType=navigationBars mFrame=[0,3032][1440,3088] mVisible=true mFlags=SUPPRESS_SCRIM mSideHint=BOTTOM mBoundingRects=null}, InsetsSource: {b11d0004 mType=systemGestures mFrame=[0,0][84,3088] mVisible=true mFlags= mSideHint=LEFT mBoundingRects=null}, InsetsSource: {b11d0005 mType=mandatorySystemGestures mFrame=[0,2968][1440,3088] mVisible=true mFlags= mSideHint=BOTTOM mBoundingRects=null}, InsetsSource: {b11d0006 mType=tappableElement mFrame=[0,0][0,0] mVisible=true mFlags= mSideHint=NONE mBoundingRects=null}, InsetsSource: {b11d0024 mType=systemGestures mFrame=[1356,0][1440,3088] mVisible=true mFlags= mSideHint=RIGHT mBoundingRects=null}, InsetsSource: {ecac0000 mType=statusBars mFrame=[0,0][1440,100] mVisible=true mFlags= mSideHint=TOP mBoundingRects=null}, InsetsSource: {ecac0005 mType=mandatorySystemGestures mFrame=[0,0][1440,145] mVisible=true mFlags= mSideHint=TOP mBoundingRects=null}, InsetsSource: {ecac0006 mType=tappableElement mFrame=[0,0][1440,100] mVisible=true mFlags= mSideHint=TOP mBoundingRects=null}, InsetsSource: {27 mType=displayCutout mFrame=[0,0][1440,100] mVisible=true mFlags= mSideHint=TOP mBoundingRects=null} }
11-23 20:55:36.160  8444  8444 D VRI[MainActivity]@8e53a52: mThreadedRenderer.initializeIfNeeded()#2 mSurface={isValid=true 0xb400007beda57a40}
11-23 20:55:36.162  8444  8444 D InputMethodManagerUtils: startInputInner - Id : 0
11-23 20:55:36.162  8444  8444 I InputMethodManager: startInputInner - IInputMethodManagerGlobalInvoker.startInputOrWindowGainedFocus
11-23 20:55:36.165  8444  8444 D DetoxRNHelpers: Native RN module resolution (class com.reactnativecommunity.asyncstorage.AsyncStorageModule): no such class
11-23 20:55:36.166  8444  8444 I InputMethodManager: handleMessage: setImeVisibility visible=false
11-23 20:55:36.166  8444  8444 D InsetsController: hide(ime(), fromIme=false)
11-23 20:55:36.166  8444  8444 I ImeTracker: dev.souschef.app:7b9ce34a: onCancelled at PHASE_CLIENT_ALREADY_HIDDEN
11-23 20:55:36.170  8444  8880 D InputTransport: Input channel constructed: 'ClientS', fd=197
11-23 20:55:36.468  8444  8444 D DetoxRNHelpers: Native RN module resolution (class com.reactnativecommunity.asyncstorage.AsyncStorageModule): no such class
11-23 20:55:36.469  8444  8444 D DetoxRNHelpers: Native RN module resolution (class com.reactnativecommunity.asyncstorage.AsyncStorageModule): no such class
11-23 20:55:36.536  8444  8444 D DetoxRNHelpers: Native RN module resolution (class com.reactnativecommunity.asyncstorage.AsyncStorageModule): no such class
11-23 20:55:36.538  8444  8444 D DetoxRNHelpers: Native RN module resolution (class com.reactnativecommunity.asyncstorage.AsyncStorageModule): no such class
11-23 20:55:36.540  8444  8444 D DetoxRNHelpers: Native RN module resolution (class com.reactnativecommunity.asyncstorage.AsyncStorageModule): no such class
11-23 20:55:36.544  8444  8444 D DetoxRNHelpers: Native RN module resolution (class com.reactnativecommunity.asyncstorage.AsyncStorageModule): no such class
11-23 20:55:36.546  8444  8489 I DetoxWSClient: Sending out action 'invokeResult' (ID #16)
11-23 20:55:36.546  8444  8489 I DetoxDispatcher: Done with action 'invoke'
11-23 20:55:36.552  8444  8495 D DetoxWSClient: Received action 'invoke' (ID #17, params={"target":{"type":"Class","value":"com.wix.detox.espresso.DetoxAssertion"},"method":"waitForAssertMatcher","args":[{"type":"Invocation","value":{"target":{"type":"Class","value":"androidx.test.espresso.Espresso"},"method":"onView","args":[{"type":"Invocation","value":{"target":{"type":"Class","value":"com.wix.detox.espresso.DetoxMatcher"},"method":"matcherForTestId","args":["post-login-biometric-prompt",{"type":"boolean","value":false}]}}]}},{"type":"Invocation","value":{"target":{"type":"Class","value":"com.wix.detox.espresso.DetoxMatcher"},"method":"matcherForNot","args":[{"type":"Invocation","value":{"target":{"type":"Class","value":"com.wix.detox.espresso.DetoxMatcher"},"method":"matcherForSufficientlyVisible","args":[{"type":"Integer","value":75}]}}]}},{"type":"Double","value":7.5}]})
11-23 20:55:36.553  8444  8489 I DetoxDispatcher: Handling action 'invoke' (ID #17)...
11-23 20:55:36.553  8444  8489 D Detox   : class com.wix.detox.espresso.DetoxMatcher, matcherForTestId, [post-login-biometric-prompt, false]
11-23 20:55:36.554  8444  8489 D Detox   : class androidx.test.espresso.Espresso, onView, [(view.getTag() is "post-login-biometric-prompt" and view has effective visibility <VISIBLE>)]
11-23 20:55:36.556  8444  8489 D Detox   : class com.wix.detox.espresso.DetoxMatcher, matcherForSufficientlyVisible, [75]
11-23 20:55:36.557  8444  8489 D Detox   : class com.wix.detox.espresso.DetoxMatcher, matcherForNot, [(view has effective visibility <VISIBLE> and view.getGlobalVisibleRect() covers at least <75> percent of the view's area)]
11-23 20:55:36.557  8444  8489 D Detox   : class com.wix.detox.espresso.DetoxAssertion, waitForAssertMatcher, [androidx.test.espresso.ViewInteraction@79059e3, not (view has effective visibility <VISIBLE> and view.getGlobalVisibleRect() covers at least <75> percent of the view's area), 7.5]
11-23 20:55:36.561  8444  8444 D DetoxRNHelpers: Native RN module resolution (class com.reactnativecommunity.asyncstorage.AsyncStorageModule): no such class
11-23 20:55:36.563  8444  8444 D DetoxRNHelpers: Native RN module resolution (class com.reactnativecommunity.asyncstorage.AsyncStorageModule): no such class
11-23 20:55:36.650  8444  8444 I ViewInteraction: Checking 'MatchesViewAssertion(Detox){viewMatcher=not (view has effective visibility <VISIBLE> and view.getGlobalVisibleRect() covers at least <75> percent of the view's area)}' assertion on view (view.getTag() is "post-login-biometric-prompt" and view has effective visibility <VISIBLE>)
11-23 20:55:36.652  8444  8489 I DetoxWSClient: Sending out action 'invokeResult' (ID #17)
11-23 20:55:36.652  8444  8489 I DetoxDispatcher: Done with action 'invoke'
11-23 20:55:36.657  8444  8495 D DetoxWSClient: Received action 'invoke' (ID #18, params={"target":{"type":"Class","value":"com.wix.detox.espresso.DetoxAssertion"},"method":"waitForAssertMatcher","args":[{"type":"Invocation","value":{"target":{"type":"Class","value":"androidx.test.espresso.Espresso"},"method":"onView","args":[{"type":"Invocation","value":{"target":{"type":"Class","value":"com.wix.detox.espresso.DetoxMatcher"},"method":"matcherForTestId","args":["post-login-biometric-prompt",{"type":"boolean","value":false}]}}]}},{"type":"Invocation","value":{"target":{"type":"Class","value":"com.wix.detox.espresso.DetoxMatcher"},"method":"matcherForNot","args":[{"type":"Invocation","value":{"target":{"type":"Class","value":"com.wix.detox.espresso.DetoxMatcher"},"method":"matcherForNotNull","args":[]}}]}},{"type":"Double","value":7.5}]})
11-23 20:55:36.658  8444  8489 I DetoxDispatcher: Handling action 'invoke' (ID #18)...
11-23 20:55:36.658  8444  8489 D Detox   : class com.wix.detox.espresso.DetoxMatcher, matcherForTestId, [post-login-biometric-prompt, false]
11-23 20:55:36.659  8444  8489 D Detox   : class androidx.test.espresso.Espresso, onView, [(view.getTag() is "post-login-biometric-prompt" and view has effective visibility <VISIBLE>)]
11-23 20:55:36.661  8444  8489 D Detox   : class com.wix.detox.espresso.DetoxMatcher, matcherForNotNull, []
11-23 20:55:36.662  8444  8489 D Detox   : class com.wix.detox.espresso.DetoxMatcher, matcherForNot, [not null]
11-23 20:55:36.662  8444  8489 D Detox   : class com.wix.detox.espresso.DetoxAssertion, waitForAssertMatcher, [androidx.test.espresso.ViewInteraction@3f97f61, not not null, 7.5]
11-23 20:55:36.666  8444  8444 D DetoxRNHelpers: Native RN module resolution (class com.reactnativecommunity.asyncstorage.AsyncStorageModule): no such class
11-23 20:55:36.668  8444  8444 D DetoxRNHelpers: Native RN module resolution (class com.reactnativecommunity.asyncstorage.AsyncStorageModule): no such class
11-23 20:55:36.732  8444  8444 I ViewInteraction: Checking 'MatchesViewAssertion(Detox){viewMatcher=not not null}' assertion on view (view.getTag() is "post-login-biometric-prompt" and view has effective visibility <VISIBLE>)
11-23 20:55:36.733  8444  8489 I DetoxWSClient: Sending out action 'invokeResult' (ID #18)
11-23 20:55:36.734  8444  8489 I DetoxDispatcher: Done with action 'invoke'
11-23 20:55:36.799  8444  8449 W ev.souschef.app: Cleared Reference was only reachable from finalizer (only reported once)
11-23 20:55:36.852  8444  8449 I ev.souschef.app: Background concurrent mark compact GC freed 18MB AllocSpace bytes, 25(2172KB) LOS objects, 66% free, 15MB/46MB, paused 943us,4.014ms total 120.097ms
11-23 20:55:36.854  8444  8450 D InputTransport: Input channel destroyed: 'ClientS', fd=282
11-23 20:55:36.858  8444  8450 D InputTransport: Input channel destroyed: 'ClientS', fd=197
11-23 20:55:36.983  8444  8495 D DetoxWSClient: Received action 'invoke' (ID #19, params={"target":{"type":"Class","value":"com.wix.detox.espresso.DetoxAssertion"},"method":"waitForAssertMatcher","args":[{"type":"Invocation","value":{"target":{"type":"Class","value":"androidx.test.espresso.Espresso"},"method":"onView","args":[{"type":"Invocation","value":{"target":{"type":"Class","value":"com.wix.detox.espresso.DetoxMatcher"},"method":"matcherForTestId","args":["biometric-setup-screen",{"type":"boolean","value":false}]}}]}},{"type":"Invocation","value":{"target":{"type":"Class","value":"com.wix.detox.espresso.DetoxMatcher"},"method":"matcherForSufficientlyVisible","args":[{"type":"Integer","value":75}]}},{"type":"Double","value":2}]})
11-23 20:55:36.984  8444  8489 I DetoxDispatcher: Handling action 'invoke' (ID #19)...
11-23 20:55:36.985  8444  8489 D Detox   : class com.wix.detox.espresso.DetoxMatcher, matcherForTestId, [biometric-setup-screen, false]
11-23 20:55:36.986  8444  8489 D Detox   : class androidx.test.espresso.Espresso, onView, [(view.getTag() is "biometric-setup-screen" and view has effective visibility <VISIBLE>)]
11-23 20:55:36.988  8444  8489 D Detox   : class com.wix.detox.espresso.DetoxMatcher, matcherForSufficientlyVisible, [75]
11-23 20:55:36.989  8444  8489 D Detox   : class com.wix.detox.espresso.DetoxAssertion, waitForAssertMatcher, [androidx.test.espresso.ViewInteraction@c10fa86, (view has effective visibility <VISIBLE> and view.getGlobalVisibleRect() covers at least <75> percent of the view's area), 2.0]
11-23 20:55:36.994  8444  8444 D DetoxRNHelpers: Native RN module resolution (class com.reactnativecommunity.asyncstorage.AsyncStorageModule): no such class
11-23 20:55:36.996  8444  8444 D DetoxRNHelpers: Native RN module resolution (class com.reactnativecommunity.asyncstorage.AsyncStorageModule): no such class
11-23 20:55:37.061  8444  8444 I ViewInteraction: Checking 'MatchesViewAssertion(Detox){viewMatcher=(view has effective visibility <VISIBLE> and view.getGlobalVisibleRect() covers at least <75> percent of the view's area)}' assertion on view (view.getTag() is "biometric-setup-screen" and view has effective visibility <VISIBLE>)
11-23 20:55:37.089  8444  8444 D DetoxRNHelpers: Native RN module resolution (class com.reactnativecommunity.asyncstorage.AsyncStorageModule): no such class
11-23 20:55:37.092  8444  8444 D DetoxRNHelpers: Native RN module resolution (class com.reactnativecommunity.asyncstorage.AsyncStorageModule): no such class
11-23 20:55:37.095  8444  8444 D DetoxRNHelpers: Native RN module resolution (class com.reactnativecommunity.asyncstorage.AsyncStorageModule): no such class
11-23 20:55:37.098  8444  8444 D DetoxRNHelpers: Native RN module resolution (class com.reactnativecommunity.asyncstorage.AsyncStorageModule): no such class
11-23 20:55:37.152  8444  8444 I ViewInteraction: Checking 'MatchesViewAssertion(Detox){viewMatcher=(view has effective visibility <VISIBLE> and view.getGlobalVisibleRect() covers at least <75> percent of the view's area)}' assertion on view (view.getTag() is "biometric-setup-screen" and view has effective visibility <VISIBLE>)
11-23 20:55:37.177  8444  8444 D DetoxRNHelpers: Native RN module resolution (class com.reactnativecommunity.asyncstorage.AsyncStorageModule): no such class
11-23 20:55:37.179  8444  8444 D DetoxRNHelpers: Native RN module resolution (class com.reactnativecommunity.asyncstorage.AsyncStorageModule): no such class
11-23 20:55:37.181  8444  8444 D DetoxRNHelpers: Native RN module resolution (class com.reactnativecommunity.asyncstorage.AsyncStorageModule): no such class
11-23 20:55:37.183  8444  8444 D DetoxRNHelpers: Native RN module resolution (class com.reactnativecommunity.asyncstorage.AsyncStorageModule): no such class
11-23 20:55:37.231  8444  8444 I ViewInteraction: Checking 'MatchesViewAssertion(Detox){viewMatcher=(view has effective visibility <VISIBLE> and view.getGlobalVisibleRect() covers at least <75> percent of the view's area)}' assertion on view (view.getTag() is "biometric-setup-screen" and view has effective visibility <VISIBLE>)
11-23 20:55:37.260  8444  8444 D DetoxRNHelpers: Native RN module resolution (class com.reactnativecommunity.asyncstorage.AsyncStorageModule): no such class
11-23 20:55:37.263  8444  8444 D DetoxRNHelpers: Native RN module resolution (class com.reactnativecommunity.asyncstorage.AsyncStorageModule): no such class
11-23 20:55:37.266  8444  8444 D DetoxRNHelpers: Native RN module resolution (class com.reactnativecommunity.asyncstorage.AsyncStorageModule): no such class
11-23 20:55:37.269  8444  8444 D DetoxRNHelpers: Native RN module resolution (class com.reactnativecommunity.asyncstorage.AsyncStorageModule): no such class
11-23 20:55:37.319  8444  8444 I ViewInteraction: Checking 'MatchesViewAssertion(Detox){viewMatcher=(view has effective visibility <VISIBLE> and view.getGlobalVisibleRect() covers at least <75> percent of the view's area)}' assertion on view (view.getTag() is "biometric-setup-screen" and view has effective visibility <VISIBLE>)
11-23 20:55:37.344  8444  8444 D DetoxRNHelpers: Native RN module resolution (class com.reactnativecommunity.asyncstorage.AsyncStorageModule): no such class
11-23 20:55:37.346  8444  8444 D DetoxRNHelpers: Native RN module resolution (class com.reactnativecommunity.asyncstorage.AsyncStorageModule): no such class
11-23 20:55:37.348  8444  8444 D DetoxRNHelpers: Native RN module resolution (class com.reactnativecommunity.asyncstorage.AsyncStorageModule): no such class
11-23 20:55:37.350  8444  8444 D DetoxRNHelpers: Native RN module resolution (class com.reactnativecommunity.asyncstorage.AsyncStorageModule): no such class
11-23 20:55:37.395  8444  8444 I ViewInteraction: Checking 'MatchesViewAssertion(Detox){viewMatcher=(view has effective visibility <VISIBLE> and view.getGlobalVisibleRect() covers at least <75> percent of the view's area)}' assertion on view (view.getTag() is "biometric-setup-screen" and view has effective visibility <VISIBLE>)
11-23 20:55:37.420  8444  8444 D DetoxRNHelpers: Native RN module resolution (class com.reactnativecommunity.asyncstorage.AsyncStorageModule): no such class
11-23 20:55:37.422  8444  8444 D DetoxRNHelpers: Native RN module resolution (class com.reactnativecommunity.asyncstorage.AsyncStorageModule): no such class
11-23 20:55:37.427  8444  8444 D DetoxRNHelpers: Native RN module resolution (class com.reactnativecommunity.asyncstorage.AsyncStorageModule): no such class
11-23 20:55:37.429  8444  8444 D DetoxRNHelpers: Native RN module resolution (class com.reactnativecommunity.asyncstorage.AsyncStorageModule): no such class
11-23 20:55:37.480  8444  8444 I ViewInteraction: Checking 'MatchesViewAssertion(Detox){viewMatcher=(view has effective visibility <VISIBLE> and view.getGlobalVisibleRect() covers at least <75> percent of the view's area)}' assertion on view (view.getTag() is "biometric-setup-screen" and view has effective visibility <VISIBLE>)
11-23 20:55:37.509  8444  8444 D DetoxRNHelpers: Native RN module resolution (class com.reactnativecommunity.asyncstorage.AsyncStorageModule): no such class
11-23 20:55:37.512  8444  8444 D DetoxRNHelpers: Native RN module resolution (class com.reactnativecommunity.asyncstorage.AsyncStorageModule): no such class
11-23 20:55:37.516  8444  8444 D DetoxRNHelpers: Native RN module resolution (class com.reactnativecommunity.asyncstorage.AsyncStorageModule): no such class
11-23 20:55:37.519  8444  8444 D DetoxRNHelpers: Native RN module resolution (class com.reactnativecommunity.asyncstorage.AsyncStorageModule): no such class
11-23 20:55:37.567  8444  8444 I ViewInteraction: Checking 'MatchesViewAssertion(Detox){viewMatcher=(view has effective visibility <VISIBLE> and view.getGlobalVisibleRect() covers at least <75> percent of the view's area)}' assertion on view (view.getTag() is "biometric-setup-screen" and view has effective visibility <VISIBLE>)
11-23 20:55:37.595  8444  8444 D DetoxRNHelpers: Native RN module resolution (class com.reactnativecommunity.asyncstorage.AsyncStorageModule): no such class
11-23 20:55:37.598  8444  8444 D DetoxRNHelpers: Native RN module resolution (class com.reactnativecommunity.asyncstorage.AsyncStorageModule): no such class
11-23 20:55:37.602  8444  8444 D DetoxRNHelpers: Native RN module resolution (class com.reactnativecommunity.asyncstorage.AsyncStorageModule): no such class
11-23 20:55:37.604  8444  8444 D DetoxRNHelpers: Native RN module resolution (class com.reactnativecommunity.asyncstorage.AsyncStorageModule): no such class
11-23 20:55:37.653  8444  8444 I ViewInteraction: Checking 'MatchesViewAssertion(Detox){viewMatcher=(view has effective visibility <VISIBLE> and view.getGlobalVisibleRect() covers at least <75> percent of the view's area)}' assertion on view (view.getTag() is "biometric-setup-screen" and view has effective visibility <VISIBLE>)
11-23 20:55:37.679  8444  8444 D DetoxRNHelpers: Native RN module resolution (class com.reactnativecommunity.asyncstorage.AsyncStorageModule): no such class
11-23 20:55:37.682  8444  8444 D DetoxRNHelpers: Native RN module resolution (class com.reactnativecommunity.asyncstorage.AsyncStorageModule): no such class
11-23 20:55:37.685  8444  8444 D DetoxRNHelpers: Native RN module resolution (class com.reactnativecommunity.asyncstorage.AsyncStorageModule): no such class
11-23 20:55:37.687  8444  8444 D DetoxRNHelpers: Native RN module resolution (class com.reactnativecommunity.asyncstorage.AsyncStorageModule): no such class
11-23 20:55:37.734  8444  8444 I ViewInteraction: Checking 'MatchesViewAssertion(Detox){viewMatcher=(view has effective visibility <VISIBLE> and view.getGlobalVisibleRect() covers at least <75> percent of the view's area)}' assertion on view (view.getTag() is "biometric-setup-screen" and view has effective visibility <VISIBLE>)
11-23 20:55:37.769  8444  8444 D DetoxRNHelpers: Native RN module resolution (class com.reactnativecommunity.asyncstorage.AsyncStorageModule): no such class
11-23 20:55:37.774  8444  8444 D DetoxRNHelpers: Native RN module resolution (class com.reactnativecommunity.asyncstorage.AsyncStorageModule): no such class
11-23 20:55:37.778  8444  8444 D DetoxRNHelpers: Native RN module resolution (class com.reactnativecommunity.asyncstorage.AsyncStorageModule): no such class
11-23 20:55:37.779  8444  8444 D DetoxRNHelpers: Native RN module resolution (class com.reactnativecommunity.asyncstorage.AsyncStorageModule): no such class
11-23 20:55:37.827  8444  8444 I ViewInteraction: Checking 'MatchesViewAssertion(Detox){viewMatcher=(view has effective visibility <VISIBLE> and view.getGlobalVisibleRect() covers at least <75> percent of the view's area)}' assertion on view (view.getTag() is "biometric-setup-screen" and view has effective visibility <VISIBLE>)
11-23 20:55:37.854  8444  8444 D DetoxRNHelpers: Native RN module resolution (class com.reactnativecommunity.asyncstorage.AsyncStorageModule): no such class
11-23 20:55:37.858  8444  8444 D DetoxRNHelpers: Native RN module resolution (class com.reactnativecommunity.asyncstorage.AsyncStorageModule): no such class
11-23 20:55:37.861  8444  8444 D DetoxRNHelpers: Native RN module resolution (class com.reactnativecommunity.asyncstorage.AsyncStorageModule): no such class
11-23 20:55:37.863  8444  8444 D DetoxRNHelpers: Native RN module resolution (class com.reactnativecommunity.asyncstorage.AsyncStorageModule): no such class
11-23 20:55:37.909  8444  8444 I ViewInteraction: Checking 'MatchesViewAssertion(Detox){viewMatcher=(view has effective visibility <VISIBLE> and view.getGlobalVisibleRect() covers at least <75> percent of the view's area)}' assertion on view (view.getTag() is "biometric-setup-screen" and view has effective visibility <VISIBLE>)
11-23 20:55:37.934  8444  8444 D DetoxRNHelpers: Native RN module resolution (class com.reactnativecommunity.asyncstorage.AsyncStorageModule): no such class
11-23 20:55:37.935  8444  8444 D DetoxRNHelpers: Native RN module resolution (class com.reactnativecommunity.asyncstorage.AsyncStorageModule): no such class
11-23 20:55:37.938  8444  8444 D DetoxRNHelpers: Native RN module resolution (class com.reactnativecommunity.asyncstorage.AsyncStorageModule): no such class
11-23 20:55:37.939  8444  8444 D DetoxRNHelpers: Native RN module resolution (class com.reactnativecommunity.asyncstorage.AsyncStorageModule): no such class
11-23 20:55:37.983  8444  8444 I ViewInteraction: Checking 'MatchesViewAssertion(Detox){viewMatcher=(view has effective visibility <VISIBLE> and view.getGlobalVisibleRect() covers at least <75> percent of the view's area)}' assertion on view (view.getTag() is "biometric-setup-screen" and view has effective visibility <VISIBLE>)
11-23 20:55:38.012  8444  8444 D DetoxRNHelpers: Native RN module resolution (class com.reactnativecommunity.asyncstorage.AsyncStorageModule): no such class
11-23 20:55:38.014  8444  8444 D DetoxRNHelpers: Native RN module resolution (class com.reactnativecommunity.asyncstorage.AsyncStorageModule): no such class
11-23 20:55:38.019  8444  8444 D DetoxRNHelpers: Native RN module resolution (class com.reactnativecommunity.asyncstorage.AsyncStorageModule): no such class
11-23 20:55:38.021  8444  8444 D DetoxRNHelpers: Native RN module resolution (class com.reactnativecommunity.asyncstorage.AsyncStorageModule): no such class
11-23 20:55:38.067  8444  8444 I ViewInteraction: Checking 'MatchesViewAssertion(Detox){viewMatcher=(view has effective visibility <VISIBLE> and view.getGlobalVisibleRect() covers at least <75> percent of the view's area)}' assertion on view (view.getTag() is "biometric-setup-screen" and view has effective visibility <VISIBLE>)
11-23 20:55:38.433  8444  8444 D DetoxRNHelpers: Native RN module resolution (class com.reactnativecommunity.asyncstorage.AsyncStorageModule): no such class
11-23 20:55:38.440  8444  8444 D DetoxRNHelpers: Native RN module resolution (class com.reactnativecommunity.asyncstorage.AsyncStorageModule): no such class
11-23 20:55:38.441  8444  8444 D DetoxRNHelpers: Native RN module resolution (class com.reactnativecommunity.asyncstorage.AsyncStorageModule): no such class
11-23 20:55:38.486  8444  8444 I ViewInteraction: Checking 'MatchesViewAssertion(Detox){viewMatcher=(view has effective visibility <VISIBLE> and view.getGlobalVisibleRect() covers at least <75> percent of the view's area)}' assertion on view (view.getTag() is "biometric-setup-screen" and view has effective visibility <VISIBLE>)
11-23 20:55:38.516  8444  8444 D DetoxRNHelpers: Native RN module resolution (class com.reactnativecommunity.asyncstorage.AsyncStorageModule): no such class
11-23 20:55:38.522  8444  8444 D DetoxRNHelpers: Native RN module resolution (class com.reactnativecommunity.asyncstorage.AsyncStorageModule): no such class
11-23 20:55:38.525  8444  8444 D DetoxRNHelpers: Native RN module resolution (class com.reactnativecommunity.asyncstorage.AsyncStorageModule): no such class
11-23 20:55:38.531  8444  8444 D DetoxRNHelpers: Native RN module resolution (class com.reactnativecommunity.asyncstorage.AsyncStorageModule): no such class
11-23 20:55:38.577  8444  8444 I ViewInteraction: Checking 'MatchesViewAssertion(Detox){viewMatcher=(view has effective visibility <VISIBLE> and view.getGlobalVisibleRect() covers at least <75> percent of the view's area)}' assertion on view (view.getTag() is "biometric-setup-screen" and view has effective visibility <VISIBLE>)
11-23 20:55:38.606  8444  8444 D DetoxRNHelpers: Native RN module resolution (class com.reactnativecommunity.asyncstorage.AsyncStorageModule): no such class
11-23 20:55:38.607  8444  8444 D DetoxRNHelpers: Native RN module resolution (class com.reactnativecommunity.asyncstorage.AsyncStorageModule): no such class
11-23 20:55:38.614  8444  8444 D DetoxRNHelpers: Native RN module resolution (class com.reactnativecommunity.asyncstorage.AsyncStorageModule): no such class
11-23 20:55:38.627  8444  8444 D DetoxRNHelpers: Native RN module resolution (class com.reactnativecommunity.asyncstorage.AsyncStorageModule): no such class
11-23 20:55:38.673  8444  8444 I ViewInteraction: Checking 'MatchesViewAssertion(Detox){viewMatcher=(view has effective visibility <VISIBLE> and view.getGlobalVisibleRect() covers at least <75> percent of the view's area)}' assertion on view (view.getTag() is "biometric-setup-screen" and view has effective visibility <VISIBLE>)
11-23 20:55:38.699  8444  8444 D DetoxRNHelpers: Native RN module resolution (class com.reactnativecommunity.asyncstorage.AsyncStorageModule): no such class
11-23 20:55:38.703  8444  8444 D DetoxRNHelpers: Native RN module resolution (class com.reactnativecommunity.asyncstorage.AsyncStorageModule): no such class
11-23 20:55:38.706  8444  8444 D DetoxRNHelpers: Native RN module resolution (class com.reactnativecommunity.asyncstorage.AsyncStorageModule): no such class
11-23 20:55:38.708  8444  8444 D DetoxRNHelpers: Native RN module resolution (class com.reactnativecommunity.asyncstorage.AsyncStorageModule): no such class
11-23 20:55:38.756  8444  8444 I ViewInteraction: Checking 'MatchesViewAssertion(Detox){viewMatcher=(view has effective visibility <VISIBLE> and view.getGlobalVisibleRect() covers at least <75> percent of the view's area)}' assertion on view (view.getTag() is "biometric-setup-screen" and view has effective visibility <VISIBLE>)
11-23 20:55:38.783  8444  8444 D DetoxRNHelpers: Native RN module resolution (class com.reactnativecommunity.asyncstorage.AsyncStorageModule): no such class
11-23 20:55:38.787  8444  8444 D DetoxRNHelpers: Native RN module resolution (class com.reactnativecommunity.asyncstorage.AsyncStorageModule): no such class
11-23 20:55:38.790  8444  8444 D DetoxRNHelpers: Native RN module resolution (class com.reactnativecommunity.asyncstorage.AsyncStorageModule): no such class
11-23 20:55:38.792  8444  8444 D DetoxRNHelpers: Native RN module resolution (class com.reactnativecommunity.asyncstorage.AsyncStorageModule): no such class
11-23 20:55:38.836  8444  8444 I ViewInteraction: Checking 'MatchesViewAssertion(Detox){viewMatcher=(view has effective visibility <VISIBLE> and view.getGlobalVisibleRect() covers at least <75> percent of the view's area)}' assertion on view (view.getTag() is "biometric-setup-screen" and view has effective visibility <VISIBLE>)
11-23 20:55:38.863  8444  8444 D DetoxRNHelpers: Native RN module resolution (class com.reactnativecommunity.asyncstorage.AsyncStorageModule): no such class
11-23 20:55:38.865  8444  8444 D DetoxRNHelpers: Native RN module resolution (class com.reactnativecommunity.asyncstorage.AsyncStorageModule): no such class
11-23 20:55:38.870  8444  8444 D DetoxRNHelpers: Native RN module resolution (class com.reactnativecommunity.asyncstorage.AsyncStorageModule): no such class
11-23 20:55:38.872  8444  8444 D DetoxRNHelpers: Native RN module resolution (class com.reactnativecommunity.asyncstorage.AsyncStorageModule): no such class
11-23 20:55:38.915  8444  8449 I ev.souschef.app: Background concurrent mark compact GC freed 24MB AllocSpace bytes, 84(10MB) LOS objects, 66% free, 15MB/47MB, paused 971us,4.487ms total 108.300ms
11-23 20:55:38.936  8444  8444 I ViewInteraction: Checking 'MatchesViewAssertion(Detox){viewMatcher=(view has effective visibility <VISIBLE> and view.getGlobalVisibleRect() covers at least <75> percent of the view's area)}' assertion on view (view.getTag() is "biometric-setup-screen" and view has effective visibility <VISIBLE>)
11-23 20:55:38.962  8444  8444 D DetoxRNHelpers: Native RN module resolution (class com.reactnativecommunity.asyncstorage.AsyncStorageModule): no such class
11-23 20:55:38.964  8444  8444 D DetoxRNHelpers: Native RN module resolution (class com.reactnativecommunity.asyncstorage.AsyncStorageModule): no such class
11-23 20:55:38.967  8444  8444 D DetoxRNHelpers: Native RN module resolution (class com.reactnativecommunity.asyncstorage.AsyncStorageModule): no such class
11-23 20:55:38.970  8444  8444 D DetoxRNHelpers: Native RN module resolution (class com.reactnativecommunity.asyncstorage.AsyncStorageModule): no such class
11-23 20:55:39.019  8444  8444 I ViewInteraction: Checking 'MatchesViewAssertion(Detox){viewMatcher=(view has effective visibility <VISIBLE> and view.getGlobalVisibleRect() covers at least <75> percent of the view's area)}' assertion on view (view.getTag() is "biometric-setup-screen" and view has effective visibility <VISIBLE>)
11-23 20:55:39.045  8444  8444 D DetoxRNHelpers: Native RN module resolution (class com.reactnativecommunity.asyncstorage.AsyncStorageModule): no such class
11-23 20:55:39.047  8444  8444 D DetoxRNHelpers: Native RN module resolution (class com.reactnativecommunity.asyncstorage.AsyncStorageModule): no such class
11-23 20:55:39.050  8444  8489 I DetoxActionHandlers: Test exception
11-23 20:55:39.050  8444  8489 I DetoxActionHandlers: java.lang.reflect.InvocationTargetException
11-23 20:55:39.050  8444  8489 I DetoxActionHandlers: 	at java.lang.reflect.Method.invoke(Native Method)
11-23 20:55:39.050  8444  8489 I DetoxActionHandlers: 	at org.apache.commons.lang3.reflect.MethodUtils.invokeStaticMethod(MethodUtils.java:443)
11-23 20:55:39.050  8444  8489 I DetoxActionHandlers: 	at org.apache.commons.lang3.reflect.MethodUtils.invokeStaticMethod(MethodUtils.java:405)
11-23 20:55:39.050  8444  8489 I DetoxActionHandlers: 	at com.wix.invoke.types.ClassTarget.execute(ClassTarget.java:23)
11-23 20:55:39.050  8444  8489 I DetoxActionHandlers: 	at com.wix.invoke.types.Target.invoke(Target.java:59)
11-23 20:55:39.050  8444  8489 I DetoxActionHandlers: 	at com.wix.invoke.MethodInvocation.invoke(MethodInvocation.java:35)
11-23 20:55:39.050  8444  8489 I DetoxActionHandlers: 	at com.wix.invoke.MethodInvocation.invoke(MethodInvocation.java:26)
11-23 20:55:39.050  8444  8489 I DetoxActionHandlers: 	at com.wix.invoke.MethodInvocation.invoke(MethodInvocation.java:20)
11-23 20:55:39.050  8444  8489 I DetoxActionHandlers: 	at com.wix.detox.adapters.server.InvokeActionHandler.handle(DetoxActionHandlers.kt:54)
11-23 20:55:39.050  8444  8489 I DetoxActionHandlers: 	at com.wix.detox.adapters.server.ActionsExecutor.executeAction$lambda$2$lambda$1(DetoxActionsDispatcher.kt:76)
11-23 20:55:39.050  8444  8489 I DetoxActionHandlers: 	at com.wix.detox.adapters.server.ActionsExecutor.$r8$lambda$GVbB7LHtBHxNHGbgYnHJ6YrwCqs(Unknown Source:0)
11-23 20:55:39.050  8444  8489 I DetoxActionHandlers: 	at com.wix.detox.adapters.server.ActionsExecutor$$ExternalSyntheticLambda0.run(D8$$SyntheticClass:0)
11-23 20:55:39.050  8444  8489 I DetoxActionHandlers: 	at android.os.Handler.handleCallback(Handler.java:995)
11-23 20:55:39.050  8444  8489 I DetoxActionHandlers: 	at android.os.Handler.dispatchMessage(Handler.java:103)
11-23 20:55:39.050  8444  8489 I DetoxActionHandlers: 	at android.os.Looper.loopOnce(Looper.java:273)
11-23 20:55:39.050  8444  8489 I DetoxActionHandlers: 	at android.os.Looper.loop(Looper.java:363)
11-23 20:55:39.050  8444  8489 I DetoxActionHandlers: 	at com.wix.detox.adapters.server.ActionsExecutor._init_$lambda$0(DetoxActionsDispatcher.kt:62)
11-23 20:55:39.050  8444  8489 I DetoxActionHandlers: 	at com.wix.detox.adapters.server.ActionsExecutor.$r8$lambda$xlgL0CQim6vNM0wWEqM8JIDgZUE(Unknown Source:0)
11-23 20:55:39.050  8444  8489 I DetoxActionHandlers: 	at com.wix.detox.adapters.server.ActionsExecutor$$ExternalSyntheticLambda1.run(D8$$SyntheticClass:0)
11-23 20:55:39.050  8444  8489 I DetoxActionHandlers: 	at java.lang.Thread.run(Thread.java:1119)
11-23 20:55:39.050  8444  8489 I DetoxActionHandlers: Caused by: com.wix.detox.common.DetoxErrors$DetoxRuntimeException: 2.0sec timeout expired without matching of given matcher: (view has effective visibility <VISIBLE> and view.getGlobalVisibleRect() covers at least <75> percent of the view's area)
11-23 20:55:39.050  8444  8489 I DetoxActionHandlers: 	at com.wix.detox.espresso.DetoxAssertion.waitForAssertMatcher(DetoxAssertion.java:72)
11-23 20:55:39.050  8444  8489 I DetoxActionHandlers: 	... 20 more
11-23 20:55:39.051  8444  8489 I DetoxWSClient: Sending out action 'testFailed' (ID #19)
11-23 20:55:39.052  8444  8489 I DetoxDispatcher: Done with action 'invoke'
11-23 20:55:39.057  8444  8495 D DetoxWSClient: Received action 'invoke' (ID #20, params={"target":{"type":"Class","value":"com.wix.detox.espresso.DetoxAssertion"},"method":"waitForAssertMatcher","args":[{"type":"Invocation","value":{"target":{"type":"Class","value":"androidx.test.espresso.Espresso"},"method":"onView","args":[{"type":"Invocation","value":{"target":{"type":"Class","value":"com.wix.detox.espresso.DetoxMatcher"},"method":"matcherForTestId","args":["feature-hint-overlay-dismiss",{"type":"boolean","value":false}]}}]}},{"type":"Invocation","value":{"target":{"type":"Class","value":"com.wix.detox.espresso.DetoxMatcher"},"method":"matcherForSufficientlyVisible","args":[{"type":"Integer","value":75}]}},{"type":"Double","value":3}]})
11-23 20:55:39.058  8444  8489 I DetoxDispatcher: Handling action 'invoke' (ID #20)...
11-23 20:55:39.059  8444  8489 D Detox   : class com.wix.detox.espresso.DetoxMatcher, matcherForTestId, [feature-hint-overlay-dismiss, false]
11-23 20:55:39.060  8444  8489 D Detox   : class androidx.test.espresso.Espresso, onView, [(view.getTag() is "feature-hint-overlay-dismiss" and view has effective visibility <VISIBLE>)]
11-23 20:55:39.061  8444  8489 D Detox   : class com.wix.detox.espresso.DetoxMatcher, matcherForSufficientlyVisible, [75]
11-23 20:55:39.062  8444  8489 D Detox   : class com.wix.detox.espresso.DetoxAssertion, waitForAssertMatcher, [androidx.test.espresso.ViewInteraction@ffc2e6e, (view has effective visibility <VISIBLE> and view.getGlobalVisibleRect() covers at least <75> percent of the view's area), 3.0]
11-23 20:55:39.064  8444  8444 D DetoxRNHelpers: Native RN module resolution (class com.reactnativecommunity.asyncstorage.AsyncStorageModule): no such class
11-23 20:55:39.066  8444  8444 D DetoxRNHelpers: Native RN module resolution (class com.reactnativecommunity.asyncstorage.AsyncStorageModule): no such class
11-23 20:55:39.071  8444  8444 I ViewInteraction: Checking 'MatchesViewAssertion(Detox){viewMatcher=(view has effective visibility <VISIBLE> and view.getGlobalVisibleRect() covers at least <75> percent of the view's area)}' assertion on view (view.getTag() is "feature-hint-overlay-dismiss" and view has effective visibility <VISIBLE>)
11-23 20:55:39.076  8444  8489 I DetoxWSClient: Sending out action 'invokeResult' (ID #20)
11-23 20:55:39.076  8444  8489 I DetoxDispatcher: Done with action 'invoke'
11-23 20:55:39.081  8444  8495 D DetoxWSClient: Received action 'invoke' (ID #21, params={"target":{"type":"Class","value":"com.wix.detox.espresso.DetoxAssertion"},"method":"waitForAssertMatcher","args":[{"type":"Invocation","value":{"target":{"type":"Class","value":"androidx.test.espresso.Espresso"},"method":"onView","args":[{"type":"Invocation","value":{"target":{"type":"Class","value":"com.wix.detox.espresso.DetoxMatcher"},"method":"matcherForTestId","args":["feature-hint-overlay",{"type":"boolean","value":false}]}}]}},{"type":"Invocation","value":{"target":{"type":"Class","value":"com.wix.detox.espresso.DetoxMatcher"},"method":"matcherForNotNull","args":[]}},{"type":"Double","value":1}]})
11-23 20:55:39.081  8444  8489 I DetoxDispatcher: Handling action 'invoke' (ID #21)...
11-23 20:55:39.082  8444  8489 D Detox   : class com.wix.detox.espresso.DetoxMatcher, matcherForTestId, [feature-hint-overlay, false]
11-23 20:55:39.083  8444  8489 D Detox   : class androidx.test.espresso.Espresso, onView, [(view.getTag() is "feature-hint-overlay" and view has effective visibility <VISIBLE>)]
11-23 20:55:39.084  8444  8489 D Detox   : class com.wix.detox.espresso.DetoxMatcher, matcherForNotNull, []
11-23 20:55:39.085  8444  8489 D Detox   : class com.wix.detox.espresso.DetoxAssertion, waitForAssertMatcher, [androidx.test.espresso.ViewInteraction@b99790f, not null, 1.0]
11-23 20:55:39.088  8444  8444 D DetoxRNHelpers: Native RN module resolution (class com.reactnativecommunity.asyncstorage.AsyncStorageModule): no such class
11-23 20:55:39.090  8444  8444 D DetoxRNHelpers: Native RN module resolution (class com.reactnativecommunity.asyncstorage.AsyncStorageModule): no such class
11-23 20:55:39.095  8444  8444 I ViewInteraction: Checking 'MatchesViewAssertion(Detox){viewMatcher=not null}' assertion on view (view.getTag() is "feature-hint-overlay" and view has effective visibility <VISIBLE>)
11-23 20:55:39.098  8444  8489 I DetoxWSClient: Sending out action 'invokeResult' (ID #21)
11-23 20:55:39.099  8444  8489 I DetoxDispatcher: Done with action 'invoke'
11-23 20:55:39.102  8444  8495 D DetoxWSClient: Received action 'invoke' (ID #22, params={"target":{"type":"Class","value":"com.wix.detox.espresso.DetoxAssertion"},"method":"waitForAssertMatcher","args":[{"type":"Invocation","value":{"target":{"type":"Class","value":"androidx.test.espresso.Espresso"},"method":"onView","args":[{"type":"Invocation","value":{"target":{"type":"Class","value":"com.wix.detox.espresso.DetoxMatcher"},"method":"matcherForTestId","args":["feature-hint-overlay",{"type":"boolean","value":false}]}}]}},{"type":"Invocation","value":{"target":{"type":"Class","value":"com.wix.detox.espresso.DetoxMatcher"},"method":"matcherForSufficientlyVisible","args":[{"type":"Integer","value":75}]}},{"type":"Double","value":1}]})
11-23 20:55:39.103  8444  8489 I DetoxDispatcher: Handling action 'invoke' (ID #22)...
11-23 20:55:39.103  8444  8489 D Detox   : class com.wix.detox.espresso.DetoxMatcher, matcherForTestId, [feature-hint-overlay, false]
11-23 20:55:39.104  8444  8489 D Detox   : class androidx.test.espresso.Espresso, onView, [(view.getTag() is "feature-hint-overlay" and view has effective visibility <VISIBLE>)]
11-23 20:55:39.105  8444  8489 D Detox   : class com.wix.detox.espresso.DetoxMatcher, matcherForSufficientlyVisible, [75]
11-23 20:55:39.106  8444  8489 D Detox   : class com.wix.detox.espresso.DetoxAssertion, waitForAssertMatcher, [androidx.test.espresso.ViewInteraction@3d54d9c, (view has effective visibility <VISIBLE> and view.getGlobalVisibleRect() covers at least <75> percent of the view's area), 1.0]
11-23 20:55:39.110  8444  8444 D DetoxRNHelpers: Native RN module resolution (class com.reactnativecommunity.asyncstorage.AsyncStorageModule): no such class
11-23 20:55:39.112  8444  8444 D DetoxRNHelpers: Native RN module resolution (class com.reactnativecommunity.asyncstorage.AsyncStorageModule): no such class
11-23 20:55:39.118  8444  8444 I ViewInteraction: Checking 'MatchesViewAssertion(Detox){viewMatcher=(view has effective visibility <VISIBLE> and view.getGlobalVisibleRect() covers at least <75> percent of the view's area)}' assertion on view (view.getTag() is "feature-hint-overlay" and view has effective visibility <VISIBLE>)
11-23 20:55:39.122  8444  8489 I DetoxWSClient: Sending out action 'invokeResult' (ID #22)
11-23 20:55:39.122  8444  8489 I DetoxDispatcher: Done with action 'invoke'
11-23 20:55:39.490  8444  8495 D DetoxWSClient: Received action 'invoke' (ID #23, params={"target":{"type":"Class","value":"com.wix.detox.espresso.DetoxAssertion"},"method":"waitForAssertMatcher","args":[{"type":"Invocation","value":{"target":{"type":"Class","value":"androidx.test.espresso.Espresso"},"method":"onView","args":[{"type":"Invocation","value":{"target":{"type":"Class","value":"com.wix.detox.espresso.DetoxMatcher"},"method":"matcherForTestId","args":["feature-hint-overlay-dismiss",{"type":"boolean","value":false}]}}]}},{"type":"Invocation","value":{"target":{"type":"Class","value":"com.wix.detox.espresso.DetoxMatcher"},"method":"matcherForSufficientlyVisible","args":[{"type":"Integer","value":75}]}},{"type":"Double","value":15}]})
11-23 20:55:39.492  8444  8489 I DetoxDispatcher: Handling action 'invoke' (ID #23)...
11-23 20:55:39.493  8444  8489 D Detox   : class com.wix.detox.espresso.DetoxMatcher, matcherForTestId, [feature-hint-overlay-dismiss, false]
11-23 20:55:39.494  8444  8489 D Detox   : class androidx.test.espresso.Espresso, onView, [(view.getTag() is "feature-hint-overlay-dismiss" and view has effective visibility <VISIBLE>)]
11-23 20:55:39.496  8444  8489 D Detox   : class com.wix.detox.espresso.DetoxMatcher, matcherForSufficientlyVisible, [75]
11-23 20:55:39.497  8444  8489 D Detox   : class com.wix.detox.espresso.DetoxAssertion, waitForAssertMatcher, [androidx.test.espresso.ViewInteraction@21fc3a5, (view has effective visibility <VISIBLE> and view.getGlobalVisibleRect() covers at least <75> percent of the view's area), 15.0]
11-23 20:55:39.502  8444  8444 D DetoxRNHelpers: Native RN module resolution (class com.reactnativecommunity.asyncstorage.AsyncStorageModule): no such class
11-23 20:55:39.505  8444  8444 D DetoxRNHelpers: Native RN module resolution (class com.reactnativecommunity.asyncstorage.AsyncStorageModule): no such class
11-23 20:55:39.511  8444  8444 I ViewInteraction: Checking 'MatchesViewAssertion(Detox){viewMatcher=(view has effective visibility <VISIBLE> and view.getGlobalVisibleRect() covers at least <75> percent of the view's area)}' assertion on view (view.getTag() is "feature-hint-overlay-dismiss" and view has effective visibility <VISIBLE>)
11-23 20:55:39.516  8444  8489 I DetoxWSClient: Sending out action 'invokeResult' (ID #23)
11-23 20:55:39.517  8444  8489 I DetoxDispatcher: Done with action 'invoke'
11-23 20:55:39.520  8444  8495 D DetoxWSClient: Received action 'invoke' (ID #24, params={"target":{"type":"Class","value":"com.wix.detox.espresso.EspressoDetox"},"method":"perform","args":[{"type":"Invocation","value":{"target":{"type":"Class","value":"com.wix.detox.espresso.DetoxMatcher"},"method":"matcherForTestId","args":["feature-hint-overlay-dismiss",{"type":"boolean","value":false}]}},{"type":"Invocation","value":{"target":{"type":"Class","value":"com.wix.detox.espresso.DetoxViewActions"},"method":"click","args":[]}}]})
11-23 20:55:39.521  8444  8489 I DetoxDispatcher: Handling action 'invoke' (ID #24)...
11-23 20:55:39.521  8444  8489 D Detox   : class com.wix.detox.espresso.DetoxMatcher, matcherForTestId, [feature-hint-overlay-dismiss, false]
11-23 20:55:39.522  8444  8489 D Detox   : class com.wix.detox.espresso.DetoxViewActions, click, []
11-23 20:55:39.522  8444  8489 D Detox   : class com.wix.detox.espresso.EspressoDetox, perform, [(view.getTag() is "feature-hint-overlay-dismiss" and view has effective visibility <VISIBLE>), com.wix.detox.espresso.action.RNClickAction@bc0c37a]
11-23 20:55:39.527  8444  8444 D DetoxRNHelpers: Native RN module resolution (class com.reactnativecommunity.asyncstorage.AsyncStorageModule): no such class
11-23 20:55:39.530  8444  8444 D DetoxRNHelpers: Native RN module resolution (class com.reactnativecommunity.asyncstorage.AsyncStorageModule): no such class
11-23 20:55:39.535  8444  8444 I ViewInteraction: Performing 'com.wix.detox.espresso.action.detoxsingletap@6fe972b click' action on view (view.getTag() is "feature-hint-overlay-dismiss" and view has effective visibility <VISIBLE>)
11-23 20:55:39.541  8444  8444 I VRI[MainActivity]@8e53a52: ViewPostIme pointer 0
11-23 20:55:39.550  8444  8444 I VRI[MainActivity]@8e53a52: call setFrameRateCategory for touch hint category=high hint, reason=touch, vri=VRI[MainActivity]@8e53a52
11-23 20:55:39.569  8444  8444 I VRI[MainActivity]@8e53a52: ViewPostIme pointer 1
11-23 20:55:39.909  8444  8444 D DetoxRNHelpers: Native RN module resolution (class com.reactnativecommunity.asyncstorage.AsyncStorageModule): no such class
11-23 20:55:40.212  8444  8444 D DetoxRNHelpers: Native RN module resolution (class com.reactnativecommunity.asyncstorage.AsyncStorageModule): no such class
11-23 20:55:40.213  8444  8444 D DetoxRNHelpers: Native RN module resolution (class com.reactnativecommunity.asyncstorage.AsyncStorageModule): no such class
11-23 20:55:40.280  8444  8444 D DetoxRNHelpers: Native RN module resolution (class com.reactnativecommunity.asyncstorage.AsyncStorageModule): no such class
11-23 20:55:40.281  8444  8444 D DetoxRNHelpers: Native RN module resolution (class com.reactnativecommunity.asyncstorage.AsyncStorageModule): no such class
11-23 20:55:40.283  8444  8444 D DetoxRNHelpers: Native RN module resolution (class com.reactnativecommunity.asyncstorage.AsyncStorageModule): no such class
11-23 20:55:40.286  8444  8444 D DetoxRNHelpers: Native RN module resolution (class com.reactnativecommunity.asyncstorage.AsyncStorageModule): no such class
11-23 20:55:40.287  8444  8489 I DetoxWSClient: Sending out action 'invokeResult' (ID #24)
11-23 20:55:40.288  8444  8489 I DetoxDispatcher: Done with action 'invoke'
11-23 20:55:40.291  8444  8495 D DetoxWSClient: Received action 'invoke' (ID #25, params={"target":{"type":"Class","value":"com.wix.detox.espresso.DetoxAssertion"},"method":"waitForAssertMatcher","args":[{"type":"Invocation","value":{"target":{"type":"Class","value":"androidx.test.espresso.Espresso"},"method":"onView","args":[{"type":"Invocation","value":{"target":{"type":"Class","value":"com.wix.detox.espresso.DetoxMatcher"},"method":"matcherForTestId","args":["feature-hint-overlay",{"type":"boolean","value":false}]}}]}},{"type":"Invocation","value":{"target":{"type":"Class","value":"com.wix.detox.espresso.DetoxMatcher"},"method":"matcherForNot","args":[{"type":"Invocation","value":{"target":{"type":"Class","value":"com.wix.detox.espresso.DetoxMatcher"},"method":"matcherForSufficientlyVisible","args":[{"type":"Integer","value":75}]}}]}},{"type":"Double","value":7.5}]})
11-23 20:55:40.292  8444  8489 I DetoxDispatcher: Handling action 'invoke' (ID #25)...
11-23 20:55:40.293  8444  8489 D Detox   : class com.wix.detox.espresso.DetoxMatcher, matcherForTestId, [feature-hint-overlay, false]
11-23 20:55:40.294  8444  8489 D Detox   : class androidx.test.espresso.Espresso, onView, [(view.getTag() is "feature-hint-overlay" and view has effective visibility <VISIBLE>)]
11-23 20:55:40.295  8444  8489 D Detox   : class com.wix.detox.espresso.DetoxMatcher, matcherForSufficientlyVisible, [75]
11-23 20:55:40.296  8444  8489 D Detox   : class com.wix.detox.espresso.DetoxMatcher, matcherForNot, [(view has effective visibility <VISIBLE> and view.getGlobalVisibleRect() covers at least <75> percent of the view's area)]
11-23 20:55:40.297  8444  8489 D Detox   : class com.wix.detox.espresso.DetoxAssertion, waitForAssertMatcher, [androidx.test.espresso.ViewInteraction@2b7a788, not (view has effective visibility <VISIBLE> and view.getGlobalVisibleRect() covers at least <75> percent of the view's area), 7.5]
11-23 20:55:40.301  8444  8444 D DetoxRNHelpers: Native RN module resolution (class com.reactnativecommunity.asyncstorage.AsyncStorageModule): no such class
11-23 20:55:40.303  8444  8444 D DetoxRNHelpers: Native RN module resolution (class com.reactnativecommunity.asyncstorage.AsyncStorageModule): no such class
11-23 20:55:40.349  8444  8444 I ViewInteraction: Checking 'MatchesViewAssertion(Detox){viewMatcher=not (view has effective visibility <VISIBLE> and view.getGlobalVisibleRect() covers at least <75> percent of the view's area)}' assertion on view (view.getTag() is "feature-hint-overlay" and view has effective visibility <VISIBLE>)
11-23 20:55:40.351  8444  8489 I DetoxWSClient: Sending out action 'invokeResult' (ID #25)
11-23 20:55:40.351  8444  8489 I DetoxDispatcher: Done with action 'invoke'
11-23 20:55:40.355  8444  8495 D DetoxWSClient: Received action 'invoke' (ID #26, params={"target":{"type":"Class","value":"com.wix.detox.espresso.DetoxAssertion"},"method":"waitForAssertMatcher","args":[{"type":"Invocation","value":{"target":{"type":"Class","value":"androidx.test.espresso.Espresso"},"method":"onView","args":[{"type":"Invocation","value":{"target":{"type":"Class","value":"com.wix.detox.espresso.DetoxMatcher"},"method":"matcherForTestId","args":["feature-hint-overlay",{"type":"boolean","value":false}]}}]}},{"type":"Invocation","value":{"target":{"type":"Class","value":"com.wix.detox.espresso.DetoxMatcher"},"method":"matcherForNot","args":[{"type":"Invocation","value":{"target":{"type":"Class","value":"com.wix.detox.espresso.DetoxMatcher"},"method":"matcherForNotNull","args":[]}}]}},{"type":"Double","value":7.5}]})
11-23 20:55:40.355  8444  8489 I DetoxDispatcher: Handling action 'invoke' (ID #26)...
11-23 20:55:40.356  8444  8489 D Detox   : class com.wix.detox.espresso.DetoxMatcher, matcherForTestId, [feature-hint-overlay, false]
11-23 20:55:40.357  8444  8489 D Detox   : class androidx.test.espresso.Espresso, onView, [(view.getTag() is "feature-hint-overlay" and view has effective visibility <VISIBLE>)]
11-23 20:55:40.358  8444  8489 D Detox   : class com.wix.detox.espresso.DetoxMatcher, matcherForNotNull, []
11-23 20:55:40.359  8444  8489 D Detox   : class com.wix.detox.espresso.DetoxMatcher, matcherForNot, [not null]
11-23 20:55:40.359  8444  8489 D Detox   : class com.wix.detox.espresso.DetoxAssertion, waitForAssertMatcher, [androidx.test.espresso.ViewInteraction@86df521, not not null, 7.5]
11-23 20:55:40.362  8444  8444 D DetoxRNHelpers: Native RN module resolution (class com.reactnativecommunity.asyncstorage.AsyncStorageModule): no such class
11-23 20:55:40.363  8444  8444 D DetoxRNHelpers: Native RN module resolution (class com.reactnativecommunity.asyncstorage.AsyncStorageModule): no such class
11-23 20:55:40.405  8444  8444 I ViewInteraction: Checking 'MatchesViewAssertion(Detox){viewMatcher=not not null}' assertion on view (view.getTag() is "feature-hint-overlay" and view has effective visibility <VISIBLE>)
11-23 20:55:40.407  8444  8489 I DetoxWSClient: Sending out action 'invokeResult' (ID #26)
11-23 20:55:40.407  8444  8489 I DetoxDispatcher: Done with action 'invoke'
11-23 20:55:40.655  8444  8495 D DetoxWSClient: Received action 'invoke' (ID #27, params={"target":{"type":"Class","value":"com.wix.detox.espresso.DetoxAssertion"},"method":"waitForAssertMatcher","args":[{"type":"Invocation","value":{"target":{"type":"Class","value":"androidx.test.espresso.Espresso"},"method":"onView","args":[{"type":"Invocation","value":{"target":{"type":"Class","value":"com.wix.detox.espresso.DetoxMatcher"},"method":"matcherForTestId","args":["onboarding-create-home-screen",{"type":"boolean","value":false}]}}]}},{"type":"Invocation","value":{"target":{"type":"Class","value":"com.wix.detox.espresso.DetoxMatcher"},"method":"matcherForSufficientlyVisible","args":[{"type":"Integer","value":75}]}},{"type":"Double","value":2}]})
11-23 20:55:40.656  8444  8489 I DetoxDispatcher: Handling action 'invoke' (ID #27)...
11-23 20:55:40.657  8444  8489 D Detox   : class com.wix.detox.espresso.DetoxMatcher, matcherForTestId, [onboarding-create-home-screen, false]
11-23 20:55:40.658  8444  8489 D Detox   : class androidx.test.espresso.Espresso, onView, [(view.getTag() is "onboarding-create-home-screen" and view has effective visibility <VISIBLE>)]
11-23 20:55:40.660  8444  8489 D Detox   : class com.wix.detox.espresso.DetoxMatcher, matcherForSufficientlyVisible, [75]
11-23 20:55:40.661  8444  8489 D Detox   : class com.wix.detox.espresso.DetoxAssertion, waitForAssertMatcher, [androidx.test.espresso.ViewInteraction@79d46, (view has effective visibility <VISIBLE> and view.getGlobalVisibleRect() covers at least <75> percent of the view's area), 2.0]
11-23 20:55:40.666  8444  8444 D DetoxRNHelpers: Native RN module resolution (class com.reactnativecommunity.asyncstorage.AsyncStorageModule): no such class
11-23 20:55:40.670  8444  8444 D DetoxRNHelpers: Native RN module resolution (class com.reactnativecommunity.asyncstorage.AsyncStorageModule): no such class
11-23 20:55:40.717  8444  8444 I ViewInteraction: Checking 'MatchesViewAssertion(Detox){viewMatcher=(view has effective visibility <VISIBLE> and view.getGlobalVisibleRect() covers at least <75> percent of the view's area)}' assertion on view (view.getTag() is "onboarding-create-home-screen" and view has effective visibility <VISIBLE>)
11-23 20:55:40.742  8444  8444 D DetoxRNHelpers: Native RN module resolution (class com.reactnativecommunity.asyncstorage.AsyncStorageModule): no such class
11-23 20:55:40.745  8444  8444 D DetoxRNHelpers: Native RN module resolution (class com.reactnativecommunity.asyncstorage.AsyncStorageModule): no such class
11-23 20:55:40.748  8444  8444 D DetoxRNHelpers: Native RN module resolution (class com.reactnativecommunity.asyncstorage.AsyncStorageModule): no such class
11-23 20:55:40.749  8444  8444 D DetoxRNHelpers: Native RN module resolution (class com.reactnativecommunity.asyncstorage.AsyncStorageModule): no such class
11-23 20:55:40.794  8444  8444 I ViewInteraction: Checking 'MatchesViewAssertion(Detox){viewMatcher=(view has effective visibility <VISIBLE> and view.getGlobalVisibleRect() covers at least <75> percent of the view's area)}' assertion on view (view.getTag() is "onboarding-create-home-screen" and view has effective visibility <VISIBLE>)
11-23 20:55:40.822  8444  8444 D DetoxRNHelpers: Native RN module resolution (class com.reactnativecommunity.asyncstorage.AsyncStorageModule): no such class
11-23 20:55:40.825  8444  8444 D DetoxRNHelpers: Native RN module resolution (class com.reactnativecommunity.asyncstorage.AsyncStorageModule): no such class
11-23 20:55:40.828  8444  8444 D DetoxRNHelpers: Native RN module resolution (class com.reactnativecommunity.asyncstorage.AsyncStorageModule): no such class
11-23 20:55:40.830  8444  8444 D DetoxRNHelpers: Native RN module resolution (class com.reactnativecommunity.asyncstorage.AsyncStorageModule): no such class
11-23 20:55:40.876  8444  8444 I ViewInteraction: Checking 'MatchesViewAssertion(Detox){viewMatcher=(view has effective visibility <VISIBLE> and view.getGlobalVisibleRect() covers at least <75> percent of the view's area)}' assertion on view (view.getTag() is "onboarding-create-home-screen" and view has effective visibility <VISIBLE>)
11-23 20:55:40.902  8444  8444 D DetoxRNHelpers: Native RN module resolution (class com.reactnativecommunity.asyncstorage.AsyncStorageModule): no such class
11-23 20:55:40.905  8444  8444 D DetoxRNHelpers: Native RN module resolution (class com.reactnativecommunity.asyncstorage.AsyncStorageModule): no such class
11-23 20:55:40.908  8444  8444 D DetoxRNHelpers: Native RN module resolution (class com.reactnativecommunity.asyncstorage.AsyncStorageModule): no such class
11-23 20:55:40.910  8444  8444 D DetoxRNHelpers: Native RN module resolution (class com.reactnativecommunity.asyncstorage.AsyncStorageModule): no such class
11-23 20:55:40.955  8444  8444 I ViewInteraction: Checking 'MatchesViewAssertion(Detox){viewMatcher=(view has effective visibility <VISIBLE> and view.getGlobalVisibleRect() covers at least <75> percent of the view's area)}' assertion on view (view.getTag() is "onboarding-create-home-screen" and view has effective visibility <VISIBLE>)
11-23 20:55:40.982  8444  8444 D DetoxRNHelpers: Native RN module resolution (class com.reactnativecommunity.asyncstorage.AsyncStorageModule): no such class
11-23 20:55:40.985  8444  8444 D DetoxRNHelpers: Native RN module resolution (class com.reactnativecommunity.asyncstorage.AsyncStorageModule): no such class
11-23 20:55:40.989  8444  8444 D DetoxRNHelpers: Native RN module resolution (class com.reactnativecommunity.asyncstorage.AsyncStorageModule): no such class
11-23 20:55:40.990  8444  8444 D DetoxRNHelpers: Native RN module resolution (class com.reactnativecommunity.asyncstorage.AsyncStorageModule): no such class
11-23 20:55:41.044  8444  8444 I ViewInteraction: Checking 'MatchesViewAssertion(Detox){viewMatcher=(view has effective visibility <VISIBLE> and view.getGlobalVisibleRect() covers at least <75> percent of the view's area)}' assertion on view (view.getTag() is "onboarding-create-home-screen" and view has effective visibility <VISIBLE>)
11-23 20:55:41.074  8444  8444 D DetoxRNHelpers: Native RN module resolution (class com.reactnativecommunity.asyncstorage.AsyncStorageModule): no such class
11-23 20:55:41.077  8444  8444 D DetoxRNHelpers: Native RN module resolution (class com.reactnativecommunity.asyncstorage.AsyncStorageModule): no such class
11-23 20:55:41.080  8444  8444 D DetoxRNHelpers: Native RN module resolution (class com.reactnativecommunity.asyncstorage.AsyncStorageModule): no such class
11-23 20:55:41.082  8444  8444 D DetoxRNHelpers: Native RN module resolution (class com.reactnativecommunity.asyncstorage.AsyncStorageModule): no such class
11-23 20:55:41.127  8444  8444 I ViewInteraction: Checking 'MatchesViewAssertion(Detox){viewMatcher=(view has effective visibility <VISIBLE> and view.getGlobalVisibleRect() covers at least <75> percent of the view's area)}' assertion on view (view.getTag() is "onboarding-create-home-screen" and view has effective visibility <VISIBLE>)
11-23 20:55:41.156  8444  8444 D DetoxRNHelpers: Native RN module resolution (class com.reactnativecommunity.asyncstorage.AsyncStorageModule): no such class
11-23 20:55:41.158  8444  8444 D DetoxRNHelpers: Native RN module resolution (class com.reactnativecommunity.asyncstorage.AsyncStorageModule): no such class
11-23 20:55:41.162  8444  8444 D DetoxRNHelpers: Native RN module resolution (class com.reactnativecommunity.asyncstorage.AsyncStorageModule): no such class
11-23 20:55:41.164  8444  8444 D DetoxRNHelpers: Native RN module resolution (class com.reactnativecommunity.asyncstorage.AsyncStorageModule): no such class
11-23 20:55:41.209  8444  8444 I ViewInteraction: Checking 'MatchesViewAssertion(Detox){viewMatcher=(view has effective visibility <VISIBLE> and view.getGlobalVisibleRect() covers at least <75> percent of the view's area)}' assertion on view (view.getTag() is "onboarding-create-home-screen" and view has effective visibility <VISIBLE>)
11-23 20:55:41.238  8444  8444 D DetoxRNHelpers: Native RN module resolution (class com.reactnativecommunity.asyncstorage.AsyncStorageModule): no such class
11-23 20:55:41.240  8444  8444 D DetoxRNHelpers: Native RN module resolution (class com.reactnativecommunity.asyncstorage.AsyncStorageModule): no such class
11-23 20:55:41.242  8444  8444 D DetoxRNHelpers: Native RN module resolution (class com.reactnativecommunity.asyncstorage.AsyncStorageModule): no such class
11-23 20:55:41.245  8444  8444 D DetoxRNHelpers: Native RN module resolution (class com.reactnativecommunity.asyncstorage.AsyncStorageModule): no such class
11-23 20:55:41.296  8444  8444 I ViewInteraction: Checking 'MatchesViewAssertion(Detox){viewMatcher=(view has effective visibility <VISIBLE> and view.getGlobalVisibleRect() covers at least <75> percent of the view's area)}' assertion on view (view.getTag() is "onboarding-create-home-screen" and view has effective visibility <VISIBLE>)
11-23 20:55:41.323  8444  8444 D DetoxRNHelpers: Native RN module resolution (class com.reactnativecommunity.asyncstorage.AsyncStorageModule): no such class
11-23 20:55:41.325  8444  8444 D DetoxRNHelpers: Native RN module resolution (class com.reactnativecommunity.asyncstorage.AsyncStorageModule): no such class
11-23 20:55:41.331  8444  8444 D DetoxRNHelpers: Native RN module resolution (class com.reactnativecommunity.asyncstorage.AsyncStorageModule): no such class
11-23 20:55:41.383  8444  8444 I ViewInteraction: Checking 'MatchesViewAssertion(Detox){viewMatcher=(view has effective visibility <VISIBLE> and view.getGlobalVisibleRect() covers at least <75> percent of the view's area)}' assertion on view (view.getTag() is "onboarding-create-home-screen" and view has effective visibility <VISIBLE>)
11-23 20:55:41.410  8444  8444 D DetoxRNHelpers: Native RN module resolution (class com.reactnativecommunity.asyncstorage.AsyncStorageModule): no such class
11-23 20:55:41.414  8444  8444 D DetoxRNHelpers: Native RN module resolution (class com.reactnativecommunity.asyncstorage.AsyncStorageModule): no such class
11-23 20:55:41.418  8444  8444 D DetoxRNHelpers: Native RN module resolution (class com.reactnativecommunity.asyncstorage.AsyncStorageModule): no such class
11-23 20:55:41.421  8444  8444 D DetoxRNHelpers: Native RN module resolution (class com.reactnativecommunity.asyncstorage.AsyncStorageModule): no such class
11-23 20:55:41.468  8444  8444 I ViewInteraction: Checking 'MatchesViewAssertion(Detox){viewMatcher=(view has effective visibility <VISIBLE> and view.getGlobalVisibleRect() covers at least <75> percent of the view's area)}' assertion on view (view.getTag() is "onboarding-create-home-screen" and view has effective visibility <VISIBLE>)
11-23 20:55:41.495  8444  8444 D DetoxRNHelpers: Native RN module resolution (class com.reactnativecommunity.asyncstorage.AsyncStorageModule): no such class
11-23 20:55:41.498  8444  8444 D DetoxRNHelpers: Native RN module resolution (class com.reactnativecommunity.asyncstorage.AsyncStorageModule): no such class
11-23 20:55:41.502  8444  8444 D DetoxRNHelpers: Native RN module resolution (class com.reactnativecommunity.asyncstorage.AsyncStorageModule): no such class
11-23 20:55:41.505  8444  8444 D DetoxRNHelpers: Native RN module resolution (class com.reactnativecommunity.asyncstorage.AsyncStorageModule): no such class
11-23 20:55:41.549  8444  8444 I ViewInteraction: Checking 'MatchesViewAssertion(Detox){viewMatcher=(view has effective visibility <VISIBLE> and view.getGlobalVisibleRect() covers at least <75> percent of the view's area)}' assertion on view (view.getTag() is "onboarding-create-home-screen" and view has effective visibility <VISIBLE>)
11-23 20:55:41.577  8444  8444 D DetoxRNHelpers: Native RN module resolution (class com.reactnativecommunity.asyncstorage.AsyncStorageModule): no such class
11-23 20:55:41.580  8444  8444 D DetoxRNHelpers: Native RN module resolution (class com.reactnativecommunity.asyncstorage.AsyncStorageModule): no such class
11-23 20:55:41.584  8444  8444 D DetoxRNHelpers: Native RN module resolution (class com.reactnativecommunity.asyncstorage.AsyncStorageModule): no such class
11-23 20:55:41.587  8444  8444 D DetoxRNHelpers: Native RN module resolution (class com.reactnativecommunity.asyncstorage.AsyncStorageModule): no such class
11-23 20:55:41.630  8444  8444 I ViewInteraction: Checking 'MatchesViewAssertion(Detox){viewMatcher=(view has effective visibility <VISIBLE> and view.getGlobalVisibleRect() covers at least <75> percent of the view's area)}' assertion on view (view.getTag() is "onboarding-create-home-screen" and view has effective visibility <VISIBLE>)
11-23 20:55:41.656  8444  8444 D DetoxRNHelpers: Native RN module resolution (class com.reactnativecommunity.asyncstorage.AsyncStorageModule): no such class
11-23 20:55:41.657  8444  8444 D DetoxRNHelpers: Native RN module resolution (class com.reactnativecommunity.asyncstorage.AsyncStorageModule): no such class
11-23 20:55:41.660  8444  8444 D DetoxRNHelpers: Native RN module resolution (class com.reactnativecommunity.asyncstorage.AsyncStorageModule): no such class
11-23 20:55:41.662  8444  8444 D DetoxRNHelpers: Native RN module resolution (class com.reactnativecommunity.asyncstorage.AsyncStorageModule): no such class
11-23 20:55:41.704  8444  8444 I ViewInteraction: Checking 'MatchesViewAssertion(Detox){viewMatcher=(view has effective visibility <VISIBLE> and view.getGlobalVisibleRect() covers at least <75> percent of the view's area)}' assertion on view (view.getTag() is "onboarding-create-home-screen" and view has effective visibility <VISIBLE>)
11-23 20:55:41.730  8444  8444 D DetoxRNHelpers: Native RN module resolution (class com.reactnativecommunity.asyncstorage.AsyncStorageModule): no such class
11-23 20:55:41.732  8444  8444 D DetoxRNHelpers: Native RN module resolution (class com.reactnativecommunity.asyncstorage.AsyncStorageModule): no such class
11-23 20:55:41.736  8444  8444 D DetoxRNHelpers: Native RN module resolution (class com.reactnativecommunity.asyncstorage.AsyncStorageModule): no such class
11-23 20:55:41.739  8444  8444 D DetoxRNHelpers: Native RN module resolution (class com.reactnativecommunity.asyncstorage.AsyncStorageModule): no such class
11-23 20:55:41.778  8444  8444 I ViewInteraction: Checking 'MatchesViewAssertion(Detox){viewMatcher=(view has effective visibility <VISIBLE> and view.getGlobalVisibleRect() covers at least <75> percent of the view's area)}' assertion on view (view.getTag() is "onboarding-create-home-screen" and view has effective visibility <VISIBLE>)
11-23 20:55:41.804  8444  8444 D DetoxRNHelpers: Native RN module resolution (class com.reactnativecommunity.asyncstorage.AsyncStorageModule): no such class
11-23 20:55:41.806  8444  8444 D DetoxRNHelpers: Native RN module resolution (class com.reactnativecommunity.asyncstorage.AsyncStorageModule): no such class
11-23 20:55:41.810  8444  8444 D DetoxRNHelpers: Native RN module resolution (class com.reactnativecommunity.asyncstorage.AsyncStorageModule): no such class
11-23 20:55:41.813  8444  8444 D DetoxRNHelpers: Native RN module resolution (class com.reactnativecommunity.asyncstorage.AsyncStorageModule): no such class
11-23 20:55:41.859  8444  8449 I ev.souschef.app: Background concurrent mark compact GC freed 23MB AllocSpace bytes, 90(11MB) LOS objects, 66% free, 15MB/47MB, paused 878us,3.498ms total 101.558ms
11-23 20:55:41.875  8444  8444 I ViewInteraction: Checking 'MatchesViewAssertion(Detox){viewMatcher=(view has effective visibility <VISIBLE> and view.getGlobalVisibleRect() covers at least <75> percent of the view's area)}' assertion on view (view.getTag() is "onboarding-create-home-screen" and view has effective visibility <VISIBLE>)
11-23 20:55:41.901  8444  8444 D DetoxRNHelpers: Native RN module resolution (class com.reactnativecommunity.asyncstorage.AsyncStorageModule): no such class
11-23 20:55:41.905  8444  8444 D DetoxRNHelpers: Native RN module resolution (class com.reactnativecommunity.asyncstorage.AsyncStorageModule): no such class
11-23 20:55:41.908  8444  8444 D DetoxRNHelpers: Native RN module resolution (class com.reactnativecommunity.asyncstorage.AsyncStorageModule): no such class
11-23 20:55:41.910  8444  8444 D DetoxRNHelpers: Native RN module resolution (class com.reactnativecommunity.asyncstorage.AsyncStorageModule): no such class
11-23 20:55:41.954  8444  8444 I ViewInteraction: Checking 'MatchesViewAssertion(Detox){viewMatcher=(view has effective visibility <VISIBLE> and view.getGlobalVisibleRect() covers at least <75> percent of the view's area)}' assertion on view (view.getTag() is "onboarding-create-home-screen" and view has effective visibility <VISIBLE>)
11-23 20:55:41.982  8444  8444 D DetoxRNHelpers: Native RN module resolution (class com.reactnativecommunity.asyncstorage.AsyncStorageModule): no such class
11-23 20:55:41.984  8444  8444 D DetoxRNHelpers: Native RN module resolution (class com.reactnativecommunity.asyncstorage.AsyncStorageModule): no such class
11-23 20:55:41.988  8444  8444 D DetoxRNHelpers: Native RN module resolution (class com.reactnativecommunity.asyncstorage.AsyncStorageModule): no such class
11-23 20:55:41.990  8444  8444 D DetoxRNHelpers: Native RN module resolution (class com.reactnativecommunity.asyncstorage.AsyncStorageModule): no such class
11-23 20:55:42.034  8444  8444 I ViewInteraction: Checking 'MatchesViewAssertion(Detox){viewMatcher=(view has effective visibility <VISIBLE> and view.getGlobalVisibleRect() covers at least <75> percent of the view's area)}' assertion on view (view.getTag() is "onboarding-create-home-screen" and view has effective visibility <VISIBLE>)
11-23 20:55:42.059  8444  8444 D DetoxRNHelpers: Native RN module resolution (class com.reactnativecommunity.asyncstorage.AsyncStorageModule): no such class
11-23 20:55:42.061  8444  8444 D DetoxRNHelpers: Native RN module resolution (class com.reactnativecommunity.asyncstorage.AsyncStorageModule): no such class
11-23 20:55:42.063  8444  8444 D DetoxRNHelpers: Native RN module resolution (class com.reactnativecommunity.asyncstorage.AsyncStorageModule): no such class
11-23 20:55:42.065  8444  8444 D DetoxRNHelpers: Native RN module resolution (class com.reactnativecommunity.asyncstorage.AsyncStorageModule): no such class
11-23 20:55:42.106  8444  8444 I ViewInteraction: Checking 'MatchesViewAssertion(Detox){viewMatcher=(view has effective visibility <VISIBLE> and view.getGlobalVisibleRect() covers at least <75> percent of the view's area)}' assertion on view (view.getTag() is "onboarding-create-home-screen" and view has effective visibility <VISIBLE>)
11-23 20:55:42.131  8444  8444 D DetoxRNHelpers: Native RN module resolution (class com.reactnativecommunity.asyncstorage.AsyncStorageModule): no such class
11-23 20:55:42.134  8444  8444 D DetoxRNHelpers: Native RN module resolution (class com.reactnativecommunity.asyncstorage.AsyncStorageModule): no such class
11-23 20:55:42.138  8444  8444 D DetoxRNHelpers: Native RN module resolution (class com.reactnativecommunity.asyncstorage.AsyncStorageModule): no such class
11-23 20:55:42.140  8444  8444 D DetoxRNHelpers: Native RN module resolution (class com.reactnativecommunity.asyncstorage.AsyncStorageModule): no such class
11-23 20:55:42.185  8444  8444 I ViewInteraction: Checking 'MatchesViewAssertion(Detox){viewMatcher=(view has effective visibility <VISIBLE> and view.getGlobalVisibleRect() covers at least <75> percent of the view's area)}' assertion on view (view.getTag() is "onboarding-create-home-screen" and view has effective visibility <VISIBLE>)
11-23 20:55:42.212  8444  8444 D DetoxRNHelpers: Native RN module resolution (class com.reactnativecommunity.asyncstorage.AsyncStorageModule): no such class
11-23 20:55:42.215  8444  8444 D DetoxRNHelpers: Native RN module resolution (class com.reactnativecommunity.asyncstorage.AsyncStorageModule): no such class
11-23 20:55:42.220  8444  8444 D DetoxRNHelpers: Native RN module resolution (class com.reactnativecommunity.asyncstorage.AsyncStorageModule): no such class
11-23 20:55:42.222  8444  8444 D DetoxRNHelpers: Native RN module resolution (class com.reactnativecommunity.asyncstorage.AsyncStorageModule): no such class
11-23 20:55:42.266  8444  8444 I ViewInteraction: Checking 'MatchesViewAssertion(Detox){viewMatcher=(view has effective visibility <VISIBLE> and view.getGlobalVisibleRect() covers at least <75> percent of the view's area)}' assertion on view (view.getTag() is "onboarding-create-home-screen" and view has effective visibility <VISIBLE>)
11-23 20:55:42.292  8444  8444 D DetoxRNHelpers: Native RN module resolution (class com.reactnativecommunity.asyncstorage.AsyncStorageModule): no such class
11-23 20:55:42.295  8444  8444 D DetoxRNHelpers: Native RN module resolution (class com.reactnativecommunity.asyncstorage.AsyncStorageModule): no such class
11-23 20:55:42.298  8444  8444 D DetoxRNHelpers: Native RN module resolution (class com.reactnativecommunity.asyncstorage.AsyncStorageModule): no such class
11-23 20:55:42.300  8444  8444 D DetoxRNHelpers: Native RN module resolution (class com.reactnativecommunity.asyncstorage.AsyncStorageModule): no such class
11-23 20:55:42.344  8444  8444 I ViewInteraction: Checking 'MatchesViewAssertion(Detox){viewMatcher=(view has effective visibility <VISIBLE> and view.getGlobalVisibleRect() covers at least <75> percent of the view's area)}' assertion on view (view.getTag() is "onboarding-create-home-screen" and view has effective visibility <VISIBLE>)
11-23 20:55:42.372  8444  8444 D DetoxRNHelpers: Native RN module resolution (class com.reactnativecommunity.asyncstorage.AsyncStorageModule): no such class
11-23 20:55:42.374  8444  8444 D DetoxRNHelpers: Native RN module resolution (class com.reactnativecommunity.asyncstorage.AsyncStorageModule): no such class
11-23 20:55:42.378  8444  8444 D DetoxRNHelpers: Native RN module resolution (class com.reactnativecommunity.asyncstorage.AsyncStorageModule): no such class
11-23 20:55:42.380  8444  8444 D DetoxRNHelpers: Native RN module resolution (class com.reactnativecommunity.asyncstorage.AsyncStorageModule): no such class
11-23 20:55:42.424  8444  8444 I ViewInteraction: Checking 'MatchesViewAssertion(Detox){viewMatcher=(view has effective visibility <VISIBLE> and view.getGlobalVisibleRect() covers at least <75> percent of the view's area)}' assertion on view (view.getTag() is "onboarding-create-home-screen" and view has effective visibility <VISIBLE>)
11-23 20:55:42.452  8444  8444 D DetoxRNHelpers: Native RN module resolution (class com.reactnativecommunity.asyncstorage.AsyncStorageModule): no such class
11-23 20:55:42.456  8444  8444 D DetoxRNHelpers: Native RN module resolution (class com.reactnativecommunity.asyncstorage.AsyncStorageModule): no such class
11-23 20:55:42.461  8444  8444 D DetoxRNHelpers: Native RN module resolution (class com.reactnativecommunity.asyncstorage.AsyncStorageModule): no such class
11-23 20:55:42.463  8444  8444 D DetoxRNHelpers: Native RN module resolution (class com.reactnativecommunity.asyncstorage.AsyncStorageModule): no such class
11-23 20:55:42.508  8444  8444 I ViewInteraction: Checking 'MatchesViewAssertion(Detox){viewMatcher=(view has effective visibility <VISIBLE> and view.getGlobalVisibleRect() covers at least <75> percent of the view's area)}' assertion on view (view.getTag() is "onboarding-create-home-screen" and view has effective visibility <VISIBLE>)
11-23 20:55:42.554  8444  8444 D DetoxRNHelpers: Native RN module resolution (class com.reactnativecommunity.asyncstorage.AsyncStorageModule): no such class
11-23 20:55:42.556  8444  8444 D DetoxRNHelpers: Native RN module resolution (class com.reactnativecommunity.asyncstorage.AsyncStorageModule): no such class
11-23 20:55:42.561  8444  8444 D DetoxRNHelpers: Native RN module resolution (class com.reactnativecommunity.asyncstorage.AsyncStorageModule): no such class
11-23 20:55:42.563  8444  8444 D DetoxRNHelpers: Native RN module resolution (class com.reactnativecommunity.asyncstorage.AsyncStorageModule): no such class
11-23 20:55:42.606  8444  8444 I ViewInteraction: Checking 'MatchesViewAssertion(Detox){viewMatcher=(view has effective visibility <VISIBLE> and view.getGlobalVisibleRect() covers at least <75> percent of the view's area)}' assertion on view (view.getTag() is "onboarding-create-home-screen" and view has effective visibility <VISIBLE>)
11-23 20:55:42.608  8444  8444 I VRI[MainActivity]@8e53a52: call setFrameRateCategory for touch hint category=no preference, reason=boost timeout, vri=VRI[MainActivity]@8e53a52
11-23 20:55:42.632  8444  8444 D DetoxRNHelpers: Native RN module resolution (class com.reactnativecommunity.asyncstorage.AsyncStorageModule): no such class
11-23 20:55:42.634  8444  8444 D DetoxRNHelpers: Native RN module resolution (class com.reactnativecommunity.asyncstorage.AsyncStorageModule): no such class
11-23 20:55:42.638  8444  8444 D DetoxRNHelpers: Native RN module resolution (class com.reactnativecommunity.asyncstorage.AsyncStorageModule): no such class
11-23 20:55:42.640  8444  8444 D DetoxRNHelpers: Native RN module resolution (class com.reactnativecommunity.asyncstorage.AsyncStorageModule): no such class
11-23 20:55:42.684  8444  8444 I ViewInteraction: Checking 'MatchesViewAssertion(Detox){viewMatcher=(view has effective visibility <VISIBLE> and view.getGlobalVisibleRect() covers at least <75> percent of the view's area)}' assertion on view (view.getTag() is "onboarding-create-home-screen" and view has effective visibility <VISIBLE>)
11-23 20:55:42.710  8444  8444 D DetoxRNHelpers: Native RN module resolution (class com.reactnativecommunity.asyncstorage.AsyncStorageModule): no such class
11-23 20:55:42.713  8444  8444 D DetoxRNHelpers: Native RN module resolution (class com.reactnativecommunity.asyncstorage.AsyncStorageModule): no such class
11-23 20:55:42.716  8444  8489 I DetoxActionHandlers: Test exception
11-23 20:55:42.716  8444  8489 I DetoxActionHandlers: java.lang.reflect.InvocationTargetException
11-23 20:55:42.716  8444  8489 I DetoxActionHandlers: 	at java.lang.reflect.Method.invoke(Native Method)
11-23 20:55:42.716  8444  8489 I DetoxActionHandlers: 	at org.apache.commons.lang3.reflect.MethodUtils.invokeStaticMethod(MethodUtils.java:443)
11-23 20:55:42.716  8444  8489 I DetoxActionHandlers: 	at org.apache.commons.lang3.reflect.MethodUtils.invokeStaticMethod(MethodUtils.java:405)
11-23 20:55:42.716  8444  8489 I DetoxActionHandlers: 	at com.wix.invoke.types.ClassTarget.execute(ClassTarget.java:23)
11-23 20:55:42.716  8444  8489 I DetoxActionHandlers: 	at com.wix.invoke.types.Target.invoke(Target.java:59)
11-23 20:55:42.716  8444  8489 I DetoxActionHandlers: 	at com.wix.invoke.MethodInvocation.invoke(MethodInvocation.java:35)
11-23 20:55:42.716  8444  8489 I DetoxActionHandlers: 	at com.wix.invoke.MethodInvocation.invoke(MethodInvocation.java:26)
11-23 20:55:42.716  8444  8489 I DetoxActionHandlers: 	at com.wix.invoke.MethodInvocation.invoke(MethodInvocation.java:20)
11-23 20:55:42.716  8444  8489 I DetoxActionHandlers: 	at com.wix.detox.adapters.server.InvokeActionHandler.handle(DetoxActionHandlers.kt:54)
11-23 20:55:42.716  8444  8489 I DetoxActionHandlers: 	at com.wix.detox.adapters.server.ActionsExecutor.executeAction$lambda$2$lambda$1(DetoxActionsDispatcher.kt:76)
11-23 20:55:42.716  8444  8489 I DetoxActionHandlers: 	at com.wix.detox.adapters.server.ActionsExecutor.$r8$lambda$GVbB7LHtBHxNHGbgYnHJ6YrwCqs(Unknown Source:0)
11-23 20:55:42.716  8444  8489 I DetoxActionHandlers: 	at com.wix.detox.adapters.server.ActionsExecutor$$ExternalSyntheticLambda0.run(D8$$SyntheticClass:0)
11-23 20:55:42.716  8444  8489 I DetoxActionHandlers: 	at android.os.Handler.handleCallback(Handler.java:995)
11-23 20:55:42.716  8444  8489 I DetoxActionHandlers: 	at android.os.Handler.dispatchMessage(Handler.java:103)
11-23 20:55:42.716  8444  8489 I DetoxActionHandlers: 	at android.os.Looper.loopOnce(Looper.java:273)
11-23 20:55:42.716  8444  8489 I DetoxActionHandlers: 	at android.os.Looper.loop(Looper.java:363)
11-23 20:55:42.716  8444  8489 I DetoxActionHandlers: 	at com.wix.detox.adapters.server.ActionsExecutor._init_$lambda$0(DetoxActionsDispatcher.kt:62)
11-23 20:55:42.716  8444  8489 I DetoxActionHandlers: 	at com.wix.detox.adapters.server.ActionsExecutor.$r8$lambda$xlgL0CQim6vNM0wWEqM8JIDgZUE(Unknown Source:0)
11-23 20:55:42.716  8444  8489 I DetoxActionHandlers: 	at com.wix.detox.adapters.server.ActionsExecutor$$ExternalSyntheticLambda1.run(D8$$SyntheticClass:0)
11-23 20:55:42.716  8444  8489 I DetoxActionHandlers: 	at java.lang.Thread.run(Thread.java:1119)
11-23 20:55:42.716  8444  8489 I DetoxActionHandlers: Caused by: com.wix.detox.common.DetoxErrors$DetoxRuntimeException: 2.0sec timeout expired without matching of given matcher: (view has effective visibility <VISIBLE> and view.getGlobalVisibleRect() covers at least <75> percent of the view's area)
11-23 20:55:42.716  8444  8489 I DetoxActionHandlers: 	at com.wix.detox.espresso.DetoxAssertion.waitForAssertMatcher(DetoxAssertion.java:72)
11-23 20:55:42.716  8444  8489 I DetoxActionHandlers: 	... 20 more
11-23 20:55:42.716  8444  8489 I DetoxWSClient: Sending out action 'testFailed' (ID #27)
11-23 20:55:42.717  8444  8489 I DetoxDispatcher: Done with action 'invoke'
11-23 20:55:42.723  8444  8495 D DetoxWSClient: Received action 'invoke' (ID #28, params={"target":{"type":"Class","value":"com.wix.detox.espresso.DetoxAssertion"},"method":"waitForAssertMatcher","args":[{"type":"Invocation","value":{"target":{"type":"Class","value":"androidx.test.espresso.Espresso"},"method":"onView","args":[{"type":"Invocation","value":{"target":{"type":"Class","value":"com.wix.detox.espresso.DetoxMatcher"},"method":"matcherForTestId","args":["onboarding-create-shopping-list-screen",{"type":"boolean","value":false}]}}]}},{"type":"Invocation","value":{"target":{"type":"Class","value":"com.wix.detox.espresso.DetoxMatcher"},"method":"matcherForSufficientlyVisible","args":[{"type":"Integer","value":75}]}},{"type":"Double","value":2}]})
11-23 20:55:42.724  8444  8489 I DetoxDispatcher: Handling action 'invoke' (ID #28)...
11-23 20:55:42.725  8444  8489 D Detox   : class com.wix.detox.espresso.DetoxMatcher, matcherForTestId, [onboarding-create-shopping-list-screen, false]
11-23 20:55:42.726  8444  8489 D Detox   : class androidx.test.espresso.Espresso, onView, [(view.getTag() is "onboarding-create-shopping-list-screen" and view has effective visibility <VISIBLE>)]
11-23 20:55:42.727  8444  8489 D Detox   : class com.wix.detox.espresso.DetoxMatcher, matcherForSufficientlyVisible, [75]
11-23 20:55:42.729  8444  8489 D Detox   : class com.wix.detox.espresso.DetoxAssertion, waitForAssertMatcher, [androidx.test.espresso.ViewInteraction@f13c25d, (view has effective visibility <VISIBLE> and view.getGlobalVisibleRect() covers at least <75> percent of the view's area), 2.0]
11-23 20:55:42.732  8444  8444 D DetoxRNHelpers: Native RN module resolution (class com.reactnativecommunity.asyncstorage.AsyncStorageModule): no such class
11-23 20:55:42.734  8444  8444 D DetoxRNHelpers: Native RN module resolution (class com.reactnativecommunity.asyncstorage.AsyncStorageModule): no such class
11-23 20:55:42.783  8444  8444 I ViewInteraction: Checking 'MatchesViewAssertion(Detox){viewMatcher=(view has effective visibility <VISIBLE> and view.getGlobalVisibleRect() covers at least <75> percent of the view's area)}' assertion on view (view.getTag() is "onboarding-create-shopping-list-screen" and view has effective visibility <VISIBLE>)
11-23 20:55:42.811  8444  8444 D DetoxRNHelpers: Native RN module resolution (class com.reactnativecommunity.asyncstorage.AsyncStorageModule): no such class
11-23 20:55:42.815  8444  8444 D DetoxRNHelpers: Native RN module resolution (class com.reactnativecommunity.asyncstorage.AsyncStorageModule): no such class
11-23 20:55:42.818  8444  8444 D DetoxRNHelpers: Native RN module resolution (class com.reactnativecommunity.asyncstorage.AsyncStorageModule): no such class
11-23 20:55:42.820  8444  8444 D DetoxRNHelpers: Native RN module resolution (class com.reactnativecommunity.asyncstorage.AsyncStorageModule): no such class
11-23 20:55:42.864  8444  8444 I ViewInteraction: Checking 'MatchesViewAssertion(Detox){viewMatcher=(view has effective visibility <VISIBLE> and view.getGlobalVisibleRect() covers at least <75> percent of the view's area)}' assertion on view (view.getTag() is "onboarding-create-shopping-list-screen" and view has effective visibility <VISIBLE>)
11-23 20:55:42.891  8444  8444 D DetoxRNHelpers: Native RN module resolution (class com.reactnativecommunity.asyncstorage.AsyncStorageModule): no such class
11-23 20:55:42.895  8444  8444 D DetoxRNHelpers: Native RN module resolution (class com.reactnativecommunity.asyncstorage.AsyncStorageModule): no such class
11-23 20:55:42.898  8444  8444 D DetoxRNHelpers: Native RN module resolution (class com.reactnativecommunity.asyncstorage.AsyncStorageModule): no such class
11-23 20:55:42.900  8444  8444 D DetoxRNHelpers: Native RN module resolution (class com.reactnativecommunity.asyncstorage.AsyncStorageModule): no such class
11-23 20:55:42.949  8444  8444 I ViewInteraction: Checking 'MatchesViewAssertion(Detox){viewMatcher=(view has effective visibility <VISIBLE> and view.getGlobalVisibleRect() covers at least <75> percent of the view's area)}' assertion on view (view.getTag() is "onboarding-create-shopping-list-screen" and view has effective visibility <VISIBLE>)
11-23 20:55:42.975  8444  8444 D DetoxRNHelpers: Native RN module resolution (class com.reactnativecommunity.asyncstorage.AsyncStorageModule): no such class
11-23 20:55:42.979  8444  8444 D DetoxRNHelpers: Native RN module resolution (class com.reactnativecommunity.asyncstorage.AsyncStorageModule): no such class
11-23 20:55:42.982  8444  8444 D DetoxRNHelpers: Native RN module resolution (class com.reactnativecommunity.asyncstorage.AsyncStorageModule): no such class
11-23 20:55:42.983  8444  8444 D DetoxRNHelpers: Native RN module resolution (class com.reactnativecommunity.asyncstorage.AsyncStorageModule): no such class
11-23 20:55:43.032  8444  8444 I ViewInteraction: Checking 'MatchesViewAssertion(Detox){viewMatcher=(view has effective visibility <VISIBLE> and view.getGlobalVisibleRect() covers at least <75> percent of the view's area)}' assertion on view (view.getTag() is "onboarding-create-shopping-list-screen" and view has effective visibility <VISIBLE>)
11-23 20:55:43.058  8444  8444 D DetoxRNHelpers: Native RN module resolution (class com.reactnativecommunity.asyncstorage.AsyncStorageModule): no such class
11-23 20:55:43.060  8444  8444 D DetoxRNHelpers: Native RN module resolution (class com.reactnativecommunity.asyncstorage.AsyncStorageModule): no such class
11-23 20:55:43.064  8444  8444 D DetoxRNHelpers: Native RN module resolution (class com.reactnativecommunity.asyncstorage.AsyncStorageModule): no such class
11-23 20:55:43.066  8444  8444 D DetoxRNHelpers: Native RN module resolution (class com.reactnativecommunity.asyncstorage.AsyncStorageModule): no such class
11-23 20:55:43.110  8444  8444 I ViewInteraction: Checking 'MatchesViewAssertion(Detox){viewMatcher=(view has effective visibility <VISIBLE> and view.getGlobalVisibleRect() covers at least <75> percent of the view's area)}' assertion on view (view.getTag() is "onboarding-create-shopping-list-screen" and view has effective visibility <VISIBLE>)
11-23 20:55:43.139  8444  8444 D DetoxRNHelpers: Native RN module resolution (class com.reactnativecommunity.asyncstorage.AsyncStorageModule): no such class
11-23 20:55:43.142  8444  8444 D DetoxRNHelpers: Native RN module resolution (class com.reactnativecommunity.asyncstorage.AsyncStorageModule): no such class
11-23 20:55:43.146  8444  8444 D DetoxRNHelpers: Native RN module resolution (class com.reactnativecommunity.asyncstorage.AsyncStorageModule): no such class
11-23 20:55:43.148  8444  8444 D DetoxRNHelpers: Native RN module resolution (class com.reactnativecommunity.asyncstorage.AsyncStorageModule): no such class
11-23 20:55:43.191  8444  8444 I ViewInteraction: Checking 'MatchesViewAssertion(Detox){viewMatcher=(view has effective visibility <VISIBLE> and view.getGlobalVisibleRect() covers at least <75> percent of the view's area)}' assertion on view (view.getTag() is "onboarding-create-shopping-list-screen" and view has effective visibility <VISIBLE>)
11-23 20:55:43.217  8444  8444 D DetoxRNHelpers: Native RN module resolution (class com.reactnativecommunity.asyncstorage.AsyncStorageModule): no such class
11-23 20:55:43.221  8444  8444 D DetoxRNHelpers: Native RN module resolution (class com.reactnativecommunity.asyncstorage.AsyncStorageModule): no such class
11-23 20:55:43.224  8444  8444 D DetoxRNHelpers: Native RN module resolution (class com.reactnativecommunity.asyncstorage.AsyncStorageModule): no such class
11-23 20:55:43.227  8444  8444 D DetoxRNHelpers: Native RN module resolution (class com.reactnativecommunity.asyncstorage.AsyncStorageModule): no such class
11-23 20:55:43.271  8444  8444 I ViewInteraction: Checking 'MatchesViewAssertion(Detox){viewMatcher=(view has effective visibility <VISIBLE> and view.getGlobalVisibleRect() covers at least <75> percent of the view's area)}' assertion on view (view.getTag() is "onboarding-create-shopping-list-screen" and view has effective visibility <VISIBLE>)
11-23 20:55:43.297  8444  8444 D DetoxRNHelpers: Native RN module resolution (class com.reactnativecommunity.asyncstorage.AsyncStorageModule): no such class
11-23 20:55:43.300  8444  8444 D DetoxRNHelpers: Native RN module resolution (class com.reactnativecommunity.asyncstorage.AsyncStorageModule): no such class
11-23 20:55:43.303  8444  8444 D DetoxRNHelpers: Native RN module resolution (class com.reactnativecommunity.asyncstorage.AsyncStorageModule): no such class
11-23 20:55:43.306  8444  8444 D DetoxRNHelpers: Native RN module resolution (class com.reactnativecommunity.asyncstorage.AsyncStorageModule): no such class
11-23 20:55:43.368  8444  8444 I ViewInteraction: Checking 'MatchesViewAssertion(Detox){viewMatcher=(view has effective visibility <VISIBLE> and view.getGlobalVisibleRect() covers at least <75> percent of the view's area)}' assertion on view (view.getTag() is "onboarding-create-shopping-list-screen" and view has effective visibility <VISIBLE>)
11-23 20:55:43.397  8444  8444 D DetoxRNHelpers: Native RN module resolution (class com.reactnativecommunity.asyncstorage.AsyncStorageModule): no such class
11-23 20:55:43.399  8444  8444 D DetoxRNHelpers: Native RN module resolution (class com.reactnativecommunity.asyncstorage.AsyncStorageModule): no such class
11-23 20:55:43.403  8444  8444 D DetoxRNHelpers: Native RN module resolution (class com.reactnativecommunity.asyncstorage.AsyncStorageModule): no such class
11-23 20:55:43.405  8444  8444 D DetoxRNHelpers: Native RN module resolution (class com.reactnativecommunity.asyncstorage.AsyncStorageModule): no such class
11-23 20:55:43.447  8444  8444 I ViewInteraction: Checking 'MatchesViewAssertion(Detox){viewMatcher=(view has effective visibility <VISIBLE> and view.getGlobalVisibleRect() covers at least <75> percent of the view's area)}' assertion on view (view.getTag() is "onboarding-create-shopping-list-screen" and view has effective visibility <VISIBLE>)
11-23 20:55:43.472  8444  8444 D DetoxRNHelpers: Native RN module resolution (class com.reactnativecommunity.asyncstorage.AsyncStorageModule): no such class
11-23 20:55:43.473  8444  8444 D DetoxRNHelpers: Native RN module resolution (class com.reactnativecommunity.asyncstorage.AsyncStorageModule): no such class
11-23 20:55:43.475  8444  8444 D DetoxRNHelpers: Native RN module resolution (class com.reactnativecommunity.asyncstorage.AsyncStorageModule): no such class
11-23 20:55:43.477  8444  8444 D DetoxRNHelpers: Native RN module resolution (class com.reactnativecommunity.asyncstorage.AsyncStorageModule): no such class
11-23 20:55:43.517  8444  8444 I ViewInteraction: Checking 'MatchesViewAssertion(Detox){viewMatcher=(view has effective visibility <VISIBLE> and view.getGlobalVisibleRect() covers at least <75> percent of the view's area)}' assertion on view (view.getTag() is "onboarding-create-shopping-list-screen" and view has effective visibility <VISIBLE>)
11-23 20:55:43.542  8444  8444 D DetoxRNHelpers: Native RN module resolution (class com.reactnativecommunity.asyncstorage.AsyncStorageModule): no such class
11-23 20:55:43.546  8444  8444 D DetoxRNHelpers: Native RN module resolution (class com.reactnativecommunity.asyncstorage.AsyncStorageModule): no such class
11-23 20:55:43.549  8444  8444 D DetoxRNHelpers: Native RN module resolution (class com.reactnativecommunity.asyncstorage.AsyncStorageModule): no such class
11-23 20:55:43.551  8444  8444 D DetoxRNHelpers: Native RN module resolution (class com.reactnativecommunity.asyncstorage.AsyncStorageModule): no such class
11-23 20:55:43.593  8444  8444 I ViewInteraction: Checking 'MatchesViewAssertion(Detox){viewMatcher=(view has effective visibility <VISIBLE> and view.getGlobalVisibleRect() covers at least <75> percent of the view's area)}' assertion on view (view.getTag() is "onboarding-create-shopping-list-screen" and view has effective visibility <VISIBLE>)
11-23 20:55:43.620  8444  8444 D DetoxRNHelpers: Native RN module resolution (class com.reactnativecommunity.asyncstorage.AsyncStorageModule): no such class
11-23 20:55:43.624  8444  8444 D DetoxRNHelpers: Native RN module resolution (class com.reactnativecommunity.asyncstorage.AsyncStorageModule): no such class
11-23 20:55:43.627  8444  8444 D DetoxRNHelpers: Native RN module resolution (class com.reactnativecommunity.asyncstorage.AsyncStorageModule): no such class
11-23 20:55:43.630  8444  8444 D DetoxRNHelpers: Native RN module resolution (class com.reactnativecommunity.asyncstorage.AsyncStorageModule): no such class
11-23 20:55:43.673  8444  8444 I ViewInteraction: Checking 'MatchesViewAssertion(Detox){viewMatcher=(view has effective visibility <VISIBLE> and view.getGlobalVisibleRect() covers at least <75> percent of the view's area)}' assertion on view (view.getTag() is "onboarding-create-shopping-list-screen" and view has effective visibility <VISIBLE>)
11-23 20:55:43.697  8444  8444 D DetoxRNHelpers: Native RN module resolution (class com.reactnativecommunity.asyncstorage.AsyncStorageModule): no such class
11-23 20:55:43.699  8444  8444 D DetoxRNHelpers: Native RN module resolution (class com.reactnativecommunity.asyncstorage.AsyncStorageModule): no such class
11-23 20:55:43.703  8444  8444 D DetoxRNHelpers: Native RN module resolution (class com.reactnativecommunity.asyncstorage.AsyncStorageModule): no such class
11-23 20:55:43.705  8444  8444 D DetoxRNHelpers: Native RN module resolution (class com.reactnativecommunity.asyncstorage.AsyncStorageModule): no such class
11-23 20:55:43.749  8444  8444 I ViewInteraction: Checking 'MatchesViewAssertion(Detox){viewMatcher=(view has effective visibility <VISIBLE> and view.getGlobalVisibleRect() covers at least <75> percent of the view's area)}' assertion on view (view.getTag() is "onboarding-create-shopping-list-screen" and view has effective visibility <VISIBLE>)
11-23 20:55:43.776  8444  8444 D DetoxRNHelpers: Native RN module resolution (class com.reactnativecommunity.asyncstorage.AsyncStorageModule): no such class
11-23 20:55:43.779  8444  8444 D DetoxRNHelpers: Native RN module resolution (class com.reactnativecommunity.asyncstorage.AsyncStorageModule): no such class
11-23 20:55:43.783  8444  8444 D DetoxRNHelpers: Native RN module resolution (class com.reactnativecommunity.asyncstorage.AsyncStorageModule): no such class
11-23 20:55:43.786  8444  8444 D DetoxRNHelpers: Native RN module resolution (class com.reactnativecommunity.asyncstorage.AsyncStorageModule): no such class
11-23 20:55:43.828  8444  8444 I ViewInteraction: Checking 'MatchesViewAssertion(Detox){viewMatcher=(view has effective visibility <VISIBLE> and view.getGlobalVisibleRect() covers at least <75> percent of the view's area)}' assertion on view (view.getTag() is "onboarding-create-shopping-list-screen" and view has effective visibility <VISIBLE>)
11-23 20:55:43.855  8444  8444 D DetoxRNHelpers: Native RN module resolution (class com.reactnativecommunity.asyncstorage.AsyncStorageModule): no such class
11-23 20:55:43.858  8444  8444 D DetoxRNHelpers: Native RN module resolution (class com.reactnativecommunity.asyncstorage.AsyncStorageModule): no such class
11-23 20:55:43.861  8444  8444 D DetoxRNHelpers: Native RN module resolution (class com.reactnativecommunity.asyncstorage.AsyncStorageModule): no such class
11-23 20:55:43.863  8444  8444 D DetoxRNHelpers: Native RN module resolution (class com.reactnativecommunity.asyncstorage.AsyncStorageModule): no such class
11-23 20:55:43.904  8444  8444 I ViewInteraction: Checking 'MatchesViewAssertion(Detox){viewMatcher=(view has effective visibility <VISIBLE> and view.getGlobalVisibleRect() covers at least <75> percent of the view's area)}' assertion on view (view.getTag() is "onboarding-create-shopping-list-screen" and view has effective visibility <VISIBLE>)
11-23 20:55:43.931  8444  8444 D DetoxRNHelpers: Native RN module resolution (class com.reactnativecommunity.asyncstorage.AsyncStorageModule): no such class
11-23 20:55:43.934  8444  8444 D DetoxRNHelpers: Native RN module resolution (class com.reactnativecommunity.asyncstorage.AsyncStorageModule): no such class
11-23 20:55:43.938  8444  8444 D DetoxRNHelpers: Native RN module resolution (class com.reactnativecommunity.asyncstorage.AsyncStorageModule): no such class
11-23 20:55:43.940  8444  8444 D DetoxRNHelpers: Native RN module resolution (class com.reactnativecommunity.asyncstorage.AsyncStorageModule): no such class
11-23 20:55:43.983  8444  8444 I ViewInteraction: Checking 'MatchesViewAssertion(Detox){viewMatcher=(view has effective visibility <VISIBLE> and view.getGlobalVisibleRect() covers at least <75> percent of the view's area)}' assertion on view (view.getTag() is "onboarding-create-shopping-list-screen" and view has effective visibility <VISIBLE>)
11-23 20:55:44.010  8444  8444 D DetoxRNHelpers: Native RN module resolution (class com.reactnativecommunity.asyncstorage.AsyncStorageModule): no such class
11-23 20:55:44.014  8444  8444 D DetoxRNHelpers: Native RN module resolution (class com.reactnativecommunity.asyncstorage.AsyncStorageModule): no such class
11-23 20:55:44.018  8444  8444 D DetoxRNHelpers: Native RN module resolution (class com.reactnativecommunity.asyncstorage.AsyncStorageModule): no such class
11-23 20:55:44.021  8444  8444 D DetoxRNHelpers: Native RN module resolution (class com.reactnativecommunity.asyncstorage.AsyncStorageModule): no such class
11-23 20:55:44.063  8444  8444 I ViewInteraction: Checking 'MatchesViewAssertion(Detox){viewMatcher=(view has effective visibility <VISIBLE> and view.getGlobalVisibleRect() covers at least <75> percent of the view's area)}' assertion on view (view.getTag() is "onboarding-create-shopping-list-screen" and view has effective visibility <VISIBLE>)
11-23 20:55:44.090  8444  8444 D DetoxRNHelpers: Native RN module resolution (class com.reactnativecommunity.asyncstorage.AsyncStorageModule): no such class
11-23 20:55:44.093  8444  8444 D DetoxRNHelpers: Native RN module resolution (class com.reactnativecommunity.asyncstorage.AsyncStorageModule): no such class
11-23 20:55:44.097  8444  8444 D DetoxRNHelpers: Native RN module resolution (class com.reactnativecommunity.asyncstorage.AsyncStorageModule): no such class
11-23 20:55:44.099  8444  8444 D DetoxRNHelpers: Native RN module resolution (class com.reactnativecommunity.asyncstorage.AsyncStorageModule): no such class
11-23 20:55:44.160  8444  8444 I ViewInteraction: Checking 'MatchesViewAssertion(Detox){viewMatcher=(view has effective visibility <VISIBLE> and view.getGlobalVisibleRect() covers at least <75> percent of the view's area)}' assertion on view (view.getTag() is "onboarding-create-shopping-list-screen" and view has effective visibility <VISIBLE>)
11-23 20:55:44.188  8444  8444 D DetoxRNHelpers: Native RN module resolution (class com.reactnativecommunity.asyncstorage.AsyncStorageModule): no such class
11-23 20:55:44.191  8444  8444 D DetoxRNHelpers: Native RN module resolution (class com.reactnativecommunity.asyncstorage.AsyncStorageModule): no such class
11-23 20:55:44.195  8444  8444 D DetoxRNHelpers: Native RN module resolution (class com.reactnativecommunity.asyncstorage.AsyncStorageModule): no such class
11-23 20:55:44.197  8444  8444 D DetoxRNHelpers: Native RN module resolution (class com.reactnativecommunity.asyncstorage.AsyncStorageModule): no such class
11-23 20:55:44.239  8444  8444 I ViewInteraction: Checking 'MatchesViewAssertion(Detox){viewMatcher=(view has effective visibility <VISIBLE> and view.getGlobalVisibleRect() covers at least <75> percent of the view's area)}' assertion on view (view.getTag() is "onboarding-create-shopping-list-screen" and view has effective visibility <VISIBLE>)
11-23 20:55:44.263  8444  8444 D DetoxRNHelpers: Native RN module resolution (class com.reactnativecommunity.asyncstorage.AsyncStorageModule): no such class
11-23 20:55:44.265  8444  8444 D DetoxRNHelpers: Native RN module resolution (class com.reactnativecommunity.asyncstorage.AsyncStorageModule): no such class
11-23 20:55:44.269  8444  8444 D DetoxRNHelpers: Native RN module resolution (class com.reactnativecommunity.asyncstorage.AsyncStorageModule): no such class
11-23 20:55:44.271  8444  8444 D DetoxRNHelpers: Native RN module resolution (class com.reactnativecommunity.asyncstorage.AsyncStorageModule): no such class
11-23 20:55:44.313  8444  8444 I ViewInteraction: Checking 'MatchesViewAssertion(Detox){viewMatcher=(view has effective visibility <VISIBLE> and view.getGlobalVisibleRect() covers at least <75> percent of the view's area)}' assertion on view (view.getTag() is "onboarding-create-shopping-list-screen" and view has effective visibility <VISIBLE>)
11-23 20:55:44.339  8444  8444 D DetoxRNHelpers: Native RN module resolution (class com.reactnativecommunity.asyncstorage.AsyncStorageModule): no such class
11-23 20:55:44.342  8444  8444 D DetoxRNHelpers: Native RN module resolution (class com.reactnativecommunity.asyncstorage.AsyncStorageModule): no such class
11-23 20:55:44.346  8444  8444 D DetoxRNHelpers: Native RN module resolution (class com.reactnativecommunity.asyncstorage.AsyncStorageModule): no such class
11-23 20:55:44.348  8444  8444 D DetoxRNHelpers: Native RN module resolution (class com.reactnativecommunity.asyncstorage.AsyncStorageModule): no such class
11-23 20:55:44.389  8444  8444 I ViewInteraction: Checking 'MatchesViewAssertion(Detox){viewMatcher=(view has effective visibility <VISIBLE> and view.getGlobalVisibleRect() covers at least <75> percent of the view's area)}' assertion on view (view.getTag() is "onboarding-create-shopping-list-screen" and view has effective visibility <VISIBLE>)
11-23 20:55:44.414  8444  8444 D DetoxRNHelpers: Native RN module resolution (class com.reactnativecommunity.asyncstorage.AsyncStorageModule): no such class
11-23 20:55:44.417  8444  8444 D DetoxRNHelpers: Native RN module resolution (class com.reactnativecommunity.asyncstorage.AsyncStorageModule): no such class
11-23 20:55:44.421  8444  8444 D DetoxRNHelpers: Native RN module resolution (class com.reactnativecommunity.asyncstorage.AsyncStorageModule): no such class
11-23 20:55:44.422  8444  8444 D DetoxRNHelpers: Native RN module resolution (class com.reactnativecommunity.asyncstorage.AsyncStorageModule): no such class
11-23 20:55:44.463  8444  8444 I ViewInteraction: Checking 'MatchesViewAssertion(Detox){viewMatcher=(view has effective visibility <VISIBLE> and view.getGlobalVisibleRect() covers at least <75> percent of the view's area)}' assertion on view (view.getTag() is "onboarding-create-shopping-list-screen" and view has effective visibility <VISIBLE>)
11-23 20:55:44.488  8444  8444 D DetoxRNHelpers: Native RN module resolution (class com.reactnativecommunity.asyncstorage.AsyncStorageModule): no such class
11-23 20:55:44.490  8444  8444 D DetoxRNHelpers: Native RN module resolution (class com.reactnativecommunity.asyncstorage.AsyncStorageModule): no such class
11-23 20:55:44.492  8444  8444 D DetoxRNHelpers: Native RN module resolution (class com.reactnativecommunity.asyncstorage.AsyncStorageModule): no such class
11-23 20:55:44.493  8444  8444 D DetoxRNHelpers: Native RN module resolution (class com.reactnativecommunity.asyncstorage.AsyncStorageModule): no such class
11-23 20:55:44.531  8444  8444 I ViewInteraction: Checking 'MatchesViewAssertion(Detox){viewMatcher=(view has effective visibility <VISIBLE> and view.getGlobalVisibleRect() covers at least <75> percent of the view's area)}' assertion on view (view.getTag() is "onboarding-create-shopping-list-screen" and view has effective visibility <VISIBLE>)
11-23 20:55:44.555  8444  8444 D DetoxRNHelpers: Native RN module resolution (class com.reactnativecommunity.asyncstorage.AsyncStorageModule): no such class
11-23 20:55:44.557  8444  8444 D DetoxRNHelpers: Native RN module resolution (class com.reactnativecommunity.asyncstorage.AsyncStorageModule): no such class
11-23 20:55:44.560  8444  8444 D DetoxRNHelpers: Native RN module resolution (class com.reactnativecommunity.asyncstorage.AsyncStorageModule): no such class
11-23 20:55:44.563  8444  8444 D DetoxRNHelpers: Native RN module resolution (class com.reactnativecommunity.asyncstorage.AsyncStorageModule): no such class
11-23 20:55:44.602  8444  8444 I ViewInteraction: Checking 'MatchesViewAssertion(Detox){viewMatcher=(view has effective visibility <VISIBLE> and view.getGlobalVisibleRect() covers at least <75> percent of the view's area)}' assertion on view (view.getTag() is "onboarding-create-shopping-list-screen" and view has effective visibility <VISIBLE>)
11-23 20:55:44.630  8444  8444 D DetoxRNHelpers: Native RN module resolution (class com.reactnativecommunity.asyncstorage.AsyncStorageModule): no such class
11-23 20:55:44.632  8444  8444 D DetoxRNHelpers: Native RN module resolution (class com.reactnativecommunity.asyncstorage.AsyncStorageModule): no such class
11-23 20:55:44.635  8444  8444 D DetoxRNHelpers: Native RN module resolution (class com.reactnativecommunity.asyncstorage.AsyncStorageModule): no such class
11-23 20:55:44.637  8444  8444 D DetoxRNHelpers: Native RN module resolution (class com.reactnativecommunity.asyncstorage.AsyncStorageModule): no such class
11-23 20:55:44.678  8444  8444 I ViewInteraction: Checking 'MatchesViewAssertion(Detox){viewMatcher=(view has effective visibility <VISIBLE> and view.getGlobalVisibleRect() covers at least <75> percent of the view's area)}' assertion on view (view.getTag() is "onboarding-create-shopping-list-screen" and view has effective visibility <VISIBLE>)
11-23 20:55:44.702  8444  8444 D DetoxRNHelpers: Native RN module resolution (class com.reactnativecommunity.asyncstorage.AsyncStorageModule): no such class
11-23 20:55:44.703  8444  8444 D DetoxRNHelpers: Native RN module resolution (class com.reactnativecommunity.asyncstorage.AsyncStorageModule): no such class
11-23 20:55:44.707  8444  8444 D DetoxRNHelpers: Native RN module resolution (class com.reactnativecommunity.asyncstorage.AsyncStorageModule): no such class
11-23 20:55:44.710  8444  8444 D DetoxRNHelpers: Native RN module resolution (class com.reactnativecommunity.asyncstorage.AsyncStorageModule): no such class
11-23 20:55:44.750  8444  8444 I ViewInteraction: Checking 'MatchesViewAssertion(Detox){viewMatcher=(view has effective visibility <VISIBLE> and view.getGlobalVisibleRect() covers at least <75> percent of the view's area)}' assertion on view (view.getTag() is "onboarding-create-shopping-list-screen" and view has effective visibility <VISIBLE>)
11-23 20:55:44.776  8444  8444 D DetoxRNHelpers: Native RN module resolution (class com.reactnativecommunity.asyncstorage.AsyncStorageModule): no such class
11-23 20:55:44.779  8444  8444 D DetoxRNHelpers: Native RN module resolution (class com.reactnativecommunity.asyncstorage.AsyncStorageModule): no such class
11-23 20:55:44.781  8444  8489 I DetoxActionHandlers: Test exception
11-23 20:55:44.781  8444  8489 I DetoxActionHandlers: java.lang.reflect.InvocationTargetException
11-23 20:55:44.781  8444  8489 I DetoxActionHandlers: 	at java.lang.reflect.Method.invoke(Native Method)
11-23 20:55:44.781  8444  8489 I DetoxActionHandlers: 	at org.apache.commons.lang3.reflect.MethodUtils.invokeStaticMethod(MethodUtils.java:443)
11-23 20:55:44.781  8444  8489 I DetoxActionHandlers: 	at org.apache.commons.lang3.reflect.MethodUtils.invokeStaticMethod(MethodUtils.java:405)
11-23 20:55:44.781  8444  8489 I DetoxActionHandlers: 	at com.wix.invoke.types.ClassTarget.execute(ClassTarget.java:23)
11-23 20:55:44.781  8444  8489 I DetoxActionHandlers: 	at com.wix.invoke.types.Target.invoke(Target.java:59)
11-23 20:55:44.781  8444  8489 I DetoxActionHandlers: 	at com.wix.invoke.MethodInvocation.invoke(MethodInvocation.java:35)
11-23 20:55:44.781  8444  8489 I DetoxActionHandlers: 	at com.wix.invoke.MethodInvocation.invoke(MethodInvocation.java:26)
11-23 20:55:44.781  8444  8489 I DetoxActionHandlers: 	at com.wix.invoke.MethodInvocation.invoke(MethodInvocation.java:20)
11-23 20:55:44.781  8444  8489 I DetoxActionHandlers: 	at com.wix.detox.adapters.server.InvokeActionHandler.handle(DetoxActionHandlers.kt:54)
11-23 20:55:44.781  8444  8489 I DetoxActionHandlers: 	at com.wix.detox.adapters.server.ActionsExecutor.executeAction$lambda$2$lambda$1(DetoxActionsDispatcher.kt:76)
11-23 20:55:44.781  8444  8489 I DetoxActionHandlers: 	at com.wix.detox.adapters.server.ActionsExecutor.$r8$lambda$GVbB7LHtBHxNHGbgYnHJ6YrwCqs(Unknown Source:0)
11-23 20:55:44.781  8444  8489 I DetoxActionHandlers: 	at com.wix.detox.adapters.server.ActionsExecutor$$ExternalSyntheticLambda0.run(D8$$SyntheticClass:0)
11-23 20:55:44.781  8444  8489 I DetoxActionHandlers: 	at android.os.Handler.handleCallback(Handler.java:995)
11-23 20:55:44.781  8444  8489 I DetoxActionHandlers: 	at android.os.Handler.dispatchMessage(Handler.java:103)
11-23 20:55:44.781  8444  8489 I DetoxActionHandlers: 	at android.os.Looper.loopOnce(Looper.java:273)
11-23 20:55:44.781  8444  8489 I DetoxActionHandlers: 	at android.os.Looper.loop(Looper.java:363)
11-23 20:55:44.781  8444  8489 I DetoxActionHandlers: 	at com.wix.detox.adapters.server.ActionsExecutor._init_$lambda$0(DetoxActionsDispatcher.kt:62)
11-23 20:55:44.781  8444  8489 I DetoxActionHandlers: 	at com.wix.detox.adapters.server.ActionsExecutor.$r8$lambda$xlgL0CQim6vNM0wWEqM8JIDgZUE(Unknown Source:0)
11-23 20:55:44.781  8444  8489 I DetoxActionHandlers: 	at com.wix.detox.adapters.server.ActionsExecutor$$ExternalSyntheticLambda1.run(D8$$SyntheticClass:0)
11-23 20:55:44.781  8444  8489 I DetoxActionHandlers: 	at java.lang.Thread.run(Thread.java:1119)
11-23 20:55:44.781  8444  8489 I DetoxActionHandlers: Caused by: com.wix.detox.common.DetoxErrors$DetoxRuntimeException: 2.0sec timeout expired without matching of given matcher: (view has effective visibility <VISIBLE> and view.getGlobalVisibleRect() covers at least <75> percent of the view's area)
11-23 20:55:44.781  8444  8489 I DetoxActionHandlers: 	at com.wix.detox.espresso.DetoxAssertion.waitForAssertMatcher(DetoxAssertion.java:72)
11-23 20:55:44.781  8444  8489 I DetoxActionHandlers: 	... 20 more
11-23 20:55:44.782  8444  8489 I DetoxWSClient: Sending out action 'testFailed' (ID #28)
11-23 20:55:44.782  8444  8489 I DetoxDispatcher: Done with action 'invoke'
11-23 20:55:44.787  8444  8495 D DetoxWSClient: Received action 'invoke' (ID #29, params={"target":{"type":"Class","value":"com.wix.detox.espresso.DetoxAssertion"},"method":"waitForAssertMatcher","args":[{"type":"Invocation","value":{"target":{"type":"Class","value":"androidx.test.espresso.Espresso"},"method":"onView","args":[{"type":"Invocation","value":{"target":{"type":"Class","value":"com.wix.detox.espresso.DetoxMatcher"},"method":"matcherForTestId","args":["onboarding-select-pantry-items-screen",{"type":"boolean","value":false}]}}]}},{"type":"Invocation","value":{"target":{"type":"Class","value":"com.wix.detox.espresso.DetoxMatcher"},"method":"matcherForSufficientlyVisible","args":[{"type":"Integer","value":75}]}},{"type":"Double","value":2}]})
11-23 20:55:44.787  8444  8489 I DetoxDispatcher: Handling action 'invoke' (ID #29)...
11-23 20:55:44.788  8444  8489 D Detox   : class com.wix.detox.espresso.DetoxMatcher, matcherForTestId, [onboarding-select-pantry-items-screen, false]
11-23 20:55:44.789  8444  8489 D Detox   : class androidx.test.espresso.Espresso, onView, [(view.getTag() is "onboarding-select-pantry-items-screen" and view has effective visibility <VISIBLE>)]
11-23 20:55:44.791  8444  8489 D Detox   : class com.wix.detox.espresso.DetoxMatcher, matcherForSufficientlyVisible, [75]
11-23 20:55:44.792  8444  8489 D Detox   : class com.wix.detox.espresso.DetoxAssertion, waitForAssertMatcher, [androidx.test.espresso.ViewInteraction@a21dfa0, (view has effective visibility <VISIBLE> and view.getGlobalVisibleRect() covers at least <75> percent of the view's area), 2.0]
11-23 20:55:44.795  8444  8444 D DetoxRNHelpers: Native RN module resolution (class com.reactnativecommunity.asyncstorage.AsyncStorageModule): no such class
11-23 20:55:44.797  8444  8444 D DetoxRNHelpers: Native RN module resolution (class com.reactnativecommunity.asyncstorage.AsyncStorageModule): no such class
11-23 20:55:44.842  8444  8444 I ViewInteraction: Checking 'MatchesViewAssertion(Detox){viewMatcher=(view has effective visibility <VISIBLE> and view.getGlobalVisibleRect() covers at least <75> percent of the view's area)}' assertion on view (view.getTag() is "onboarding-select-pantry-items-screen" and view has effective visibility <VISIBLE>)
11-23 20:55:44.869  8444  8444 D DetoxRNHelpers: Native RN module resolution (class com.reactnativecommunity.asyncstorage.AsyncStorageModule): no such class
11-23 20:55:44.873  8444  8444 D DetoxRNHelpers: Native RN module resolution (class com.reactnativecommunity.asyncstorage.AsyncStorageModule): no such class
11-23 20:55:44.876  8444  8444 D DetoxRNHelpers: Native RN module resolution (class com.reactnativecommunity.asyncstorage.AsyncStorageModule): no such class
11-23 20:55:44.878  8444  8444 D DetoxRNHelpers: Native RN module resolution (class com.reactnativecommunity.asyncstorage.AsyncStorageModule): no such class
11-23 20:55:44.917  8444  8444 I ViewInteraction: Checking 'MatchesViewAssertion(Detox){viewMatcher=(view has effective visibility <VISIBLE> and view.getGlobalVisibleRect() covers at least <75> percent of the view's area)}' assertion on view (view.getTag() is "onboarding-select-pantry-items-screen" and view has effective visibility <VISIBLE>)
11-23 20:55:44.942  8444  8444 D DetoxRNHelpers: Native RN module resolution (class com.reactnativecommunity.asyncstorage.AsyncStorageModule): no such class
11-23 20:55:44.945  8444  8444 D DetoxRNHelpers: Native RN module resolution (class com.reactnativecommunity.asyncstorage.AsyncStorageModule): no such class
11-23 20:55:44.948  8444  8444 D DetoxRNHelpers: Native RN module resolution (class com.reactnativecommunity.asyncstorage.AsyncStorageModule): no such class
11-23 20:55:44.951  8444  8444 D DetoxRNHelpers: Native RN module resolution (class com.reactnativecommunity.asyncstorage.AsyncStorageModule): no such class
11-23 20:55:45.006  8444  8449 I ev.souschef.app: Background concurrent mark compact GC freed 26MB AllocSpace bytes, 97(12MB) LOS objects, 66% free, 16MB/49MB, paused 1.241ms,3.299ms total 100.529ms
11-23 20:55:45.009  8444  8444 I ViewInteraction: Checking 'MatchesViewAssertion(Detox){viewMatcher=(view has effective visibility <VISIBLE> and view.getGlobalVisibleRect() covers at least <75> percent of the view's area)}' assertion on view (view.getTag() is "onboarding-select-pantry-items-screen" and view has effective visibility <VISIBLE>)
11-23 20:55:45.034  8444  8444 D DetoxRNHelpers: Native RN module resolution (class com.reactnativecommunity.asyncstorage.AsyncStorageModule): no such class
11-23 20:55:45.038  8444  8444 D DetoxRNHelpers: Native RN module resolution (class com.reactnativecommunity.asyncstorage.AsyncStorageModule): no such class
11-23 20:55:45.041  8444  8444 D DetoxRNHelpers: Native RN module resolution (class com.reactnativecommunity.asyncstorage.AsyncStorageModule): no such class
11-23 20:55:45.043  8444  8444 D DetoxRNHelpers: Native RN module resolution (class com.reactnativecommunity.asyncstorage.AsyncStorageModule): no such class
11-23 20:55:45.085  8444  8444 I ViewInteraction: Checking 'MatchesViewAssertion(Detox){viewMatcher=(view has effective visibility <VISIBLE> and view.getGlobalVisibleRect() covers at least <75> percent of the view's area)}' assertion on view (view.getTag() is "onboarding-select-pantry-items-screen" and view has effective visibility <VISIBLE>)
11-23 20:55:45.111  8444  8444 D DetoxRNHelpers: Native RN module resolution (class com.reactnativecommunity.asyncstorage.AsyncStorageModule): no such class
11-23 20:55:45.114  8444  8444 D DetoxRNHelpers: Native RN module resolution (class com.reactnativecommunity.asyncstorage.AsyncStorageModule): no such class
11-23 20:55:45.117  8444  8444 D DetoxRNHelpers: Native RN module resolution (class com.reactnativecommunity.asyncstorage.AsyncStorageModule): no such class
11-23 20:55:45.119  8444  8444 D DetoxRNHelpers: Native RN module resolution (class com.reactnativecommunity.asyncstorage.AsyncStorageModule): no such class
11-23 20:55:45.159  8444  8444 I ViewInteraction: Checking 'MatchesViewAssertion(Detox){viewMatcher=(view has effective visibility <VISIBLE> and view.getGlobalVisibleRect() covers at least <75> percent of the view's area)}' assertion on view (view.getTag() is "onboarding-select-pantry-items-screen" and view has effective visibility <VISIBLE>)
11-23 20:55:45.194  8444  8444 D DetoxRNHelpers: Native RN module resolution (class com.reactnativecommunity.asyncstorage.AsyncStorageModule): no such class
11-23 20:55:45.194  8444  8444 I Detox   : Network is busy, with 1 in-flight calls
11-23 20:55:45.196  8444  8444 D DetoxRNHelpers: Native RN module resolution (class com.reactnativecommunity.asyncstorage.AsyncStorageModule): no such class
11-23 20:55:45.197  8444  8444 D DetoxRNHelpers: Native RN module resolution (class com.reactnativecommunity.asyncstorage.AsyncStorageModule): no such class
11-23 20:55:45.200  8444  8444 I Detox   : Network is busy, with 1 in-flight calls
11-23 20:55:45.209  8444  8444 I Detox   : Network is busy, with 1 in-flight calls
11-23 20:55:45.217  8444  8444 I Detox   : Network is busy, with 1 in-flight calls
11-23 20:55:45.225  8444  8444 I Detox   : Network is busy, with 1 in-flight calls
11-23 20:55:45.236  8444  8444 D DetoxRNHelpers: Native RN module resolution (class com.reactnativecommunity.asyncstorage.AsyncStorageModule): no such class
11-23 20:55:45.239  8444  8444 D DetoxRNHelpers: Native RN module resolution (class com.reactnativecommunity.asyncstorage.AsyncStorageModule): no such class
11-23 20:55:45.241  8444  8444 D DetoxRNHelpers: Native RN module resolution (class com.reactnativecommunity.asyncstorage.AsyncStorageModule): no such class
11-23 20:55:45.282  8444  8444 I ViewInteraction: Checking 'MatchesViewAssertion(Detox){viewMatcher=(view has effective visibility <VISIBLE> and view.getGlobalVisibleRect() covers at least <75> percent of the view's area)}' assertion on view (view.getTag() is "onboarding-select-pantry-items-screen" and view has effective visibility <VISIBLE>)
11-23 20:55:45.310  8444  8444 D DetoxRNHelpers: Native RN module resolution (class com.reactnativecommunity.asyncstorage.AsyncStorageModule): no such class
11-23 20:55:45.313  8444  8444 D DetoxRNHelpers: Native RN module resolution (class com.reactnativecommunity.asyncstorage.AsyncStorageModule): no such class
11-23 20:55:45.317  8444  8444 D DetoxRNHelpers: Native RN module resolution (class com.reactnativecommunity.asyncstorage.AsyncStorageModule): no such class
11-23 20:55:45.319  8444  8444 D DetoxRNHelpers: Native RN module resolution (class com.reactnativecommunity.asyncstorage.AsyncStorageModule): no such class
11-23 20:55:45.360  8444  8444 I ViewInteraction: Checking 'MatchesViewAssertion(Detox){viewMatcher=(view has effective visibility <VISIBLE> and view.getGlobalVisibleRect() covers at least <75> percent of the view's area)}' assertion on view (view.getTag() is "onboarding-select-pantry-items-screen" and view has effective visibility <VISIBLE>)
11-23 20:55:45.388  8444  8444 D DetoxRNHelpers: Native RN module resolution (class com.reactnativecommunity.asyncstorage.AsyncStorageModule): no such class
11-23 20:55:45.391  8444  8444 D DetoxRNHelpers: Native RN module resolution (class com.reactnativecommunity.asyncstorage.AsyncStorageModule): no such class
11-23 20:55:45.394  8444  8444 D DetoxRNHelpers: Native RN module resolution (class com.reactnativecommunity.asyncstorage.AsyncStorageModule): no such class
11-23 20:55:45.397  8444  8444 D DetoxRNHelpers: Native RN module resolution (class com.reactnativecommunity.asyncstorage.AsyncStorageModule): no such class
11-23 20:55:45.438  8444  8444 I ViewInteraction: Checking 'MatchesViewAssertion(Detox){viewMatcher=(view has effective visibility <VISIBLE> and view.getGlobalVisibleRect() covers at least <75> percent of the view's area)}' assertion on view (view.getTag() is "onboarding-select-pantry-items-screen" and view has effective visibility <VISIBLE>)
11-23 20:55:45.465  8444  8444 D DetoxRNHelpers: Native RN module resolution (class com.reactnativecommunity.asyncstorage.AsyncStorageModule): no such class
11-23 20:55:45.466  8444  8444 D DetoxRNHelpers: Native RN module resolution (class com.reactnativecommunity.asyncstorage.AsyncStorageModule): no such class
11-23 20:55:45.469  8444  8444 D DetoxRNHelpers: Native RN module resolution (class com.reactnativecommunity.asyncstorage.AsyncStorageModule): no such class
11-23 20:55:45.470  8444  8444 D DetoxRNHelpers: Native RN module resolution (class com.reactnativecommunity.asyncstorage.AsyncStorageModule): no such class
11-23 20:55:45.509  8444  8444 I ViewInteraction: Checking 'MatchesViewAssertion(Detox){viewMatcher=(view has effective visibility <VISIBLE> and view.getGlobalVisibleRect() covers at least <75> percent of the view's area)}' assertion on view (view.getTag() is "onboarding-select-pantry-items-screen" and view has effective visibility <VISIBLE>)
11-23 20:55:45.534  8444  8444 D DetoxRNHelpers: Native RN module resolution (class com.reactnativecommunity.asyncstorage.AsyncStorageModule): no such class
11-23 20:55:45.537  8444  8444 D DetoxRNHelpers: Native RN module resolution (class com.reactnativecommunity.asyncstorage.AsyncStorageModule): no such class
11-23 20:55:45.540  8444  8444 D DetoxRNHelpers: Native RN module resolution (class com.reactnativecommunity.asyncstorage.AsyncStorageModule): no such class
11-23 20:55:45.542  8444  8444 D DetoxRNHelpers: Native RN module resolution (class com.reactnativecommunity.asyncstorage.AsyncStorageModule): no such class
11-23 20:55:45.582  8444  8444 I ViewInteraction: Checking 'MatchesViewAssertion(Detox){viewMatcher=(view has effective visibility <VISIBLE> and view.getGlobalVisibleRect() covers at least <75> percent of the view's area)}' assertion on view (view.getTag() is "onboarding-select-pantry-items-screen" and view has effective visibility <VISIBLE>)
11-23 20:55:45.608  8444  8444 D DetoxRNHelpers: Native RN module resolution (class com.reactnativecommunity.asyncstorage.AsyncStorageModule): no such class
11-23 20:55:45.612  8444  8444 D DetoxRNHelpers: Native RN module resolution (class com.reactnativecommunity.asyncstorage.AsyncStorageModule): no such class
11-23 20:55:45.615  8444  8444 D DetoxRNHelpers: Native RN module resolution (class com.reactnativecommunity.asyncstorage.AsyncStorageModule): no such class
11-23 20:55:45.617  8444  8444 D DetoxRNHelpers: Native RN module resolution (class com.reactnativecommunity.asyncstorage.AsyncStorageModule): no such class
11-23 20:55:45.657  8444  8444 I ViewInteraction: Checking 'MatchesViewAssertion(Detox){viewMatcher=(view has effective visibility <VISIBLE> and view.getGlobalVisibleRect() covers at least <75> percent of the view's area)}' assertion on view (view.getTag() is "onboarding-select-pantry-items-screen" and view has effective visibility <VISIBLE>)
11-23 20:55:45.683  8444  8444 D DetoxRNHelpers: Native RN module resolution (class com.reactnativecommunity.asyncstorage.AsyncStorageModule): no such class
11-23 20:55:45.685  8444  8444 D DetoxRNHelpers: Native RN module resolution (class com.reactnativecommunity.asyncstorage.AsyncStorageModule): no such class
11-23 20:55:45.689  8444  8444 D DetoxRNHelpers: Native RN module resolution (class com.reactnativecommunity.asyncstorage.AsyncStorageModule): no such class
11-23 20:55:45.691  8444  8444 D DetoxRNHelpers: Native RN module resolution (class com.reactnativecommunity.asyncstorage.AsyncStorageModule): no such class
11-23 20:55:45.733  8444  8444 I ViewInteraction: Checking 'MatchesViewAssertion(Detox){viewMatcher=(view has effective visibility <VISIBLE> and view.getGlobalVisibleRect() covers at least <75> percent of the view's area)}' assertion on view (view.getTag() is "onboarding-select-pantry-items-screen" and view has effective visibility <VISIBLE>)
11-23 20:55:45.763  8444  8444 D DetoxRNHelpers: Native RN module resolution (class com.reactnativecommunity.asyncstorage.AsyncStorageModule): no such class
11-23 20:55:45.766  8444  8444 D DetoxRNHelpers: Native RN module resolution (class com.reactnativecommunity.asyncstorage.AsyncStorageModule): no such class
11-23 20:55:45.769  8444  8444 D DetoxRNHelpers: Native RN module resolution (class com.reactnativecommunity.asyncstorage.AsyncStorageModule): no such class
11-23 20:55:45.771  8444  8444 D DetoxRNHelpers: Native RN module resolution (class com.reactnativecommunity.asyncstorage.AsyncStorageModule): no such class
11-23 20:55:45.810  8444  8444 I ViewInteraction: Checking 'MatchesViewAssertion(Detox){viewMatcher=(view has effective visibility <VISIBLE> and view.getGlobalVisibleRect() covers at least <75> percent of the view's area)}' assertion on view (view.getTag() is "onboarding-select-pantry-items-screen" and view has effective visibility <VISIBLE>)
11-23 20:55:45.839  8444  8444 D DetoxRNHelpers: Native RN module resolution (class com.reactnativecommunity.asyncstorage.AsyncStorageModule): no such class
11-23 20:55:45.841  8444  8444 D DetoxRNHelpers: Native RN module resolution (class com.reactnativecommunity.asyncstorage.AsyncStorageModule): no such class
11-23 20:55:45.844  8444  8444 D DetoxRNHelpers: Native RN module resolution (class com.reactnativecommunity.asyncstorage.AsyncStorageModule): no such class
11-23 20:55:45.846  8444  8444 D DetoxRNHelpers: Native RN module resolution (class com.reactnativecommunity.asyncstorage.AsyncStorageModule): no such class
11-23 20:55:45.888  8444  8444 I ViewInteraction: Checking 'MatchesViewAssertion(Detox){viewMatcher=(view has effective visibility <VISIBLE> and view.getGlobalVisibleRect() covers at least <75> percent of the view's area)}' assertion on view (view.getTag() is "onboarding-select-pantry-items-screen" and view has effective visibility <VISIBLE>)
11-23 20:55:45.913  8444  8444 D DetoxRNHelpers: Native RN module resolution (class com.reactnativecommunity.asyncstorage.AsyncStorageModule): no such class
11-23 20:55:45.916  8444  8444 D DetoxRNHelpers: Native RN module resolution (class com.reactnativecommunity.asyncstorage.AsyncStorageModule): no such class
11-23 20:55:45.920  8444  8444 D DetoxRNHelpers: Native RN module resolution (class com.reactnativecommunity.asyncstorage.AsyncStorageModule): no such class
11-23 20:55:45.922  8444  8444 D DetoxRNHelpers: Native RN module resolution (class com.reactnativecommunity.asyncstorage.AsyncStorageModule): no such class
11-23 20:55:45.963  8444  8444 I ViewInteraction: Checking 'MatchesViewAssertion(Detox){viewMatcher=(view has effective visibility <VISIBLE> and view.getGlobalVisibleRect() covers at least <75> percent of the view's area)}' assertion on view (view.getTag() is "onboarding-select-pantry-items-screen" and view has effective visibility <VISIBLE>)
11-23 20:55:45.989  8444  8444 D DetoxRNHelpers: Native RN module resolution (class com.reactnativecommunity.asyncstorage.AsyncStorageModule): no such class
11-23 20:55:45.991  8444  8444 D DetoxRNHelpers: Native RN module resolution (class com.reactnativecommunity.asyncstorage.AsyncStorageModule): no such class
11-23 20:55:45.995  8444  8444 D DetoxRNHelpers: Native RN module resolution (class com.reactnativecommunity.asyncstorage.AsyncStorageModule): no such class
11-23 20:55:45.997  8444  8444 D DetoxRNHelpers: Native RN module resolution (class com.reactnativecommunity.asyncstorage.AsyncStorageModule): no such class
11-23 20:55:46.038  8444  8444 I ViewInteraction: Checking 'MatchesViewAssertion(Detox){viewMatcher=(view has effective visibility <VISIBLE> and view.getGlobalVisibleRect() covers at least <75> percent of the view's area)}' assertion on view (view.getTag() is "onboarding-select-pantry-items-screen" and view has effective visibility <VISIBLE>)
11-23 20:55:46.063  8444  8444 D DetoxRNHelpers: Native RN module resolution (class com.reactnativecommunity.asyncstorage.AsyncStorageModule): no such class
11-23 20:55:46.064  8444  8444 D DetoxRNHelpers: Native RN module resolution (class com.reactnativecommunity.asyncstorage.AsyncStorageModule): no such class
11-23 20:55:46.067  8444  8444 D DetoxRNHelpers: Native RN module resolution (class com.reactnativecommunity.asyncstorage.AsyncStorageModule): no such class
11-23 20:55:46.069  8444  8444 D DetoxRNHelpers: Native RN module resolution (class com.reactnativecommunity.asyncstorage.AsyncStorageModule): no such class
11-23 20:55:46.106  8444  8444 I ViewInteraction: Checking 'MatchesViewAssertion(Detox){viewMatcher=(view has effective visibility <VISIBLE> and view.getGlobalVisibleRect() covers at least <75> percent of the view's area)}' assertion on view (view.getTag() is "onboarding-select-pantry-items-screen" and view has effective visibility <VISIBLE>)
11-23 20:55:46.132  8444  8444 D DetoxRNHelpers: Native RN module resolution (class com.reactnativecommunity.asyncstorage.AsyncStorageModule): no such class
11-23 20:55:46.134  8444  8444 D DetoxRNHelpers: Native RN module resolution (class com.reactnativecommunity.asyncstorage.AsyncStorageModule): no such class
11-23 20:55:46.138  8444  8444 D DetoxRNHelpers: Native RN module resolution (class com.reactnativecommunity.asyncstorage.AsyncStorageModule): no such class
11-23 20:55:46.141  8444  8444 D DetoxRNHelpers: Native RN module resolution (class com.reactnativecommunity.asyncstorage.AsyncStorageModule): no such class
11-23 20:55:46.181  8444  8444 I ViewInteraction: Checking 'MatchesViewAssertion(Detox){viewMatcher=(view has effective visibility <VISIBLE> and view.getGlobalVisibleRect() covers at least <75> percent of the view's area)}' assertion on view (view.getTag() is "onboarding-select-pantry-items-screen" and view has effective visibility <VISIBLE>)
11-23 20:55:46.207  8444  8444 D DetoxRNHelpers: Native RN module resolution (class com.reactnativecommunity.asyncstorage.AsyncStorageModule): no such class
11-23 20:55:46.210  8444  8444 D DetoxRNHelpers: Native RN module resolution (class com.reactnativecommunity.asyncstorage.AsyncStorageModule): no such class
11-23 20:55:46.213  8444  8444 D DetoxRNHelpers: Native RN module resolution (class com.reactnativecommunity.asyncstorage.AsyncStorageModule): no such class
11-23 20:55:46.215  8444  8444 D DetoxRNHelpers: Native RN module resolution (class com.reactnativecommunity.asyncstorage.AsyncStorageModule): no such class
11-23 20:55:46.255  8444  8444 I ViewInteraction: Checking 'MatchesViewAssertion(Detox){viewMatcher=(view has effective visibility <VISIBLE> and view.getGlobalVisibleRect() covers at least <75> percent of the view's area)}' assertion on view (view.getTag() is "onboarding-select-pantry-items-screen" and view has effective visibility <VISIBLE>)
11-23 20:55:46.279  8444  8444 D DetoxRNHelpers: Native RN module resolution (class com.reactnativecommunity.asyncstorage.AsyncStorageModule): no such class
11-23 20:55:46.281  8444  8444 D DetoxRNHelpers: Native RN module resolution (class com.reactnativecommunity.asyncstorage.AsyncStorageModule): no such class
11-23 20:55:46.284  8444  8444 D DetoxRNHelpers: Native RN module resolution (class com.reactnativecommunity.asyncstorage.AsyncStorageModule): no such class
11-23 20:55:46.286  8444  8444 D DetoxRNHelpers: Native RN module resolution (class com.reactnativecommunity.asyncstorage.AsyncStorageModule): no such class
11-23 20:55:46.324  8444  8444 I ViewInteraction: Checking 'MatchesViewAssertion(Detox){viewMatcher=(view has effective visibility <VISIBLE> and view.getGlobalVisibleRect() covers at least <75> percent of the view's area)}' assertion on view (view.getTag() is "onboarding-select-pantry-items-screen" and view has effective visibility <VISIBLE>)
11-23 20:55:46.350  8444  8444 D DetoxRNHelpers: Native RN module resolution (class com.reactnativecommunity.asyncstorage.AsyncStorageModule): no such class
11-23 20:55:46.353  8444  8444 D DetoxRNHelpers: Native RN module resolution (class com.reactnativecommunity.asyncstorage.AsyncStorageModule): no such class
11-23 20:55:46.357  8444  8444 D DetoxRNHelpers: Native RN module resolution (class com.reactnativecommunity.asyncstorage.AsyncStorageModule): no such class
11-23 20:55:46.359  8444  8444 D DetoxRNHelpers: Native RN module resolution (class com.reactnativecommunity.asyncstorage.AsyncStorageModule): no such class
11-23 20:55:46.399  8444  8444 I ViewInteraction: Checking 'MatchesViewAssertion(Detox){viewMatcher=(view has effective visibility <VISIBLE> and view.getGlobalVisibleRect() covers at least <75> percent of the view's area)}' assertion on view (view.getTag() is "onboarding-select-pantry-items-screen" and view has effective visibility <VISIBLE>)
11-23 20:55:46.427  8444  8444 D DetoxRNHelpers: Native RN module resolution (class com.reactnativecommunity.asyncstorage.AsyncStorageModule): no such class
11-23 20:55:46.430  8444  8444 D DetoxRNHelpers: Native RN module resolution (class com.reactnativecommunity.asyncstorage.AsyncStorageModule): no such class
11-23 20:55:46.434  8444  8444 D DetoxRNHelpers: Native RN module resolution (class com.reactnativecommunity.asyncstorage.AsyncStorageModule): no such class
11-23 20:55:46.436  8444  8444 D DetoxRNHelpers: Native RN module resolution (class com.reactnativecommunity.asyncstorage.AsyncStorageModule): no such class
11-23 20:55:46.482  8444  8444 I ViewInteraction: Checking 'MatchesViewAssertion(Detox){viewMatcher=(view has effective visibility <VISIBLE> and view.getGlobalVisibleRect() covers at least <75> percent of the view's area)}' assertion on view (view.getTag() is "onboarding-select-pantry-items-screen" and view has effective visibility <VISIBLE>)
11-23 20:55:46.512  8444  8444 D DetoxRNHelpers: Native RN module resolution (class com.reactnativecommunity.asyncstorage.AsyncStorageModule): no such class
11-23 20:55:46.515  8444  8444 D DetoxRNHelpers: Native RN module resolution (class com.reactnativecommunity.asyncstorage.AsyncStorageModule): no such class
11-23 20:55:46.529  8444  8444 D DetoxRNHelpers: Native RN module resolution (class com.reactnativecommunity.asyncstorage.AsyncStorageModule): no such class
11-23 20:55:46.533  8444  8444 D DetoxRNHelpers: Native RN module resolution (class com.reactnativecommunity.asyncstorage.AsyncStorageModule): no such class
11-23 20:55:46.578  8444  8444 I ViewInteraction: Checking 'MatchesViewAssertion(Detox){viewMatcher=(view has effective visibility <VISIBLE> and view.getGlobalVisibleRect() covers at least <75> percent of the view's area)}' assertion on view (view.getTag() is "onboarding-select-pantry-items-screen" and view has effective visibility <VISIBLE>)
11-23 20:55:46.605  8444  8444 D DetoxRNHelpers: Native RN module resolution (class com.reactnativecommunity.asyncstorage.AsyncStorageModule): no such class
11-23 20:55:46.606  8444  8444 D DetoxRNHelpers: Native RN module resolution (class com.reactnativecommunity.asyncstorage.AsyncStorageModule): no such class
11-23 20:55:46.612  8444  8444 D DetoxRNHelpers: Native RN module resolution (class com.reactnativecommunity.asyncstorage.AsyncStorageModule): no such class
11-23 20:55:46.614  8444  8444 D DetoxRNHelpers: Native RN module resolution (class com.reactnativecommunity.asyncstorage.AsyncStorageModule): no such class
11-23 20:55:46.654  8444  8444 I ViewInteraction: Checking 'MatchesViewAssertion(Detox){viewMatcher=(view has effective visibility <VISIBLE> and view.getGlobalVisibleRect() covers at least <75> percent of the view's area)}' assertion on view (view.getTag() is "onboarding-select-pantry-items-screen" and view has effective visibility <VISIBLE>)
11-23 20:55:46.682  8444  8444 D DetoxRNHelpers: Native RN module resolution (class com.reactnativecommunity.asyncstorage.AsyncStorageModule): no such class
11-23 20:55:46.685  8444  8444 D DetoxRNHelpers: Native RN module resolution (class com.reactnativecommunity.asyncstorage.AsyncStorageModule): no such class
11-23 20:55:46.689  8444  8444 D DetoxRNHelpers: Native RN module resolution (class com.reactnativecommunity.asyncstorage.AsyncStorageModule): no such class
11-23 20:55:46.691  8444  8444 D DetoxRNHelpers: Native RN module resolution (class com.reactnativecommunity.asyncstorage.AsyncStorageModule): no such class
11-23 20:55:46.730  8444  8444 I ViewInteraction: Checking 'MatchesViewAssertion(Detox){viewMatcher=(view has effective visibility <VISIBLE> and view.getGlobalVisibleRect() covers at least <75> percent of the view's area)}' assertion on view (view.getTag() is "onboarding-select-pantry-items-screen" and view has effective visibility <VISIBLE>)
11-23 20:55:46.756  8444  8444 D DetoxRNHelpers: Native RN module resolution (class com.reactnativecommunity.asyncstorage.AsyncStorageModule): no such class
11-23 20:55:46.759  8444  8444 D DetoxRNHelpers: Native RN module resolution (class com.reactnativecommunity.asyncstorage.AsyncStorageModule): no such class
11-23 20:55:46.763  8444  8444 D DetoxRNHelpers: Native RN module resolution (class com.reactnativecommunity.asyncstorage.AsyncStorageModule): no such class
11-23 20:55:46.765  8444  8444 D DetoxRNHelpers: Native RN module resolution (class com.reactnativecommunity.asyncstorage.AsyncStorageModule): no such class
11-23 20:55:46.805  8444  8444 I ViewInteraction: Checking 'MatchesViewAssertion(Detox){viewMatcher=(view has effective visibility <VISIBLE> and view.getGlobalVisibleRect() covers at least <75> percent of the view's area)}' assertion on view (view.getTag() is "onboarding-select-pantry-items-screen" and view has effective visibility <VISIBLE>)
11-23 20:55:46.830  8444  8444 D DetoxRNHelpers: Native RN module resolution (class com.reactnativecommunity.asyncstorage.AsyncStorageModule): no such class
11-23 20:55:46.832  8444  8444 D DetoxRNHelpers: Native RN module resolution (class com.reactnativecommunity.asyncstorage.AsyncStorageModule): no such class
11-23 20:55:46.835  8444  8489 I DetoxActionHandlers: Test exception
11-23 20:55:46.835  8444  8489 I DetoxActionHandlers: java.lang.reflect.InvocationTargetException
11-23 20:55:46.835  8444  8489 I DetoxActionHandlers: 	at java.lang.reflect.Method.invoke(Native Method)
11-23 20:55:46.835  8444  8489 I DetoxActionHandlers: 	at org.apache.commons.lang3.reflect.MethodUtils.invokeStaticMethod(MethodUtils.java:443)
11-23 20:55:46.835  8444  8489 I DetoxActionHandlers: 	at org.apache.commons.lang3.reflect.MethodUtils.invokeStaticMethod(MethodUtils.java:405)
11-23 20:55:46.835  8444  8489 I DetoxActionHandlers: 	at com.wix.invoke.types.ClassTarget.execute(ClassTarget.java:23)
11-23 20:55:46.835  8444  8489 I DetoxActionHandlers: 	at com.wix.invoke.types.Target.invoke(Target.java:59)
11-23 20:55:46.835  8444  8489 I DetoxActionHandlers: 	at com.wix.invoke.MethodInvocation.invoke(MethodInvocation.java:35)
11-23 20:55:46.835  8444  8489 I DetoxActionHandlers: 	at com.wix.invoke.MethodInvocation.invoke(MethodInvocation.java:26)
11-23 20:55:46.835  8444  8489 I DetoxActionHandlers: 	at com.wix.invoke.MethodInvocation.invoke(MethodInvocation.java:20)
11-23 20:55:46.835  8444  8489 I DetoxActionHandlers: 	at com.wix.detox.adapters.server.InvokeActionHandler.handle(DetoxActionHandlers.kt:54)
11-23 20:55:46.835  8444  8489 I DetoxActionHandlers: 	at com.wix.detox.adapters.server.ActionsExecutor.executeAction$lambda$2$lambda$1(DetoxActionsDispatcher.kt:76)
11-23 20:55:46.835  8444  8489 I DetoxActionHandlers: 	at com.wix.detox.adapters.server.ActionsExecutor.$r8$lambda$GVbB7LHtBHxNHGbgYnHJ6YrwCqs(Unknown Source:0)
11-23 20:55:46.835  8444  8489 I DetoxActionHandlers: 	at com.wix.detox.adapters.server.ActionsExecutor$$ExternalSyntheticLambda0.run(D8$$SyntheticClass:0)
11-23 20:55:46.835  8444  8489 I DetoxActionHandlers: 	at android.os.Handler.handleCallback(Handler.java:995)
11-23 20:55:46.835  8444  8489 I DetoxActionHandlers: 	at android.os.Handler.dispatchMessage(Handler.java:103)
11-23 20:55:46.835  8444  8489 I DetoxActionHandlers: 	at android.os.Looper.loopOnce(Looper.java:273)
11-23 20:55:46.835  8444  8489 I DetoxActionHandlers: 	at android.os.Looper.loop(Looper.java:363)
11-23 20:55:46.835  8444  8489 I DetoxActionHandlers: 	at com.wix.detox.adapters.server.ActionsExecutor._init_$lambda$0(DetoxActionsDispatcher.kt:62)
11-23 20:55:46.835  8444  8489 I DetoxActionHandlers: 	at com.wix.detox.adapters.server.ActionsExecutor.$r8$lambda$xlgL0CQim6vNM0wWEqM8JIDgZUE(Unknown Source:0)
11-23 20:55:46.835  8444  8489 I DetoxActionHandlers: 	at com.wix.detox.adapters.server.ActionsExecutor$$ExternalSyntheticLambda1.run(D8$$SyntheticClass:0)
11-23 20:55:46.835  8444  8489 I DetoxActionHandlers: 	at java.lang.Thread.run(Thread.java:1119)
11-23 20:55:46.835  8444  8489 I DetoxActionHandlers: Caused by: com.wix.detox.common.DetoxErrors$DetoxRuntimeException: 2.0sec timeout expired without matching of given matcher: (view has effective visibility <VISIBLE> and view.getGlobalVisibleRect() covers at least <75> percent of the view's area)
11-23 20:55:46.835  8444  8489 I DetoxActionHandlers: 	at com.wix.detox.espresso.DetoxAssertion.waitForAssertMatcher(DetoxAssertion.java:72)
11-23 20:55:46.835  8444  8489 I DetoxActionHandlers: 	... 20 more
11-23 20:55:46.835  8444  8489 I DetoxWSClient: Sending out action 'testFailed' (ID #29)
11-23 20:55:46.836  8444  8489 I DetoxDispatcher: Done with action 'invoke'
11-23 20:55:46.841  8444  8495 D DetoxWSClient: Received action 'invoke' (ID #30, params={"target":{"type":"Class","value":"com.wix.detox.espresso.DetoxAssertion"},"method":"waitForAssertMatcher","args":[{"type":"Invocation","value":{"target":{"type":"Class","value":"androidx.test.espresso.Espresso"},"method":"onView","args":[{"type":"Invocation","value":{"target":{"type":"Class","value":"com.wix.detox.espresso.DetoxMatcher"},"method":"matcherForTestId","args":["biometric-setup-screen",{"type":"boolean","value":false}]}}]}},{"type":"Invocation","value":{"target":{"type":"Class","value":"com.wix.detox.espresso.DetoxMatcher"},"method":"matcherForSufficientlyVisible","args":[{"type":"Integer","value":75}]}},{"type":"Double","value":2}]})
11-23 20:55:46.842  8444  8489 I DetoxDispatcher: Handling action 'invoke' (ID #30)...
11-23 20:55:46.843  8444  8489 D Detox   : class com.wix.detox.espresso.DetoxMatcher, matcherForTestId, [biometric-setup-screen, false]
11-23 20:55:46.844  8444  8489 D Detox   : class androidx.test.espresso.Espresso, onView, [(view.getTag() is "biometric-setup-screen" and view has effective visibility <VISIBLE>)]
11-23 20:55:46.846  8444  8489 D Detox   : class com.wix.detox.espresso.DetoxMatcher, matcherForSufficientlyVisible, [75]
11-23 20:55:46.847  8444  8489 D Detox   : class com.wix.detox.espresso.DetoxAssertion, waitForAssertMatcher, [androidx.test.espresso.ViewInteraction@250c3ff, (view has effective visibility <VISIBLE> and view.getGlobalVisibleRect() covers at least <75> percent of the view's area), 2.0]
11-23 20:55:46.850  8444  8444 D DetoxRNHelpers: Native RN module resolution (class com.reactnativecommunity.asyncstorage.AsyncStorageModule): no such class
11-23 20:55:46.853  8444  8444 D DetoxRNHelpers: Native RN module resolution (class com.reactnativecommunity.asyncstorage.AsyncStorageModule): no such class
11-23 20:55:46.896  8444  8444 I ViewInteraction: Checking 'MatchesViewAssertion(Detox){viewMatcher=(view has effective visibility <VISIBLE> and view.getGlobalVisibleRect() covers at least <75> percent of the view's area)}' assertion on view (view.getTag() is "biometric-setup-screen" and view has effective visibility <VISIBLE>)
11-23 20:55:46.924  8444  8444 D DetoxRNHelpers: Native RN module resolution (class com.reactnativecommunity.asyncstorage.AsyncStorageModule): no such class
11-23 20:55:46.926  8444  8444 D DetoxRNHelpers: Native RN module resolution (class com.reactnativecommunity.asyncstorage.AsyncStorageModule): no such class
11-23 20:55:46.930  8444  8444 D DetoxRNHelpers: Native RN module resolution (class com.reactnativecommunity.asyncstorage.AsyncStorageModule): no such class
11-23 20:55:46.933  8444  8444 D DetoxRNHelpers: Native RN module resolution (class com.reactnativecommunity.asyncstorage.AsyncStorageModule): no such class
11-23 20:55:46.972  8444  8444 I ViewInteraction: Checking 'MatchesViewAssertion(Detox){viewMatcher=(view has effective visibility <VISIBLE> and view.getGlobalVisibleRect() covers at least <75> percent of the view's area)}' assertion on view (view.getTag() is "biometric-setup-screen" and view has effective visibility <VISIBLE>)
11-23 20:55:46.997  8444  8444 D DetoxRNHelpers: Native RN module resolution (class com.reactnativecommunity.asyncstorage.AsyncStorageModule): no such class
11-23 20:55:47.000  8444  8444 D DetoxRNHelpers: Native RN module resolution (class com.reactnativecommunity.asyncstorage.AsyncStorageModule): no such class
11-23 20:55:47.004  8444  8444 D DetoxRNHelpers: Native RN module resolution (class com.reactnativecommunity.asyncstorage.AsyncStorageModule): no such class
11-23 20:55:47.006  8444  8444 D DetoxRNHelpers: Native RN module resolution (class com.reactnativecommunity.asyncstorage.AsyncStorageModule): no such class
11-23 20:55:47.043  8444  8444 I ViewInteraction: Checking 'MatchesViewAssertion(Detox){viewMatcher=(view has effective visibility <VISIBLE> and view.getGlobalVisibleRect() covers at least <75> percent of the view's area)}' assertion on view (view.getTag() is "biometric-setup-screen" and view has effective visibility <VISIBLE>)
11-23 20:55:47.072  8444  8444 D DetoxRNHelpers: Native RN module resolution (class com.reactnativecommunity.asyncstorage.AsyncStorageModule): no such class
11-23 20:55:47.075  8444  8444 D DetoxRNHelpers: Native RN module resolution (class com.reactnativecommunity.asyncstorage.AsyncStorageModule): no such class
11-23 20:55:47.079  8444  8444 D DetoxRNHelpers: Native RN module resolution (class com.reactnativecommunity.asyncstorage.AsyncStorageModule): no such class
11-23 20:55:47.080  8444  8444 D DetoxRNHelpers: Native RN module resolution (class com.reactnativecommunity.asyncstorage.AsyncStorageModule): no such class
11-23 20:55:47.119  8444  8444 I ViewInteraction: Checking 'MatchesViewAssertion(Detox){viewMatcher=(view has effective visibility <VISIBLE> and view.getGlobalVisibleRect() covers at least <75> percent of the view's area)}' assertion on view (view.getTag() is "biometric-setup-screen" and view has effective visibility <VISIBLE>)
11-23 20:55:47.147  8444  8444 D DetoxRNHelpers: Native RN module resolution (class com.reactnativecommunity.asyncstorage.AsyncStorageModule): no such class
11-23 20:55:47.149  8444  8444 D DetoxRNHelpers: Native RN module resolution (class com.reactnativecommunity.asyncstorage.AsyncStorageModule): no such class
11-23 20:55:47.153  8444  8444 D DetoxRNHelpers: Native RN module resolution (class com.reactnativecommunity.asyncstorage.AsyncStorageModule): no such class
11-23 20:55:47.156  8444  8444 D DetoxRNHelpers: Native RN module resolution (class com.reactnativecommunity.asyncstorage.AsyncStorageModule): no such class
11-23 20:55:47.207  8444  8444 I ViewInteraction: Checking 'MatchesViewAssertion(Detox){viewMatcher=(view has effective visibility <VISIBLE> and view.getGlobalVisibleRect() covers at least <75> percent of the view's area)}' assertion on view (view.getTag() is "biometric-setup-screen" and view has effective visibility <VISIBLE>)
11-23 20:55:47.238  8444  8444 D DetoxRNHelpers: Native RN module resolution (class com.reactnativecommunity.asyncstorage.AsyncStorageModule): no such class
11-23 20:55:47.240  8444  8444 D DetoxRNHelpers: Native RN module resolution (class com.reactnativecommunity.asyncstorage.AsyncStorageModule): no such class
11-23 20:55:47.244  8444  8444 D DetoxRNHelpers: Native RN module resolution (class com.reactnativecommunity.asyncstorage.AsyncStorageModule): no such class
11-23 20:55:47.246  8444  8444 D DetoxRNHelpers: Native RN module resolution (class com.reactnativecommunity.asyncstorage.AsyncStorageModule): no such class
11-23 20:55:47.286  8444  8444 I ViewInteraction: Checking 'MatchesViewAssertion(Detox){viewMatcher=(view has effective visibility <VISIBLE> and view.getGlobalVisibleRect() covers at least <75> percent of the view's area)}' assertion on view (view.getTag() is "biometric-setup-screen" and view has effective visibility <VISIBLE>)
11-23 20:55:47.314  8444  8444 D DetoxRNHelpers: Native RN module resolution (class com.reactnativecommunity.asyncstorage.AsyncStorageModule): no such class
11-23 20:55:47.316  8444  8444 D DetoxRNHelpers: Native RN module resolution (class com.reactnativecommunity.asyncstorage.AsyncStorageModule): no such class
11-23 20:55:47.321  8444  8444 D DetoxRNHelpers: Native RN module resolution (class com.reactnativecommunity.asyncstorage.AsyncStorageModule): no such class
11-23 20:55:47.323  8444  8444 D DetoxRNHelpers: Native RN module resolution (class com.reactnativecommunity.asyncstorage.AsyncStorageModule): no such class
11-23 20:55:47.363  8444  8444 I ViewInteraction: Checking 'MatchesViewAssertion(Detox){viewMatcher=(view has effective visibility <VISIBLE> and view.getGlobalVisibleRect() covers at least <75> percent of the view's area)}' assertion on view (view.getTag() is "biometric-setup-screen" and view has effective visibility <VISIBLE>)
11-23 20:55:47.390  8444  8444 D DetoxRNHelpers: Native RN module resolution (class com.reactnativecommunity.asyncstorage.AsyncStorageModule): no such class
11-23 20:55:47.392  8444  8444 D DetoxRNHelpers: Native RN module resolution (class com.reactnativecommunity.asyncstorage.AsyncStorageModule): no such class
11-23 20:55:47.397  8444  8444 D DetoxRNHelpers: Native RN module resolution (class com.reactnativecommunity.asyncstorage.AsyncStorageModule): no such class
11-23 20:55:47.398  8444  8444 D DetoxRNHelpers: Native RN module resolution (class com.reactnativecommunity.asyncstorage.AsyncStorageModule): no such class
11-23 20:55:47.437  8444  8444 I ViewInteraction: Checking 'MatchesViewAssertion(Detox){viewMatcher=(view has effective visibility <VISIBLE> and view.getGlobalVisibleRect() covers at least <75> percent of the view's area)}' assertion on view (view.getTag() is "biometric-setup-screen" and view has effective visibility <VISIBLE>)
11-23 20:55:47.463  8444  8444 D DetoxRNHelpers: Native RN module resolution (class com.reactnativecommunity.asyncstorage.AsyncStorageModule): no such class
11-23 20:55:47.465  8444  8444 D DetoxRNHelpers: Native RN module resolution (class com.reactnativecommunity.asyncstorage.AsyncStorageModule): no such class
11-23 20:55:47.468  8444  8444 D DetoxRNHelpers: Native RN module resolution (class com.reactnativecommunity.asyncstorage.AsyncStorageModule): no such class
11-23 20:55:47.470  8444  8444 D DetoxRNHelpers: Native RN module resolution (class com.reactnativecommunity.asyncstorage.AsyncStorageModule): no such class
11-23 20:55:47.507  8444  8444 I ViewInteraction: Checking 'MatchesViewAssertion(Detox){viewMatcher=(view has effective visibility <VISIBLE> and view.getGlobalVisibleRect() covers at least <75> percent of the view's area)}' assertion on view (view.getTag() is "biometric-setup-screen" and view has effective visibility <VISIBLE>)
11-23 20:55:47.532  8444  8444 D DetoxRNHelpers: Native RN module resolution (class com.reactnativecommunity.asyncstorage.AsyncStorageModule): no such class
11-23 20:55:47.534  8444  8444 D DetoxRNHelpers: Native RN module resolution (class com.reactnativecommunity.asyncstorage.AsyncStorageModule): no such class
11-23 20:55:47.538  8444  8444 D DetoxRNHelpers: Native RN module resolution (class com.reactnativecommunity.asyncstorage.AsyncStorageModule): no such class
11-23 20:55:47.540  8444  8444 D DetoxRNHelpers: Native RN module resolution (class com.reactnativecommunity.asyncstorage.AsyncStorageModule): no such class
11-23 20:55:47.578  8444  8444 I ViewInteraction: Checking 'MatchesViewAssertion(Detox){viewMatcher=(view has effective visibility <VISIBLE> and view.getGlobalVisibleRect() covers at least <75> percent of the view's area)}' assertion on view (view.getTag() is "biometric-setup-screen" and view has effective visibility <VISIBLE>)
11-23 20:55:47.605  8444  8444 D DetoxRNHelpers: Native RN module resolution (class com.reactnativecommunity.asyncstorage.AsyncStorageModule): no such class
11-23 20:55:47.607  8444  8444 D DetoxRNHelpers: Native RN module resolution (class com.reactnativecommunity.asyncstorage.AsyncStorageModule): no such class
11-23 20:55:47.609  8444  8444 D DetoxRNHelpers: Native RN module resolution (class com.reactnativecommunity.asyncstorage.AsyncStorageModule): no such class
11-23 20:55:47.612  8444  8444 D DetoxRNHelpers: Native RN module resolution (class com.reactnativecommunity.asyncstorage.AsyncStorageModule): no such class
11-23 20:55:47.649  8444  8444 I ViewInteraction: Checking 'MatchesViewAssertion(Detox){viewMatcher=(view has effective visibility <VISIBLE> and view.getGlobalVisibleRect() covers at least <75> percent of the view's area)}' assertion on view (view.getTag() is "biometric-setup-screen" and view has effective visibility <VISIBLE>)
11-23 20:55:47.674  8444  8444 D DetoxRNHelpers: Native RN module resolution (class com.reactnativecommunity.asyncstorage.AsyncStorageModule): no such class
11-23 20:55:47.677  8444  8444 D DetoxRNHelpers: Native RN module resolution (class com.reactnativecommunity.asyncstorage.AsyncStorageModule): no such class
11-23 20:55:47.680  8444  8444 D DetoxRNHelpers: Native RN module resolution (class com.reactnativecommunity.asyncstorage.AsyncStorageModule): no such class
11-23 20:55:47.682  8444  8444 D DetoxRNHelpers: Native RN module resolution (class com.reactnativecommunity.asyncstorage.AsyncStorageModule): no such class
11-23 20:55:47.724  8444  8444 I ViewInteraction: Checking 'MatchesViewAssertion(Detox){viewMatcher=(view has effective visibility <VISIBLE> and view.getGlobalVisibleRect() covers at least <75> percent of the view's area)}' assertion on view (view.getTag() is "biometric-setup-screen" and view has effective visibility <VISIBLE>)
11-23 20:55:47.750  8444  8444 D DetoxRNHelpers: Native RN module resolution (class com.reactnativecommunity.asyncstorage.AsyncStorageModule): no such class
11-23 20:55:47.752  8444  8444 D DetoxRNHelpers: Native RN module resolution (class com.reactnativecommunity.asyncstorage.AsyncStorageModule): no such class
11-23 20:55:47.754  8444  8444 D DetoxRNHelpers: Native RN module resolution (class com.reactnativecommunity.asyncstorage.AsyncStorageModule): no such class
11-23 20:55:47.757  8444  8444 D DetoxRNHelpers: Native RN module resolution (class com.reactnativecommunity.asyncstorage.AsyncStorageModule): no such class
11-23 20:55:47.784  8444  8444 I ViewInteraction: Checking 'MatchesViewAssertion(Detox){viewMatcher=(view has effective visibility <VISIBLE> and view.getGlobalVisibleRect() covers at least <75> percent of the view's area)}' assertion on view (view.getTag() is "biometric-setup-screen" and view has effective visibility <VISIBLE>)
11-23 20:55:47.810  8444  8444 D DetoxRNHelpers: Native RN module resolution (class com.reactnativecommunity.asyncstorage.AsyncStorageModule): no such class
11-23 20:55:47.812  8444  8444 D DetoxRNHelpers: Native RN module resolution (class com.reactnativecommunity.asyncstorage.AsyncStorageModule): no such class
11-23 20:55:47.815  8444  8444 D DetoxRNHelpers: Native RN module resolution (class com.reactnativecommunity.asyncstorage.AsyncStorageModule): no such class
11-23 20:55:47.818  8444  8444 D DetoxRNHelpers: Native RN module resolution (class com.reactnativecommunity.asyncstorage.AsyncStorageModule): no such class
11-23 20:55:47.863  8444  8444 I ViewInteraction: Checking 'MatchesViewAssertion(Detox){viewMatcher=(view has effective visibility <VISIBLE> and view.getGlobalVisibleRect() covers at least <75> percent of the view's area)}' assertion on view (view.getTag() is "biometric-setup-screen" and view has effective visibility <VISIBLE>)
11-23 20:55:47.894  8444  8444 D DetoxRNHelpers: Native RN module resolution (class com.reactnativecommunity.asyncstorage.AsyncStorageModule): no such class
11-23 20:55:47.896  8444  8444 D DetoxRNHelpers: Native RN module resolution (class com.reactnativecommunity.asyncstorage.AsyncStorageModule): no such class
11-23 20:55:47.899  8444  8444 D DetoxRNHelpers: Native RN module resolution (class com.reactnativecommunity.asyncstorage.AsyncStorageModule): no such class
11-23 20:55:47.901  8444  8444 D DetoxRNHelpers: Native RN module resolution (class com.reactnativecommunity.asyncstorage.AsyncStorageModule): no such class
11-23 20:55:47.931  8444  8444 I ViewInteraction: Checking 'MatchesViewAssertion(Detox){viewMatcher=(view has effective visibility <VISIBLE> and view.getGlobalVisibleRect() covers at least <75> percent of the view's area)}' assertion on view (view.getTag() is "biometric-setup-screen" and view has effective visibility <VISIBLE>)
11-23 20:55:47.955  8444  8444 D DetoxRNHelpers: Native RN module resolution (class com.reactnativecommunity.asyncstorage.AsyncStorageModule): no such class
11-23 20:55:47.957  8444  8444 D DetoxRNHelpers: Native RN module resolution (class com.reactnativecommunity.asyncstorage.AsyncStorageModule): no such class
11-23 20:55:47.960  8444  8444 D DetoxRNHelpers: Native RN module resolution (class com.reactnativecommunity.asyncstorage.AsyncStorageModule): no such class
11-23 20:55:47.962  8444  8444 D DetoxRNHelpers: Native RN module resolution (class com.reactnativecommunity.asyncstorage.AsyncStorageModule): no such class
11-23 20:55:47.995  8444  8444 I ViewInteraction: Checking 'MatchesViewAssertion(Detox){viewMatcher=(view has effective visibility <VISIBLE> and view.getGlobalVisibleRect() covers at least <75> percent of the view's area)}' assertion on view (view.getTag() is "biometric-setup-screen" and view has effective visibility <VISIBLE>)
11-23 20:55:48.020  8444  8444 D DetoxRNHelpers: Native RN module resolution (class com.reactnativecommunity.asyncstorage.AsyncStorageModule): no such class
11-23 20:55:48.021  8444  8444 D DetoxRNHelpers: Native RN module resolution (class com.reactnativecommunity.asyncstorage.AsyncStorageModule): no such class
11-23 20:55:48.025  8444  8444 D DetoxRNHelpers: Native RN module resolution (class com.reactnativecommunity.asyncstorage.AsyncStorageModule): no such class
11-23 20:55:48.028  8444  8444 D DetoxRNHelpers: Native RN module resolution (class com.reactnativecommunity.asyncstorage.AsyncStorageModule): no such class
11-23 20:55:48.064  8444  8444 I ViewInteraction: Checking 'MatchesViewAssertion(Detox){viewMatcher=(view has effective visibility <VISIBLE> and view.getGlobalVisibleRect() covers at least <75> percent of the view's area)}' assertion on view (view.getTag() is "biometric-setup-screen" and view has effective visibility <VISIBLE>)
11-23 20:55:48.089  8444  8444 D DetoxRNHelpers: Native RN module resolution (class com.reactnativecommunity.asyncstorage.AsyncStorageModule): no such class
11-23 20:55:48.091  8444  8444 D DetoxRNHelpers: Native RN module resolution (class com.reactnativecommunity.asyncstorage.AsyncStorageModule): no such class
11-23 20:55:48.095  8444  8444 D DetoxRNHelpers: Native RN module resolution (class com.reactnativecommunity.asyncstorage.AsyncStorageModule): no such class
11-23 20:55:48.097  8444  8444 D DetoxRNHelpers: Native RN module resolution (class com.reactnativecommunity.asyncstorage.AsyncStorageModule): no such class
11-23 20:55:48.136  8444  8444 I ViewInteraction: Checking 'MatchesViewAssertion(Detox){viewMatcher=(view has effective visibility <VISIBLE> and view.getGlobalVisibleRect() covers at least <75> percent of the view's area)}' assertion on view (view.getTag() is "biometric-setup-screen" and view has effective visibility <VISIBLE>)
11-23 20:55:48.163  8444  8444 D DetoxRNHelpers: Native RN module resolution (class com.reactnativecommunity.asyncstorage.AsyncStorageModule): no such class
11-23 20:55:48.165  8444  8444 D DetoxRNHelpers: Native RN module resolution (class com.reactnativecommunity.asyncstorage.AsyncStorageModule): no such class
11-23 20:55:48.168  8444  8444 D DetoxRNHelpers: Native RN module resolution (class com.reactnativecommunity.asyncstorage.AsyncStorageModule): no such class
11-23 20:55:48.170  8444  8444 D DetoxRNHelpers: Native RN module resolution (class com.reactnativecommunity.asyncstorage.AsyncStorageModule): no such class
11-23 20:55:48.208  8444  8444 I ViewInteraction: Checking 'MatchesViewAssertion(Detox){viewMatcher=(view has effective visibility <VISIBLE> and view.getGlobalVisibleRect() covers at least <75> percent of the view's area)}' assertion on view (view.getTag() is "biometric-setup-screen" and view has effective visibility <VISIBLE>)
11-23 20:55:48.233  8444  8444 D DetoxRNHelpers: Native RN module resolution (class com.reactnativecommunity.asyncstorage.AsyncStorageModule): no such class
11-23 20:55:48.236  8444  8444 D DetoxRNHelpers: Native RN module resolution (class com.reactnativecommunity.asyncstorage.AsyncStorageModule): no such class
11-23 20:55:48.239  8444  8444 D DetoxRNHelpers: Native RN module resolution (class com.reactnativecommunity.asyncstorage.AsyncStorageModule): no such class
11-23 20:55:48.241  8444  8444 D DetoxRNHelpers: Native RN module resolution (class com.reactnativecommunity.asyncstorage.AsyncStorageModule): no such class
11-23 20:55:48.280  8444  8444 I ViewInteraction: Checking 'MatchesViewAssertion(Detox){viewMatcher=(view has effective visibility <VISIBLE> and view.getGlobalVisibleRect() covers at least <75> percent of the view's area)}' assertion on view (view.getTag() is "biometric-setup-screen" and view has effective visibility <VISIBLE>)
11-23 20:55:48.306  8444  8444 D DetoxRNHelpers: Native RN module resolution (class com.reactnativecommunity.asyncstorage.AsyncStorageModule): no such class
11-23 20:55:48.309  8444  8444 D DetoxRNHelpers: Native RN module resolution (class com.reactnativecommunity.asyncstorage.AsyncStorageModule): no such class
11-23 20:55:48.313  8444  8444 D DetoxRNHelpers: Native RN module resolution (class com.reactnativecommunity.asyncstorage.AsyncStorageModule): no such class
11-23 20:55:48.315  8444  8444 D DetoxRNHelpers: Native RN module resolution (class com.reactnativecommunity.asyncstorage.AsyncStorageModule): no such class
11-23 20:55:48.354  8444  8444 I ViewInteraction: Checking 'MatchesViewAssertion(Detox){viewMatcher=(view has effective visibility <VISIBLE> and view.getGlobalVisibleRect() covers at least <75> percent of the view's area)}' assertion on view (view.getTag() is "biometric-setup-screen" and view has effective visibility <VISIBLE>)
11-23 20:55:48.382  8444  8444 D DetoxRNHelpers: Native RN module resolution (class com.reactnativecommunity.asyncstorage.AsyncStorageModule): no such class
11-23 20:55:48.384  8444  8444 D DetoxRNHelpers: Native RN module resolution (class com.reactnativecommunity.asyncstorage.AsyncStorageModule): no such class
11-23 20:55:48.388  8444  8444 D DetoxRNHelpers: Native RN module resolution (class com.reactnativecommunity.asyncstorage.AsyncStorageModule): no such class
11-23 20:55:48.389  8444  8444 D DetoxRNHelpers: Native RN module resolution (class com.reactnativecommunity.asyncstorage.AsyncStorageModule): no such class
11-23 20:55:48.427  8444  8444 I ViewInteraction: Checking 'MatchesViewAssertion(Detox){viewMatcher=(view has effective visibility <VISIBLE> and view.getGlobalVisibleRect() covers at least <75> percent of the view's area)}' assertion on view (view.getTag() is "biometric-setup-screen" and view has effective visibility <VISIBLE>)
11-23 20:55:48.454  8444  8444 D DetoxRNHelpers: Native RN module resolution (class com.reactnativecommunity.asyncstorage.AsyncStorageModule): no such class
11-23 20:55:48.456  8444  8444 D DetoxRNHelpers: Native RN module resolution (class com.reactnativecommunity.asyncstorage.AsyncStorageModule): no such class
11-23 20:55:48.459  8444  8444 D DetoxRNHelpers: Native RN module resolution (class com.reactnativecommunity.asyncstorage.AsyncStorageModule): no such class
11-23 20:55:48.462  8444  8444 D DetoxRNHelpers: Native RN module resolution (class com.reactnativecommunity.asyncstorage.AsyncStorageModule): no such class
11-23 20:55:48.512  8444  8444 I ViewInteraction: Checking 'MatchesViewAssertion(Detox){viewMatcher=(view has effective visibility <VISIBLE> and view.getGlobalVisibleRect() covers at least <75> percent of the view's area)}' assertion on view (view.getTag() is "biometric-setup-screen" and view has effective visibility <VISIBLE>)
11-23 20:55:48.543  8444  8444 D DetoxRNHelpers: Native RN module resolution (class com.reactnativecommunity.asyncstorage.AsyncStorageModule): no such class
11-23 20:55:48.546  8444  8444 D DetoxRNHelpers: Native RN module resolution (class com.reactnativecommunity.asyncstorage.AsyncStorageModule): no such class
11-23 20:55:48.550  8444  8444 D DetoxRNHelpers: Native RN module resolution (class com.reactnativecommunity.asyncstorage.AsyncStorageModule): no such class
11-23 20:55:48.552  8444  8444 D DetoxRNHelpers: Native RN module resolution (class com.reactnativecommunity.asyncstorage.AsyncStorageModule): no such class
11-23 20:55:48.590  8444  8444 I ViewInteraction: Checking 'MatchesViewAssertion(Detox){viewMatcher=(view has effective visibility <VISIBLE> and view.getGlobalVisibleRect() covers at least <75> percent of the view's area)}' assertion on view (view.getTag() is "biometric-setup-screen" and view has effective visibility <VISIBLE>)
11-23 20:55:48.618  8444  8444 D DetoxRNHelpers: Native RN module resolution (class com.reactnativecommunity.asyncstorage.AsyncStorageModule): no such class
11-23 20:55:48.622  8444  8444 D DetoxRNHelpers: Native RN module resolution (class com.reactnativecommunity.asyncstorage.AsyncStorageModule): no such class
11-23 20:55:48.625  8444  8444 D DetoxRNHelpers: Native RN module resolution (class com.reactnativecommunity.asyncstorage.AsyncStorageModule): no such class
11-23 20:55:48.628  8444  8444 D DetoxRNHelpers: Native RN module resolution (class com.reactnativecommunity.asyncstorage.AsyncStorageModule): no such class
11-23 20:55:48.666  8444  8444 I ViewInteraction: Checking 'MatchesViewAssertion(Detox){viewMatcher=(view has effective visibility <VISIBLE> and view.getGlobalVisibleRect() covers at least <75> percent of the view's area)}' assertion on view (view.getTag() is "biometric-setup-screen" and view has effective visibility <VISIBLE>)
11-23 20:55:48.693  8444  8444 D DetoxRNHelpers: Native RN module resolution (class com.reactnativecommunity.asyncstorage.AsyncStorageModule): no such class
11-23 20:55:48.697  8444  8444 D DetoxRNHelpers: Native RN module resolution (class com.reactnativecommunity.asyncstorage.AsyncStorageModule): no such class
11-23 20:55:48.700  8444  8444 D DetoxRNHelpers: Native RN module resolution (class com.reactnativecommunity.asyncstorage.AsyncStorageModule): no such class
11-23 20:55:48.703  8444  8444 D DetoxRNHelpers: Native RN module resolution (class com.reactnativecommunity.asyncstorage.AsyncStorageModule): no such class
11-23 20:55:48.741  8444  8444 I ViewInteraction: Checking 'MatchesViewAssertion(Detox){viewMatcher=(view has effective visibility <VISIBLE> and view.getGlobalVisibleRect() covers at least <75> percent of the view's area)}' assertion on view (view.getTag() is "biometric-setup-screen" and view has effective visibility <VISIBLE>)
11-23 20:55:48.766  8444  8444 D DetoxRNHelpers: Native RN module resolution (class com.reactnativecommunity.asyncstorage.AsyncStorageModule): no such class
11-23 20:55:48.769  8444  8444 D DetoxRNHelpers: Native RN module resolution (class com.reactnativecommunity.asyncstorage.AsyncStorageModule): no such class
11-23 20:55:48.773  8444  8444 D DetoxRNHelpers: Native RN module resolution (class com.reactnativecommunity.asyncstorage.AsyncStorageModule): no such class
11-23 20:55:48.774  8444  8444 D DetoxRNHelpers: Native RN module resolution (class com.reactnativecommunity.asyncstorage.AsyncStorageModule): no such class
11-23 20:55:48.813  8444  8444 I ViewInteraction: Checking 'MatchesViewAssertion(Detox){viewMatcher=(view has effective visibility <VISIBLE> and view.getGlobalVisibleRect() covers at least <75> percent of the view's area)}' assertion on view (view.getTag() is "biometric-setup-screen" and view has effective visibility <VISIBLE>)
11-23 20:55:48.840  8444  8444 D DetoxRNHelpers: Native RN module resolution (class com.reactnativecommunity.asyncstorage.AsyncStorageModule): no such class
11-23 20:55:48.843  8444  8444 D DetoxRNHelpers: Native RN module resolution (class com.reactnativecommunity.asyncstorage.AsyncStorageModule): no such class
11-23 20:55:48.846  8444  8444 D DetoxRNHelpers: Native RN module resolution (class com.reactnativecommunity.asyncstorage.AsyncStorageModule): no such class
11-23 20:55:48.848  8444  8444 D DetoxRNHelpers: Native RN module resolution (class com.reactnativecommunity.asyncstorage.AsyncStorageModule): no such class
11-23 20:55:48.886  8444  8444 I ViewInteraction: Checking 'MatchesViewAssertion(Detox){viewMatcher=(view has effective visibility <VISIBLE> and view.getGlobalVisibleRect() covers at least <75> percent of the view's area)}' assertion on view (view.getTag() is "biometric-setup-screen" and view has effective visibility <VISIBLE>)
11-23 20:55:48.914  8444  8444 D DetoxRNHelpers: Native RN module resolution (class com.reactnativecommunity.asyncstorage.AsyncStorageModule): no such class
11-23 20:55:48.916  8444  8444 D DetoxRNHelpers: Native RN module resolution (class com.reactnativecommunity.asyncstorage.AsyncStorageModule): no such class
11-23 20:55:48.918  8444  8489 I DetoxActionHandlers: Test exception
11-23 20:55:48.918  8444  8489 I DetoxActionHandlers: java.lang.reflect.InvocationTargetException
11-23 20:55:48.918  8444  8489 I DetoxActionHandlers: 	at java.lang.reflect.Method.invoke(Native Method)
11-23 20:55:48.918  8444  8489 I DetoxActionHandlers: 	at org.apache.commons.lang3.reflect.MethodUtils.invokeStaticMethod(MethodUtils.java:443)
11-23 20:55:48.918  8444  8489 I DetoxActionHandlers: 	at org.apache.commons.lang3.reflect.MethodUtils.invokeStaticMethod(MethodUtils.java:405)
11-23 20:55:48.918  8444  8489 I DetoxActionHandlers: 	at com.wix.invoke.types.ClassTarget.execute(ClassTarget.java:23)
11-23 20:55:48.918  8444  8489 I DetoxActionHandlers: 	at com.wix.invoke.types.Target.invoke(Target.java:59)
11-23 20:55:48.918  8444  8489 I DetoxActionHandlers: 	at com.wix.invoke.MethodInvocation.invoke(MethodInvocation.java:35)
11-23 20:55:48.918  8444  8489 I DetoxActionHandlers: 	at com.wix.invoke.MethodInvocation.invoke(MethodInvocation.java:26)
11-23 20:55:48.918  8444  8489 I DetoxActionHandlers: 	at com.wix.invoke.MethodInvocation.invoke(MethodInvocation.java:20)
11-23 20:55:48.918  8444  8489 I DetoxActionHandlers: 	at com.wix.detox.adapters.server.InvokeActionHandler.handle(DetoxActionHandlers.kt:54)
11-23 20:55:48.918  8444  8489 I DetoxActionHandlers: 	at com.wix.detox.adapters.server.ActionsExecutor.executeAction$lambda$2$lambda$1(DetoxActionsDispatcher.kt:76)
11-23 20:55:48.918  8444  8489 I DetoxActionHandlers: 	at com.wix.detox.adapters.server.ActionsExecutor.$r8$lambda$GVbB7LHtBHxNHGbgYnHJ6YrwCqs(Unknown Source:0)
11-23 20:55:48.918  8444  8489 I DetoxActionHandlers: 	at com.wix.detox.adapters.server.ActionsExecutor$$ExternalSyntheticLambda0.run(D8$$SyntheticClass:0)
11-23 20:55:48.918  8444  8489 I DetoxActionHandlers: 	at android.os.Handler.handleCallback(Handler.java:995)
11-23 20:55:48.918  8444  8489 I DetoxActionHandlers: 	at android.os.Handler.dispatchMessage(Handler.java:103)
11-23 20:55:48.918  8444  8489 I DetoxActionHandlers: 	at android.os.Looper.loopOnce(Looper.java:273)
11-23 20:55:48.918  8444  8489 I DetoxActionHandlers: 	at android.os.Looper.loop(Looper.java:363)
11-23 20:55:48.918  8444  8489 I DetoxActionHandlers: 	at com.wix.detox.adapters.server.ActionsExecutor._init_$lambda$0(DetoxActionsDispatcher.kt:62)
11-23 20:55:48.918  8444  8489 I DetoxActionHandlers: 	at com.wix.detox.adapters.server.ActionsExecutor.$r8$lambda$xlgL0CQim6vNM0wWEqM8JIDgZUE(Unknown Source:0)
11-23 20:55:48.918  8444  8489 I DetoxActionHandlers: 	at com.wix.detox.adapters.server.ActionsExecutor$$ExternalSyntheticLambda1.run(D8$$SyntheticClass:0)
11-23 20:55:48.918  8444  8489 I DetoxActionHandlers: 	at java.lang.Thread.run(Thread.java:1119)
11-23 20:55:48.918  8444  8489 I DetoxActionHandlers: Caused by: com.wix.detox.c