--------- beginning of main
11-23 21:21:05.001 22610 22610 I VRI[MainActivity]@8e53a52: ViewPostIme pointer 1
11-23 21:21:05.001 22610 22970 I ReactNativeJS: [ScreenTransition] PantryMain focused
11-23 21:21:05.004 22610 22970 I ReactNativeJS: [ScreenTransition] PantryMain mounted in 3.36ms
11-23 21:21:05.242 22610 22970 I ReactNativeJS: [ScreenTransition] PantryMain interactive in 239.63ms
11-23 21:21:05.528 22610 22655 I DetoxWSClient: Sending out action 'invokeResult' (ID #37)
11-23 21:21:05.529 22610 22655 I DetoxDispatcher: Done with action 'invoke'
11-23 21:21:05.533 22610 22659 D DetoxWSClient: Received action 'invoke' (ID #38, params={"target":{"type":"Class","value":"com.wix.detox.espresso.DetoxAssertion"},"method":"waitForAssertMatcher","args":[{"type":"Invocation","value":{"target":{"type":"Class","value":"androidx.test.espresso.Espresso"},"method":"onView","args":[{"type":"Invocation","value":{"target":{"type":"Class","value":"com.wix.detox.espresso.DetoxMatcher"},"method":"matcherForTestId","args":["pantry-screen",{"type":"boolean","value":false}]}}]}},{"type":"Invocation","value":{"target":{"type":"Class","value":"com.wix.detox.espresso.DetoxMatcher"},"method":"matcherForSufficientlyVisible","args":[{"type":"Integer","value":75}]}},{"type":"Double","value":5}]})
11-23 21:21:05.533 22610 22655 I DetoxDispatcher: Handling action 'invoke' (ID #38)...
11-23 21:21:05.534 22610 22655 D Detox   : class com.wix.detox.espresso.DetoxMatcher, matcherForTestId, [pantry-screen, false]
11-23 21:21:05.535 22610 22655 D Detox   : class androidx.test.espresso.Espresso, onView, [(view.getTag() is "pantry-screen" and view has effective visibility <VISIBLE>)]
11-23 21:21:05.537 22610 22655 D Detox   : class com.wix.detox.espresso.DetoxMatcher, matcherForSufficientlyVisible, [75]
11-23 21:21:05.537 22610 22655 D Detox   : class com.wix.detox.espresso.DetoxAssertion, waitForAssertMatcher, [androidx.test.espresso.ViewInteraction@b352365, (view has effective visibility <VISIBLE> and view.getGlobalVisibleRect() covers at least <75> percent of the view's area), 5.0]
11-23 21:21:05.541 22610 22610 I ViewInteraction: Checking 'MatchesViewAssertion(Detox){viewMatcher=(view has effective visibility <VISIBLE> and view.getGlobalVisibleRect() covers at least <75> percent of the view's area)}' assertion on view (view.getTag() is "pantry-screen" and view has effective visibility <VISIBLE>)
11-23 21:21:05.546 22610 22655 I DetoxWSClient: Sending out action 'invokeResult' (ID #38)
11-23 21:21:05.546 22610 22655 I DetoxDispatcher: Done with action 'invoke'
11-23 21:21:05.550 22610 22659 D DetoxWSClient: Received action 'invoke' (ID #39, params={"target":{"type":"Class","value":"com.wix.detox.espresso.DetoxAssertion"},"method":"waitForAssertMatcher","args":[{"type":"Invocation","value":{"target":{"type":"Class","value":"androidx.test.espresso.Espresso"},"method":"onView","args":[{"type":"Invocation","value":{"target":{"type":"Class","value":"com.wix.detox.espresso.DetoxMatcher"},"method":"matcherForTestId","args":["pantry-screen",{"type":"boolean","value":false}]}}]}},{"type":"Invocation","value":{"target":{"type":"Class","value":"com.wix.detox.espresso.DetoxMatcher"},"method":"matcherForSufficientlyVisible","args":[{"type":"Integer","value":75}]}},{"type":"Double","value":5}]})
11-23 21:21:05.550 22610 22655 I DetoxDispatcher: Handling action 'invoke' (ID #39)...
11-23 21:21:05.551 22610 22655 D Detox   : class com.wix.detox.espresso.DetoxMatcher, matcherForTestId, [pantry-screen, false]
11-23 21:21:05.551 22610 22655 D Detox   : class androidx.test.espresso.Espresso, onView, [(view.getTag() is "pantry-screen" and view has effective visibility <VISIBLE>)]
11-23 21:21:05.553 22610 22655 D Detox   : class com.wix.detox.espresso.DetoxMatcher, matcherForSufficientlyVisible, [75]
11-23 21:21:05.553 22610 22655 D Detox   : class com.wix.detox.espresso.DetoxAssertion, waitForAssertMatcher, [androidx.test.espresso.ViewInteraction@3dc5ceb, (view has effective visibility <VISIBLE> and view.getGlobalVisibleRect() covers at least <75> percent of the view's area), 5.0]
11-23 21:21:05.557 22610 22610 I ViewInteraction: Checking 'MatchesViewAssertion(Detox){viewMatcher=(view has effective visibility <VISIBLE> and view.getGlobalVisibleRect() covers at least <75> percent of the view's area)}' assertion on view (view.getTag() is "pantry-screen" and view has effective visibility <VISIBLE>)
11-23 21:21:05.561 22610 22655 I DetoxWSClient: Sending out action 'invokeResult' (ID #39)
11-23 21:21:05.561 22610 22655 I DetoxDispatcher: Done with action 'invoke'
11-23 21:21:05.562 22610 22970 I ReactNativeJS: '%c🚀 ✅ QUERY GetHomes 387ms', 'color: #22c55e; font-weight: bold'
11-23 21:21:05.565 22610 22659 D DetoxWSClient: Received action 'invoke' (ID #40, params={"target":{"type":"Class","value":"com.wix.detox.espresso.DetoxAssertion"},"method":"assertMatcher","args":[{"type":"Invocation","value":{"target":{"type":"Class","value":"androidx.test.espresso.Espresso"},"method":"onView","args":[{"type":"Invocation","value":{"target":{"type":"Class","value":"com.wix.detox.espresso.DetoxMatcher"},"method":"matcherForTestId","args":["pantry-screen",{"type":"boolean","value":false}]}}]}},{"type":"Invocation","value":{"target":{"type":"Class","value":"com.wix.detox.espresso.DetoxMatcher"},"method":"matcherForSufficientlyVisible","args":[{"type":"Integer","value":75}]}}]})
11-23 21:21:05.566 22610 22655 I DetoxDispatcher: Handling action 'invoke' (ID #40)...
11-23 21:21:05.566 22610 22655 D Detox   : class com.wix.detox.espresso.DetoxMatcher, matcherForTestId, [pantry-screen, false]
11-23 21:21:05.567 22610 22655 D Detox   : class androidx.test.espresso.Espresso, onView, [(view.getTag() is "pantry-screen" and view has effective visibility <VISIBLE>)]
11-23 21:21:05.568 22610 22655 D Detox   : class com.wix.detox.espresso.DetoxMatcher, matcherForSufficientlyVisible, [75]
11-23 21:21:05.568 22610 22655 D Detox   : class com.wix.detox.espresso.DetoxAssertion, assertMatcher, [androidx.test.espresso.ViewInteraction@3d88c8c, (view has effective visibility <VISIBLE> and view.getGlobalVisibleRect() covers at least <75> percent of the view's area)]
11-23 21:21:05.767 22610 22610 I ViewInteraction: Checking 'MatchesViewAssertion(Detox){viewMatcher=(view has effective visibility <VISIBLE> and view.getGlobalVisibleRect() covers at least <75> percent of the view's area)}' assertion on view (view.getTag() is "pantry-screen" and view has effective visibility <VISIBLE>)
11-23 21:21:05.772 22610 22655 I DetoxWSClient: Sending out action 'invokeResult' (ID #40)
11-23 21:21:05.773 22610 22655 I DetoxDispatcher: Done with action 'invoke'
11-23 21:21:05.779 22610 22659 D DetoxWSClient: Received action 'invoke' (ID #41, params={"target":{"type":"Class","value":"com.wix.detox.espresso.DetoxAssertion"},"method":"waitForAssertMatcher","args":[{"type":"Invocation","value":{"target":{"type":"Class","value":"androidx.test.espresso.Espresso"},"method":"onView","args":[{"type":"Invocation","value":{"target":{"type":"Class","value":"com.wix.detox.espresso.DetoxMatcher"},"method":"matcherForTestId","args":["pantry-add-button",{"type":"boolean","value":false}]}}]}},{"type":"Invocation","value":{"target":{"type":"Class","value":"com.wix.detox.espresso.DetoxMatcher"},"method":"matcherForSufficientlyVisible","args":[{"type":"Integer","value":75}]}},{"type":"Double","value":5}]})
11-23 21:21:05.780 22610 22655 I DetoxDispatcher: Handling action 'invoke' (ID #41)...
11-23 21:21:05.782 22610 22655 D Detox   : class com.wix.detox.espresso.DetoxMatcher, matcherForTestId, [pantry-add-button, false]
11-23 21:21:05.783 22610 22655 D Detox   : class androidx.test.espresso.Espresso, onView, [(view.getTag() is "pantry-add-button" and view has effective visibility <VISIBLE>)]
11-23 21:21:05.785 22610 22655 D Detox   : class com.wix.detox.espresso.DetoxMatcher, matcherForSufficientlyVisible, [75]
11-23 21:21:05.785 22610 22655 D Detox   : class com.wix.detox.espresso.DetoxAssertion, waitForAssertMatcher, [androidx.test.espresso.ViewInteraction@246ea0e, (view has effective visibility <VISIBLE> and view.getGlobalVisibleRect() covers at least <75> percent of the view's area), 5.0]
11-23 21:21:05.812 22610 22610 I ViewInteraction: Checking 'MatchesViewAssertion(Detox){viewMatcher=(view has effective visibility <VISIBLE> and view.getGlobalVisibleRect() covers at least <75> percent of the view's area)}' assertion on view (view.getTag() is "pantry-add-button" and view has effective visibility <VISIBLE>)
11-23 21:21:05.817 22610 22655 I DetoxWSClient: Sending out action 'invokeResult' (ID #41)
11-23 21:21:05.818 22610 22655 I DetoxDispatcher: Done with action 'invoke'
11-23 21:21:05.823 22610 22659 D DetoxWSClient: Received action 'invoke' (ID #42, params={"target":{"type":"Class","value":"com.wix.detox.espresso.DetoxAssertion"},"method":"assertMatcher","args":[{"type":"Invocation","value":{"target":{"type":"Class","value":"androidx.test.espresso.Espresso"},"method":"onView","args":[{"type":"Invocation","value":{"target":{"type":"Class","value":"com.wix.detox.espresso.DetoxMatcher"},"method":"matcherForTestId","args":["pantry-add-button",{"type":"boolean","value":false}]}}]}},{"type":"Invocation","value":{"target":{"type":"Class","value":"com.wix.detox.espresso.DetoxMatcher"},"method":"matcherForSufficientlyVisible","args":[{"type":"Integer","value":75}]}}]})
11-23 21:21:05.824 22610 22655 I DetoxDispatcher: Handling action 'invoke' (ID #42)...
11-23 21:21:05.824 22610 22655 D Detox   : class com.wix.detox.espresso.DetoxMatcher, matcherForTestId, [pantry-add-button, false]
11-23 21:21:05.825 22610 22655 D Detox   : class androidx.test.espresso.Espresso, onView, [(view.getTag() is "pantry-add-button" and view has effective visibility <VISIBLE>)]
11-23 21:21:05.826 22610 22655 D Detox   : class com.wix.detox.espresso.DetoxMatcher, matcherForSufficientlyVisible, [75]
11-23 21:21:05.827 22610 22655 D Detox   : class com.wix.detox.espresso.DetoxAssertion, assertMatcher, [androidx.test.espresso.ViewInteraction@49a823c, (view has effective visibility <VISIBLE> and view.getGlobalVisibleRect() covers at least <75> percent of the view's area)]
11-23 21:21:05.830 22610 22610 I ViewInteraction: Checking 'MatchesViewAssertion(Detox){viewMatcher=(view has effective visibility <VISIBLE> and view.getGlobalVisibleRect() covers at least <75> percent of the view's area)}' assertion on view (view.getTag() is "pantry-add-button" and view has effective visibility <VISIBLE>)
11-23 21:21:05.834 22610 22655 I DetoxWSClient: Sending out action 'invokeResult' (ID #42)
11-23 21:21:05.834 22610 22655 I DetoxDispatcher: Done with action 'invoke'
11-23 21:21:05.998 22610 22970 I ReactNativeJS: '%c🚀 ✅ QUERY GetHomeBasic 804ms', 'color: #22c55e; font-weight: bold'
11-23 21:21:06.031 22610 22970 I ReactNativeJS: '   📤 Variables:', { homeId: '691f7d5e3c9c067fb5562608' }
11-23 21:21:06.252 22610 22659 D DetoxWSClient: Received action 'reactNativeReload' (ID #-1000, params={})
11-23 21:21:06.252 22610 22655 I DetoxDispatcher: Handling action 'reactNativeReload' (ID #-1000)...
11-23 21:21:06.253 22610 22655 I DetoxRNExt: Reloading React Native
11-23 21:21:06.254 22610 22683 W unknown:BridgelessReact: ReactHost{0}.getOrCreateReloadTask()
11-23 21:21:06.254 22610 22683 W unknown:BridgelessReact: ReactHost{0}.raiseSoftException(getOrCreateReloadTask()): Detox
11-23 21:21:06.254 22610 22683 E unknown:ReactHost: Unhandled SoftException
11-23 21:21:06.254 22610 22683 E unknown:ReactHost: com.facebook.react.bridge.ReactNoCrashSoftException: raiseSoftException(getOrCreateReloadTask()): Detox
11-23 21:21:06.254 22610 22683 E unknown:ReactHost: 	at com.facebook.react.runtime.ReactHostImpl.raiseSoftException(ReactHostImpl.kt:826)
11-23 21:21:06.254 22610 22683 E unknown:ReactHost: 	at com.facebook.react.runtime.ReactHostImpl.raiseSoftException$default(ReactHostImpl.kt:817)
11-23 21:21:06.254 22610 22683 E unknown:ReactHost: 	at com.facebook.react.runtime.ReactHostImpl.getOrCreateReloadTask(ReactHostImpl.kt:1232)
11-23 21:21:06.254 22610 22683 E unknown:ReactHost: 	at com.facebook.react.runtime.ReactHostImpl.reload$lambda$8(ReactHostImpl.kt:391)
11-23 21:21:06.254 22610 22683 E unknown:ReactHost: 	at com.facebook.react.runtime.ReactHostImpl.$r8$lambda$ZKc-OxDGoIs_vTfeqAPiROVzaQc(Unknown Source:0)
11-23 21:21:06.254 22610 22683 E unknown:ReactHost: 	at com.facebook.react.runtime.ReactHostImpl$$ExternalSyntheticLambda22.call(D8$$SyntheticClass:0)
11-23 21:21:06.254 22610 22683 E unknown:ReactHost: 	at com.facebook.react.runtime.internal.bolts.Task$Companion.call$lambda$2(Task.kt:319)
11-23 21:21:06.254 22610 22683 E unknown:ReactHost: 	at com.facebook.react.runtime.internal.bolts.Task$Companion.$r8$lambda$MFqd_-X5KhHmu0hvNE2Bec_4mJM(Unknown Source:0)
11-23 21:21:06.254 22610 22683 E unknown:ReactHost: 	at com.facebook.react.runtime.internal.bolts.Task$Companion$$ExternalSyntheticLambda1.run(D8$$SyntheticClass:0)
11-23 21:21:06.254 22610 22683 E unknown:ReactHost: 	at java.util.concurrent.ThreadPoolExecutor.runWorker(ThreadPoolExecutor.java:1156)
11-23 21:21:06.254 22610 22683 E unknown:ReactHost: 	at java.util.concurrent.ThreadPoolExecutor$Worker.run(ThreadPoolExecutor.java:651)
11-23 21:21:06.254 22610 22683 E unknown:ReactHost: 	at java.lang.Thread.run(Thread.java:1119)
11-23 21:21:06.255 22610 22683 W unknown:BridgelessReact: ReactHost{0}.getOrCreateReloadTask(): Resetting createReactInstance task ref
11-23 21:21:06.255 22610 22610 W unknown:BridgelessReact: ReactHost{0}.getOrCreateReloadTask(): Starting React Native reload
11-23 21:21:06.255 22610 22610 W unknown:BridgelessReact: ReactHost{0}.getOrCreateReloadTask(): Calling ReactContext.onHostPause()
11-23 21:21:06.256 22610 22610 W unknown:BridgelessReact: ReactHost{0}.raiseSoftException(callWithExistingReactInstance(callFunctionOnModule("RCTDeviceEventEmitter", "emit"))): Execute: reactInstance is null. Dropping work.
11-23 21:21:06.257 22610 22610 E unknown:ReactHost: Unhandled SoftException
11-23 21:21:06.257 22610 22610 E unknown:ReactHost: com.facebook.react.bridge.ReactNoCrashSoftException: raiseSoftException(callWithExistingReactInstance(callFunctionOnModule("RCTDeviceEventEmitter", "emit"))): Execute: reactInstance is null. Dropping work.
11-23 21:21:06.257 22610 22610 E unknown:ReactHost: 	at com.facebook.react.runtime.ReactHostImpl.raiseSoftException(ReactHostImpl.kt:826)
11-23 21:21:06.257 22610 22610 E unknown:ReactHost: 	at com.facebook.react.runtime.ReactHostImpl.raiseSoftException$default(ReactHostImpl.kt:817)
11-23 21:21:06.257 22610 22610 E unknown:ReactHost: 	at com.facebook.react.runtime.ReactHostImpl.callWithExistingReactInstance$lambda$29(ReactHostImpl.kt:842)
11-23 21:21:06.257 22610 22610 E unknown:ReactHost: 	at com.facebook.react.runtime.ReactHostImpl.$r8$lambda$FwZmOnLtIB7dK7-W4XUd-0shzQ0(Unknown Source:0)
11-23 21:21:06.257 22610 22610 E unknown:ReactHost: 	at com.facebook.react.runtime.ReactHostImpl$$ExternalSyntheticLambda32.then(D8$$SyntheticClass:0)
11-23 21:21:06.257 22610 22610 E unknown:ReactHost: 	at com.facebook.react.runtime.internal.bolts.Task$Companion.completeImmediately$lambda$3(Task.kt:360)
11-23 21:21:06.257 22610 22610 E unknown:ReactHost: 	at com.facebook.react.runtime.internal.bolts.Task$Companion.$r8$lambda$b7MTC0ufkn_2TjF4BGcNqGR9qK0(Unknown Source:0)
11-23 21:21:06.257 22610 22610 E unknown:ReactHost: 	at com.facebook.react.runtime.internal.bolts.Task$Companion$$ExternalSyntheticLambda3.run(D8$$SyntheticClass:0)
11-23 21:21:06.257 22610 22610 E unknown:ReactHost: 	at com.facebook.react.runtime.internal.bolts.Executors$ImmediateExecutor.execute(Executors.kt:41)
11-23 21:21:06.257 22610 22610 E unknown:ReactHost: 	at com.facebook.react.runtime.internal.bolts.Task$Companion.completeImmediately(Task.kt:358)
11-23 21:21:06.257 22610 22610 E unknown:ReactHost: 	at com.facebook.react.runtime.internal.bolts.Task$Companion.access$completeImmediately(Task.kt:254)
11-23 21:21:06.257 22610 22610 E unknown:ReactHost: 	at com.facebook.react.runtime.internal.bolts.Task.continueWith(Task.kt:133)
11-23 21:21:06.257 22610 22610 E unknown:ReactHost: 	at com.facebook.react.runtime.internal.bolts.Task.continueWith$default(Task.kt:117)
11-23 21:21:06.257 22610 22610 E unknown:ReactHost: 	at com.facebook.react.runtime.internal.bolts.Task.onSuccess$lambda$12(Task.kt:176)
11-23 21:21:06.257 22610 22610 E unknown:ReactHost: 	at com.facebook.react.runtime.internal.bolts.Task.$r8$lambda$l0wwo5AvbHxlwfI1R7CH_codxoo(Unknown Source:0)
11-23 21:21:06.257 22610 22610 E unknown:ReactHost: 	at com.facebook.react.runtime.internal.bolts.Task$$ExternalSyntheticLambda2.then(D8$$SyntheticClass:0)
11-23 21:21:06.257 22610 22610 E unknown:ReactHost: 	at com.facebook.react.runtime.internal.bolts.Task$Companion.completeAfterTask$lambda$5(Task.kt:394)
11-23 21:21:06.257 22610 22610 E unknown:ReactHost: 	at com.facebook.react.runtime.internal.bolts.Task$Companion.$r8$lambda$IPpysnehFwANEiW061YzapkMdoE(Unknown Source:0)
11-23 21:21:06.257 22610 22610 E unknown:ReactHost: 	at com.facebook.react.runtime.internal.bolts.Task$Companion$$ExternalSyntheticLambda4.run(D8$$SyntheticClass:0)
11-23 21:21:06.257 22610 22610 E unknown:ReactHost: 	at com.facebook.react.runtime.internal.bolts.Executors$ImmediateExecutor.execute(Executors.kt:41)
11-23 21:21:06.257 22610 22610 E unknown:ReactHost: 	at com.facebook.react.runtime.internal.bolts.Task$Companion.completeAfterTask(Task.kt:392)
11-23 21:21:06.257 22610 22610 E unknown:ReactHost: 	at com.facebook.react.runtime.internal.bolts.Task$Companion.access$completeAfterTask(Task.kt:254)
11-23 21:21:06.257 22610 22610 E unknown:ReactHost: 	at com.facebook.react.runtime.internal.bolts.Task.continueWithTask(Task.kt:158)
11-23 21:21:06.257 22610 22610 E unknown:ReactHost: 	at com.facebook.react.runtime.internal.bolts.Task.onSuccess(Task.kt:171)
11-23 21:21:06.257 22610 22610 E unknown:ReactHost: 	at com.facebook.react.runtime.ReactHostImpl.callWithExistingReactInstance(ReactHostImpl.kt:838)
11-23 21:21:06.257 22610 22610 E unknown:ReactHost: 	at com.facebook.react.runtime.ReactHostImpl.callWithExistingReactInstance$default(ReactHostImpl.kt:831)
11-23 21:21:06.257 22610 22610 E unknown:ReactHost: 	at com.facebook.react.runtime.ReactHostImpl.callFunctionOnModule$ReactAndroid_debug(ReactHostImpl.kt:719)
11-23 21:21:06.257 22610 22610 E unknown:ReactHost: 	at com.facebook.react.runtime.BridgelessReactContext.emitDeviceEvent(BridgelessReactContext.kt:143)
11-23 21:21:06.257 22610 22610 E unknown:ReactHost: 	at com.facebook.react.modules.appstate.AppStateModule.sendEvent(AppStateModule.kt:71)
11-23 21:21:06.257 22610 22610 E unknown:ReactHost: 	at com.facebook.react.modules.appstate.AppStateModule.sendAppStateChangeEvent(AppStateModule.kt:75)
11-23 21:21:06.257 22610 22610 E unknown:ReactHost: 	at com.facebook.react.modules.appstate.AppStateModule.onHostPause(AppStateModule.kt:48)
11-23 21:21:06.257 22610 22610 E unknown:ReactHost: 	at com.facebook.react.bridge.ReactContext.onHostPause(ReactContext.java:296)
11-23 21:21:06.257 22610 22610 E unknown:ReactHost: 	at com.facebook.react.runtime.ReactHostImpl.getOrCreateReloadTask$lambda$49(ReactHostImpl.kt:1261)
11-23 21:21:06.257 22610 22610 E unknown:ReactHost: 	at com.facebook.react.runtime.ReactHostImpl.$r8$lambda$5qPaSKaMWJBaRcQgKMWsr2cuXrE(Unknown Source:0)
11-23 21:21:06.257 22610 22610 E unknown:ReactHost: 	at com.facebook.react.runtime.ReactHostImpl$$ExternalSyntheticLambda7.then(D8$$SyntheticClass:0)
11-23 21:21:06.257 22610 22610 E unknown:ReactHost: 	at com.facebook.react.runtime.internal.bolts.Task$Companion.completeAfterTask$lambda$5(Task.kt:394)
11-23 21:21:06.257 22610 22610 E unknown:ReactHost: 	at com.facebook.react.runtime.internal.bolts.Task$Companion.$r8$lambda$IPpysnehFwANEiW061YzapkMdoE(Unknown Source:0)
11-23 21:21:06.257 22610 22610 E unknown:ReactHost: 	at com.facebook.react.runtime.internal.bolts.Task$Companion$$ExternalSyntheticLambda4.run(D8$$SyntheticClass:0)
11-23 21:21:06.257 22610 22610 E unknown:ReactHost: 	at android.os.Handler.handleCallback(Handler.java:995)
11-23 21:21:06.257 22610 22610 E unknown:ReactHost: 	at android.os.Handler.dispatchMessage(Handler.java:103)
11-23 21:21:06.257 22610 22610 E unknown:ReactHost: 	at android.os.Looper.loopOnce(Looper.java:273)
11-23 21:21:06.257 22610 22610 E unknown:ReactHost: 	at android.os.Looper.loop(Looper.java:363)
11-23 21:21:06.257 22610 22610 E unknown:ReactHost: 	at android.app.ActivityThread.main(ActivityThread.java:10060)
11-23 21:21:06.257 22610 22610 E unknown:ReactHost: 	at java.lang.reflect.Method.invoke(Native Method)
11-23 21:21:06.257 22610 22610 E unknown:ReactHost: 	at com.android.internal.os.RuntimeInit$MethodAndArgsCaller.run(RuntimeInit.java:632)
11-23 21:21:06.257 22610 22610 E unknown:ReactHost: 	at com.android.internal.os.ZygoteInit.main(ZygoteInit.java:975)
11-23 21:21:06.258 22610 22683 W unknown:BridgelessReact: ReactHost{0}.getOrCreateReloadTask(): Stopping all React Native surfaces
11-23 21:21:06.258 22610 22683 E unknown:SurfaceMountingManager: Stopping surface [1]
11-23 21:21:06.260 22610 22610 I ReactNative: [GESTURE HANDLER] Tearing down gesture handler registered for root view com.facebook.react.runtime.ReactSurfaceView{a0cdc02 V.E...... ........ 0,0-1440,3088 #1}
11-23 21:21:06.262 22610 22610 E unknown:SurfaceMountingManager: Surface [1] was stopped on SurfaceMountingManager.
11-23 21:21:06.273 22610 22970 I ReactNativeJS: '%c🚀 ⚠️ QUERY GetPantry 1076ms', 'color: #f59e0b; font-weight: bold'
11-23 21:21:06.274 22610 22970 I ReactNativeJS: '   📤 Variables:', { itemsFirst: 25,
11-23 21:21:06.274 22610 22970 I ReactNativeJS:   storageLocationsFirst: 50,
11-23 21:21:06.274 22610 22970 I ReactNativeJS:   id: '691f7d5e3c9c067fb556260b' }
11-23 21:21:06.298 22610 22610 W unknown:BridgelessReact: ReactHost{0}.getOrCreateReloadTask(): Removing memory pressure listener
11-23 21:21:06.298 22610 22610 W unknown:BridgelessReact: ReactHost{0}.getOrCreateReloadTask(): Resetting ReactContext ref
11-23 21:21:06.298 22610 22610 W unknown:BridgelessReact: ReactHost{0}.getOrCreateReloadTask(): Destroying ReactContext
11-23 21:21:06.298 22610 22610 W unknown:BridgelessReact: ReactHost{0}.getOrCreateReloadTask(): Calling DevSupportManager.onReactInstanceDestroyed(reactContext)
11-23 21:21:06.299 22610 22610 W unknown:ReactNative: Packager connection already open, nooping.
11-23 21:21:06.399 22610 22610 I ev.souschef.app: Explicit concurrent mark compact GC freed 6600KB AllocSpace bytes, 0(0B) LOS objects, 66% free, 14MB/42MB, paused 1.108ms,4.451ms total 100.544ms
11-23 21:21:06.400 22610 22683 W unknown:BridgelessReact: ReactHost{0}.getOrCreateReloadTask(): Resetting ReactInstance ptr
11-23 21:21:06.400 22610 22683 W unknown:BridgelessReact: ReactHost{0}.getOrCreateReloadTask(): Destroying ReactInstance
11-23 21:21:06.623 22610 22970 W unknown:ReactNative: Tried to enqueue runnable on already finished thread: 'v_native... dropping Runnable.
11-23 21:21:06.624 22610 22970 W unknown:ReactNative: Tried to enqueue runnable on already finished thread: 'v_native... dropping Runnable.
11-23 21:21:06.625 22610 22970 W unknown:ReactNative: Tried to enqueue runnable on already finished thread: 'v_native... dropping Runnable.
11-23 21:21:06.628 22610 22970 W unknown:ReactNative: Tried to enqueue runnable on already finished thread: 'v_native... dropping Runnable.
11-23 21:21:06.630 22610 22970 W unknown:ReactNative: Tried to enqueue runnable on already finished thread: 'v_native... dropping Runnable.
11-23 21:21:06.631 22610 22970 W unknown:ReactNative: Tried to enqueue runnable on already finished thread: 'v_native... dropping Runnable.
11-23 21:21:06.632 22610 22970 W unknown:ReactNative: Tried to enqueue runnable on already finished thread: 'v_native... dropping Runnable.
11-23 21:21:06.635 22610 22970 W unknown:ReactNative: Tried to enqueue runnable on already finished thread: 'v_native... dropping Runnable.
11-23 21:21:06.637 22610 22970 W unknown:ReactNative: Tried to enqueue runnable on already finished thread: 'v_native... dropping Runnable.
11-23 21:21:06.638 22610 22970 W unknown:ReactNative: Tried to enqueue runnable on already finished thread: 'v_native... dropping Runnable.
11-23 21:21:06.639 22610 22970 W unknown:ReactNative: Tried to enqueue runnable on already finished thread: 'v_native... dropping Runnable.
11-23 21:21:06.641 22610 22970 W unknown:ReactNative: Tried to enqueue runnable on already finished thread: 'v_native... dropping Runnable.
11-23 21:21:06.643 22610 22970 W unknown:ReactNative: Tried to enqueue runnable on already finished thread: 'v_native... dropping Runnable.
11-23 21:21:06.645 22610 22970 W unknown:ReactNative: Tried to enqueue runnable on already finished thread: 'v_native... dropping Runnable.
11-23 21:21:06.646 22610 22970 W unknown:ReactNative: Tried to enqueue runnable on already finished thread: 'v_native... dropping Runnable.
11-23 21:21:06.648 22610 22970 W unknown:ReactNative: Tried to enqueue runnable on already finished thread: 'v_native... dropping Runnable.
11-23 21:21:06.650 22610 22970 W unknown:ReactNative: Tried to enqueue runnable on already finished thread: 'v_native... dropping Runnable.
11-23 21:21:06.652 22610 22970 W unknown:ReactNative: Tried to enqueue runnable on already finished thread: 'v_native... dropping Runnable.
11-23 21:21:06.653 22610 22970 W unknown:ReactNative: Tried to enqueue runnable on already finished thread: 'v_native... dropping Runnable.
11-23 21:21:06.654 22610 22970 I ReactNativeJS: '%c🚀 ⚠️ QUERY GetDefaultHome 1468ms', 'color: #f59e0b; font-weight: bold'
11-23 21:21:06.993 22610 22970 W unknown:ReactNative: Tried to enqueue runnable on already finished thread: 'v_native... dropping Runnable.
11-23 21:21:06.994 22610 22970 W unknown:ReactNative: Tried to enqueue runnable on already finished thread: 'v_native... dropping Runnable.
11-23 21:21:06.995 22610 22970 W unknown:ReactNative: Tried to enqueue runnable on already finished thread: 'v_native... dropping Runnable.
11-23 21:21:06.997 22610 22970 W unknown:ReactNative: Tried to enqueue runnable on already finished thread: 'v_native... dropping Runnable.
11-23 21:21:06.999 22610 22970 W unknown:ReactNative: Tried to enqueue runnable on already finished thread: 'v_native... dropping Runnable.
11-23 21:21:07.000 22610 22970 W unknown:ReactNative: Tried to enqueue runnable on already finished thread: 'v_native... dropping Runnable.
11-23 21:21:07.001 22610 22970 W unknown:ReactNative: Tried to enqueue runnable on already finished thread: 'v_native... dropping Runnable.
11-23 21:21:07.002 22610 22970 W unknown:ReactNative: Tried to enqueue runnable on already finished thread: 'v_native... dropping Runnable.
11-23 21:21:07.004 22610 22970 W unknown:ReactNative: Tried to enqueue runnable on already finished thread: 'v_native... dropping Runnable.
11-23 21:21:07.005 22610 22970 W unknown:ReactNative: Tried to enqueue runnable on already finished thread: 'v_native... dropping Runnable.
11-23 21:21:07.006 22610 22970 W unknown:ReactNative: Tried to enqueue runnable on already finished thread: 'v_native... dropping Runnable.
11-23 21:21:07.008 22610 22970 W unknown:ReactNative: Tried to enqueue runnable on already finished thread: 'v_native... dropping Runnable.
11-23 21:21:07.010 22610 22970 W unknown:ReactNative: Tried to enqueue runnable on already finished thread: 'v_native... dropping Runnable.
11-23 21:21:07.011 22610 22970 W unknown:ReactNative: Tried to enqueue runnable on already finished thread: 'v_native... dropping Runnable.
11-23 21:21:07.012 22610 22970 W unknown:ReactNative: Tried to enqueue runnable on already finished thread: 'v_native... dropping Runnable.
11-23 21:21:07.013 22610 22970 W unknown:ReactNative: Tried to enqueue runnable on already finished thread: 'v_native... dropping Runnable.
11-23 21:21:07.015 22610 22970 W unknown:ReactNative: Tried to enqueue runnable on already finished thread: 'v_native... dropping Runnable.
11-23 21:21:07.022 22610 22970 W unknown:ReactNative: Tried to enqueue runnable on already finished thread: 'v_native... dropping Runnable.
11-23 21:21:07.036 22610 22970 W unknown:ReactNative: Tried to enqueue runnable on already finished thread: 'v_native... dropping Runnable.
11-23 21:21:07.039 22610 22970 W unknown:ReactNative: Tried to enqueue runnable on already finished thread: 'v_native... dropping Runnable.
11-23 21:21:07.040 22610 22970 W unknown:ReactNative: Tried to enqueue runnable on already finished thread: 'v_native... dropping Runnable.
11-23 21:21:07.040 22610 22970 W unknown:ReactNative: Tried to enqueue runnable on already finished thread: 'v_native... dropping Runnable.
11-23 21:21:07.040 22610 22970 W unknown:ReactNative: Tried to enqueue runnable on already finished thread: 'v_native... dropping Runnable.
11-23 21:21:07.040 22610 22970 W unknown:ReactNative: Tried to enqueue runnable on already finished thread: 'v_native... dropping Runnable.
11-23 21:21:07.040 22610 22970 W unknown:ReactNative: Tried to enqueue runnable on already finished thread: 'v_native... dropping Runnable.
11-23 21:21:07.041 22610 22970 W unknown:ReactNative: Tried to enqueue runnable on already finished thread: 'v_native... dropping Runnable.
11-23 21:21:07.041 22610 22970 W unknown:ReactNative: Tried to enqueue runnable on already finished thread: 'v_native... dropping Runnable.
11-23 21:21:07.041 22610 22970 W unknown:ReactNative: Tried to enqueue runnable on already finished thread: 'v_native... dropping Runnable.
11-23 21:21:07.041 22610 22970 W unknown:ReactNative: Tried to enqueue runnable on already finished thread: 'v_native... dropping Runnable.
11-23 21:21:07.042 22610 22970 W unknown:ReactNative: Tried to enqueue runnable on already finished thread: 'v_native... dropping Runnable.
11-23 21:21:07.042 22610 22970 W unknown:ReactNative: Tried to enqueue runnable on already finished thread: 'v_native... dropping Runnable.
11-23 21:21:07.042 22610 22970 W unknown:ReactNative: Tried to enqueue runnable on already finished thread: 'v_native... dropping Runnable.
11-23 21:21:07.042 22610 22970 W unknown:ReactNative: Tried to enqueue runnable on already finished thread: 'v_native... dropping Runnable.
11-23 21:21:07.042 22610 22970 W unknown:ReactNative: Tried to enqueue runnable on already finished thread: 'v_native... dropping Runnable.
11-23 21:21:07.042 22610 22970 W unknown:ReactNative: Tried to enqueue runnable on already finished thread: 'v_native... dropping Runnable.
11-23 21:21:07.049 22610 22970 W unknown:ReactNative: Tried to enqueue runnable on already finished thread: 'v_native... dropping Runnable.
11-23 21:21:07.052 22610 22970 W unknown:ReactNative: Tried to enqueue runnable on already finished thread: 'v_native... dropping Runnable.
11-23 21:21:07.053 22610 22970 W unknown:ReactNative: Tried to enqueue runnable on already finished thread: 'v_native... dropping Runnable.
11-23 21:21:07.054 22610 22970 W unknown:ReactNative: Tried to enqueue runnable on already finished thread: 'v_native... dropping Runnable.
11-23 21:21:07.057 22610 22970 W unknown:ReactNative: Tried to enqueue runnable on already finished thread: 'v_native... dropping Runnable.
11-23 21:21:07.059 22610 22970 W unknown:ReactNative: Tried to enqueue runnable on already finished thread: 'v_native... dropping Runnable.
11-23 21:21:07.060 22610 22970 W unknown:ReactNative: Tried to enqueue runnable on already finished thread: 'v_native... dropping Runnable.
11-23 21:21:07.061 22610 22970 W unknown:ReactNative: Tried to enqueue runnable on already finished thread: 'v_native... dropping Runnable.
11-23 21:21:07.064 22610 22970 W unknown:ReactNative: Tried to enqueue runnable on already finished thread: 'v_native... dropping Runnable.
11-23 21:21:07.066 22610 22970 W unknown:ReactNative: Tried to enqueue runnable on already finished thread: 'v_native... dropping Runnable.
11-23 21:21:07.067 22610 22970 W unknown:ReactNative: Tried to enqueue runnable on already finished thread: 'v_native... dropping Runnable.
11-23 21:21:07.067 22610 22970 W unknown:ReactNative: Tried to enqueue runnable on already finished thread: 'v_native... dropping Runnable.
11-23 21:21:07.072 22610 22970 W unknown:ReactNative: Tried to enqueue runnable on already finished thread: 'v_native... dropping Runnable.
11-23 21:21:07.075 22610 22970 W unknown:ReactNative: Tried to enqueue runnable on already finished thread: 'v_native... dropping Runnable.
11-23 21:21:07.076 22610 22970 W unknown:ReactNative: Tried to enqueue runnable on already finished thread: 'v_native... dropping Runnable.
11-23 21:21:07.078 22610 22970 W unknown:ReactNative: Tried to enqueue runnable on already finished thread: 'v_native... dropping Runnable.
11-23 21:21:07.083 22610 22970 W unknown:ReactNative: Tried to enqueue runnable on already finished thread: 'v_native... dropping Runnable.
11-23 21:21:07.088 22610 22970 W unknown:ReactNative: Tried to enqueue runnable on already finished thread: 'v_native... dropping Runnable.
11-23 21:21:07.101 22610 22970 W unknown:ReactNative: Tried to enqueue runnable on already finished thread: 'v_native... dropping Runnable.
11-23 21:21:07.102 22610 22970 W unknown:ReactNative: Tried to enqueue runnable on already finished thread: 'v_native... dropping Runnable.
11-23 21:21:07.102 22610 22970 W unknown:ReactNative: Tried to enqueue runnable on already finished thread: 'v_native... dropping Runnable.
11-23 21:21:07.105 22610 22970 W unknown:ReactNative: Tried to enqueue runnable on already finished thread: 'v_native... dropping Runnable.
11-23 21:21:07.105 22610 22970 W unknown:ReactNative: Tried to enqueue runnable on already finished thread: 'v_native... dropping Runnable.
11-23 21:21:07.105 22610 22970 W unknown:ReactNative: Tried to enqueue runnable on already finished thread: 'v_native... dropping Runnable.
11-23 21:21:07.106 22610 22970 W unknown:ReactNative: Tried to enqueue runnable on already finished thread: 'v_native... dropping Runnable.
11-23 21:21:07.106 22610 22970 W unknown:ReactNative: Tried to enqueue runnable on already finished thread: 'v_native... dropping Runnable.
11-23 21:21:07.106 22610 22970 W unknown:ReactNative: Tried to enqueue runnable on already finished thread: 'v_native... dropping Runnable.
11-23 21:21:07.106 22610 22970 W unknown:ReactNative: Tried to enqueue runnable on already finished thread: 'v_native... dropping Runnable.
11-23 21:21:07.106 22610 22970 W unknown:ReactNative: Tried to enqueue runnable on already finished thread: 'v_native... dropping Runnable.
11-23 21:21:07.108 22610 22970 W unknown:ReactNative: Tried to enqueue runnable on already finished thread: 'v_native... dropping Runnable.
11-23 21:21:07.108 22610 22970 I ReactNativeJS: [MemoryMonitor] Stopped
11-23 21:21:07.198 22610 22683 D ConnectivityManager: StackLog: [android.net.ConnectivityManager.unregisterNetworkCallback(ConnectivityManager.java:5571)] [com.reactnativecommunity.netinfo.NetworkCallbackConnectivityReceiver.unregister(NetworkCallbackConnectivityReceiver.java:71)] [com.reactnativecommunity.netinfo.NetInfoModule.invalidate(NetInfoModule.java:56)] [com.facebook.react.internal.turbomodule.core.TurboModuleManager.invalidate(TurboModuleManager.kt:345)] [com.facebook.react.runtime.ReactInstance.destroy(ReactInstance.kt:420)] [com.facebook.react.runtime.ReactHostImpl.getOrCreateReloadTask$lambda$53(ReactHostImpl.kt:1318)] [com.facebook.react.runtime.ReactHostImpl.$r8$lambda$mFfCh8lHgA6uurPLct5tIl3YwVQ(Unknown Source:0)] [com.facebook.react.runtime.ReactHostImpl$$ExternalSyntheticLambda10.then(D8$$SyntheticClass:0)] [com.facebook.react.runtime.internal.bolts.Task$Companion.completeAfterTask$lambda$5(Task.kt:394)] [com.facebook.react.runtime.internal.bolts.Task$Companion.$r8$lambda$IPpysnehFwANEiW061YzapkMdoE(Unknown Source:0)] [com.facebook.react.runtime.internal.bolts.Task$Companion$$ExternalSyntheticLambda4.run(D8$$SyntheticClass:0)] [java.util.concurrent.ThreadPoolExecutor.runWorker(ThreadPoolExecutor.java:1156)] [java.util.concurrent.ThreadPoolExecutor$Worker.run(ThreadPoolExecutor.java:651)] [java.lang.Thread.run(Thread.java:1119)]
11-23 21:21:07.203 22610 22683 W unknown:ReactNative: Tried to enqueue runnable on already finished thread: 'v_native... dropping Runnable.
11-23 21:21:07.203 22610 22683 E unknown:ReactNative: Tried to remove non-existent frame callback
11-23 21:21:07.210 22610 22683 W unknown:ReactNative: Tried to enqueue runnable on already finished thread: 'v_native... dropping Runnable.
11-23 21:21:07.211 22610 22683 W unknown:ReactNative: Tried to enqueue runnable on already finished thread: 'v_native... dropping Runnable.
11-23 21:21:07.211 22610 22683 W unknown:ReactNative: Tried to enqueue runnable on already finished thread: 'v_native... dropping Runnable.
11-23 21:21:07.211 22610 22683 W unknown:ReactNative: Tried to enqueue runnable on already finished thread: 'v_native... dropping Runnable.
11-23 21:21:07.211 22610 22683 W unknown:ReactNative: Tried to enqueue runnable on already finished thread: 'v_native... dropping Runnable.
11-23 21:21:07.211 22610 22683 W unknown:ReactNative: Tried to enqueue runnable on already finished thread: 'v_native... dropping Runnable.
11-23 21:21:07.213 22610 22683 W unknown:ReactNative: Tried to enqueue runnable on already finished thread: 'v_native... dropping Runnable.
11-23 21:21:07.213 22610 22683 W unknown:ReactNative: Tried to enqueue runnable on already finished thread: 'v_native... dropping Runnable.
11-23 21:21:07.214 22610 22683 W unknown:ReactNative: Tried to enqueue runnable on already finished thread: 'v_native... dropping Runnable.
11-23 21:21:07.214 22610 22683 W unknown:ReactNative: Tried to enqueue runnable on already finished thread: 'v_native... dropping Runnable.
11-23 21:21:07.214 22610 22683 W unknown:ReactNative: Tried to enqueue runnable on already finished thread: 'v_native... dropping Runnable.
11-23 21:21:07.214 22610 22683 W unknown:ReactNative: Tried to enqueue runnable on already finished thread: 'v_native... dropping Runnable.
11-23 21:21:07.214 22610 22683 W unknown:ReactNative: Tried to enqueue runnable on already finished thread: 'v_native... dropping Runnable.
11-23 21:21:07.214 22610 22683 W unknown:ReactNative: Tried to enqueue runnable on already finished thread: 'v_native... dropping Runnable.
11-23 21:21:07.214 22610 22683 W unknown:ReactNative: Tried to enqueue runnable on already finished thread: 'v_native... dropping Runnable.
11-23 21:21:07.214 22610 22683 W unknown:ReactNative: Tried to enqueue runnable on already finished thread: 'v_native... dropping Runnable.
11-23 21:21:07.214 22610 22683 W unknown:ReactNative: Tried to enqueue runnable on already finished thread: 'v_native... dropping Runnable.
11-23 21:21:07.215 22610 22683 W unknown:ReactNative: Tried to enqueue runnable on already finished thread: 'v_native... dropping Runnable.
11-23 21:21:07.215 22610 22683 I Nitro.JSICache: Destroying JSICache...
11-23 21:21:07.218 22610 22683 W unknown:ReactNative: Tried to enqueue runnable on already finished thread: 'v_native... dropping Runnable.
11-23 21:21:07.218 22610 22683 W unknown:ReactNative: Tried to enqueue runnable on already finished thread: 'v_native... dropping Runnable.
11-23 21:21:07.218 22610 22683 W unknown:ReactNative: Tried to enqueue runnable on already finished thread: 'v_native... dropping Runnable.
11-23 21:21:07.219 22610 22683 W unknown:ReactNative: Tried to enqueue runnable on already finished thread: 'v_native... dropping Runnable.
11-23 21:21:07.219 22610 22683 W unknown:ReactNative: Tried to enqueue runnable on already finished thread: 'v_native... dropping Runnable.
11-23 21:21:07.219 22610 22683 W unknown:ReactNative: Tried to enqueue runnable on already finished thread: 'v_native... dropping Runnable.
11-23 21:21:07.219 22610 22683 W unknown:ReactNative: Tried to enqueue runnable on already finished thread: 'v_native... dropping Runnable.
11-23 21:21:07.219 22610 22683 W unknown:ReactNative: Tried to enqueue runnable on already finished thread: 'v_native... dropping Runnable.
11-23 21:21:07.219 22610 22683 W unknown:ReactNative: Tried to enqueue runnable on already finished thread: 'v_native... dropping Runnable.
11-23 21:21:07.221 22610 22683 W unknown:ReactNative: Tried to enqueue runnable on already finished thread: 'v_native... dropping Runnable.
11-23 21:21:07.224 22610 22683 W System.err: java.lang.NoSuchFieldException: No field mIsFinished in class Lcom/facebook/react/bridge/queue/MessageQueueThreadImpl; (declaration of 'com.facebook.react.bridge.queue.MessageQueueThreadImpl' appears in /data/app/~~cMMqPc4QqcehGnNd1rV4Mw==/dev.souschef.app-iBav3zEwDhB_8ElEFXzvrA==/base.apk!classes20.dex)
11-23 21:21:07.224 22610 22683 W System.err: 	at java.lang.Class.getDeclaredField(Native Method)
11-23 21:21:07.224 22610 22683 W System.err: 	at com.swmansion.worklets.WorkletsMessageQueueThreadBase.quitSynchronous(WorkletsMessageQueueThreadBase.java:55)
11-23 21:21:07.224 22610 22683 W System.err: 	at com.facebook.jni.HybridData$Destructor.deleteNative(Native Method)
11-23 21:21:07.224 22610 22683 W System.err: 	at com.facebook.jni.HybridData$Destructor.destruct(HybridData.java:82)
11-23 21:21:07.224 22610 22683 W System.err: 	at com.facebook.jni.HybridData.resetNative(HybridData.java:48)
11-23 21:21:07.224 22610 22683 W System.err: 	at com.facebook.react.runtime.ReactInstance.destroy(ReactInstance.kt:423)
11-23 21:21:07.224 22610 22683 W System.err: 	at com.facebook.react.runtime.ReactHostImpl.getOrCreateReloadTask$lambda$53(ReactHostImpl.kt:1318)
11-23 21:21:07.224 22610 22683 W System.err: 	at com.facebook.react.runtime.ReactHostImpl.$r8$lambda$mFfCh8lHgA6uurPLct5tIl3YwVQ(Unknown Source:0)
11-23 21:21:07.224 22610 22683 W System.err: 	at com.facebook.react.runtime.ReactHostImpl$$ExternalSyntheticLambda10.then(D8$$SyntheticClass:0)
11-23 21:21:07.224 22610 22683 W System.err: 	at com.facebook.react.runtime.internal.bolts.Task$Companion.completeAfterTask$lambda$5(Task.kt:394)
11-23 21:21:07.224 22610 22683 W System.err: 	at com.facebook.react.runtime.internal.bolts.Task$Companion.$r8$lambda$IPpysnehFwANEiW061YzapkMdoE(Unknown Source:0)
11-23 21:21:07.224 22610 22683 W System.err: 	at com.facebook.react.runtime.internal.bolts.Task$Companion$$ExternalSyntheticLambda4.run(D8$$SyntheticClass:0)
11-23 21:21:07.224 22610 22683 W System.err: 	at java.util.concurrent.ThreadPoolExecutor.runWorker(ThreadPoolExecutor.java:1156)
11-23 21:21:07.224 22610 22683 W System.err: 	at java.util.concurrent.ThreadPoolExecutor$Worker.run(ThreadPoolExecutor.java:651)
11-23 21:21:07.224 22610 22683 W System.err: 	at java.lang.Thread.run(Thread.java:1119)
11-23 21:21:07.225 22610 22683 W System.err: java.lang.NoSuchFieldException: No field mIsFinished in class Lcom/facebook/react/bridge/queue/MessageQueueThreadImpl; (declaration of 'com.facebook.react.bridge.queue.MessageQueueThreadImpl' appears in /data/app/~~cMMqPc4QqcehGnNd1rV4Mw==/dev.souschef.app-iBav3zEwDhB_8ElEFXzvrA==/base.apk!classes20.dex)
11-23 21:21:07.225 22610 22683 W System.err: 	at java.lang.Class.getDeclaredField(Native Method)
11-23 21:21:07.225 22610 22683 W System.err: 	at com.swmansion.worklets.WorkletsMessageQueueThreadBase.quitSynchronous(WorkletsMessageQueueThreadBase.java:55)
11-23 21:21:07.225 22610 22683 W System.err: 	at com.facebook.jni.HybridData$Destructor.deleteNative(Native Method)
11-23 21:21:07.225 22610 22683 W System.err: 	at com.facebook.jni.HybridData$Destructor.destruct(HybridData.java:82)
11-23 21:21:07.225 22610 22683 W System.err: 	at com.facebook.jni.HybridData.resetNative(HybridData.java:48)
11-23 21:21:07.225 22610 22683 W System.err: 	at com.facebook.react.runtime.ReactInstance.destroy(ReactInstance.kt:423)
11-23 21:21:07.225 22610 22683 W System.err: 	at com.facebook.react.runtime.ReactHostImpl.getOrCreateReloadTask$lambda$53(ReactHostImpl.kt:1318)
11-23 21:21:07.225 22610 22683 W System.err: 	at com.facebook.react.runtime.ReactHostImpl.$r8$lambda$mFfCh8lHgA6uurPLct5tIl3YwVQ(Unknown Source:0)
11-23 21:21:07.225 22610 22683 W System.err: 	at com.facebook.react.runtime.ReactHostImpl$$ExternalSyntheticLambda10.then(D8$$SyntheticClass:0)
11-23 21:21:07.225 22610 22683 W System.err: 	at com.facebook.react.runtime.internal.bolts.Task$Companion.completeAfterTask$lambda$5(Task.kt:394)
11-23 21:21:07.225 22610 22683 W System.err: 	at com.facebook.react.runtime.internal.bolts.Task$Companion.$r8$lambda$IPpysnehFwANEiW061YzapkMdoE(Unknown Source:0)
11-23 21:21:07.225 22610 22683 W System.err: 	at com.facebook.react.runtime.internal.bolts.Task$Companion$$ExternalSyntheticLambda4.run(D8$$SyntheticClass:0)
11-23 21:21:07.225 22610 22683 W System.err: 	at java.util.concurrent.ThreadPoolExecutor.runWorker(ThreadPoolExecutor.java:1156)
11-23 21:21:07.225 22610 22683 W System.err: 	at java.util.concurrent.ThreadPoolExecutor$Worker.run(ThreadPoolExecutor.java:651)
11-23 21:21:07.225 22610 22683 W System.err: 	at java.lang.Thread.run(Thread.java:1119)
11-23 21:21:07.232 22610 22683 W unknown:ReactNative: Tried to enqueue runnable on already finished thread: 'v_native... dropping Runnable.
11-23 21:21:07.232 22610 22683 W unknown:ReactNative: Tried to enqueue runnable on already finished thread: 'v_native... dropping Runnable.
11-23 21:21:07.232 22610 22683 W unknown:ReactNative: Tried to enqueue runnable on already finished thread: 'v_native... dropping Runnable.
11-23 21:21:07.234 22610 22683 W unknown:ReactNative: Tried to enqueue runnable on already finished thread: 'v_native... dropping Runnable.
11-23 21:21:07.234 22610 22683 W unknown:ReactNative: Tried to enqueue runnable on already finished thread: 'v_native... dropping Runnable.
11-23 21:21:07.234 22610 22683 W unknown:ReactNative: Tried to enqueue runnable on already finished thread: 'v_native... dropping Runnable.
11-23 21:21:07.391 22610 22683 W unknown:BridgelessReact: ReactHost{0}.getOrCreateReloadTask(): Resetting start task ref
11-23 21:21:07.392 22610 22683 W unknown:BridgelessReact: ReactHost{0}.getOrCreateReactInstanceTask()
11-23 21:21:07.392 22610 22683 W unknown:BridgelessReact: ReactHost{0}.getOrCreateReactInstanceTask(): Start
11-23 21:21:07.392 22610 22683 D Detox.RNMarker: REACT_BRIDGELESS_LOADING_START (null)
11-23 21:21:07.392 22610 22683 W unknown:BridgelessReact: ReactHost{0}.getJSBundleLoader()
11-23 21:21:07.392 22610 22683 W unknown:BridgelessReact: ReactHost{0}.isMetroRunning()
11-23 21:21:07.409 22610 22684 W unknown:BridgelessReact: ReactHost{0}.isMetroRunning(): Async result = true
11-23 21:21:07.410 22610 22683 W unknown:BridgelessReact: ReactHost{0}.loadJSBundleFromMetro()
11-23 21:21:07.410 22610 22683 D Detox.RNMarker: DOWNLOAD_START (null)
11-23 21:21:07.416 22610 22610 I WindowManager: WindowManagerGlobal#addView, ty=1000, view=android.widget.PopupWindow$PopupDecorView{e25ac7a V.E...... R.....I. 0,0-0,0}, caller=android.view.WindowManagerImpl.addView:158 android.widget.PopupWindow.invokePopup:1692 android.widget.PopupWindow.showAtLocation:1418 
11-23 21:21:07.416 22610 22610 D ViewRootImpl: desktopMode is false
11-23 21:21:07.417 22610 22610 I ViewRootImpl: dVRR is disabled
11-23 21:21:07.417 22610 22671 D NativeCustomFrequencyManager: [NativeCFMS] BpCustomFrequencyManager::BpCustomFrequencyManager()
11-23 21:21:07.429 22610 22610 D InputTransport: Input channel constructed: 'da9cac9', fd=162
11-23 21:21:07.430 22610 22610 I InsetsController: onStateChanged: host=PopupWindow:6d2b0a5, from=android.view.ViewRootImpl.onInsetsStateChanged:3026, state=InsetsState: {mDisplayFrame=Rect(0, 0 - 1440, 3088), mDisplayCutout=DisplayCutout{insets=Rect(0, 100 - 0, 0) waterfall=Insets{left=0, top=0, right=0, bottom=0} boundingRect={Bounds=[Rect(0, 0 - 0, 0), Rect(683, 0 - 758, 100), Rect(0, 0 - 0, 0), Rect(0, 0 - 0, 0)]} cutoutPathParserInfo={CutoutPathParserInfo{displayWidth=1440 displayHeight=3088 physicalDisplayWidth=1440 physicalDisplayHeight=3088 density={3.75} cutoutSpec={M 0,0 H -10 V 26.66666666666667 H 10 V 0 H 0 Z @dp} rotation={0} scale={1.0} physicalPixelDisplaySizeRatio={1.0}}} sideOverrides={}}, mRoundedCorners=RoundedCorners{[RoundedCorner{position=TopLeft, radius=15, center=Point(15, 15)}, RoundedCorner{position=TopRight, radius=15, center=Point(1425, 15)}, RoundedCorner{position=BottomRight, radius=15, center=Point(1425, 3073)}, RoundedCorner{position=BottomLeft, radius=15, center=Point(15, 3073)}]}  mRoundedCornerFrame=Rect(0, 0 - 1440, 3088), mPrivacyIndicatorBounds=PrivacyIndicatorBounds {static bounds=Rect(1275, 0 - 1440, 100) rotation=0}, mDisplayShape=DisplayShape{ spec=-311912193 displayWidth=1440 displayHeight=3088 physicalPixelDisplaySizeRatio=1.0 rotation=0 offsetX=0 offsetY=0 scale=1.0}, mSources= { InsetsSource: {b11d0001 mType=navigationBars mFrame=[0,3032][1440,3088] mVisible=true mFlags=SUPPRESS_SCRIM mSideHint=BOTTOM mBoundingRects=null}, InsetsSource: {b11d0004 mType=systemGestures mFrame=[0,0][84,3088] mVisible=true mFlags= mSideHint=LEFT mBoundingRects=null}, InsetsSource: {b11d0005 mType=mandatorySystemGestures mFrame=[0,2968][1440,3088] mVisible=true mFlags= mSideHint=BOTTOM mBoundingRects=null}, InsetsSource: {b11d0006 mType=tappableElement mFrame=[0,0][0,0] mVisible=true mFlags= mSideHint=NONE mBoundingRects=null}, InsetsSource: {b11d0024 mType=systemGestures mFrame=[1356,0][1440,3088] mVisible=true mFlags= mSideHint=RIGHT mBoundingRects=null}, InsetsSource: {ecac0000 mType=statusBars mFrame=[0,0][1440,100] mVisible=true mFlags= mSideHint=TOP mBoundingRects=null}, InsetsSource: {ecac0005 mType=mandatorySystemGestures mFrame=[0,0][1440,145] mVisible=true mFlags= mSideHint=TOP mBoundingRects=null}, InsetsSource: {ecac0006 mType=tappableElement mFrame=[0,0][1440,100] mVisible=true mFlags= mSideHint=TOP mBoundingRects=null}, InsetsSource: {27 mType=displayCutout mFrame=[0,0][1440,100] mVisible=true mFlags= mSideHint=TOP mBoundingRects=null} }
11-23 21:21:07.431 22610 22610 I VRI[PopupWindow:6d2b0a5]@f3cc2b: synced displayState. AttachInfo displayState=2
11-23 21:21:07.435 22610 22610 I VRI[PopupWindow:6d2b0a5]@f3cc2b: setView = android.widget.PopupWindow$PopupDecorView@e25ac7a IsHRR=false mFlingFrameRateChange=0 TM=true
11-23 21:21:07.436 22610 22671 D HWUI    : HWUI - treat SMPTE_170M as sRGB
11-23 21:21:07.449 22610 22610 W libc    : Access denied finding property "vendor.display.enable_optimal_refresh_rate"
11-23 21:21:07.449 22610 22610 I BufferQueueProducer: [](id:585200000005,api:0,p:497964336,c:22610) setDequeueTimeout:2077252342
11-23 21:21:07.450 22610 22610 I BLASTBufferQueue_Java: new BLASTBufferQueue, mName= VRI[PopupWindow:6d2b0a5]@f3cc2b mNativeObject= 0xb400007addac79a0 caller= android.view.ViewRootImpl.updateBlastSurfaceIfNeeded:3585 android.view.ViewRootImpl.relayoutWindow:11685 android.view.ViewRootImpl.performTraversals:4804 android.view.ViewRootImpl.doTraversal:3924 android.view.ViewRootImpl$TraversalRunnable.run:12903 android.view.Choreographer$CallbackRecord.run:1901 android.view.Choreographer$CallbackRecord.run:1910 android.view.Choreographer.doCallbacks:1367 android.view.Choreographer.doFrame:1292 android.view.Choreographer$FrameDisplayEventReceiver.run:1870 
11-23 21:21:07.450 22610 22610 I BLASTBufferQueue_Java: update, w= 1440 h= 94 mName = VRI[PopupWindow:6d2b0a5]@f3cc2b mNativeObject= 0xb400007addac79a0 sc.mNativeObject= 0xb400007b7dacb5d0 format= -3 caller= android.view.ViewRootImpl.updateBlastSurfaceIfNeeded:3590 android.view.ViewRootImpl.relayoutWindow:11685 android.view.ViewRootImpl.performTraversals:4804 android.view.ViewRootImpl.doTraversal:3924 android.view.ViewRootImpl$TraversalRunnable.run:12903 android.view.Choreographer$CallbackRecord.run:1901 
11-23 21:21:07.450 22610 22610 W libc    : Access denied finding property "vendor.display.enable_optimal_refresh_rate"
11-23 21:21:07.453 22610 22610 I VRI[PopupWindow:6d2b0a5]@f3cc2b: Relayout returned: old=(0,100,1440,3032) new=(0,100,1440,194) relayoutAsync=false req=(1440,94)0 dur=8 res=0x3 s={true 0xb400007bedcc5aa0} ch=true seqId=0
11-23 21:21:07.454 22610 22610 I VRI[PopupWindow:6d2b0a5]@f3cc2b: performConfigurationChange setNightDimText nightDimLevel=0
11-23 21:21:07.457 22610 22610 D VRI[PopupWindow:6d2b0a5]@f3cc2b: mThreadedRenderer.initialize() mSurface={isValid=true 0xb400007bedcc5aa0} hwInitialized=true
11-23 21:21:07.460 22610 22610 D VRI[PopupWindow:6d2b0a5]@f3cc2b: reportNextDraw android.view.ViewRootImpl.performTraversals:5443 android.view.ViewRootImpl.doTraversal:3924 android.view.ViewRootImpl$TraversalRunnable.run:12903 android.view.Choreographer$CallbackRecord.run:1901 android.view.Choreographer$CallbackRecord.run:1910 
11-23 21:21:07.460 22610 22610 D VRI[PopupWindow:6d2b0a5]@f3cc2b: Setup new sync=wmsSync-VRI[PopupWindow:6d2b0a5]@f3cc2b#16
11-23 21:21:07.460 22610 22610 I VRI[PopupWindow:6d2b0a5]@f3cc2b: Creating new active sync group VRI[PopupWindow:6d2b0a5]@f3cc2b#17
11-23 21:21:07.463 22610 22610 D VRI[PopupWindow:6d2b0a5]@f3cc2b: registerCallbacksForSync syncBuffer=false
11-23 21:21:07.466 22610 22688 D VRI[PopupWindow:6d2b0a5]@f3cc2b: Received frameDrawingCallback syncResult=0 frameNum=1.
11-23 21:21:07.466 22610 22688 I VRI[PopupWindow:6d2b0a5]@f3cc2b: mWNT: t=0xb400007c8dadb990 mBlastBufferQueue=0xb400007addac79a0 fn= 1 HdrRenderState mRenderHdrSdrRatio=1.0 caller= android.view.ViewRootImpl$12.onFrameDraw:15441 android.view.ThreadedRenderer$1.onFrameDraw:718 <bottom of call stack> 
11-23 21:21:07.467 22610 22688 I VRI[PopupWindow:6d2b0a5]@f3cc2b: Setting up sync and frameCommitCallback
11-23 21:21:07.468 22610 22671 I BLASTBufferQueue: [VRI[PopupWindow:6d2b0a5]@f3cc2b#5](f:0,a:0,s:0) onFrameAvailable the first frame is available
11-23 21:21:07.469 22610 22671 I SurfaceComposerClient: apply transaction with the first frame. layerId: 58344, bufferData(ID: 97109210562583, frameNumber: 1)
11-23 21:21:07.469 22610 22671 I VRI[PopupWindow:6d2b0a5]@f3cc2b: Received frameCommittedCallback lastAttemptedDrawFrameNum=1 didProduceBuffer=true
11-23 21:21:07.471 22610 22671 D HWUI    : CFMS:: SetUp Pid : 22610    Tid : 22671
11-23 21:21:07.472 22610 22610 D VRI[PopupWindow:6d2b0a5]@f3cc2b: reportDrawFinished seqId=0
11-23 21:21:07.472 22610 22610 I VRI[PopupWindow:6d2b0a5]@f3cc2b: handleResized, frames=ClientWindowFrames{frame=[0,100][1440,194] display=[0,100][1440,3032] parentFrame=[0,0][0,0] attachedFrame=[0,0][1440,3088]} displayId=0 dragResizing=false compatScale=1.0 frameChanged=false attachedFrameChanged=false configChanged=false displayChanged=false compatScaleChanged=false dragResizingChanged=false
11-23 21:21:07.472 22610 22610 I VRI[PopupWindow:6d2b0a5]@f3cc2b: handleResized mSyncSeqId = 0
11-23 21:21:07.473 22610 22610 D VRI[PopupWindow:6d2b0a5]@f3cc2b: reportNextDraw android.view.ViewRootImpl.handleResized:2983 android.view.ViewRootImpl.-$$Nest$mhandleResized:0 android.view.ViewRootImpl$W.resized:14082 android.app.servertransaction.WindowStateResizeItem.execute:93 android.app.servertransaction.WindowStateTransactionItem.execute:62 
11-23 21:21:07.473 22610 22610 D VRI[PopupWindow:6d2b0a5]@f3cc2b: Setup new sync=wmsSync-VRI[PopupWindow:6d2b0a5]@f3cc2b#18
11-23 21:21:07.473 22610 22610 I VRI[PopupWindow:6d2b0a5]@f3cc2b: Creating new active sync group VRI[PopupWindow:6d2b0a5]@f3cc2b#19
11-23 21:21:07.473 22610 22610 D VRI[PopupWindow:6d2b0a5]@f3cc2b: registerCallbacksForSync syncBuffer=false
11-23 21:21:07.474 22610 22687 D VRI[PopupWindow:6d2b0a5]@f3cc2b: Received frameDrawingCallback syncResult=0 frameNum=2.
11-23 21:21:07.474 22610 22687 I VRI[PopupWindow:6d2b0a5]@f3cc2b: Setting up sync and frameCommitCallback
11-23 21:21:07.474 22610 22671 I VRI[PopupWindow:6d2b0a5]@f3cc2b: Received frameCommittedCallback lastAttemptedDrawFrameNum=2 didProduceBuffer=false
11-23 21:21:07.474 22610 22671 I BLASTBufferQueue_Java: gatherPendingTransactions, mName= VRI[PopupWindow:6d2b0a5]@f3cc2b mNativeObject= 0xb400007addac79a0 frameNumber= 2 caller= android.view.ViewRootImpl$12.lambda$onFrameDraw$3:15525 android.view.ViewRootImpl$12.$r8$lambda$CTo3ExVBk8akdVTGlqHPAoYLRVI:0 android.view.ViewRootImpl$12$$ExternalSyntheticLambda1.onFrameCommit:0 android.view.ThreadedRenderer$1.lambda$onFrameDraw$0:730 android.view.ThreadedRenderer$1$$ExternalSyntheticLambda0.onFrameCommit:0 <bottom of call stack> 
11-23 21:21:07.475 22610 22610 D VRI[PopupWindow:6d2b0a5]@f3cc2b: reportDrawFinished seqId=0
11-23 21:21:08.006 22610 22610 I VRI[MainActivity]@8e53a52: call setFrameRateCategory for touch hint category=no preference, reason=boost timeout, vri=VRI[MainActivity]@8e53a52
11-23 21:21:08.260 22610 22684 D Detox.RNMarker: DOWNLOAD_END ({"url":"http:\/\/localhost:8081\/index.bundle?platform=android&dev=true&lazy=true&minify=false&app=dev.souschef.app&modulesOnly=false&runModule=true&excludeSource=true&sourcePaths=url-server","filesChangedCount":0})
11-23 21:21:08.260 22610 22684 W unknown:BridgelessReact: ReactHost{0}.loadJSBundleFromMetro(): Creating BundleLoader
11-23 21:21:08.260 22610 22610 W WindowOnBackDispatcher: sendCancelIfRunning: isInProgress=false callback=android.widget.PopupWindow$PopupDecorView$$ExternalSyntheticLambda1@e521646
11-23 21:21:08.260 22610 22683 W unknown:BridgelessReact: ReactHost{0}.getOrCreateReactContext(): Creating BridgelessReactContext
11-23 21:21:08.261 22610 22683 W unknown:BridgelessReact: ReactHost{0}.getOrCreateReactInstanceTask(): Creating ReactInstance
11-23 21:21:08.261 22610 22610 I WindowManager: WindowManagerGlobal#removeView, ty=1000, view=android.widget.PopupWindow$PopupDecorView{e25ac7a V.E...... R....... 0,0-1440,94}, caller=android.view.WindowManagerGlobal.removeView:654 android.view.WindowManagerImpl.removeViewImmediate:216 android.widget.PopupWindow.dismissImmediate:2415 
11-23 21:21:08.265 22610 22683 W unknown:ReactNative: Inspector connection already open, nooping.
11-23 21:21:08.266 22610 22610 I VRI[PopupWindow:6d2b0a5]@f3cc2b: dispatchDetachedFromWindow
11-23 21:21:08.271 22610 22610 D InputTransport: Input channel destroyed: 'da9cac9', fd=162
11-23 21:21:08.283 22610 22715 I CameraDevices: Initializing ProcessCameraProvider...
11-23 21:21:08.283 22610 22715 I CameraDevices: Initializing ExtensionsManager...
11-23 21:21:08.283 22610 22715 I CameraDevices: Successfully initialized!
11-23 21:21:08.286 22610 22715 D CapabilitiesByQuality: profiles = ImmutableEncoderProfilesProxy{defaultDurationSeconds=30, recommendedFileFormat=2, audioProfiles=[AudioProfileProxy{codec=3, mediaType=audio/mp4a-latm, bitrate=256000, sampleRate=48000, channels=2, profile=1}], videoProfiles=[VideoProfileProxy{codec=2, mediaType=video/avc, bitrate=48000000, frameRate=30, width=3840, height=2160, profile=-1, bitDepth=8, chromaSubsampling=0, hdrFormat=0}]}
11-23 21:21:08.286 22610 22715 D CapabilitiesByQuality: profiles = ImmutableEncoderProfilesProxy{defaultDurationSeconds=30, recommendedFileFormat=2, audioProfiles=[AudioProfileProxy{codec=3, mediaType=audio/mp4a-latm, bitrate=256000, sampleRate=48000, channels=2, profile=1}], videoProfiles=[VideoProfileProxy{codec=2, mediaType=video/avc, bitrate=17000000, frameRate=30, width=1920, height=1080, profile=-1, bitDepth=8, chromaSubsampling=0, hdrFormat=0}]}
11-23 21:21:08.286 22610 22715 D CapabilitiesByQuality: profiles = ImmutableEncoderProfilesProxy{defaultDurationSeconds=30, recommendedFileFormat=2, audioProfiles=[AudioProfileProxy{codec=3, mediaType=audio/mp4a-latm, bitrate=256000, sampleRate=48000, channels=2, profile=1}], videoProfiles=[VideoProfileProxy{codec=2, mediaType=video/avc, bitrate=12000000, frameRate=30, width=1280, height=720, profile=-1, bitDepth=8, chromaSubsampling=0, hdrFormat=0}]}
11-23 21:21:08.286 22610 22715 D CapabilitiesByQuality: profiles = ImmutableEncoderProfilesProxy{defaultDurationSeconds=30, recommendedFileFormat=2, audioProfiles=[AudioProfileProxy{codec=3, mediaType=audio/mp4a-latm, bitrate=256000, sampleRate=48000, channels=2, profile=1}], videoProfiles=[VideoProfileProxy{codec=2, mediaType=video/avc, bitrate=3449000, frameRate=30, width=720, height=480, profile=-1, bitDepth=8, chromaSubsampling=0, hdrFormat=0}]}
11-23 21:21:08.289 22610 22715 D CameraCharacteristicsUtil: isAvailableFeature(mode 202) : true
11-23 21:21:08.289 22610 22715 D CameraCharacteristicsUtil: isAvailableDynamicShotInfo : true
11-23 21:21:08.289 22610 22715 D CameraCharacteristicsUtil: isAvailableFeature(mode 101) : true
11-23 21:21:08.289 22610 22715 I cx/HdrExt#24: isExtensionAvailable: cameraId = 0, false
11-23 21:21:08.290 22610 22715 D CameraCharacteristicsUtil: isAvailableFeature(mode 201) : true
11-23 21:21:08.290 22610 22715 D CameraCharacteristicsUtil: isAvailableDynamicShotInfo : true
11-23 21:21:08.290 22610 22715 D CameraCharacteristicsUtil: isAvailableFeature(mode 101) : true
11-23 21:21:08.290 22610 22715 I cx/NightExt#25: isExtensionAvailable: cameraId = 0, false
11-23 21:21:08.290 22610 22715 D CameraCharacteristicsUtil: isAvailableFeature(mode 203) : false
11-23 21:21:08.290 22610 22715 I cx/SuperNightExt#26: isExtensionAvailable: cameraId = 0, false
11-23 21:21:08.296 22610 23105 D InstallReferrerState: OK
11-23 21:21:08.348 22610 22715 D CapabilitiesByQuality: profiles = ImmutableEncoderProfilesProxy{defaultDurationSeconds=30, recommendedFileFormat=2, audioProfiles=[AudioProfileProxy{codec=3, mediaType=audio/mp4a-latm, bitrate=256000, sampleRate=48000, channels=2, profile=1}], videoProfiles=[VideoProfileProxy{codec=2, mediaType=video/avc, bitrate=17000000, frameRate=30, width=1920, height=1080, profile=-1, bitDepth=8, chromaSubsampling=0, hdrFormat=0}]}
11-23 21:21:08.349 22610 22715 D CapabilitiesByQuality: profiles = ImmutableEncoderProfilesProxy{defaultDurationSeconds=30, recommendedFileFormat=2, audioProfiles=[AudioProfileProxy{codec=3, mediaType=audio/mp4a-latm, bitrate=256000, sampleRate=48000, channels=2, profile=1}], videoProfiles=[VideoProfileProxy{codec=2, mediaType=video/avc, bitrate=12000000, frameRate=30, width=1280, height=720, profile=-1, bitDepth=8, chromaSubsampling=0, hdrFormat=0}]}
11-23 21:21:08.349 22610 22715 D CapabilitiesByQuality: profiles = ImmutableEncoderProfilesProxy{defaultDurationSeconds=30, recommendedFileFormat=2, audioProfiles=[AudioProfileProxy{codec=3, mediaType=audio/mp4a-latm, bitrate=256000, sampleRate=48000, channels=2, profile=1}], videoProfiles=[VideoProfileProxy{codec=2, mediaType=video/avc, bitrate=3449000, frameRate=30, width=720, height=480, profile=-1, bitDepth=8, chromaSubsampling=0, hdrFormat=0}]}
11-23 21:21:08.350 22610 22715 D CameraCharacteristicsUtil: isAvailableFeature(mode 202) : true
11-23 21:21:08.350 22610 22715 D CameraCharacteristicsUtil: isAvailableDynamicShotInfo : true
11-23 21:21:08.350 22610 22715 D CameraCharacteristicsUtil: isAvailableFeature(mode 101) : true
11-23 21:21:08.350 22610 22715 I cx/HdrExt#27: isExtensionAvailable: cameraId = 1, false
11-23 21:21:08.351 22610 22715 D CameraCharacteristicsUtil: isAvailableFeature(mode 201) : true
11-23 21:21:08.351 22610 22715 D CameraCharacteristicsUtil: isAvailableDynamicShotInfo : true
11-23 21:21:08.351 22610 22715 D CameraCharacteristicsUtil: isAvailableFeature(mode 101) : true
11-23 21:21:08.351 22610 22715 I cx/NightExt#28: isExtensionAvailable: cameraId = 1, false
11-23 21:21:08.351 22610 22715 D CameraCharacteristicsUtil: isAvailableFeature(mode 203) : false
11-23 21:21:08.351 22610 22715 I cx/SuperNightExt#29: isExtensionAvailable: cameraId = 1, false
11-23 21:21:08.369 22610 22683 W unknown:BridgelessReact: ReactHost{0}.getOrCreateReactInstanceTask(): Loading JS Bundle
11-23 21:21:08.370 22610 22683 W unknown:BridgelessReact: ReactHost{0}.getOrCreateReactInstanceTask(): Calling DevSupportManagerBase.onNewReactContextCreated(reactContext)
11-23 21:21:08.370 22610 23102 D Detox.RNMarker: RUN_JS_BUNDLE_START (/index.bundle?platform=android&dev=true&lazy=true&minify=false&app=dev.souschef.app&modulesOnly=false&runModule=true&excludeSource=true&sourcePaths=url-server)
11-23 21:21:08.371 22610 22610 W unknown:ReactNative: Packager connection already open, nooping.
11-23 21:21:08.371 22610 22683 W unknown:BridgelessReact: ReactHost{0}.getOrCreateReloadTask(): Restarting previously running React Native Surfaces
11-23 21:21:08.371 22610 22610 W unknown:BridgelessReact: ReactContext.onHostResume()
11-23 21:21:08.372 22610 22610 W unknown:BridgelessReact: ReactHost{0}.getOrCreateReactInstanceTask(): Executing ReactInstanceEventListeners
11-23 21:21:08.372 22610 22683 W unknown:BridgelessReact: ReactHost{0}.getOrCreateReloadTask(): Resetting reload task ref
11-23 21:21:08.372 22610 22610 I DetoxRNLoading: Got new RN-context through listener
11-23 21:21:08.372 22610 22655 I DetoxWSClient: Sending out action 'ready' (ID #-1000)
11-23 21:21:08.372 22610 22655 I DetoxDispatcher: Done with action 'reactNativeReload'
11-23 21:21:08.375 22610 23103 W BridgelessReactContext: [WARNING] Bridgeless doesn't support CatalystInstance. Accessing an API that's not part of the new architecture is not encouraged usage.
11-23 21:21:08.380 22610 22715 D CapabilitiesByQuality: profiles = ImmutableEncoderProfilesProxy{defaultDurationSeconds=30, recommendedFileFormat=2, audioProfiles=[AudioProfileProxy{codec=3, mediaType=audio/mp4a-latm, bitrate=256000, sampleRate=48000, channels=2, profile=1}], videoProfiles=[VideoProfileProxy{codec=2, mediaType=video/avc, bitrate=17000000, frameRate=30, width=1920, height=1080, profile=-1, bitDepth=8, chromaSubsampling=0, hdrFormat=0}]}
11-23 21:21:08.381 22610 22715 D CapabilitiesByQuality: profiles = ImmutableEncoderProfilesProxy{defaultDurationSeconds=30, recommendedFileFormat=2, audioProfiles=[AudioProfileProxy{codec=3, mediaType=audio/mp4a-latm, bitrate=256000, sampleRate=48000, channels=2, profile=1}], videoProfiles=[VideoProfileProxy{codec=2, mediaType=video/avc, bitrate=12000000, frameRate=30, width=1280, height=720, profile=-1, bitDepth=8, chromaSubsampling=0, hdrFormat=0}]}
11-23 21:21:08.381 22610 22715 D CapabilitiesByQuality: profiles = ImmutableEncoderProfilesProxy{defaultDurationSeconds=30, recommendedFileFormat=2, audioProfiles=[AudioProfileProxy{codec=3, mediaType=audio/mp4a-latm, bitrate=256000, sampleRate=48000, channels=2, profile=1}], videoProfiles=[VideoProfileProxy{codec=2, mediaType=video/avc, bitrate=3449000, frameRate=30, width=720, height=480, profile=-1, bitDepth=8, chromaSubsampling=0, hdrFormat=0}]}
11-23 21:21:08.382 22610 22715 D CameraCharacteristicsUtil: isAvailableFeature(mode 202) : true
11-23 21:21:08.382 22610 22715 D CameraCharacteristicsUtil: isAvailableDynamicShotInfo : true
11-23 21:21:08.382 22610 22715 D CameraCharacteristicsUtil: isAvailableFeature(mode 101) : true
11-23 21:21:08.382 22610 22715 I cx/HdrExt#30: isExtensionAvailable: cameraId = 2, false
11-23 21:21:08.382 22610 22715 D CameraCharacteristicsUtil: isAvailableFeature(mode 201) : true
11-23 21:21:08.382 22610 22715 D CameraCharacteristicsUtil: isAvailableDynamicShotInfo : true
11-23 21:21:08.382 22610 22715 D CameraCharacteristicsUtil: isAvailableFeature(mode 101) : true
11-23 21:21:08.382 22610 22715 I cx/NightExt#31: isExtensionAvailable: cameraId = 2, false
11-23 21:21:08.382 22610 22715 D CameraCharacteristicsUtil: isAvailableFeature(mode 203) : false
11-23 21:21:08.382 22610 22715 I cx/SuperNightExt#32: isExtensionAvailable: cameraId = 2, false
11-23 21:21:08.407 22610 22715 D CapabilitiesByQuality: profiles = ImmutableEncoderProfilesProxy{defaultDurationSeconds=30, recommendedFileFormat=2, audioProfiles=[AudioProfileProxy{codec=3, mediaType=audio/mp4a-latm, bitrate=256000, sampleRate=48000, channels=2, profile=1}], videoProfiles=[VideoProfileProxy{codec=2, mediaType=video/avc, bitrate=17000000, frameRate=30, width=1920, height=1080, profile=-1, bitDepth=8, chromaSubsampling=0, hdrFormat=0}]}
11-23 21:21:08.407 22610 22715 D CapabilitiesByQuality: profiles = ImmutableEncoderProfilesProxy{defaultDurationSeconds=30, recommendedFileFormat=2, audioProfiles=[AudioProfileProxy{codec=3, mediaType=audio/mp4a-latm, bitrate=256000, sampleRate=48000, channels=2, profile=1}], videoProfiles=[VideoProfileProxy{codec=2, mediaType=video/avc, bitrate=12000000, frameRate=30, width=1280, height=720, profile=-1, bitDepth=8, chromaSubsampling=0, hdrFormat=0}]}
11-23 21:21:08.407 22610 22715 D CapabilitiesByQuality: profiles = ImmutableEncoderProfilesProxy{defaultDurationSeconds=30, recommendedFileFormat=2, audioProfiles=[AudioProfileProxy{codec=3, mediaType=audio/mp4a-latm, bitrate=256000, sampleRate=48000, channels=2, profile=1}], videoProfiles=[VideoProfileProxy{codec=2, mediaType=video/avc, bitrate=3449000, frameRate=30, width=720, height=480, profile=-1, bitDepth=8, chromaSubsampling=0, hdrFormat=0}]}
11-23 21:21:08.408 22610 22715 D CameraCharacteristicsUtil: isAvailableFeature(mode 202) : true
11-23 21:21:08.408 22610 22715 D CameraCharacteristicsUtil: isAvailableDynamicShotInfo : true
11-23 21:21:08.408 22610 22715 D CameraCharacteristicsUtil: isAvailableFeature(mode 101) : true
11-23 21:21:08.408 22610 22715 I cx/HdrExt#33: isExtensionAvailable: cameraId = 3, false
11-23 21:21:08.408 22610 22715 D CameraCharacteristicsUtil: isAvailableFeature(mode 201) : true
11-23 21:21:08.408 22610 22715 D CameraCharacteristicsUtil: isAvailableDynamicShotInfo : true
11-23 21:21:08.408 22610 22715 D CameraCharacteristicsUtil: isAvailableFeature(mode 101) : true
11-23 21:21:08.409 22610 22715 I cx/NightExt#34: isExtensionAvailable: cameraId = 3, false
11-23 21:21:08.409 22610 22715 D CameraCharacteristicsUtil: isAvailableFeature(mode 203) : false
11-23 21:21:08.409 22610 22715 I cx/SuperNightExt#35: isExtensionAvailable: cameraId = 3, false
11-23 21:21:09.582 22610 23102 I ReactNativeJS: 🔧 Apollo: Memory management configured for mobile
11-23 21:21:09.598 22610 23102 I Nitro.HybridObjectRegistry: Unregistering HybridObject "UnistylesRuntime"...
11-23 21:21:09.598 22610 23102 I Nitro.HybridObjectRegistry: Unregistering HybridObject "UnistylesStyleSheet"...
11-23 21:21:09.598 22610 23102 I Nitro.HybridObjectRegistry: Unregistering HybridObject "UnistylesShadowRegistry"...
11-23 21:21:09.598 22610 23102 I Nitro.HybridObjectRegistry: Registering HybridObject "UnistylesRuntime"...
11-23 21:21:09.598 22610 23102 I Nitro.HybridObjectRegistry: Successfully registered HybridObject "UnistylesRuntime"!
11-23 21:21:09.598 22610 23102 I Nitro.HybridObjectRegistry: Registering HybridObject "UnistylesStyleSheet"...
11-23 21:21:09.598 22610 23102 I Nitro.HybridObjectRegistry: Successfully registered HybridObject "UnistylesStyleSheet"!
11-23 21:21:09.598 22610 23102 I Nitro.HybridObjectRegistry: Registering HybridObject "UnistylesShadowRegistry"...
11-23 21:21:09.598 22610 23102 I Nitro.HybridObjectRegistry: Successfully registered HybridObject "UnistylesShadowRegistry"!
11-23 21:21:09.602 22610 23102 I Nitro.Dispatcher: Installing global Dispatcher Holder into Runtime "HermesRuntime[RNBridgeless] (Thread #521114186688)"...
11-23 21:21:09.602 22610 23102 I Nitro.HybridObjectPrototype: Creating new JS prototype for C++ instance type "HybridNitroModulesProxy"...
11-23 21:21:09.602 22610 23102 I Nitro.HybridObjectPrototype: Creating new JS prototype for C++ instance type "HybridObject"...
11-23 21:21:09.603 22610 23102 W Nitro.JSICache: JSICache was created, but it is no longer strong!
11-23 21:21:09.603 22610 23102 I Nitro.JSICache: Creating new JSICache<T> for runtime HermesRuntime[RNBridgeless] (Thread #521114186688)..
11-23 21:21:09.618 22610 23102 W [RNScreens]: InsetObserverProxy registers on new context while it has not been invalidated on the old one. Please report this as issue at https://github.com/software-mansion/react-native-screens/issues
11-23 21:21:09.619 22610 23102 W unknown:ViewManagerPropertyUpdater: Could not find generated setter for class com.th3rdwave.safeareacontext.SafeAreaProviderManager
11-23 21:21:09.623 22610 23102 W unknown:ViewManagerPropertyUpdater: Could not find generated setter for class com.facebook.react.uimanager.LayoutShadowNode
11-23 21:21:09.627 22610 23102 W unknown:ViewManagerPropertyUpdater: Could not find generated setter for class com.swmansion.rnscreens.SearchBarManager
11-23 21:21:09.629 22610 23102 W unknown:ViewManagerPropertyUpdater: Could not find generated setter for class com.swmansion.rnscreens.ScreenFooterManager
11-23 21:21:09.630 22610 23102 W unknown:ViewManagerPropertyUpdater: Could not find generated setter for class com.swmansion.rnscreens.gamma.tabs.TabScreenViewManager
11-23 21:21:09.631 22610 23102 W unknown:ViewManagerPropertyUpdater: Could not find generated setter for class com.swmansion.rnscreens.ScreenContainerViewManager
11-23 21:21:09.632 22610 23102 W unknown:ViewManagerPropertyUpdater: Could not find generated setter for class com.swmansion.rnscreens.gamma.tabs.TabsHostViewManager
11-23 21:21:09.634 22610 23102 W unknown:ViewManagerPropertyUpdater: Could not find generated setter for class com.swmansion.rnscreens.ModalScreenViewManager
11-23 21:21:09.637 22610 23102 W unknown:ViewManagerPropertyUpdater: Could not find generated setter for class com.swmansion.rnscreens.ScreenStackHeaderConfigViewManager
11-23 21:21:09.638 22610 23102 E unknown:UIManagerModuleConstantsHelper: Direct event name for 'CameraView' doesn't correspond to the naming convention, expected 'topEventName'->'onEventName', got 'topCameraStarted'->'onStarted'
11-23 21:21:09.638 22610 23102 E unknown:UIManagerModuleConstantsHelper: Direct event name for 'CameraView' doesn't correspond to the naming convention, expected 'topEventName'->'onEventName', got 'topCameraError'->'onError'
11-23 21:21:09.638 22610 23102 E unknown:UIManagerModuleConstantsHelper: Direct event name for 'CameraView' doesn't correspond to the naming convention, expected 'topEventName'->'onEventName', got 'topCameraViewReady'->'onViewReady'
11-23 21:21:09.638 22610 23102 E unknown:UIManagerModuleConstantsHelper: Direct event name for 'CameraView' doesn't correspond to the naming convention, expected 'topEventName'->'onEventName', got 'topCameraAverageFpsChanged'->'onAverageFpsChanged'
11-23 21:21:09.638 22610 23102 E unknown:UIManagerModuleConstantsHelper: Direct event name for 'CameraView' doesn't correspond to the naming convention, expected 'topEventName'->'onEventName', got 'topCameraShutter'->'onShutter'
11-23 21:21:09.638 22610 23102 E unknown:UIManagerModuleConstantsHelper: Direct event name for 'CameraView' doesn't correspond to the naming convention, expected 'topEventName'->'onEventName', got 'topCameraOutputOrientationChanged'->'onOutputOrientationChanged'
11-23 21:21:09.638 22610 23102 E unknown:UIManagerModuleConstantsHelper: Direct event name for 'CameraView' doesn't correspond to the naming convention, expected 'topEventName'->'onEventName', got 'topCameraInitialized'->'onInitialized'
11-23 21:21:09.638 22610 23102 E unknown:UIManagerModuleConstantsHelper: Direct event name for 'CameraView' doesn't correspond to the naming convention, expected 'topEventName'->'onEventName', got 'topCameraCodeScanned'->'onCodeScanned'
11-23 21:21:09.638 22610 23102 E unknown:UIManagerModuleConstantsHelper: Direct event name for 'CameraView' doesn't correspond to the naming convention, expected 'topEventName'->'onEventName', got 'topCameraPreviewOrientationChanged'->'onPreviewOrientationChanged'
11-23 21:21:09.639 22610 23102 E unknown:UIManagerModuleConstantsHelper: Direct event name for 'CameraView' doesn't correspond to the naming convention, expected 'topEventName'->'onEventName', got 'topCameraStopped'->'onStopped'
11-23 21:21:09.639 22610 23102 E unknown:UIManagerModuleConstantsHelper: Direct event name for 'CameraView' doesn't correspond to the naming convention, expected 'topEventName'->'onEventName', got 'topCameraPreviewStarted'->'onPreviewStarted'
11-23 21:21:09.639 22610 23102 E unknown:UIManagerModuleConstantsHelper: Direct event name for 'CameraView' doesn't correspond to the naming convention, expected 'topEventName'->'onEventName', got 'topCameraPreviewStopped'->'onPreviewStopped'
11-23 21:21:09.639 22610 23102 W unknown:ViewManagerPropertyUpdater: Could not find generated setter for class com.mrousavy.camera.react.CameraViewManager
11-23 21:21:09.641 22610 23102 W unknown:ViewManagerPropertyUpdater: Could not find generated setter for class com.swmansion.rnscreens.ScreenContentWrapperManager
11-23 21:21:09.643 22610 23102 W unknown:ViewManagerPropertyUpdater: Could not find generated setter for class com.th3rdwave.safeareacontext.SafeAreaViewManager
11-23 21:21:09.645 22610 23102 W unknown:ViewManagerPropertyUpdater: Could not find generated setter for class com.th3rdwave.safeareacontext.SafeAreaViewShadowNode
11-23 21:21:09.647 22610 23102 W unknown:ViewManagerPropertyUpdater: Could not find generated setter for class com.swmansion.rnscreens.safearea.SafeAreaViewManager
11-23 21:21:09.647 22610 23102 W unknown:ViewManagerPropertyUpdater: Could not find generated setter for class com.swmansion.rnscreens.safearea.paper.SafeAreaViewShadowNode
11-23 21:21:09.649 22610 23102 W unknown:ViewManagerPropertyUpdater: Could not find generated setter for class com.swmansion.rnscreens.ScreenViewManager
11-23 21:21:09.650 22610 23102 W unknown:ViewManagerPropertyUpdater: Could not find generated setter for class com.reactnativepagerview.PagerViewViewManager
11-23 21:21:09.651 22610 23102 W unknown:ViewManagerPropertyUpdater: Could not find generated setter for class com.swmansion.rnscreens.ScreenStackHeaderSubviewManager
11-23 21:21:09.652 22610 23102 W unknown:ViewManagerPropertyUpdater: Could not find generated setter for class com.reactnativecommunity.picker.ReactDialogPickerManager
11-23 21:21:09.654 22610 23102 W unknown:ViewManagerPropertyUpdater: Could not find generated setter for class com.reactnativecommunity.picker.ReactPickerShadowNode
11-23 21:21:09.655 22610 23102 W unknown:ViewManagerPropertyUpdater: Could not find generated setter for class com.swmansion.rnscreens.ScreenStackViewManager
11-23 21:21:09.656 22610 23102 W unknown:ViewManagerPropertyUpdater: Could not find generated setter for class com.reactnativecommunity.picker.ReactDropdownPickerManager
11-23 21:21:09.791 22610 23102 W unknown:ViewManagerPropertyUpdater: Could not find generated setter for class com.horcrux.svg.RenderableViewManager$FeMergeManager
11-23 21:21:09.793 22610 23102 W unknown:ViewManagerPropertyUpdater: Could not find generated setter for class com.horcrux.svg.VirtualViewManager$RenderableShadowNode
11-23 21:21:09.802 22610 23102 W unknown:ViewManagerPropertyUpdater: Could not find generated setter for class com.facebook.react.views.safeareaview.ReactSafeAreaViewManager
11-23 21:21:09.810 22610 23102 W unknown:ViewManagerPropertyUpdater: Could not find generated setter for class com.horcrux.svg.RenderableViewManager$LinearGradientManager
11-23 21:21:09.820 22610 23102 W unknown:ViewManagerPropertyUpdater: Could not find generated setter for class com.facebook.react.views.progressbar.ReactProgressBarViewManager
11-23 21:21:09.821 22610 23102 W unknown:ViewManagerPropertyUpdater: Could not find generated setter for class com.facebook.react.views.progressbar.ProgressBarShadowNode
11-23 21:21:09.827 22610 23102 W unknown:ViewManagerPropertyUpdater: Could not find generated setter for class com.horcrux.svg.RenderableViewManager$FeColorMatrixManager
11-23 21:21:09.834 22610 23102 W unknown:ViewManagerPropertyUpdater: Could not find generated setter for class com.horcrux.svg.RenderableViewManager$SymbolManager
11-23 21:21:09.846 22610 23102 W unknown:ViewManagerPropertyUpdater: Could not find generated setter for class com.horcrux.svg.RenderableViewManager$PatternManager
11-23 21:21:09.857 22610 23102 W unknown:ViewManagerPropertyUpdater: Could not find generated setter for class com.horcrux.svg.SvgViewManager
11-23 21:21:09.868 22610 23102 W unknown:ViewManagerPropertyUpdater: Could not find generated setter for class com.facebook.react.views.switchview.ReactSwitchManager
11-23 21:21:09.869 22610 23102 W unknown:ViewManagerPropertyUpdater: Could not find generated setter for class com.facebook.react.views.switchview.ReactSwitchShadowNode
11-23 21:21:09.878 22610 23102 W unknown:ViewManagerPropertyUpdater: Could not find generated setter for class com.horcrux.svg.RenderableViewManager$UseViewManager
11-23 21:21:09.888 22610 23102 W unknown:ViewManagerPropertyUpdater: Could not find generated setter for class com.horcrux.svg.RenderableViewManager$TSpanViewManager
11-23 21:21:09.899 22610 23102 W unknown:ViewManagerPropertyUpdater: Could not find generated setter for class com.horcrux.svg.RenderableViewManager$FilterManager
11-23 21:21:09.906 22610 23102 W unknown:ViewManagerPropertyUpdater: Could not find generated setter for class com.horcrux.svg.RenderableViewManager$MarkerManager
11-23 21:21:09.917 22610 23102 W unknown:ViewManagerPropertyUpdater: Could not find generated setter for class com.swmansion.gesturehandler.react.RNGestureHandlerButtonViewManager
11-23 21:21:09.933 22610 23102 W unknown:ViewManagerPropertyUpdater: Could not find generated setter for class com.horcrux.svg.RenderableViewManager$ForeignObjectManager
11-23 21:21:09.946 22610 23102 W unknown:ViewManagerPropertyUpdater: Could not find generated setter for class com.horcrux.svg.RenderableViewManager$GroupViewManager
11-23 21:21:09.956 22610 23102 W unknown:ViewManagerPropertyUpdater: Could not find generated setter for class com.horcrux.svg.RenderableViewManager$TextViewManager
11-23 21:21:09.965 22610 23102 W unknown:ViewManagerPropertyUpdater: Could not find generated setter for class com.horcrux.svg.RenderableViewManager$ImageViewManager
11-23 21:21:09.976 22610 23102 W unknown:ViewManagerPropertyUpdater: Could not find generated setter for class com.horcrux.svg.RenderableViewManager$FeCompositeManager
11-23 21:21:09.985 22610 23102 W unknown:ViewManagerPropertyUpdater: Could not find generated setter for class com.horcrux.svg.RenderableViewManager$RadialGradientManager
11-23 21:21:09.994 22610 23102 W unknown:ViewManagerPropertyUpdater: Could not find generated setter for class com.facebook.react.views.unimplementedview.ReactUnimplementedViewManager
11-23 21:21:10.003 22610 23102 W unknown:ViewManagerPropertyUpdater: Could not find generated setter for class com.horcrux.svg.RenderableViewManager$FeOffsetManager
11-23 21:21:10.012 22610 23102 W unknown:ViewManagerPropertyUpdater: Could not find generated setter for class com.horcrux.svg.RenderableViewManager$PathViewManager
11-23 21:21:10.021 22610 23102 W unknown:ViewManagerPropertyUpdater: Could not find generated setter for class com.facebook.react.views.drawer.ReactDrawerLayoutManager
11-23 21:21:10.030 22610 23102 W unknown:ViewManagerPropertyUpdater: Could not find generated setter for class com.facebook.react.views.textinput.ReactTextInputManager
11-23 21:21:10.034 22610 23102 W unknown:ViewManagerPropertyUpdater: Could not find generated setter for class com.facebook.react.views.textinput.ReactTextInputShadowNode
11-23 21:21:10.047 22610 23102 W unknown:ViewManagerPropertyUpdater: Could not find generated setter for class com.horcrux.svg.RenderableViewManager$DefsViewManager
11-23 21:21:10.055 22610 23102 W unknown:ViewManagerPropertyUpdater: Could not find generated setter for class com.facebook.react.views.debuggingoverlay.DebuggingOverlayManager
11-23 21:21:10.063 22610 23102 W unknown:ViewManagerPropertyUpdater: Could not find generated setter for class com.horcrux.svg.RenderableViewManager$FeGaussianBlurManager
11-23 21:21:10.073 22610 23102 W unknown:ViewManagerPropertyUpdater: Could not find generated setter for class com.facebook.react.views.scroll.ReactHorizontalScrollViewManager
11-23 21:21:10.084 22610 23102 W unknown:ViewManagerPropertyUpdater: Could not find generated setter for class com.facebook.react.views.text.ReactTextViewManager
11-23 21:21:10.086 22610 23102 W unknown:ViewManagerPropertyUpdater: Could not find generated setter for class com.facebook.react.views.text.ReactTextShadowNode
11-23 21:21:10.096 22610 23102 W unknown:ViewManagerPropertyUpdater: Could not find generated setter for class com.facebook.react.views.scroll.ReactHorizontalScrollContainerViewManager
11-23 21:21:10.106 22610 23102 W unknown:ViewManagerPropertyUpdater: Could not find generated setter for class com.horcrux.svg.RenderableViewManager$ClipPathViewManager
11-23 21:21:10.116 22610 23102 W unknown:ViewManagerPropertyUpdater: Could not find generated setter for class com.horcrux.svg.RenderableViewManager$FeBlendManager
11-23 21:21:10.125 22610 23102 W unknown:ViewManagerPropertyUpdater: Could not find generated setter for class com.facebook.react.views.view.ReactViewManager
11-23 21:21:10.135 22610 23102 W unknown:ViewManagerPropertyUpdater: Could not find generated setter for class com.horcrux.svg.RenderableViewManager$CircleViewManager
11-23 21:21:10.145 22610 23102 W unknown:ViewManagerPropertyUpdater: Could not find generated setter for class com.facebook.react.views.modal.ReactModalHostManager
11-23 21:21:10.155 22610 23102 W unknown:ViewManagerPropertyUpdater: Could not find generated setter for class com.horcrux.svg.RenderableViewManager$EllipseViewManager
11-23 21:21:10.166 22610 23102 W unknown:ViewManagerPropertyUpdater: Could not find generated setter for class com.horcrux.svg.RenderableViewManager$LineViewManager
11-23 21:21:10.176 22610 23102 W unknown:ViewManagerPropertyUpdater: Could not find generated setter for class com.facebook.react.views.text.frescosupport.FrescoBasedReactTextInlineImageViewManager
11-23 21:21:10.177 22610 23102 W unknown:ViewManagerPropertyUpdater: Could not find generated setter for class com.facebook.react.views.text.frescosupport.FrescoBasedReactTextInlineImageShadowNode
11-23 21:21:10.185 22610 23102 W unknown:ViewManagerPropertyUpdater: Could not find generated setter for class com.horcrux.svg.RenderableViewManager$FeFloodManager
11-23 21:21:10.194 22610 23102 W unknown:ViewManagerPropertyUpdater: Could not find generated setter for class com.facebook.react.views.image.ReactImageManager
11-23 21:21:10.217 22610 23102 W unknown:ViewManagerPropertyUpdater: Could not find generated setter for class com.horcrux.svg.RenderableViewManager$MaskManager
11-23 21:21:10.228 22610 23102 W unknown:ViewManagerPropertyUpdater: Could not find generated setter for class com.horcrux.svg.RenderableViewManager$RectViewManager
11-23 21:21:10.238 22610 23102 W unknown:ViewManagerPropertyUpdater: Could not find generated setter for class com.horcrux.svg.RenderableViewManager$TextPathViewManager
11-23 21:21:10.250 22610 23102 W unknown:ViewManagerPropertyUpdater: Could not find generated setter for class com.facebook.react.views.scroll.ReactScrollViewManager
11-23 21:21:10.261 22610 23102 W unknown:ViewManagerPropertyUpdater: Could not find generated setter for class com.facebook.react.views.text.ReactVirtualTextViewManager
11-23 21:21:10.262 22610 23102 W unknown:ViewManagerPropertyUpdater: Could not find generated setter for class com.facebook.react.views.text.ReactVirtualTextShadowNode
11-23 21:21:10.271 22610 23102 W unknown:ViewManagerPropertyUpdater: Could not find generated setter for class com.facebook.react.views.swiperefresh.SwipeRefreshLayoutManager
11-23 21:21:10.279 22610 23102 W unknown:ViewManagerPropertyUpdater: Could not find generated setter for class com.facebook.react.views.text.ReactRawTextManager
11-23 21:21:10.280 22610 23102 W unknown:ViewManagerPropertyUpdater: Could not find generated setter for class com.facebook.react.views.text.ReactRawTextShadowNode
11-23 21:21:10.281 22610 23102 W unknown:ViewManagerPropertyUpdater: Could not find generated setter for class com.swmansion.gesturehandler.react.RNGestureHandlerRootViewManager
11-23 21:21:10.297 22610 23102 I Nitro.HybridObjectPrototype: Creating new JS prototype for C++ instance type "HybridStyleSheet"...
11-23 21:21:10.298 22610 23102 I Nitro.HybridObjectPrototype: Creating new JS prototype for C++ instance type "HybridUnistylesStyleSheetSpec"...
11-23 21:21:10.311 22610 23102 I Nitro.HybridObjectPrototype: Creating new JS prototype for C++ instance type "HybridUnistylesRuntime"...
11-23 21:21:10.311 22610 23102 I Nitro.HybridObjectPrototype: Creating new JS prototype for C++ instance type "HybridUnistylesRuntimeSpec"...
11-23 21:21:10.312 22610 23102 I Nitro.HybridObjectPrototype: Creating new JS prototype for C++ instance type "HybridUnistylesStatusBarSpec"...
11-23 21:21:10.312 22610 23102 I Nitro.HybridObjectPrototype: Creating new JS prototype for C++ instance type "HybridUnistylesNavigationBarSpec"...
11-23 21:21:10.314 22610 23102 I Nitro.HybridObjectPrototype: Creating new JS prototype for C++ instance type "HybridShadowRegistry"...
11-23 21:21:10.315 22610 23102 I Nitro.HybridObjectPrototype: Creating new JS prototype for C++ instance type "HybridUnistylesShadowRegistrySpec"...
11-23 21:21:10.378 22610 22659 D DetoxWSClient: Received action 'invoke' (ID #43, params={"target":{"type":"Class","value":"com.wix.detox.espresso.DetoxAssertion"},"method":"waitForAssertMatcher","args":[{"type":"Invocation","value":{"target":{"type":"Class","value":"androidx.test.espresso.Espresso"},"method":"onView","args":[{"type":"Invocation","value":{"target":{"type":"Class","value":"com.wix.detox.espresso.DetoxMatcher"},"method":"matcherForTestId","args":["post-login-biometric-prompt",{"type":"boolean","value":false}]}}]}},{"type":"Invocation","value":{"target":{"type":"Class","value":"com.wix.detox.espresso.DetoxMatcher"},"method":"matcherForSufficientlyVisible","args":[{"type":"Integer","value":75}]}},{"type":"Double","value":2}]})
11-23 21:21:10.380 22610 22655 I DetoxDispatcher: Handling action 'invoke' (ID #43)...
11-23 21:21:10.381 22610 22655 D Detox   : class com.wix.detox.espresso.DetoxMatcher, matcherForTestId, [post-login-biometric-prompt, false]
11-23 21:21:10.382 22610 22655 D Detox   : class androidx.test.espresso.Espresso, onView, [(view.getTag() is "post-login-biometric-prompt" and view has effective visibility <VISIBLE>)]
11-23 21:21:10.383 22610 22655 D Detox   : class com.wix.detox.espresso.DetoxMatcher, matcherForSufficientlyVisible, [75]
11-23 21:21:10.384 22610 22655 D Detox   : class com.wix.detox.espresso.DetoxAssertion, waitForAssertMatcher, [androidx.test.espresso.ViewInteraction@a9d56d5, (view has effective visibility <VISIBLE> and view.getGlobalVisibleRect() covers at least <75> percent of the view's area), 2.0]
11-23 21:21:10.391 22610 22610 I ViewInteraction: Checking 'MatchesViewAssertion(Detox){viewMatcher=(view has effective visibility <VISIBLE> and view.getGlobalVisibleRect() covers at least <75> percent of the view's area)}' assertion on view (view.getTag() is "post-login-biometric-prompt" and view has effective visibility <VISIBLE>)
11-23 21:21:10.422 22610 22610 I ViewInteraction: Checking 'MatchesViewAssertion(Detox){viewMatcher=(view has effective visibility <VISIBLE> and view.getGlobalVisibleRect() covers at least <75> percent of the view's area)}' assertion on view (view.getTag() is "post-login-biometric-prompt" and view has effective visibility <VISIBLE>)
11-23 21:21:10.453 22610 22610 I ViewInteraction: Checking 'MatchesViewAssertion(Detox){viewMatcher=(view has effective visibility <VISIBLE> and view.getGlobalVisibleRect() covers at least <75> percent of the view's area)}' assertion on view (view.getTag() is "post-login-biometric-prompt" and view has effective visibility <VISIBLE>)
11-23 21:21:10.484 22610 22610 I ViewInteraction: Checking 'MatchesViewAssertion(Detox){viewMatcher=(view has effective visibility <VISIBLE> and view.getGlobalVisibleRect() covers at least <75> percent of the view's area)}' assertion on view (view.getTag() is "post-login-biometric-prompt" and view has effective visibility <VISIBLE>)
11-23 21:21:10.515 22610 22610 I ViewInteraction: Checking 'MatchesViewAssertion(Detox){viewMatcher=(view has effective visibility <VISIBLE> and view.getGlobalVisibleRect() covers at least <75> percent of the view's area)}' assertion on view (view.getTag() is "post-login-biometric-prompt" and view has effective visibility <VISIBLE>)
11-23 21:21:10.546 22610 22610 I ViewInteraction: Checking 'MatchesViewAssertion(Detox){viewMatcher=(view has effective visibility <VISIBLE> and view.getGlobalVisibleRect() covers at least <75> percent of the view's area)}' assertion on view (view.getTag() is "post-login-biometric-prompt" and view has effective visibility <VISIBLE>)
11-23 21:21:10.577 22610 22610 I ViewInteraction: Checking 'MatchesViewAssertion(Detox){viewMatcher=(view has effective visibility <VISIBLE> and view.getGlobalVisibleRect() covers at least <75> percent of the view's area)}' assertion on view (view.getTag() is "post-login-biometric-prompt" and view has effective visibility <VISIBLE>)
11-23 21:21:10.606 22610 22610 I ViewInteraction: Checking 'MatchesViewAssertion(Detox){viewMatcher=(view has effective visibility <VISIBLE> and view.getGlobalVisibleRect() covers at least <75> percent of the view's area)}' assertion on view (view.getTag() is "post-login-biometric-prompt" and view has effective visibility <VISIBLE>)
11-23 21:21:10.636 22610 22610 I ViewInteraction: Checking 'MatchesViewAssertion(Detox){viewMatcher=(view has effective visibility <VISIBLE> and view.getGlobalVisibleRect() covers at least <75> percent of the view's area)}' assertion on view (view.getTag() is "post-login-biometric-prompt" and view has effective visibility <VISIBLE>)
11-23 21:21:10.666 22610 22610 I ViewInteraction: Checking 'MatchesViewAssertion(Detox){viewMatcher=(view has effective visibility <VISIBLE> and view.getGlobalVisibleRect() covers at least <75> percent of the view's area)}' assertion on view (view.getTag() is "post-login-biometric-prompt" and view has effective visibility <VISIBLE>)
11-23 21:21:10.695 22610 22610 I ViewInteraction: Checking 'MatchesViewAssertion(Detox){viewMatcher=(view has effective visibility <VISIBLE> and view.getGlobalVisibleRect() covers at least <75> percent of the view's area)}' assertion on view (view.getTag() is "post-login-biometric-prompt" and view has effective visibility <VISIBLE>)
11-23 21:21:10.724 22610 22610 I ViewInteraction: Checking 'MatchesViewAssertion(Detox){viewMatcher=(view has effective visibility <VISIBLE> and view.getGlobalVisibleRect() covers at least <75> percent of the view's area)}' assertion on view (view.getTag() is "post-login-biometric-prompt" and view has effective visibility <VISIBLE>)
11-23 21:21:10.755 22610 22610 I ViewInteraction: Checking 'MatchesViewAssertion(Detox){viewMatcher=(view has effective visibility <VISIBLE> and view.getGlobalVisibleRect() covers at least <75> percent of the view's area)}' assertion on view (view.getTag() is "post-login-biometric-prompt" and view has effective visibility <VISIBLE>)
11-23 21:21:10.783 22610 22610 I ViewInteraction: Checking 'MatchesViewAssertion(Detox){viewMatcher=(view has effective visibility <VISIBLE> and view.getGlobalVisibleRect() covers at least <75> percent of the view's area)}' assertion on view (view.getTag() is "post-login-biometric-prompt" and view has effective visibility <VISIBLE>)
11-23 21:21:10.813 22610 22610 I ViewInteraction: Checking 'MatchesViewAssertion(Detox){viewMatcher=(view has effective visibility <VISIBLE> and view.getGlobalVisibleRect() covers at least <75> percent of the view's area)}' assertion on view (view.getTag() is "post-login-biometric-prompt" and view has effective visibility <VISIBLE>)
11-23 21:21:10.842 22610 22610 I ViewInteraction: Checking 'MatchesViewAssertion(Detox){viewMatcher=(view has effective visibility <VISIBLE> and view.getGlobalVisibleRect() covers at least <75> percent of the view's area)}' assertion on view (view.getTag() is "post-login-biometric-prompt" and view has effective visibility <VISIBLE>)
11-23 21:21:10.871 22610 22610 I ViewInteraction: Checking 'MatchesViewAssertion(Detox){viewMatcher=(view has effective visibility <VISIBLE> and view.getGlobalVisibleRect() covers at least <75> percent of the view's area)}' assertion on view (view.getTag() is "post-login-biometric-prompt" and view has effective visibility <VISIBLE>)
11-23 21:21:10.900 22610 22610 I ViewInteraction: Checking 'MatchesViewAssertion(Detox){viewMatcher=(view has effective visibility <VISIBLE> and view.getGlobalVisibleRect() covers at least <75> percent of the view's area)}' assertion on view (view.getTag() is "post-login-biometric-prompt" and view has effective visibility <VISIBLE>)
11-23 21:21:10.929 22610 22610 I ViewInteraction: Checking 'MatchesViewAssertion(Detox){viewMatcher=(view has effective visibility <VISIBLE> and view.getGlobalVisibleRect() covers at least <75> percent of the view's area)}' assertion on view (view.getTag() is "post-login-biometric-prompt" and view has effective visibility <VISIBLE>)
11-23 21:21:10.959 22610 22610 I ViewInteraction: Checking 'MatchesViewAssertion(Detox){viewMatcher=(view has effective visibility <VISIBLE> and view.getGlobalVisibleRect() covers at least <75> percent of the view's area)}' assertion on view (view.getTag() is "post-login-biometric-prompt" and view has effective visibility <VISIBLE>)
11-23 21:21:10.991 22610 22610 I ViewInteraction: Checking 'MatchesViewAssertion(Detox){viewMatcher=(view has effective visibility <VISIBLE> and view.getGlobalVisibleRect() covers at least <75> percent of the view's area)}' assertion on view (view.getTag() is "post-login-biometric-prompt" and view has effective visibility <VISIBLE>)
11-23 21:21:11.019 22610 22610 I ViewInteraction: Checking 'MatchesViewAssertion(Detox){viewMatcher=(view has effective visibility <VISIBLE> and view.getGlobalVisibleRect() covers at least <75> percent of the view's area)}' assertion on view (view.getTag() is "post-login-biometric-prompt" and view has effective visibility <VISIBLE>)
11-23 21:21:11.050 22610 22610 I ViewInteraction: Checking 'MatchesViewAssertion(Detox){viewMatcher=(view has effective visibility <VISIBLE> and view.getGlobalVisibleRect() covers at least <75> percent of the view's area)}' assertion on view (view.getTag() is "post-login-biometric-prompt" and view has effective visibility <VISIBLE>)
11-23 21:21:11.080 22610 22610 I ViewInteraction: Checking 'MatchesViewAssertion(Detox){viewMatcher=(view has effective visibility <VISIBLE> and view.getGlobalVisibleRect() covers at least <75> percent of the view's area)}' assertion on view (view.getTag() is "post-login-biometric-prompt" and view has effective visibility <VISIBLE>)
11-23 21:21:11.110 22610 22610 I ViewInteraction: Checking 'MatchesViewAssertion(Detox){viewMatcher=(view has effective visibility <VISIBLE> and view.getGlobalVisibleRect() covers at least <75> percent of the view's area)}' assertion on view (view.getTag() is "post-login-biometric-prompt" and view has effective visibility <VISIBLE>)
11-23 21:21:11.140 22610 22610 I ViewInteraction: Checking 'MatchesViewAssertion(Detox){viewMatcher=(view has effective visibility <VISIBLE> and view.getGlobalVisibleRect() covers at least <75> percent of the view's area)}' assertion on view (view.getTag() is "post-login-biometric-prompt" and view has effective visibility <VISIBLE>)
11-23 21:21:11.169 22610 22610 I ViewInteraction: Checking 'MatchesViewAssertion(Detox){viewMatcher=(view has effective visibility <VISIBLE> and view.getGlobalVisibleRect() covers at least <75> percent of the view's area)}' assertion on view (view.getTag() is "post-login-biometric-prompt" and view has effective visibility <VISIBLE>)
11-23 21:21:11.175 22610 23102 D Detox.RNMarker: RUN_JS_BUNDLE_END (/index.bundle?platform=android&dev=true&lazy=true&minify=false&app=dev.souschef.app&modulesOnly=false&runModule=true&excludeSource=true&sourcePaths=url-server)
11-23 21:21:11.195 22610 23102 I ReactNativeJS: Running "SousChef" with {"rootTag":1,"initialProps":{},"fabric":true}
11-23 21:21:11.208 22610 22610 I ViewInteraction: Checking 'MatchesViewAssertion(Detox){viewMatcher=(view has effective visibility <VISIBLE> and view.getGlobalVisibleRect() covers at least <75> percent of the view's area)}' assertion on view (view.getTag() is "post-login-biometric-prompt" and view has effective visibility <VISIBLE>)
11-23 21:21:11.237 22610 22610 I ViewInteraction: Checking 'MatchesViewAssertion(Detox){viewMatcher=(view has effective visibility <VISIBLE> and view.getGlobalVisibleRect() covers at least <75> percent of the view's area)}' assertion on view (view.getTag() is "post-login-biometric-prompt" and view has effective visibility <VISIBLE>)
11-23 21:21:11.267 22610 22610 I ViewInteraction: Checking 'MatchesViewAssertion(Detox){viewMatcher=(view has effective visibility <VISIBLE> and view.getGlobalVisibleRect() covers at least <75> percent of the view's area)}' assertion on view (view.getTag() is "post-login-biometric-prompt" and view has effective visibility <VISIBLE>)
11-23 21:21:11.297 22610 22610 I ViewInteraction: Checking 'MatchesViewAssertion(Detox){viewMatcher=(view has effective visibility <VISIBLE> and view.getGlobalVisibleRect() covers at least <75> percent of the view's area)}' assertion on view (view.getTag() is "post-login-biometric-prompt" and view has effective visibility <VISIBLE>)
11-23 21:21:11.325 22610 22610 I ViewInteraction: Checking 'MatchesViewAssertion(Detox){viewMatcher=(view has effective visibility <VISIBLE> and view.getGlobalVisibleRect() covers at least <75> percent of the view's area)}' assertion on view (view.getTag() is "post-login-biometric-prompt" and view has effective visibility <VISIBLE>)
11-23 21:21:11.356 22610 22610 I ViewInteraction: Checking 'MatchesViewAssertion(Detox){viewMatcher=(view has effective visibility <VISIBLE> and view.getGlobalVisibleRect() covers at least <75> percent of the view's area)}' assertion on view (view.getTag() is "post-login-biometric-prompt" and view has effective visibility <VISIBLE>)
11-23 21:21:11.385 22610 22610 I ViewInteraction: Checking 'MatchesViewAssertion(Detox){viewMatcher=(view has effective visibility <VISIBLE> and view.getGlobalVisibleRect() covers at least <75> percent of the view's area)}' assertion on view (view.getTag() is "post-login-biometric-prompt" and view has effective visibility <VISIBLE>)
11-23 21:21:11.414 22610 22610 I ViewInteraction: Checking 'MatchesViewAssertion(Detox){viewMatcher=(view has effective visibility <VISIBLE> and view.getGlobalVisibleRect() covers at least <75> percent of the view's area)}' assertion on view (view.getTag() is "post-login-biometric-prompt" and view has effective visibility <VISIBLE>)
11-23 21:21:11.443 22610 22610 I ViewInteraction: Checking 'MatchesViewAssertion(Detox){viewMatcher=(view has effective visibility <VISIBLE> and view.getGlobalVisibleRect() covers at least <75> percent of the view's area)}' assertion on view (view.getTag() is "post-login-biometric-prompt" and view has effective visibility <VISIBLE>)
11-23 21:21:11.473 22610 22610 I ViewInteraction: Checking 'MatchesViewAssertion(Detox){viewMatcher=(view has effective visibility <VISIBLE> and view.getGlobalVisibleRect() covers at least <75> percent of the view's area)}' assertion on view (view.getTag() is "post-login-biometric-prompt" and view has effective visibility <VISIBLE>)
11-23 21:21:11.503 22610 22610 I ViewInteraction: Checking 'MatchesViewAssertion(Detox){viewMatcher=(view has effective visibility <VISIBLE> and view.getGlobalVisibleRect() covers at least <75> percent of the view's area)}' assertion on view (view.getTag() is "post-login-biometric-prompt" and view has effective visibility <VISIBLE>)
11-23 21:21:11.531 22610 22610 I ViewInteraction: Checking 'MatchesViewAssertion(Detox){viewMatcher=(view has effective visibility <VISIBLE> and view.getGlobalVisibleRect() covers at least <75> percent of the view's area)}' assertion on view (view.getTag() is "post-login-biometric-prompt" and view has effective visibility <VISIBLE>)
11-23 21:21:11.561 22610 22610 I ViewInteraction: Checking 'MatchesViewAssertion(Detox){viewMatcher=(view has effective visibility <VISIBLE> and view.getGlobalVisibleRect() covers at least <75> percent of the view's area)}' assertion on view (view.getTag() is "post-login-biometric-prompt" and view has effective visibility <VISIBLE>)
11-23 21:21:11.578 22610 23102 I Nitro.HybridObjectPrototype: Creating new JS prototype for C++ instance type "HybridMMKVPlatformContextSpec"...
11-23 21:21:11.578 22610 23102 I Nitro.HybridObjectPrototype: Creating new JS prototype for C++ instance type "HybridMMKVFactorySpec"...
11-23 21:21:11.579 22610 23102 I Nitro.MMKVFactory: Initializing MMKV with rootPath=/data/user/0/dev.souschef.app/files/mmkv
11-23 21:21:11.579 22610 23102 I MMKV    : <MMKV.cpp:223::initializeMMKV> root dir: /data/data/dev.souschef.app/files/mmkv
11-23 21:21:11.579 22610 23102 I Nitro.MMKV: Creating MMKV instance "sous-chef-storage_temp"... (Path: , Encrypted: false)
11-23 21:21:11.579 22610 23102 I Nitro.HybridObjectPrototype: Creating new JS prototype for C++ instance type "HybridMMKVSpec"...
11-23 21:21:11.591 22610 22610 I ViewInteraction: Checking 'MatchesViewAssertion(Detox){viewMatcher=(view has effective visibility <VISIBLE> and view.getGlobalVisibleRect() covers at least <75> percent of the view's area)}' assertion on view (view.getTag() is "post-login-biometric-prompt" and view has effective visibility <VISIBLE>)
11-23 21:21:11.620 22610 22610 I ViewInteraction: Checking 'MatchesViewAssertion(Detox){viewMatcher=(view has effective visibility <VISIBLE> and view.getGlobalVisibleRect() covers at least <75> percent of the view's area)}' assertion on view (view.getTag() is "post-login-biometric-prompt" and view has effective visibility <VISIBLE>)
11-23 21:21:11.640 22610 23102 D ConnectivityManager: StackLog: [android.net.ConnectivityManager.sendRequestForNetwork(ConnectivityManager.java:4736)] [android.net.ConnectivityManager.registerDefaultNetworkCallbackForUid(ConnectivityManager.java:5461)] [android.net.ConnectivityManager.registerDefaultNetworkCallback(ConnectivityManager.java:5428)] [android.net.ConnectivityManager.registerDefaultNetworkCallback(ConnectivityManager.java:5402)] [com.reactnativecommunity.netinfo.NetworkCallbackConnectivityReceiver.register(NetworkCallbackConnectivityReceiver.java:62)] [com.reactnativecommunity.netinfo.NetInfoModule.initialize(NetInfoModule.java:40)] [com.facebook.react.internal.turbomodule.core.TurboModuleManager.getOrCreateModule(TurboModuleManager.kt:261)] [com.facebook.react.internal.turbomodule.core.TurboModuleManager.getModule(TurboModuleManager.kt:203)] [com.facebook.react.internal.turbomodule.core.TurboModuleManager.getLegacyCxxModule(TurboModuleManager.kt:128)] [com.facebook.jni.NativeRunnable.run(Native Method)]
11-23 21:21:11.653 22610 22610 I ViewInteraction: Checking 'MatchesViewAssertion(Detox){viewMatcher=(view has effective visibility <VISIBLE> and view.getGlobalVisibleRect() covers at least <75> percent of the view's area)}' assertion on view (view.getTag() is "post-login-biometric-prompt" and view has effective visibility <VISIBLE>)
11-23 21:21:11.682 22610 22610 I ViewInteraction: Checking 'MatchesViewAssertion(Detox){viewMatcher=(view has effective visibility <VISIBLE> and view.getGlobalVisibleRect() covers at least <75> percent of the view's area)}' assertion on view (view.getTag() is "post-login-biometric-prompt" and view has effective visibility <VISIBLE>)
11-23 21:21:11.712 22610 22610 I ViewInteraction: Checking 'MatchesViewAssertion(Detox){viewMatcher=(view has effective visibility <VISIBLE> and view.getGlobalVisibleRect() covers at least <75> percent of the view's area)}' assertion on view (view.getTag() is "post-login-biometric-prompt" and view has effective visibility <VISIBLE>)
11-23 21:21:11.744 22610 22610 I ViewInteraction: Checking 'MatchesViewAssertion(Detox){viewMatcher=(view has effective visibility <VISIBLE> and view.getGlobalVisibleRect() covers at least <75> percent of the view's area)}' assertion on view (view.getTag() is "post-login-biometric-prompt" and view has effective visibility <VISIBLE>)
11-23 21:21:11.775 22610 22610 I ViewInteraction: Checking 'MatchesViewAssertion(Detox){viewMatcher=(view has effective visibility <VISIBLE> and view.getGlobalVisibleRect() covers at least <75> percent of the view's area)}' assertion on view (view.getTag() is "post-login-biometric-prompt" and view has effective visibility <VISIBLE>)
11-23 21:21:11.805 22610 22610 I ViewInteraction: Checking 'MatchesViewAssertion(Detox){viewMatcher=(view has effective visibility <VISIBLE> and view.getGlobalVisibleRect() covers at least <75> percent of the view's area)}' assertion on view (view.getTag() is "post-login-biometric-prompt" and view has effective visibility <VISIBLE>)
11-23 21:21:11.834 22610 22610 I ViewInteraction: Checking 'MatchesViewAssertion(Detox){viewMatcher=(view has effective visibility <VISIBLE> and view.getGlobalVisibleRect() covers at least <75> percent of the view's area)}' assertion on view (view.getTag() is "post-login-biometric-prompt" and view has effective visibility <VISIBLE>)
11-23 21:21:11.864 22610 22610 I ViewInteraction: Checking 'MatchesViewAssertion(Detox){viewMatcher=(view has effective visibility <VISIBLE> and view.getGlobalVisibleRect() covers at least <75> percent of the view's area)}' assertion on view (view.getTag() is "post-login-biometric-prompt" and view has effective visibility <VISIBLE>)
11-23 21:21:11.909 22610 22610 I ViewInteraction: Checking 'MatchesViewAssertion(Detox){viewMatcher=(view has effective visibility <VISIBLE> and view.getGlobalVisibleRect() covers at least <75> percent of the view's area)}' assertion on view (view.getTag() is "post-login-biometric-prompt" and view has effective visibility <VISIBLE>)
11-23 21:21:11.938 22610 22610 I ViewInteraction: Checking 'MatchesViewAssertion(Detox){viewMatcher=(view has effective visibility <VISIBLE> and view.getGlobalVisibleRect() covers at least <75> percent of the view's area)}' assertion on view (view.getTag() is "post-login-biometric-prompt" and view has effective visibility <VISIBLE>)
11-23 21:21:11.951 22610 23102 I Nitro.MMKV: Creating MMKV instance "sous-chef-storage"... (Path: , Encrypted: true)
11-23 21:21:11.968 22610 22610 I ViewInteraction: Checking 'MatchesViewAssertion(Detox){viewMatcher=(view has effective visibility <VISIBLE> and view.getGlobalVisibleRect() covers at least <75> percent of the view's area)}' assertion on view (view.getTag() is "post-login-biometric-prompt" and view has effective visibility <VISIBLE>)
11-23 21:21:11.983 22610 22610 I WindowManager: WindowManagerGlobal#addView, ty=1000, view=android.widget.PopupWindow$PopupDecorView{3b1d3bc V.E...... R.....I. 0,0-0,0}, caller=android.view.WindowManagerImpl.addView:158 android.widget.PopupWindow.invokePopup:1692 android.widget.PopupWindow.showAtLocation:1418 
11-23 21:21:11.983 22610 22610 D ViewRootImpl: desktopMode is false
11-23 21:21:11.984 22610 22610 I ViewRootImpl: dVRR is disabled
11-23 21:21:11.984 22610 22671 D NativeCustomFrequencyManager: [NativeCFMS] BpCustomFrequencyManager::BpCustomFrequencyManager()
11-23 21:21:11.994 22610 22610 D InputTransport: Input channel constructed: '7349368', fd=270
11-23 21:21:11.995 22610 22610 I InsetsController: onStateChanged: host=PopupWindow:9d9c3af, from=android.view.ViewRootImpl.onInsetsStateChanged:3026, state=InsetsState: {mDisplayFrame=Rect(0, 0 - 1440, 3088), mDisplayCutout=DisplayCutout{insets=Rect(0, 100 - 0, 0) waterfall=Insets{left=0, top=0, right=0, bottom=0} boundingRect={Bounds=[Rect(0, 0 - 0, 0), Rect(683, 0 - 758, 100), Rect(0, 0 - 0, 0), Rect(0, 0 - 0, 0)]} cutoutPathParserInfo={CutoutPathParserInfo{displayWidth=1440 displayHeight=3088 physicalDisplayWidth=1440 physicalDisplayHeight=3088 density={3.75} cutoutSpec={M 0,0 H -10 V 26.66666666666667 H 10 V 0 H 0 Z @dp} rotation={0} scale={1.0} physicalPixelDisplaySizeRatio={1.0}}} sideOverrides={}}, mRoundedCorners=RoundedCorners{[RoundedCorner{position=TopLeft, radius=15, center=Point(15, 15)}, RoundedCorner{position=TopRight, radius=15, center=Point(1425, 15)}, RoundedCorner{position=BottomRight, radius=15, center=Point(1425, 3073)}, RoundedCorner{position=BottomLeft, radius=15, center=Point(15, 3073)}]}  mRoundedCornerFrame=Rect(0, 0 - 1440, 3088), mPrivacyIndicatorBounds=PrivacyIndicatorBounds {static bounds=Rect(1275, 0 - 1440, 100) rotation=0}, mDisplayShape=DisplayShape{ spec=-311912193 displayWidth=1440 displayHeight=3088 physicalPixelDisplaySizeRatio=1.0 rotation=0 offsetX=0 offsetY=0 scale=1.0}, mSources= { InsetsSource: {b11d0001 mType=navigationBars mFrame=[0,3032][1440,3088] mVisible=true mFlags=SUPPRESS_SCRIM mSideHint=BOTTOM mBoundingRects=null}, InsetsSource: {b11d0004 mType=systemGestures mFrame=[0,0][84,3088] mVisible=true mFlags= mSideHint=LEFT mBoundingRects=null}, InsetsSource: {b11d0005 mType=mandatorySystemGestures mFrame=[0,2968][1440,3088] mVisible=true mFlags= mSideHint=BOTTOM mBoundingRects=null}, InsetsSource: {b11d0006 mType=tappableElement mFrame=[0,0][0,0] mVisible=true mFlags= mSideHint=NONE mBoundingRects=null}, InsetsSource: {b11d0024 mType=systemGestures mFrame=[1356,0][1440,3088] mVisible=true mFlags= mSideHint=RIGHT mBoundingRects=null}, InsetsSource: {ecac0000 mType=statusBars mFrame=[0,0][1440,100] mVisible=true mFlags= mSideHint=TOP mBoundingRects=null}, InsetsSource: {ecac0005 mType=mandatorySystemGestures mFrame=[0,0][1440,145] mVisible=true mFlags= mSideHint=TOP mBoundingRects=null}, InsetsSource: {ecac0006 mType=tappableElement mFrame=[0,0][1440,100] mVisible=true mFlags= mSideHint=TOP mBoundingRects=null}, InsetsSource: {27 mType=displayCutout mFrame=[0,0][1440,100] mVisible=true mFlags= mSideHint=TOP mBoundingRects=null} }
11-23 21:21:11.995 22610 22610 I VRI[PopupWindow:9d9c3af]@623069a: synced displayState. AttachInfo displayState=2
11-23 21:21:12.001 22610 22610 I VRI[PopupWindow:9d9c3af]@623069a: setView = android.widget.PopupWindow$PopupDecorView@3b1d3bc IsHRR=false mFlingFrameRateChange=0 TM=true
11-23 21:21:12.016 22610 22610 W libc    : Access denied finding property "vendor.display.enable_optimal_refresh_rate"
11-23 21:21:12.016 22610 22610 I BufferQueueProducer: [](id:585200000006,api:0,p:498098928,c:22610) setDequeueTimeout:2077252342
11-23 21:21:12.017 22610 22610 I BLASTBufferQueue_Java: new BLASTBufferQueue, mName= VRI[PopupWindow:9d9c3af]@623069a mNativeObject= 0xb400007addaae810 caller= android.view.ViewRootImpl.updateBlastSurfaceIfNeeded:3585 android.view.ViewRootImpl.relayoutWindow:11685 android.view.ViewRootImpl.performTraversals:4804 android.view.ViewRootImpl.doTraversal:3924 android.view.ViewRootImpl$TraversalRunnable.run:12903 android.view.Choreographer$CallbackRecord.run:1901 android.view.Choreographer$CallbackRecord.run:1910 android.view.Choreographer.doCallbacks:1367 android.view.Choreographer.doFrame:1292 android.view.Choreographer$FrameDisplayEventReceiver.run:1870 
11-23 21:21:12.017 22610 22610 I BLASTBufferQueue_Java: update, w= 1440 h= 94 mName = VRI[PopupWindow:9d9c3af]@623069a mNativeObject= 0xb400007addaae810 sc.mNativeObject= 0xb400007b7daa3190 format= -3 caller= android.view.ViewRootImpl.updateBlastSurfaceIfNeeded:3590 android.view.ViewRootImpl.relayoutWindow:11685 android.view.ViewRootImpl.performTraversals:4804 android.view.ViewRootImpl.doTraversal:3924 android.view.ViewRootImpl$TraversalRunnable.run:12903 android.view.Choreographer$CallbackRecord.run:1901 
11-23 21:21:12.017 22610 22610 W libc    : Access denied finding property "vendor.display.enable_optimal_refresh_rate"
11-23 21:21:12.018 22610 22610 I VRI[PopupWindow:9d9c3af]@623069a: Relayout returned: old=(0,100,1440,3032) new=(0,100,1440,194) relayoutAsync=false req=(1440,94)0 dur=10 res=0x3 s={true 0xb400007bedabc3a0} ch=true seqId=0
11-23 21:21:12.019 22610 22610 I VRI[PopupWindow:9d9c3af]@623069a: performConfigurationChange setNightDimText nightDimLevel=0
11-23 21:21:12.021 22610 22610 D VRI[PopupWindow:9d9c3af]@623069a: mThreadedRenderer.initialize() mSurface={isValid=true 0xb400007bedabc3a0} hwInitialized=true
11-23 21:21:12.022 22610 22610 D VRI[PopupWindow:9d9c3af]@623069a: reportNextDraw android.view.ViewRootImpl.performTraversals:5443 android.view.ViewRootImpl.doTraversal:3924 android.view.ViewRootImpl$TraversalRunnable.run:12903 android.view.Choreographer$CallbackRecord.run:1901 android.view.Choreographer$CallbackRecord.run:1910 
11-23 21:21:12.022 22610 22610 D VRI[PopupWindow:9d9c3af]@623069a: Setup new sync=wmsSync-VRI[PopupWindow:9d9c3af]@623069a#20
11-23 21:21:12.022 22610 22610 I VRI[PopupWindow:9d9c3af]@623069a: Creating new active sync group VRI[PopupWindow:9d9c3af]@623069a#21
11-23 21:21:12.023 22610 22610 D VRI[PopupWindow:9d9c3af]@623069a: registerCallbacksForSync syncBuffer=false
11-23 21:21:12.025 22610 22688 D VRI[PopupWindow:9d9c3af]@623069a: Received frameDrawingCallback syncResult=0 frameNum=1.
11-23 21:21:12.025 22610 22688 I VRI[PopupWindow:9d9c3af]@623069a: mWNT: t=0xb400007c8daec8d0 mBlastBufferQueue=0xb400007addaae810 fn= 1 HdrRenderState mRenderHdrSdrRatio=1.0 caller= android.view.ViewRootImpl$12.onFrameDraw:15441 android.view.ThreadedRenderer$1.onFrameDraw:718 <bottom of call stack> 
11-23 21:21:12.025 22610 22688 I VRI[PopupWindow:9d9c3af]@623069a: Setting up sync and frameCommitCallback
11-23 21:21:12.026 22610 22671 I BLASTBufferQueue: [VRI[PopupWindow:9d9c3af]@623069a#6](f:0,a:0,s:0) onFrameAvailable the first frame is available
11-23 21:21:12.026 22610 22671 I SurfaceComposerClient: apply transaction with the first frame. layerId: 58346, bufferData(ID: 97109210562585, frameNumber: 1)
11-23 21:21:12.030 22610 22671 I VRI[PopupWindow:9d9c3af]@623069a: Received frameCommittedCallback lastAttemptedDrawFrameNum=1 didProduceBuffer=true
11-23 21:21:12.031 22610 22671 D HWUI    : CFMS:: SetUp Pid : 22610    Tid : 22671
11-23 21:21:12.032 22610 22610 D VRI[PopupWindow:9d9c3af]@623069a: reportDrawFinished seqId=0
11-23 21:21:12.033 22610 22671 D HWUI    : HWUI - treat SMPTE_170M as sRGB
11-23 21:21:12.034 22610 22610 I VRI[PopupWindow:9d9c3af]@623069a: handleResized, frames=ClientWindowFrames{frame=[0,100][1440,194] display=[0,100][1440,3032] parentFrame=[0,0][0,0] attachedFrame=[0,0][1440,3088]} displayId=0 dragResizing=false compatScale=1.0 frameChanged=false attachedFrameChanged=false configChanged=false displayChanged=false compatScaleChanged=false dragResizingChanged=false
11-23 21:21:12.034 22610 22610 I VRI[PopupWindow:9d9c3af]@623069a: handleResized mSyncSeqId = 0
11-23 21:21:12.035 22610 22610 D VRI[PopupWindow:9d9c3af]@623069a: reportNextDraw android.view.ViewRootImpl.handleResized:2983 android.view.ViewRootImpl.-$$Nest$mhandleResized:0 android.view.ViewRootImpl$W.resized:14082 android.app.servertransaction.WindowStateResizeItem.execute:93 android.app.servertransaction.WindowStateTransactionItem.execute:62 
11-23 21:21:12.036 22610 22610 D VRI[PopupWindow:9d9c3af]@623069a: Setup new sync=wmsSync-VRI[PopupWindow:9d9c3af]@623069a#22
11-23 21:21:12.038 22610 22610 I VRI[PopupWindow:9d9c3af]@623069a: Creating new active sync group VRI[PopupWindow:9d9c3af]@623069a#23
11-23 21:21:12.039 22610 22610 D VRI[PopupWindow:9d9c3af]@623069a: registerCallbacksForSync syncBuffer=false
11-23 21:21:12.040 22610 22687 D VRI[PopupWindow:9d9c3af]@623069a: Received frameDrawingCallback syncResult=0 frameNum=2.
11-23 21:21:12.040 22610 22687 I VRI[PopupWindow:9d9c3af]@623069a: Setting up sync and frameCommitCallback
11-23 21:21:12.040 22610 22671 I VRI[PopupWindow:9d9c3af]@623069a: Received frameCommittedCallback lastAttemptedDrawFrameNum=2 didProduceBuffer=false
11-23 21:21:12.041 22610 22671 I BLASTBufferQueue_Java: gatherPendingTransactions, mName= VRI[PopupWindow:9d9c3af]@623069a mNativeObject= 0xb400007addaae810 frameNumber= 2 caller= android.view.ViewRootImpl$12.lambda$onFrameDraw$3:15525 android.view.ViewRootImpl$12.$r8$lambda$CTo3ExVBk8akdVTGlqHPAoYLRVI:0 android.view.ViewRootImpl$12$$ExternalSyntheticLambda1.onFrameCommit:0 android.view.ThreadedRenderer$1.lambda$onFrameDraw$0:730 android.view.ThreadedRenderer$1$$ExternalSyntheticLambda0.onFrameCommit:0 <bottom of call stack> 
11-23 21:21:12.041 22610 22610 D VRI[PopupWindow:9d9c3af]@623069a: reportDrawFinished seqId=0
11-23 21:21:12.049 22610 22610 I ViewInteraction: Checking 'MatchesViewAssertion(Detox){viewMatcher=(view has effective visibility <VISIBLE> and view.getGlobalVisibleRect() covers at least <75> percent of the view's area)}' assertion on view (view.getTag() is "post-login-biometric-prompt" and view has effective visibility <VISIBLE>)
11-23 21:21:12.081 22610 22610 I ViewInteraction: Checking 'MatchesViewAssertion(Detox){viewMatcher=(view has effective visibility <VISIBLE> and view.getGlobalVisibleRect() covers at least <75> percent of the view's area)}' assertion on view (view.getTag() is "post-login-biometric-prompt" and view has effective visibility <VISIBLE>)
11-23 21:21:12.111 22610 22610 I ViewInteraction: Checking 'MatchesViewAssertion(Detox){viewMatcher=(view has effective visibility <VISIBLE> and view.getGlobalVisibleRect() covers at least <75> percent of the view's area)}' assertion on view (view.getTag() is "post-login-biometric-prompt" and view has effective visibility <VISIBLE>)
11-23 21:21:12.141 22610 22610 I ViewInteraction: Checking 'MatchesViewAssertion(Detox){viewMatcher=(view has effective visibility <VISIBLE> and view.getGlobalVisibleRect() covers at least <75> percent of the view's area)}' assertion on view (view.getTag() is "post-login-biometric-prompt" and view has effective visibility <VISIBLE>)
11-23 21:21:12.168 22610 22610 I ViewInteraction: Checking 'MatchesViewAssertion(Detox){viewMatcher=(view has effective visibility <VISIBLE> and view.getGlobalVisibleRect() covers at least <75> percent of the view's area)}' assertion on view (view.getTag() is "post-login-biometric-prompt" and view has effective visibility <VISIBLE>)
11-23 21:21:12.197 22610 22610 I ViewInteraction: Checking 'MatchesViewAssertion(Detox){viewMatcher=(view has effective visibility <VISIBLE> and view.getGlobalVisibleRect() covers at least <75> percent of the view's area)}' assertion on view (view.getTag() is "post-login-biometric-prompt" and view has effective visibility <VISIBLE>)
11-23 21:21:12.225 22610 22610 I ViewInteraction: Checking 'MatchesViewAssertion(Detox){viewMatcher=(view has effective visibility <VISIBLE> and view.getGlobalVisibleRect() covers at least <75> percent of the view's area)}' assertion on view (view.getTag() is "post-login-biometric-prompt" and view has effective visibility <VISIBLE>)
11-23 21:21:12.253 22610 22610 I ViewInteraction: Checking 'MatchesViewAssertion(Detox){viewMatcher=(view has effective visibility <VISIBLE> and view.getGlobalVisibleRect() covers at least <75> percent of the view's area)}' assertion on view (view.getTag() is "post-login-biometric-prompt" and view has effective visibility <VISIBLE>)
11-23 21:21:12.283 22610 22610 I ViewInteraction: Checking 'MatchesViewAssertion(Detox){viewMatcher=(view has effective visibility <VISIBLE> and view.getGlobalVisibleRect() covers at least <75> percent of the view's area)}' assertion on view (view.getTag() is "post-login-biometric-prompt" and view has effective visibility <VISIBLE>)
11-23 21:21:12.311 22610 22610 I ViewInteraction: Checking 'MatchesViewAssertion(Detox){viewMatcher=(view has effective visibility <VISIBLE> and view.getGlobalVisibleRect() covers at least <75> percent of the view's area)}' assertion on view (view.getTag() is "post-login-biometric-prompt" and view has effective visibility <VISIBLE>)
11-23 21:21:12.347 22610 22610 I ViewInteraction: Checking 'MatchesViewAssertion(Detox){viewMatcher=(view has effective visibility <VISIBLE> and view.getGlobalVisibleRect() covers at least <75> percent of the view's area)}' assertion on view (view.getTag() is "post-login-biometric-prompt" and view has effective visibility <VISIBLE>)
11-23 21:21:12.360 22610 23102 I ReactNativeJS: 📦 Cache: Loaded 27 entities from storage
11-23 21:21:12.373 22610 22615 I ev.souschef.app: Background concurrent mark compact GC freed 23MB AllocSpace bytes, 375(8748KB) LOS objects, 66% free, 18MB/55MB, paused 1.823ms,4.696ms total 118.333ms
11-23 21:21:12.377 22610 22610 I ViewInteraction: Checking 'MatchesViewAssertion(Detox){viewMatcher=(view has effective visibility <VISIBLE> and view.getGlobalVisibleRect() covers at least <75> percent of the view's area)}' assertion on view (view.getTag() is "post-login-biometric-prompt" and view has effective visibility <VISIBLE>)
11-23 21:21:12.386 22610 22617 W System  : A resource failed to call close. 
11-23 21:21:12.401 22610 22655 I DetoxActionHandlers: Test exception
11-23 21:21:12.401 22610 22655 I DetoxActionHandlers: java.lang.reflect.InvocationTargetException
11-23 21:21:12.401 22610 22655 I DetoxActionHandlers: 	at java.lang.reflect.Method.invoke(Native Method)
11-23 21:21:12.401 22610 22655 I DetoxActionHandlers: 	at org.apache.commons.lang3.reflect.MethodUtils.invokeStaticMethod(MethodUtils.java:443)
11-23 21:21:12.401 22610 22655 I DetoxActionHandlers: 	at org.apache.commons.lang3.reflect.MethodUtils.invokeStaticMethod(MethodUtils.java:405)
11-23 21:21:12.401 22610 22655 I DetoxActionHandlers: 	at com.wix.invoke.types.ClassTarget.execute(ClassTarget.java:23)
11-23 21:21:12.401 22610 22655 I DetoxActionHandlers: 	at com.wix.invoke.types.Target.invoke(Target.java:59)
11-23 21:21:12.401 22610 22655 I DetoxActionHandlers: 	at com.wix.invoke.MethodInvocation.invoke(MethodInvocation.java:35)
11-23 21:21:12.401 22610 22655 I DetoxActionHandlers: 	at com.wix.invoke.MethodInvocation.invoke(MethodInvocation.java:26)
11-23 21:21:12.401 22610 22655 I DetoxActionHandlers: 	at com.wix.invoke.MethodInvocation.invoke(MethodInvocation.java:20)
11-23 21:21:12.401 22610 22655 I DetoxActionHandlers: 	at com.wix.detox.adapters.server.InvokeActionHandler.handle(DetoxActionHandlers.kt:54)
11-23 21:21:12.401 22610 22655 I DetoxActionHandlers: 	at com.wix.detox.adapters.server.ActionsExecutor.executeAction$lambda$2$lambda$1(DetoxActionsDispatcher.kt:76)
11-23 21:21:12.401 22610 22655 I DetoxActionHandlers: 	at com.wix.detox.adapters.server.ActionsExecutor.$r8$lambda$GVbB7LHtBHxNHGbgYnHJ6YrwCqs(Unknown Source:0)
11-23 21:21:12.401 22610 22655 I DetoxActionHandlers: 	at com.wix.detox.adapters.server.ActionsExecutor$$ExternalSyntheticLambda0.run(D8$$SyntheticClass:0)
11-23 21:21:12.401 22610 22655 I DetoxActionHandlers: 	at android.os.Handler.handleCallback(Handler.java:995)
11-23 21:21:12.401 22610 22655 I DetoxActionHandlers: 	at android.os.Handler.dispatchMessage(Handler.java:103)
11-23 21:21:12.401 22610 22655 I DetoxActionHandlers: 	at android.os.Looper.loopOnce(Looper.java:273)
11-23 21:21:12.401 22610 22655 I DetoxActionHandlers: 	at android.os.Looper.loop(Looper.java:363)
11-23 21:21:12.401 22610 22655 I DetoxActionHandlers: 	at com.wix.detox.adapters.server.ActionsExecutor._init_$lambda$0(DetoxActionsDispatcher.kt:62)
11-23 21:21:12.401 22610 22655 I DetoxActionHandlers: 	at com.wix.detox.adapters.server.ActionsExecutor.$r8$lambda$xlgL0CQim6vNM0wWEqM8JIDgZUE(Unknown Source:0)
11-23 21:21:12.401 22610 22655 I DetoxActionHandlers: 	at com.wix.detox.adapters.server.ActionsExecutor$$ExternalSyntheticLambda1.run(D8$$SyntheticClass:0)
11-23 21:21:12.401 22610 22655 I DetoxActionHandlers: 	at java.lang.Thread.run(Thread.java:1119)
11-23 21:21:12.401 22610 22655 I DetoxActionHandlers: Caused by: com.wix.detox.common.DetoxErrors$DetoxRuntimeException: 2.0sec timeout expired without matching of given matcher: (view has effective visibility <VISIBLE> and view.getGlobalVisibleRect() covers at least <75> percent of the view's area)
11-23 21:21:12.401 22610 22655 I DetoxActionHandlers: 	at com.wix.detox.espresso.DetoxAssertion.waitForAssertMatcher(DetoxAssertion.java:72)
11-23 21:21:12.401 22610 22655 I DetoxActionHandlers: 	... 20 more
11-23 21:21:12.402 22610 22655 I DetoxWSClient: Sending out action 'testFailed' (ID #43)
11-23 21:21:12.402 22610 22655 I DetoxDispatcher: Done with action 'invoke'
11-23 21:21:12.407 22610 22659 D DetoxWSClient: Received action 'invoke' (ID #44, params={"target":{"type":"Class","value":"com.wix.detox.espresso.DetoxAssertion"},"method":"waitForAssertMatcher","args":[{"type":"Invocation","value":{"target":{"type":"Class","value":"androidx.test.espresso.Espresso"},"method":"onView","args":[{"type":"Invocation","value":{"target":{"type":"Class","value":"com.wix.detox.espresso.DetoxMatcher"},"method":"matcherForTestId","args":["biometric-setup-screen",{"type":"boolean","value":false}]}}]}},{"type":"Invocation","value":{"target":{"type":"Class","value":"com.wix.detox.espresso.DetoxMatcher"},"method":"matcherForSufficientlyVisible","args":[{"type":"Integer","value":75}]}},{"type":"Double","value":2}]})
11-23 21:21:12.407 22610 22655 I DetoxDispatcher: Handling action 'invoke' (ID #44)...
11-23 21:21:12.407 22610 22655 D Detox   : class com.wix.detox.espresso.DetoxMatcher, matcherForTestId, [biometric-setup-screen, false]
11-23 21:21:12.408 22610 22655 D Detox   : class androidx.test.espresso.Espresso, onView, [(view.getTag() is "biometric-setup-screen" and view has effective visibility <VISIBLE>)]
11-23 21:21:12.409 22610 22655 D Detox   : class com.wix.detox.espresso.DetoxMatcher, matcherForSufficientlyVisible, [75]
11-23 21:21:12.410 22610 22655 D Detox   : class com.wix.detox.espresso.DetoxAssertion, waitForAssertMatcher, [androidx.test.espresso.ViewInteraction@c5d1a97, (view has effective visibility <VISIBLE> and view.getGlobalVisibleRect() covers at least <75> percent of the view's area), 2.0]
11-23 21:21:12.415 22610 22610 I ViewInteraction: Checking 'MatchesViewAssertion(Detox){viewMatcher=(view has effective visibility <VISIBLE> and view.getGlobalVisibleRect() covers at least <75> percent of the view's area)}' assertion on view (view.getTag() is "biometric-setup-screen" and view has effective visibility <VISIBLE>)
11-23 21:21:12.443 22610 22610 I ViewInteraction: Checking 'MatchesViewAssertion(Detox){viewMatcher=(view has effective visibility <VISIBLE> and view.getGlobalVisibleRect() covers at least <75> percent of the view's area)}' assertion on view (view.getTag() is "biometric-setup-screen" and view has effective visibility <VISIBLE>)
11-23 21:21:12.473 22610 22610 I ViewInteraction: Checking 'MatchesViewAssertion(Detox){viewMatcher=(view has effective visibility <VISIBLE> and view.getGlobalVisibleRect() covers at least <75> percent of the view's area)}' assertion on view (view.getTag() is "biometric-setup-screen" and view has effective visibility <VISIBLE>)
11-23 21:21:12.502 22610 22610 I ViewInteraction: Checking 'MatchesViewAssertion(Detox){viewMatcher=(view has effective visibility <VISIBLE> and view.getGlobalVisibleRect() covers at least <75> percent of the view's area)}' assertion on view (view.getTag() is "biometric-setup-screen" and view has effective visibility <VISIBLE>)
11-23 21:21:12.530 22610 22610 I ViewInteraction: Checking 'MatchesViewAssertion(Detox){viewMatcher=(view has effective visibility <VISIBLE> and view.getGlobalVisibleRect() covers at least <75> percent of the view's area)}' assertion on view (view.getTag() is "biometric-setup-screen" and view has effective visibility <VISIBLE>)
11-23 21:21:12.559 22610 22610 I ViewInteraction: Checking 'MatchesViewAssertion(Detox){viewMatcher=(view has effective visibility <VISIBLE> and view.getGlobalVisibleRect() covers at least <75> percent of the view's area)}' assertion on view (view.getTag() is "biometric-setup-screen" and view has effective visibility <VISIBLE>)
11-23 21:21:12.587 22610 22610 I ViewInteraction: Checking 'MatchesViewAssertion(Detox){viewMatcher=(view has effective visibility <VISIBLE> and view.getGlobalVisibleRect() covers at least <75> percent of the view's area)}' assertion on view (view.getTag() is "biometric-setup-screen" and view has effective visibility <VISIBLE>)
11-23 21:21:12.615 22610 22610 I ViewInteraction: Checking 'MatchesViewAssertion(Detox){viewMatcher=(view has effective visibility <VISIBLE> and view.getGlobalVisibleRect() covers at least <75> percent of the view's area)}' assertion on view (view.getTag() is "biometric-setup-screen" and view has effective visibility <VISIBLE>)
11-23 21:21:12.644 22610 22610 I ViewInteraction: Checking 'MatchesViewAssertion(Detox){viewMatcher=(view has effective visibility <VISIBLE> and view.getGlobalVisibleRect() covers at least <75> percent of the view's area)}' assertion on view (view.getTag() is "biometric-setup-screen" and view has effective visibility <VISIBLE>)
11-23 21:21:12.672 22610 22610 I ViewInteraction: Checking 'MatchesViewAssertion(Detox){viewMatcher=(view has effective visibility <VISIBLE> and view.getGlobalVisibleRect() covers at least <75> percent of the view's area)}' assertion on view (view.getTag() is "biometric-setup-screen" and view has effective visibility <VISIBLE>)
11-23 21:21:12.701 22610 22610 I ViewInteraction: Checking 'MatchesViewAssertion(Detox){viewMatcher=(view has effective visibility <VISIBLE> and view.getGlobalVisibleRect() covers at least <75> percent of the view's area)}' assertion on view (view.getTag() is "biometric-setup-screen" and view has effective visibility <VISIBLE>)
11-23 21:21:12.729 22610 22610 I ViewInteraction: Checking 'MatchesViewAssertion(Detox){viewMatcher=(view has effective visibility <VISIBLE> and view.getGlobalVisibleRect() covers at least <75> percent of the view's area)}' assertion on view (view.getTag() is "biometric-setup-screen" and view has effective visibility <VISIBLE>)
11-23 21:21:12.757 22610 22610 I ViewInteraction: Checking 'MatchesViewAssertion(Detox){viewMatcher=(view has effective visibility <VISIBLE> and view.getGlobalVisibleRect() covers at least <75> percent of the view's area)}' assertion on view (view.getTag() is "biometric-setup-screen" and view has effective visibility <VISIBLE>)
11-23 21:21:12.785 22610 22610 I ViewInteraction: Checking 'MatchesViewAssertion(Detox){viewMatcher=(view has effective visibility <VISIBLE> and view.getGlobalVisibleRect() covers at least <75> percent of the view's area)}' assertion on view (view.getTag() is "biometric-setup-screen" and view has effective visibility <VISIBLE>)
11-23 21:21:12.814 22610 22610 I ViewInteraction: Checking 'MatchesViewAssertion(Detox){viewMatcher=(view has effective visibility <VISIBLE> and view.getGlobalVisibleRect() covers at least <75> percent of the view's area)}' assertion on view (view.getTag() is "biometric-setup-screen" and view has effective visibility <VISIBLE>)
11-23 21:21:12.853 22610 22610 I ViewInteraction: Checking 'MatchesViewAssertion(Detox){viewMatcher=(view has effective visibility <VISIBLE> and view.getGlobalVisibleRect() covers at least <75> percent of the view's area)}' assertion on view (view.getTag() is "biometric-setup-screen" and view has effective visibility <VISIBLE>)
11-23 21:21:12.875 22610 22615 I ev.souschef.app: Background young concurrent mark compact GC freed 23MB AllocSpace bytes, 760(17MB) LOS objects, 68% free, 17MB/55MB, paused 1.280ms,6.273ms total 60.170ms
11-23 21:21:12.886 22610 22610 I ViewInteraction: Checking 'MatchesViewAssertion(Detox){viewMatcher=(view has effective visibility <VISIBLE> and view.getGlobalVisibleRect() covers at least <75> percent of the view's area)}' assertion on view (view.getTag() is "biometric-setup-screen" and view has effective visibility <VISIBLE>)
11-23 21:21:12.915 22610 22610 I ViewInteraction: Checking 'MatchesViewAssertion(Detox){viewMatcher=(view has effective visibility <VISIBLE> and view.getGlobalVisibleRect() covers at least <75> percent of the view's area)}' assertion on view (view.getTag() is "biometric-setup-screen" and view has effective visibility <VISIBLE>)
11-23 21:21:12.946 22610 22610 I ViewInteraction: Checking 'MatchesViewAssertion(Detox){viewMatcher=(view has effective visibility <VISIBLE> and view.getGlobalVisibleRect() covers at least <75> percent of the view's area)}' assertion on view (view.getTag() is "biometric-setup-screen" and view has effective visibility <VISIBLE>)
11-23 21:21:12.975 22610 22610 I ViewInteraction: Checking 'MatchesViewAssertion(Detox){viewMatcher=(view has effective visibility <VISIBLE> and view.getGlobalVisibleRect() covers at least <75> percent of the view's area)}' assertion on view (view.getTag() is "biometric-setup-screen" and view has effective visibility <VISIBLE>)
11-23 21:21:13.004 22610 22610 I ViewInteraction: Checking 'MatchesViewAssertion(Detox){viewMatcher=(view has effective visibility <VISIBLE> and view.getGlobalVisibleRect() covers at least <75> percent of the view's area)}' assertion on view (view.getTag() is "biometric-setup-screen" and view has effective visibility <VISIBLE>)
11-23 21:21:13.034 22610 22610 I ViewInteraction: Checking 'MatchesViewAssertion(Detox){viewMatcher=(view has effective visibility <VISIBLE> and view.getGlobalVisibleRect() covers at least <75> percent of the view's area)}' assertion on view (view.getTag() is "biometric-setup-screen" and view has effective visibility <VISIBLE>)
11-23 21:21:13.064 22610 22610 I ViewInteraction: Checking 'MatchesViewAssertion(Detox){viewMatcher=(view has effective visibility <VISIBLE> and view.getGlobalVisibleRect() covers at least <75> percent of the view's area)}' assertion on view (view.getTag() is "biometric-setup-screen" and view has effective visibility <VISIBLE>)
11-23 21:21:13.093 22610 22610 I ViewInteraction: Checking 'MatchesViewAssertion(Detox){viewMatcher=(view has effective visibility <VISIBLE> and view.getGlobalVisibleRect() covers at least <75> percent of the view's area)}' assertion on view (view.getTag() is "biometric-setup-screen" and view has effective visibility <VISIBLE>)
11-23 21:21:13.121 22610 22610 I ViewInteraction: Checking 'MatchesViewAssertion(Detox){viewMatcher=(view has effective visibility <VISIBLE> and view.getGlobalVisibleRect() covers at least <75> percent of the view's area)}' assertion on view (view.getTag() is "biometric-setup-screen" and view has effective visibility <VISIBLE>)
11-23 21:21:13.151 22610 22610 I ViewInteraction: Checking 'MatchesViewAssertion(Detox){viewMatcher=(view has effective visibility <VISIBLE> and view.getGlobalVisibleRect() covers at least <75> percent of the view's area)}' assertion on view (view.getTag() is "biometric-setup-screen" and view has effective visibility <VISIBLE>)
11-23 21:21:13.179 22610 22610 I ViewInteraction: Checking 'MatchesViewAssertion(Detox){viewMatcher=(view has effective visibility <VISIBLE> and view.getGlobalVisibleRect() covers at least <75> percent of the view's area)}' assertion on view (view.getTag() is "biometric-setup-screen" and view has effective visibility <VISIBLE>)
11-23 21:21:13.207 22610 22610 I ViewInteraction: Checking 'MatchesViewAssertion(Detox){viewMatcher=(view has effective visibility <VISIBLE> and view.getGlobalVisibleRect() covers at least <75> percent of the view's area)}' assertion on view (view.getTag() is "biometric-setup-screen" and view has effective visibility <VISIBLE>)
11-23 21:21:13.235 22610 22610 I ViewInteraction: Checking 'MatchesViewAssertion(Detox){viewMatcher=(view has effective visibility <VISIBLE> and view.getGlobalVisibleRect() covers at least <75> percent of the view's area)}' assertion on view (view.getTag() is "biometric-setup-screen" and view has effective visibility <VISIBLE>)
11-23 21:21:13.262 22610 22610 I ViewInteraction: Checking 'MatchesViewAssertion(Detox){viewMatcher=(view has effective visibility <VISIBLE> and view.getGlobalVisibleRect() covers at least <75> percent of the view's area)}' assertion on view (view.getTag() is "biometric-setup-screen" and view has effective visibility <VISIBLE>)
11-23 21:21:13.290 22610 22610 I ViewInteraction: Checking 'MatchesViewAssertion(Detox){viewMatcher=(view has effective visibility <VISIBLE> and view.getGlobalVisibleRect() covers at least <75> percent of the view's area)}' assertion on view (view.getTag() is "biometric-setup-screen" and view has effective visibility <VISIBLE>)
11-23 21:21:13.318 22610 22610 I ViewInteraction: Checking 'MatchesViewAssertion(Detox){viewMatcher=(view has effective visibility <VISIBLE> and view.getGlobalVisibleRect() covers at least <75> percent of the view's area)}' assertion on view (view.getTag() is "biometric-setup-screen" and view has effective visibility <VISIBLE>)
11-23 21:21:13.346 22610 22610 I ViewInteraction: Checking 'MatchesViewAssertion(Detox){viewMatcher=(view has effective visibility <VISIBLE> and view.getGlobalVisibleRect() covers at least <75> percent of the view's area)}' assertion on view (view.getTag() is "biometric-setup-screen" and view has effective visibility <VISIBLE>)
11-23 21:21:13.373 22610 22610 I ViewInteraction: Checking 'MatchesViewAssertion(Detox){viewMatcher=(view has effective visibility <VISIBLE> and view.getGlobalVisibleRect() covers at least <75> percent of the view's area)}' assertion on view (view.getTag() is "biometric-setup-screen" and view has effective visibility <VISIBLE>)
11-23 21:21:13.401 22610 22610 I ViewInteraction: Checking 'MatchesViewAssertion(Detox){viewMatcher=(view has effective visibility <VISIBLE> and view.getGlobalVisibleRect() covers at least <75> percent of the view's area)}' assertion on view (view.getTag() is "biometric-setup-screen" and view has effective visibility <VISIBLE>)
11-23 21:21:13.429 22610 22610 I ViewInteraction: Checking 'MatchesViewAssertion(Detox){viewMatcher=(view has effective visibility <VISIBLE> and view.getGlobalVisibleRect() covers at least <75> percent of the view's area)}' assertion on view (view.getTag() is "biometric-setup-screen" and view has effective visibility <VISIBLE>)
11-23 21:21:13.457 22610 22610 I ViewInteraction: Checking 'MatchesViewAssertion(Detox){viewMatcher=(view has effective visibility <VISIBLE> and view.getGlobalVisibleRect() covers at least <75> percent of the view's area)}' assertion on view (view.getTag() is "biometric-setup-screen" and view has effective visibility <VISIBLE>)
11-23 21:21:13.486 22610 22610 I ViewInteraction: Checking 'MatchesViewAssertion(Detox){viewMatcher=(view has effective visibility <VISIBLE> and view.getGlobalVisibleRect() covers at least <75> percent of the view's area)}' assertion on view (view.getTag() is "biometric-setup-screen" and view has effective visibility <VISIBLE>)
11-23 21:21:13.513 22610 22610 I ViewInteraction: Checking 'MatchesViewAssertion(Detox){viewMatcher=(view has effective visibility <VISIBLE> and view.getGlobalVisibleRect() covers at least <75> percent of the view's area)}' assertion on view (view.getTag() is "biometric-setup-screen" and view has effective visibility <VISIBLE>)
11-23 21:21:13.514 22610 23102 I ReactNativeJS: [MemoryMonitor] Stopped
11-23 21:21:13.541 22610 22610 I ViewInteraction: Checking 'MatchesViewAssertion(Detox){viewMatcher=(view has effective visibility <VISIBLE> and view.getGlobalVisibleRect() covers at least <75> percent of the view's area)}' assertion on view (view.getTag() is "biometric-setup-screen" and view has effective visibility <VISIBLE>)
11-23 21:21:13.569 22610 22610 I ViewInteraction: Checking 'MatchesViewAssertion(Detox){viewMatcher=(view has effective visibility <VISIBLE> and view.getGlobalVisibleRect() covers at least <75> percent of the view's area)}' assertion on view (view.getTag() is "biometric-setup-screen" and view has effective visibility <VISIBLE>)
11-23 21:21:13.597 22610 22610 I ViewInteraction: Checking 'MatchesViewAssertion(Detox){viewMatcher=(view has effective visibility <VISIBLE> and view.getGlobalVisibleRect() covers at least <75> percent of the view's area)}' assertion on view (view.getTag() is "biometric-setup-screen" and view has effective visibility <VISIBLE>)
11-23 21:21:13.625 22610 22610 I ViewInteraction: Checking 'MatchesViewAssertion(Detox){viewMatcher=(view has effective visibility <VISIBLE> and view.getGlobalVisibleRect() covers at least <75> percent of the view's area)}' assertion on view (view.getTag() is "biometric-setup-screen" and view has effective visibility <VISIBLE>)
11-23 21:21:13.640 22610 23102 I ReactNativeJS: [MemoryMonitor] Started with 10000ms interval
11-23 21:21:13.647 22610 22704 E RNKeychainManager: No entry found for service: dev.souschef.app.credentials.indicator
11-23 21:21:13.654 22610 22610 I ViewInteraction: Checking 'MatchesViewAssertion(Detox){viewMatcher=(view has effective visibility <VISIBLE> and view.getGlobalVisibleRect() covers at least <75> percent of the view's area)}' assertion on view (view.getTag() is "biometric-setup-screen" and view has effective visibility <VISIBLE>)
11-23 21:21:13.681 22610 22610 I ViewInteraction: Checking 'MatchesViewAssertion(Detox){viewMatcher=(view has effective visibility <VISIBLE> and view.getGlobalVisibleRect() covers at least <75> percent of the view's area)}' assertion on view (view.getTag() is "biometric-setup-screen" and view has effective visibility <VISIBLE>)
11-23 21:21:13.700 22610 22610 W WindowOnBackDispatcher: sendCancelIfRunning: isInProgress=false callback=android.widget.PopupWindow$PopupDecorView$$ExternalSyntheticLambda1@46271fd
11-23 21:21:13.701 22610 22610 I WindowManager: WindowManagerGlobal#removeView, ty=1000, view=android.widget.PopupWindow$PopupDecorView{3b1d3bc V.E...... R....... 0,0-1440,94}, caller=android.view.WindowManagerGlobal.removeView:654 android.view.WindowManagerImpl.removeViewImmediate:216 android.widget.PopupWindow.dismissImmediate:2415 
11-23 21:21:13.709 22610 22610 I VRI[PopupWindow:9d9c3af]@623069a: dispatchDetachedFromWindow
11-23 21:21:13.713 22610 22610 D InputTransport: Input channel destroyed: '7349368', fd=270
11-23 21:21:13.717 22610 22610 I ReactNative: [GESTURE HANDLER] Initialize gesture handler for root view com.facebook.react.runtime.ReactSurfaceView{a0cdc02 V.E...... ......ID 0,0-1440,3088 #1}
11-23 21:21:13.742 22610 22610 I ViewInteraction: Checking 'MatchesViewAssertion(Detox){viewMatcher=(view has effective visibility <VISIBLE> and view.getGlobalVisibleRect() covers at least <75> percent of the view's area)}' assertion on view (view.getTag() is "biometric-setup-screen" and view has effective visibility <VISIBLE>)
11-23 21:21:13.779 22610 22610 I ViewInteraction: Checking 'MatchesViewAssertion(Detox){viewMatcher=(view has effective visibility <VISIBLE> and view.getGlobalVisibleRect() covers at least <75> percent of the view's area)}' assertion on view (view.getTag() is "biometric-setup-screen" and view has effective visibility <VISIBLE>)
11-23 21:21:13.822 22610 22610 I ViewInteraction: Checking 'MatchesViewAssertion(Detox){viewMatcher=(view has effective visibility <VISIBLE> and view.getGlobalVisibleRect() covers at least <75> percent of the view's area)}' assertion on view (view.getTag() is "biometric-setup-screen" and view has effective visibility <VISIBLE>)
11-23 21:21:13.850 22610 22610 I ViewInteraction: Checking 'MatchesViewAssertion(Detox){viewMatcher=(view has effective visibility <VISIBLE> and view.getGlobalVisibleRect() covers at least <75> percent of the view's area)}' assertion on view (view.getTag() is "biometric-setup-screen" and view has effective visibility <VISIBLE>)
11-23 21:21:13.879 22610 22610 I ViewInteraction: Checking 'MatchesViewAssertion(Detox){viewMatcher=(view has effective visibility <VISIBLE> and view.getGlobalVisibleRect() covers at least <75> percent of the view's area)}' assertion on view (view.getTag() is "biometric-setup-screen" and view has effective visibility <VISIBLE>)
11-23 21:21:13.907 22610 22610 I ViewInteraction: Checking 'MatchesViewAssertion(Detox){viewMatcher=(view has effective visibility <VISIBLE> and view.getGlobalVisibleRect() covers at least <75> percent of the view's area)}' assertion on view (view.getTag() is "biometric-setup-screen" and view has effective visibility <VISIBLE>)
11-23 21:21:13.936 22610 22610 I ViewInteraction: Checking 'MatchesViewAssertion(Detox){viewMatcher=(view has effective visibility <VISIBLE> and view.getGlobalVisibleRect() covers at least <75> percent of the view's area)}' assertion on view (view.getTag() is "biometric-setup-screen" and view has effective visibility <VISIBLE>)
11-23 21:21:13.968 22610 22610 I ViewInteraction: Checking 'MatchesViewAssertion(Detox){viewMatcher=(view has effective visibility <VISIBLE> and view.getGlobalVisibleRect() covers at least <75> percent of the view's area)}' assertion on view (view.getTag() is "biometric-setup-screen" and view has effective visibility <VISIBLE>)
11-23 21:21:13.998 22610 22610 I ViewInteraction: Checking 'MatchesViewAssertion(Detox){viewMatcher=(view has effective visibility <VISIBLE> and view.getGlobalVisibleRect() covers at least <75> percent of the view's area)}' assertion on view (view.getTag() is "biometric-setup-screen" and view has effective visibility <VISIBLE>)
11-23 21:21:14.027 22610 22610 I ViewInteraction: Checking 'MatchesViewAssertion(Detox){viewMatcher=(view has effective visibility <VISIBLE> and view.getGlobalVisibleRect() covers at least <75> percent of the view's area)}' assertion on view (view.getTag() is "biometric-setup-screen" and view has effective visibility <VISIBLE>)
11-23 21:21:14.056 22610 22610 I ViewInteraction: Checking 'MatchesViewAssertion(Detox){viewMatcher=(view has effective visibility <VISIBLE> and view.getGlobalVisibleRect() covers at least <75> percent of the view's area)}' assertion on view (view.getTag() is "biometric-setup-screen" and view has effective visibility <VISIBLE>)
11-23 21:21:14.086 22610 22610 I ViewInteraction: Checking 'MatchesViewAssertion(Detox){viewMatcher=(view has effective visibility <VISIBLE> and view.getGlobalVisibleRect() covers at least <75> percent of the view's area)}' assertion on view (view.getTag() is "biometric-setup-screen" and view has effective visibility <VISIBLE>)
11-23 21:21:14.115 22610 22610 I ViewInteraction: Checking 'MatchesViewAssertion(Detox){viewMatcher=(view has effective visibility <VISIBLE> and view.getGlobalVisibleRect() covers at least <75> percent of the view's area)}' assertion on view (view.getTag() is "biometric-setup-screen" and view has effective visibility <VISIBLE>)
11-23 21:21:14.144 22610 22610 I ViewInteraction: Checking 'MatchesViewAssertion(Detox){viewMatcher=(view has effective visibility <VISIBLE> and view.getGlobalVisibleRect() covers at least <75> percent of the view's area)}' assertion on view (view.getTag() is "biometric-setup-screen" and view has effective visibility <VISIBLE>)
11-23 21:21:14.173 22610 22610 I ViewInteraction: Checking 'MatchesViewAssertion(Detox){viewMatcher=(view has effective visibility <VISIBLE> and view.getGlobalVisibleRect() covers at least <75> percent of the view's area)}' assertion on view (view.getTag() is "biometric-setup-screen" and view has effective visibility <VISIBLE>)
11-23 21:21:14.202 22610 22610 I ViewInteraction: Checking 'MatchesViewAssertion(Detox){viewMatcher=(view has effective visibility <VISIBLE> and view.getGlobalVisibleRect() covers at least <75> percent of the view's area)}' assertion on view (view.getTag() is "biometric-setup-screen" and view has effective visibility <VISIBLE>)
11-23 21:21:14.230 22610 22610 I ViewInteraction: Checking 'MatchesViewAssertion(Detox){viewMatcher=(view has effective visibility <VISIBLE> and view.getGlobalVisibleRect() covers at least <75> percent of the view's area)}' assertion on view (view.getTag() is "biometric-setup-screen" and view has effective visibility <VISIBLE>)
11-23 21:21:14.261 22610 22610 I ViewInteraction: Checking 'MatchesViewAssertion(Detox){viewMatcher=(view has effective visibility <VISIBLE> and view.getGlobalVisibleRect() covers at least <75> percent of the view's area)}' assertion on view (view.getTag() is "biometric-setup-screen" and view has effective visibility <VISIBLE>)
11-23 21:21:14.289 22610 22610 I ViewInteraction: Checking 'MatchesViewAssertion(Detox){viewMatcher=(view has effective visibility <VISIBLE> and view.getGlobalVisibleRect() covers at least <75> percent of the view's area)}' assertion on view (view.getTag() is "biometric-setup-screen" and view has effective visibility <VISIBLE>)
11-23 21:21:14.319 22610 22610 I ViewInteraction: Checking 'MatchesViewAssertion(Detox){viewMatcher=(view has effective visibility <VISIBLE> and view.getGlobalVisibleRect() covers at least <75> percent of the view's area)}' assertion on view (view.getTag() is "biometric-setup-screen" and view has effective visibility <VISIBLE>)
11-23 21:21:14.350 22610 22610 I ViewInteraction: Checking 'MatchesViewAssertion(Detox){viewMatcher=(view has effective visibility <VISIBLE> and view.getGlobalVisibleRect() covers at least <75> percent of the view's area)}' assertion on view (view.getTag() is "biometric-setup-screen" and view has effective visibility <VISIBLE>)
11-23 21:21:14.381 22610 22610 I ViewInteraction: Checking 'MatchesViewAssertion(Detox){viewMatcher=(view has effective visibility <VISIBLE> and view.getGlobalVisibleRect() covers at least <75> percent of the view's area)}' assertion on view (view.getTag() is "biometric-setup-screen" and view has effective visibility <VISIBLE>)
11-23 21:21:14.413 22610 22610 I ViewInteraction: Checking 'MatchesViewAssertion(Detox){viewMatcher=(view has effective visibility <VISIBLE> and view.getGlobalVisibleRect() covers at least <75> percent of the view's area)}' assertion on view (view.getTag() is "biometric-setup-screen" and view has effective visibility <VISIBLE>)
11-23 21:21:14.439 22610 22655 I DetoxActionHandlers: Test exception
11-23 21:21:14.439 22610 22655 I DetoxActionHandlers: java.lang.reflect.InvocationTargetException
11-23 21:21:14.439 22610 22655 I DetoxActionHandlers: 	at java.lang.reflect.Method.invoke(Native Method)
11-23 21:21:14.439 22610 22655 I DetoxActionHandlers: 	at org.apache.commons.lang3.reflect.MethodUtils.invokeStaticMethod(MethodUtils.java:443)
11-23 21:21:14.439 22610 22655 I DetoxActionHandlers: 	at org.apache.commons.lang3.reflect.MethodUtils.invokeStaticMethod(MethodUtils.java:405)
11-23 21:21:14.439 22610 22655 I DetoxActionHandlers: 	at com.wix.invoke.types.ClassTarget.execute(ClassTarget.java:23)
11-23 21:21:14.439 22610 22655 I DetoxActionHandlers: 	at com.wix.invoke.types.Target.invoke(Target.java:59)
11-23 21:21:14.439 22610 22655 I DetoxActionHandlers: 	at com.wix.invoke.MethodInvocation.invoke(MethodInvocation.java:35)
11-23 21:21:14.439 22610 22655 I DetoxActionHandlers: 	at com.wix.invoke.MethodInvocation.invoke(MethodInvocation.java:26)
11-23 21:21:14.439 22610 22655 I DetoxActionHandlers: 	at com.wix.invoke.MethodInvocation.invoke(MethodInvocation.java:20)
11-23 21:21:14.439 22610 22655 I DetoxActionHandlers: 	at com.wix.detox.adapters.server.InvokeActionHandler.handle(DetoxActionHandlers.kt:54)
11-23 21:21:14.439 22610 22655 I DetoxActionHandlers: 	at com.wix.detox.adapters.server.ActionsExecutor.executeAction$lambda$2$lambda$1(DetoxActionsDispatcher.kt:76)
11-23 21:21:14.439 22610 22655 I DetoxActionHandlers: 	at com.wix.detox.adapters.server.ActionsExecutor.$r8$lambda$GVbB7LHtBHxNHGbgYnHJ6YrwCqs(Unknown Source:0)
11-23 21:21:14.439 22610 22655 I DetoxActionHandlers: 	at com.wix.detox.adapters.server.ActionsExecutor$$ExternalSyntheticLambda0.run(D8$$SyntheticClass:0)
11-23 21:21:14.439 22610 22655 I DetoxActionHandlers: 	at android.os.Handler.handleCallback(Handler.java:995)
11-23 21:21:14.439 22610 22655 I DetoxActionHandlers: 	at android.os.Handler.dispatchMessage(Handler.java:103)
11-23 21:21:14.439 22610 22655 I DetoxActionHandlers: 	at android.os.Looper.loopOnce(Looper.java:273)
11-23 21:21:14.439 22610 22655 I DetoxActionHandlers: 	at android.os.Looper.loop(Looper.java:363)
11-23 21:21:14.439 22610 22655 I DetoxActionHandlers: 	at com.wix.detox.adapters.server.ActionsExecutor._init_$lambda$0(DetoxActionsDispatcher.kt:62)
11-23 21:21:14.439 22610 22655 I DetoxActionHandlers: 	at com.wix.detox.adapters.server.ActionsExecutor.$r8$lambda$xlgL0CQim6vNM0wWEqM8JIDgZUE(Unknown Source:0)
11-23 21:21:14.439 22610 22655 I DetoxActionHandlers: 	at com.wix.detox.adapters.server.ActionsExecutor$$ExternalSyntheticLambda1.run(D8$$SyntheticClass:0)
11-23 21:21:14.439 22610 22655 I DetoxActionHandlers: 	at java.lang.Thread.run(Thread.java:1119)
11-23 21:21:14.439 22610 22655 I DetoxActionHandlers: Caused by: com.wix.detox.common.DetoxErrors$DetoxRuntimeException: 2.0sec timeout expired without matching of given matcher: (view has effective visibility <VISIBLE> and view.getGlobalVisibleRect() covers at least <75> percent of the view's area)
11-23 21:21:14.439 22610 22655 I DetoxActionHandlers: 	at com.wix.detox.espresso.DetoxAssertion.waitForAssertMatcher(DetoxAssertion.java:72)
11-23 21:21:14.439 22610 22655 I DetoxActionHandlers: 	... 20 more
11-23 21:21:14.439 22610 22655 I DetoxWSClient: Sending out action 'testFailed' (ID #44)
11-23 21:21:14.440 22610 22655 I DetoxDispatcher: Done with action 'invoke'
11-23 21:21:14.444 22610 23102 I ReactNativeJS: 🛠️ Queue Debug Tools Available:
11-23 21:21:14.445 22610 23102 I ReactNativeJS:    Access via: __QUEUE_DEBUG__
11-23 21:21:14.445 22610 22659 D DetoxWSClient: Received action 'invoke' (ID #45, params={"target":{"type":"Class","value":"com.wix.detox.espresso.DetoxAssertion"},"method":"waitForAssertMatcher","args":[{"type":"Invocation","value":{"target":{"type":"Class","value":"androidx.test.espresso.Espresso"},"method":"onView","args":[{"type":"Invocation","value":{"target":{"type":"Class","value":"com.wix.detox.espresso.DetoxMatcher"},"method":"matcherForTestId","args":["feature-hint-overlay-dismiss",{"type":"boolean","value":false}]}}]}},{"type":"Invocation","value":{"target":{"type":"Class","value":"com.wix.detox.espresso.DetoxMatcher"},"method":"matcherForSufficientlyVisible","args":[{"type":"Integer","value":75}]}},{"type":"Double","value":3}]})
11-23 21:21:14.445 22610 23102 I ReactNativeJS:    Commands:
11-23 21:21:14.446 22610 23102 I ReactNativeJS:      __QUEUE_DEBUG__.viewQueue()
11-23 21:21:14.446 22610 22655 I DetoxDispatcher: Handling action 'invoke' (ID #45)...
11-23 21:21:14.446 22610 23102 I ReactNativeJS:      __QUEUE_DEBUG__.getQueueStats()
11-23 21:21:14.447 22610 22655 D Detox   : class com.wix.detox.espresso.DetoxMatcher, matcherForTestId, [feature-hint-overlay-dismiss, false]
11-23 21:21:14.447 22610 23102 I ReactNativeJS:      __QUEUE_DEBUG__.processQueue()
11-23 21:21:14.447 22610 23102 I ReactNativeJS:      __QUEUE_DEBUG__.clearQueue()
11-23 21:21:14.448 22610 23102 I ReactNativeJS:      __QUEUE_DEBUG__.retryFailedMutations(userId)
11-23 21:21:14.448 22610 22655 D Detox   : class androidx.test.espresso.Espresso, onView, [(view.getTag() is "feature-hint-overlay-dismiss" and view has effective visibility <VISIBLE>)]
11-23 21:21:14.448 22610 23102 I ReactNativeJS:      __QUEUE_DEBUG__.exportQueue()
11-23 21:21:14.449 22610 23102 I ReactNativeJS:      __QUEUE_DEBUG__.simulateOffline()
11-23 21:21:14.449 22610 23102 I ReactNativeJS:      __QUEUE_DEBUG__.simulateOnline()
11-23 21:21:14.449 22610 22655 D Detox   : class com.wix.detox.espresso.DetoxMatcher, matcherForSufficientlyVisible, [75]
11-23 21:21:14.450 22610 22655 D Detox   : class com.wix.detox.espresso.DetoxAssertion, waitForAssertMatcher, [androidx.test.espresso.ViewInteraction@9be9fd9, (view has effective visibility <VISIBLE> and view.getGlobalVisibleRect() covers at least <75> percent of the view's area), 3.0]
11-23 21:21:14.456 22610 22610 I ViewInteraction: Checking 'MatchesViewAssertion(Detox){viewMatcher=(view has effective visibility <VISIBLE> and view.getGlobalVisibleRect() covers at least <75> percent of the view's area)}' assertion on view (view.getTag() is "feature-hint-overlay-dismiss" and view has effective visibility <VISIBLE>)
11-23 21:21:14.487 22610 22610 I ViewInteraction: Checking 'MatchesViewAssertion(Detox){viewMatcher=(view has effective visibility <VISIBLE> and view.getGlobalVisibleRect() covers at least <75> percent of the view's area)}' assertion on view (view.getTag() is "feature-hint-overlay-dismiss" and view has effective visibility <VISIBLE>)
11-23 21:21:14.519 22610 22610 I ViewInteraction: Checking 'MatchesViewAssertion(Detox){viewMatcher=(view has effective visibility <VISIBLE> and view.getGlobalVisibleRect() covers at least <75> percent of the view's area)}' assertion on view (view.getTag() is "feature-hint-overlay-dismiss" and view has effective visibility <VISIBLE>)
11-23 21:21:14.550 22610 22610 I ViewInteraction: Checking 'MatchesViewAssertion(Detox){viewMatcher=(view has effective visibility <VISIBLE> and view.getGlobalVisibleRect() covers at least <75> percent of the view's area)}' assertion on view (view.getTag() is "feature-hint-overlay-dismiss" and view has effective visibility <VISIBLE>)
11-23 21:21:14.551 22610 23102 I ReactNativeJS: '%c🚀 ✅ QUERY GetCommonUnits 878ms', 'color: #22c55e; font-weight: bold'
11-23 21:21:14.581 22610 22610 I ViewInteraction: Checking 'MatchesViewAssertion(Detox){viewMatcher=(view has effective visibility <VISIBLE> and view.getGlobalVisibleRect() covers at least <75> percent of the view's area)}' assertion on view (view.getTag() is "feature-hint-overlay-dismiss" and view has effective visibility <VISIBLE>)
11-23 21:21:14.610 22610 22610 I ViewInteraction: Checking 'MatchesViewAssertion(Detox){viewMatcher=(view has effective visibility <VISIBLE> and view.getGlobalVisibleRect() covers at least <75> percent of the view's area)}' assertion on view (view.getTag() is "feature-hint-overlay-dismiss" and view has effective visibility <VISIBLE>)
11-23 21:21:14.641 22610 22610 I ViewInteraction: Checking 'MatchesViewAssertion(Detox){viewMatcher=(view has effective visibility <VISIBLE> and view.getGlobalVisibleRect() covers at least <75> percent of the view's area)}' assertion on view (view.getTag() is "feature-hint-overlay-dismiss" and view has effective visibility <VISIBLE>)
11-23 21:21:14.673 22610 22610 I ViewInteraction: Checking 'MatchesViewAssertion(Detox){viewMatcher=(view has effective visibility <VISIBLE> and view.getGlobalVisibleRect() covers at least <75> percent of the view's area)}' assertion on view (view.getTag() is "feature-hint-overlay-dismiss" and view has effective visibility <VISIBLE>)
11-23 21:21:14.704 22610 22610 I ViewInteraction: Checking 'MatchesViewAssertion(Detox){viewMatcher=(view has effective visibility <VISIBLE> and view.getGlobalVisibleRect() covers at least <75> percent of the view's area)}' assertion on view (view.getTag() is "feature-hint-overlay-dismiss" and view has effective visibility <VISIBLE>)
11-23 21:21:14.735 22610 22610 I ViewInteraction: Checking 'MatchesViewAssertion(Detox){viewMatcher=(view has effective visibility <VISIBLE> and view.getGlobalVisibleRect() covers at least <75> percent of the view's area)}' assertion on view (view.getTag() is "feature-hint-overlay-dismiss" and view has effective visibility <VISIBLE>)
11-23 21:21:14.765 22610 22610 I ViewInteraction: Checking 'MatchesViewAssertion(Detox){viewMatcher=(view has effective visibility <VISIBLE> and view.getGlobalVisibleRect() covers at least <75> percent of the view's area)}' assertion on view (view.getTag() is "feature-hint-overlay-dismiss" and view has effective visibility <VISIBLE>)
11-23 21:21:14.767 22610 23102 I ReactNativeJS: '✅ [NotificationReceived] Subscription ACTIVE for user:', '68f41739878fd075b87c1dd1'
11-23 21:21:14.780 22610 23102 I ReactNativeJS: '%c🚀 ⚠️ QUERY GetMyPendingInvites 1085ms', 'color: #f59e0b; font-weight: bold'
11-23 21:21:14.785 22610 22610 I BLASTBufferQueue_Java: update, w= 1440 h= 3088 mName = VRI[MainActivity]@8e53a52 mNativeObject= 0xb400007adda683b0 sc.mNativeObject= 0xb400007b7da38150 format= -1 caller= android.view.ViewRootImpl.updateBlastSurfaceIfNeeded:3574 android.view.ViewRootImpl.relayoutWindow:11685 android.view.ViewRootImpl.performTraversals:4804 android.view.ViewRootImpl.doTraversal:3924 android.view.ViewRootImpl$TraversalRunnable.run:12903 android.view.Choreographer$CallbackRecord.run:1901 
11-23 21:21:14.785 22610 22610 I VRI[MainActivity]@8e53a52: Relayout returned: old=(0,0,1440,3088) new=(0,0,1440,3088) relayoutAsync=true req=(1440,3088)0 dur=0 res=0x0 s={true 0xb400007beda54050} ch=false seqId=0
11-23 21:21:14.788 22610 22610 I VRI[MainActivity]@8e53a52: registerCallbackForPendingTransactions
11-23 21:21:14.790 22610 22688 I VRI[MainActivity]@8e53a52: mWNT: t=0xb400007c8daee310 mBlastBufferQueue=0xb400007adda683b0 fn= 613 HdrRenderState mRenderHdrSdrRatio=1.0 caller= android.view.ViewRootImpl$10.onFrameDraw:6536 android.view.ViewRootImpl$4.onFrameDraw:2489 android.view.ThreadedRenderer$1.onFrameDraw:718 
11-23 21:21:14.798 22610 22610 I ViewInteraction: Checking 'MatchesViewAssertion(Detox){viewMatcher=(view has effective visibility <VISIBLE> and view.getGlobalVisibleRect() covers at least <75> percent of the view's area)}' assertion on view (view.getTag() is "feature-hint-overlay-dismiss" and view has effective visibility <VISIBLE>)
11-23 21:21:14.798 22610 23102 I ReactNativeJS: '%c🚀 ⚠️ QUERY MyShoppingListInvites 1106ms', 'color: #f59e0b; font-weight: bold'
11-23 21:21:14.828 22610 22610 I ViewInteraction: Checking 'MatchesViewAssertion(Detox){viewMatcher=(view has effective visibility <VISIBLE> and view.getGlobalVisibleRect() covers at least <75> percent of the view's area)}' assertion on view (view.getTag() is "feature-hint-overlay-dismiss" and view has effective visibility <VISIBLE>)
11-23 21:21:14.859 22610 22610 I ViewInteraction: Checking 'MatchesViewAssertion(Detox){viewMatcher=(view has effective visibility <VISIBLE> and view.getGlobalVisibleRect() covers at least <75> percent of the view's area)}' assertion on view (view.getTag() is "feature-hint-overlay-dismiss" and view has effective visibility <VISIBLE>)
11-23 21:21:14.891 22610 22610 I ViewInteraction: Checking 'MatchesViewAssertion(Detox){viewMatcher=(view has effective visibility <VISIBLE> and view.getGlobalVisibleRect() covers at least <75> percent of the view's area)}' assertion on view (view.getTag() is "feature-hint-overlay-dismiss" and view has effective visibility <VISIBLE>)
11-23 21:21:14.921 22610 22610 I ViewInteraction: Checking 'MatchesViewAssertion(Detox){viewMatcher=(view has effective visibility <VISIBLE> and view.getGlobalVisibleRect() covers at least <75> percent of the view's area)}' assertion on view (view.getTag() is "feature-hint-overlay-dismiss" and view has effective visibility <VISIBLE>)
11-23 21:21:14.949 22610 22610 I ViewInteraction: Checking 'MatchesViewAssertion(Detox){viewMatcher=(view has effective visibility <VISIBLE> and view.getGlobalVisibleRect() covers at least <75> percent of the view's area)}' assertion on view (view.getTag() is "feature-hint-overlay-dismiss" and view has effective visibility <VISIBLE>)
11-23 21:21:14.980 22610 22610 I ViewInteraction: Checking 'MatchesViewAssertion(Detox){viewMatcher=(view has effective visibility <VISIBLE> and view.getGlobalVisibleRect() covers at least <75> percent of the view's area)}' assertion on view (view.getTag() is "feature-hint-overlay-dismiss" and view has effective visibility <VISIBLE>)
11-23 21:21:15.020 22610 22610 I ViewInteraction: Checking 'MatchesViewAssertion(Detox){viewMatcher=(view has effective visibility <VISIBLE> and view.getGlobalVisibleRect() covers at least <75> percent of the view's area)}' assertion on view (view.getTag() is "feature-hint-overlay-dismiss" and view has effective visibility <VISIBLE>)
11-23 21:21:15.051 22610 22610 I ViewInteraction: Checking 'MatchesViewAssertion(Detox){viewMatcher=(view has effective visibility <VISIBLE> and view.getGlobalVisibleRect() covers at least <75> percent of the view's area)}' assertion on view (view.getTag() is "feature-hint-overlay-dismiss" and view has effective visibility <VISIBLE>)
11-23 21:21:15.081 22610 22610 I ViewInteraction: Checking 'MatchesViewAssertion(Detox){viewMatcher=(view has effective visibility <VISIBLE> and view.getGlobalVisibleRect() covers at least <75> percent of the view's area)}' assertion on view (view.getTag() is "feature-hint-overlay-dismiss" and view has effective visibility <VISIBLE>)
11-23 21:21:15.113 22610 22610 I ViewInteraction: Checking 'MatchesViewAssertion(Detox){viewMatcher=(view has effective visibility <VISIBLE> and view.getGlobalVisibleRect() covers at least <75> percent of the view's area)}' assertion on view (view.getTag() is "feature-hint-overlay-dismiss" and view has effective visibility <VISIBLE>)
11-23 21:21:15.145 22610 22610 I ViewInteraction: Checking 'MatchesViewAssertion(Detox){viewMatcher=(view has effective visibility <VISIBLE> and view.getGlobalVisibleRect() covers at least <75> percent of the view's area)}' assertion on view (view.getTag() is "feature-hint-overlay-dismiss" and view has effective visibility <VISIBLE>)
11-23 21:21:15.177 22610 22610 I ViewInteraction: Checking 'MatchesViewAssertion(Detox){viewMatcher=(view has effective visibility <VISIBLE> and view.getGlobalVisibleRect() covers at least <75> percent of the view's area)}' assertion on view (view.getTag() is "feature-hint-overlay-dismiss" and view has effective visibility <VISIBLE>)
11-23 21:21:15.208 22610 22610 I ViewInteraction: Checking 'MatchesViewAssertion(Detox){viewMatcher=(view has effective visibility <VISIBLE> and view.getGlobalVisibleRect() covers at least <75> percent of the view's area)}' assertion on view (view.getTag() is "feature-hint-overlay-dismiss" and view has effective visibility <VISIBLE>)
11-23 21:21:15.246 22610 22610 I ViewInteraction: Checking 'MatchesViewAssertion(Detox){viewMatcher=(view has effective visibility <VISIBLE> and view.getGlobalVisibleRect() covers at least <75> percent of the view's area)}' assertion on view (view.getTag() is "feature-hint-overlay-dismiss" and view has effective visibility <VISIBLE>)
11-23 21:21:15.276 22610 22610 I ViewInteraction: Checking 'MatchesViewAssertion(Detox){viewMatcher=(view has effective visibility <VISIBLE> and view.getGlobalVisibleRect() covers at least <75> percent of the view's area)}' assertion on view (view.getTag() is "feature-hint-overlay-dismiss" and view has effective visibility <VISIBLE>)
11-23 21:21:15.305 22610 22610 I ViewInteraction: Checking 'MatchesViewAssertion(Detox){viewMatcher=(view has effective visibility <VISIBLE> and view.getGlobalVisibleRect() covers at least <75> percent of the view's area)}' assertion on view (view.getTag() is "feature-hint-overlay-dismiss" and view has effective visibility <VISIBLE>)
11-23 21:21:15.334 22610 22610 I ViewInteraction: Checking 'MatchesViewAssertion(Detox){viewMatcher=(view has effective visibility <VISIBLE> and view.getGlobalVisibleRect() covers at least <75> percent of the view's area)}' assertion on view (view.getTag() is "feature-hint-overlay-dismiss" and view has effective visibility <VISIBLE>)
11-23 21:21:15.362 22610 22610 I ViewInteraction: Checking 'MatchesViewAssertion(Detox){viewMatcher=(view has effective visibility <VISIBLE> and view.getGlobalVisibleRect() covers at least <75> percent of the view's area)}' assertion on view (view.getTag() is "feature-hint-overlay-dismiss" and view has effective visibility <VISIBLE>)
11-23 21:21:15.390 22610 22610 I ViewInteraction: Checking 'MatchesViewAssertion(Detox){viewMatcher=(view has effective visibility <VISIBLE> and view.getGlobalVisibleRect() covers at least <75> percent of the view's area)}' assertion on view (view.getTag() is "feature-hint-overlay-dismiss" and view has effective visibility <VISIBLE>)
11-23 21:21:15.420 22610 22610 I ViewInteraction: Checking 'MatchesViewAssertion(Detox){viewMatcher=(view has effective visibility <VISIBLE> and view.getGlobalVisibleRect() covers at least <75> percent of the view's area)}' assertion on view (view.getTag() is "feature-hint-overlay-dismiss" and view has effective visibility <VISIBLE>)
11-23 21:21:15.451 22610 22610 I ViewInteraction: Checking 'MatchesViewAssertion(Detox){viewMatcher=(view has effective visibility <VISIBLE> and view.getGlobalVisibleRect() covers at least <75> percent of the view's area)}' assertion on view (view.getTag() is "feature-hint-overlay-dismiss" and view has effective visibility <VISIBLE>)
11-23 21:21:15.481 22610 22610 I ViewInteraction: Checking 'MatchesViewAssertion(Detox){viewMatcher=(view has effective visibility <VISIBLE> and view.getGlobalVisibleRect() covers at least <75> percent of the view's area)}' assertion on view (view.getTag() is "feature-hint-overlay-dismiss" and view has effective visibility <VISIBLE>)
11-23 21:21:15.512 22610 22610 I ViewInteraction: Checking 'MatchesViewAssertion(Detox){viewMatcher=(view has effective visibility <VISIBLE> and view.getGlobalVisibleRect() covers at least <75> percent of the view's area)}' assertion on view (view.getTag() is "feature-hint-overlay-dismiss" and view has effective visibility <VISIBLE>)
11-23 21:21:15.544 22610 22610 I ViewInteraction: Checking 'MatchesViewAssertion(Detox){viewMatcher=(view has effective visibility <VISIBLE> and view.getGlobalVisibleRect() covers at least <75> percent of the view's area)}' assertion on view (view.getTag() is "feature-hint-overlay-dismiss" and view has effective visibility <VISIBLE>)
11-23 21:21:15.576 22610 22610 I ViewInteraction: Checking 'MatchesViewAssertion(Detox){viewMatcher=(view has effective visibility <VISIBLE> and view.getGlobalVisibleRect() covers at least <75> percent of the view's area)}' assertion on view (view.getTag() is "feature-hint-overlay-dismiss" and view has effective visibility <VISIBLE>)
11-23 21:21:15.606 22610 22610 I ViewInteraction: Checking 'MatchesViewAssertion(Detox){viewMatcher=(view has effective visibility <VISIBLE> and view.getGlobalVisibleRect() covers at least <75> percent of the view's area)}' assertion on view (view.getTag() is "feature-hint-overlay-dismiss" and view has effective visibility <VISIBLE>)
11-23 21:21:15.638 22610 22610 I ViewInteraction: Checking 'MatchesViewAssertion(Detox){viewMatcher=(view has effective visibility <VISIBLE> and view.getGlobalVisibleRect() covers at least <75> percent of the view's area)}' assertion on view (view.getTag() is "feature-hint-overlay-dismiss" and view has effective visibility <VISIBLE>)
11-23 21:21:15.669 22610 22610 I ViewInteraction: Checking 'MatchesViewAssertion(Detox){viewMatcher=(view has effective visibility <VISIBLE> and view.getGlobalVisibleRect() covers at least <75> percent of the view's area)}' assertion on view (view.getTag() is "feature-hint-overlay-dismiss" and view has effective visibility <VISIBLE>)
11-23 21:21:15.699 22610 22610 I ViewInteraction: Checking 'MatchesViewAssertion(Detox){viewMatcher=(view has effective visibility <VISIBLE> and view.getGlobalVisibleRect() covers at least <75> percent of the view's area)}' assertion on view (view.getTag() is "feature-hint-overlay-dismiss" and view has effective visibility <VISIBLE>)
11-23 21:21:15.731 22610 22610 I ViewInteraction: Checking 'MatchesViewAssertion(Detox){viewMatcher=(view has effective visibility <VISIBLE> and view.getGlobalVisibleRect() covers at least <75> percent of the view's area)}' assertion on view (view.getTag() is "feature-hint-overlay-dismiss" and view has effective visibility <VISIBLE>)
11-23 21:21:15.762 22610 22610 I ViewInteraction: Checking 'MatchesViewAssertion(Detox){viewMatcher=(view has effective visibility <VISIBLE> and view.getGlobalVisibleRect() covers at least <75> percent of the view's area)}' assertion on view (view.getTag() is "feature-hint-overlay-dismiss" and view has effective visibility <VISIBLE>)
11-23 21:21:15.793 22610 22610 I ViewInteraction: Checking 'MatchesViewAssertion(Detox){viewMatcher=(view has effective visibility <VISIBLE> and view.getGlobalVisibleRect() covers at least <75> percent of the view's area)}' assertion on view (view.getTag() is "feature-hint-overlay-dismiss" and view has effective visibility <VISIBLE>)
11-23 21:21:15.824 22610 22610 I ViewInteraction: Checking 'MatchesViewAssertion(Detox){viewMatcher=(view has effective visibility <VISIBLE> and view.getGlobalVisibleRect() covers at least <75> percent of the view's area)}' assertion on view (view.getTag() is "feature-hint-overlay-dismiss" and view has effective visibility <VISIBLE>)
11-23 21:21:15.856 22610 22610 I ViewInteraction: Checking 'MatchesViewAssertion(Detox){viewMatcher=(view has effective visibility <VISIBLE> and view.getGlobalVisibleRect() covers at least <75> percent of the view's area)}' assertion on view (view.getTag() is "feature-hint-overlay-dismiss" and view has effective visibility <VISIBLE>)
11-23 21:21:15.886 22610 22610 I ViewInteraction: Checking 'MatchesViewAssertion(Detox){viewMatcher=(view has effective visibility <VISIBLE> and view.getGlobalVisibleRect() covers at least <75> percent of the view's area)}' assertion on view (view.getTag() is "feature-hint-overlay-dismiss" and view has effective visibility <VISIBLE>)
11-23 21:21:15.917 22610 22610 I ViewInteraction: Checking 'MatchesViewAssertion(Detox){viewMatcher=(view has effective visibility <VISIBLE> and view.getGlobalVisibleRect() covers at least <75> percent of the view's area)}' assertion on view (view.getTag() is "feature-hint-overlay-dismiss" and view has effective visibility <VISIBLE>)
11-23 21:21:15.948 22610 22610 I ViewInteraction: Checking 'MatchesViewAssertion(Detox){viewMatcher=(view has effective visibility <VISIBLE> and view.getGlobalVisibleRect() covers at least <75> percent of the view's area)}' assertion on view (view.getTag() is "feature-hint-overlay-dismiss" and view has effective visibility <VISIBLE>)
11-23 21:21:15.979 22610 22610 I ViewInteraction: Checking 'MatchesViewAssertion(Detox){viewMatcher=(view has effective visibility <VISIBLE> and view.getGlobalVisibleRect() covers at least <75> percent of the view's area)}' assertion on view (view.getTag() is "feature-hint-overlay-dismiss" and view has effective visibility <VISIBLE>)
11-23 21:21:16.008 22610 22610 I ViewInteraction: Checking 'MatchesViewAssertion(Detox){viewMatcher=(view has effective visibility <VISIBLE> and view.getGlobalVisibleRect() covers at least <75> percent of the view's area)}' assertion on view (view.getTag() is "feature-hint-overlay-dismiss" and view has effective visibility <VISIBLE>)
11-23 21:21:16.040 22610 22610 I ViewInteraction: Checking 'MatchesViewAssertion(Detox){viewMatcher=(view has effective visibility <VISIBLE> and view.getGlobalVisibleRect() covers at least <75> percent of the view's area)}' assertion on view (view.getTag() is "feature-hint-overlay-dismiss" and view has effective visibility <VISIBLE>)
11-23 21:21:16.072 22610 22610 I ViewInteraction: Checking 'MatchesViewAssertion(Detox){viewMatcher=(view has effective visibility <VISIBLE> and view.getGlobalVisibleRect() covers at least <75> percent of the view's area)}' assertion on view (view.getTag() is "feature-hint-overlay-dismiss" and view has effective visibility <VISIBLE>)
11-23 21:21:16.103 22610 22610 I ViewInteraction: Checking 'MatchesViewAssertion(Detox){viewMatcher=(view has effective visibility <VISIBLE> and view.getGlobalVisibleRect() covers at least <75> percent of the view's area)}' assertion on view (view.getTag() is "feature-hint-overlay-dismiss" and view has effective visibility <VISIBLE>)
11-23 21:21:16.133 22610 22610 I ViewInteraction: Checking 'MatchesViewAssertion(Detox){viewMatcher=(view has effective visibility <VISIBLE> and view.getGlobalVisibleRect() covers at least <75> percent of the view's area)}' assertion on view (view.getTag() is "feature-hint-overlay-dismiss" and view has effective visibility <VISIBLE>)
11-23 21:21:16.162 22610 22610 I ViewInteraction: Checking 'MatchesViewAssertion(Detox){viewMatcher=(view has effective visibility <VISIBLE> and view.getGlobalVisibleRect() covers at least <75> percent of the view's area)}' assertion on view (view.getTag() is "feature-hint-overlay-dismiss" and view has effective visibility <VISIBLE>)
11-23 21:21:16.191 22610 22610 I ViewInteraction: Checking 'MatchesViewAssertion(Detox){viewMatcher=(view has effective visibility <VISIBLE> and view.getGlobalVisibleRect() covers at least <75> percent of the view's area)}' assertion on view (view.getTag() is "feature-hint-overlay-dismiss" and view has effective visibility <VISIBLE>)
11-23 21:21:16.222 22610 22610 I ViewInteraction: Checking 'MatchesViewAssertion(Detox){viewMatcher=(view has effective visibility <VISIBLE> and view.getGlobalVisibleRect() covers at least <75> percent of the view's area)}' assertion on view (view.getTag() is "feature-hint-overlay-dismiss" and view has effective visibility <VISIBLE>)
11-23 21:21:16.253 22610 22610 I ViewInteraction: Checking 'MatchesViewAssertion(Detox){viewMatcher=(view has effective visibility <VISIBLE> and view.getGlobalVisibleRect() covers at least <75> percent of the view's area)}' assertion on view (view.getTag() is "feature-hint-overlay-dismiss" and view has effective visibility <VISIBLE>)
11-23 21:21:16.284 22610 22610 I ViewInteraction: Checking 'MatchesViewAssertion(Detox){viewMatcher=(view has effective visibility <VISIBLE> and view.getGlobalVisibleRect() covers at least <75> percent of the view's area)}' assertion on view (view.getTag() is "feature-hint-overlay-dismiss" and view has effective visibility <VISIBLE>)
11-23 21:21:16.314 22610 22610 I ViewInteraction: Checking 'MatchesViewAssertion(Detox){viewMatcher=(view has effective visibility <VISIBLE> and view.getGlobalVisibleRect() covers at least <75> percent of the view's area)}' assertion on view (view.getTag() is "feature-hint-overlay-dismiss" and view has effective visibility <VISIBLE>)
11-23 21:21:16.343 22610 22610 I ViewInteraction: Checking 'MatchesViewAssertion(Detox){viewMatcher=(view has effective visibility <VISIBLE> and view.getGlobalVisibleRect() covers at least <75> percent of the view's area)}' assertion on view (view.getTag() is "feature-hint-overlay-dismiss" and view has effective visibility <VISIBLE>)
11-23 21:21:16.373 22610 22610 I ViewInteraction: Checking 'MatchesViewAssertion(Detox){viewMatcher=(view has effective visibility <VISIBLE> and view.getGlobalVisibleRect() covers at least <75> percent of the view's area)}' assertion on view (view.getTag() is "feature-hint-overlay-dismiss" and view has effective visibility <VISIBLE>)
11-23 21:21:16.402 22610 22610 I ViewInteraction: Checking 'MatchesViewAssertion(Detox){viewMatcher=(view has effective visibility <VISIBLE> and view.getGlobalVisibleRect() covers at least <75> percent of the view's area)}' assertion on view (view.getTag() is "feature-hint-overlay-dismiss" and view has effective visibility <VISIBLE>)
11-23 21:21:16.432 22610 22610 I ViewInteraction: Checking 'MatchesViewAssertion(Detox){viewMatcher=(view has effective visibility <VISIBLE> and view.getGlobalVisibleRect() covers at least <75> percent of the view's area)}' assertion on view (view.getTag() is "feature-hint-overlay-dismiss" and view has effective visibility <VISIBLE>)
11-23 21:21:16.466 22610 22610 I ViewInteraction: Checking 'MatchesViewAssertion(Detox){viewMatcher=(view has effective visibility <VISIBLE> and view.getGlobalVisibleRect() covers at least <75> percent of the view's area)}' assertion on view (view.getTag() is "feature-hint-overlay-dismiss" and view has effective visibility <VISIBLE>)
11-23 21:21:16.498 22610 22610 I ViewInteraction: Checking 'MatchesViewAssertion(Detox){viewMatcher=(view has effective visibility <VISIBLE> and view.getGlobalVisibleRect() covers at least <75> percent of the view's area)}' assertion on view (view.getTag() is "feature-hint-overlay-dismiss" and view has effective visibility <VISIBLE>)
11-23 21:21:16.528 22610 22610 I ViewInteraction: Checking 'MatchesViewAssertion(Detox){viewMatcher=(view has effective visibility <VISIBLE> and view.getGlobalVisibleRect() covers at least <75> percent of the view's area)}' assertion on view (view.getTag() is "feature-hint-overlay-dismiss" and view has effective visibility <VISIBLE>)
11-23 21:21:16.557 22610 22610 I ViewInteraction: Checking 'MatchesViewAssertion(Detox){viewMatcher=(view has effective visibility <VISIBLE> and view.getGlobalVisibleRect() covers at least <75> percent of the view's area)}' assertion on view (view.getTag() is "feature-hint-overlay-dismiss" and view has effective visibility <VISIBLE>)
11-23 21:21:16.587 22610 22610 I ViewInteraction: Checking 'MatchesViewAssertion(Detox){viewMatcher=(view has effective visibility <VISIBLE> and view.getGlobalVisibleRect() covers at least <75> percent of the view's area)}' assertion on view (view.getTag() is "feature-hint-overlay-dismiss" and view has effective visibility <VISIBLE>)
11-23 21:21:16.636 22610 22615 I ev.souschef.app: NativeAlloc concurrent mark compact GC freed 30MB AllocSpace bytes, 87(2012KB) LOS objects, 66% free, 14MB/42MB, paused 1.033ms,6.309ms total 113.751ms
11-23 21:21:16.641 22610 22610 I ViewInteraction: Checking 'MatchesViewAssertion(Detox){viewMatcher=(view has effective visibility <VISIBLE> and view.getGlobalVisibleRect() covers at least <75> percent of the view's area)}' assertion on view (view.getTag() is "feature-hint-overlay-dismiss" and view has effective visibility <VISIBLE>)
11-23 21:21:16.675 22610 22610 I ViewInteraction: Checking 'MatchesViewAssertion(Detox){viewMatcher=(view has effective visibility <VISIBLE> and view.getGlobalVisibleRect() covers at least <75> percent of the view's area)}' assertion on view (view.getTag() is "feature-hint-overlay-dismiss" and view has effective visibility <VISIBLE>)
11-23 21:21:16.708 22610 22610 I ViewInteraction: Checking 'MatchesViewAssertion(Detox){viewMatcher=(view has effective visibility <VISIBLE> and view.getGlobalVisibleRect() covers at least <75> percent of the view's area)}' assertion on view (view.getTag() is "feature-hint-overlay-dismiss" and view has effective visibility <VISIBLE>)
11-23 21:21:16.739 22610 22610 I ViewInteraction: Checking 'MatchesViewAssertion(Detox){viewMatcher=(view has effective visibility <VISIBLE> and view.getGlobalVisibleRect() covers at least <75> percent of the view's area)}' assertion on view (view.getTag() is "feature-hint-overlay-dismiss" and view has effective visibility <VISIBLE>)
11-23 21:21:16.770 22610 22610 I ViewInteraction: Checking 'MatchesViewAssertion(Detox){viewMatcher=(view has effective visibility <VISIBLE> and view.getGlobalVisibleRect() covers at least <75> percent of the view's area)}' assertion on view (view.getTag() is "feature-hint-overlay-dismiss" and view has effective visibility <VISIBLE>)
11-23 21:21:16.801 22610 22610 I ViewInteraction: Checking 'MatchesViewAssertion(Detox){viewMatcher=(view has effective visibility <VISIBLE> and view.getGlobalVisibleRect() covers at least <75> percent of the view's area)}' assertion on view (view.getTag() is "feature-hint-overlay-dismiss" and view has effective visibility <VISIBLE>)
11-23 21:21:16.834 22610 22610 I ViewInteraction: Checking 'MatchesViewAssertion(Detox){viewMatcher=(view has effective visibility <VISIBLE> and view.getGlobalVisibleRect() covers at least <75> percent of the view's area)}' assertion on view (view.getTag() is "feature-hint-overlay-dismiss" and view has effective visibility <VISIBLE>)
11-23 21:21:16.870 22610 22610 I ViewInteraction: Checking 'MatchesViewAssertion(Detox){viewMatcher=(view has effective visibility <VISIBLE> and view.getGlobalVisibleRect() covers at least <75> percent of the view's area)}' assertion on view (view.getTag() is "feature-hint-overlay-dismiss" and view has effective visibility <VISIBLE>)
11-23 21:21:16.903 22610 22610 I ViewInteraction: Checking 'MatchesViewAssertion(Detox){viewMatcher=(view has effective visibility <VISIBLE> and view.getGlobalVisibleRect() covers at least <75> percent of the view's area)}' assertion on view (view.getTag() is "feature-hint-overlay-dismiss" and view has effective visibility <VISIBLE>)
11-23 21:21:16.934 22610 22610 I ViewInteraction: Checking 'MatchesViewAssertion(Detox){viewMatcher=(view has effective visibility <VISIBLE> and view.getGlobalVisibleRect() covers at least <75> percent of the view's area)}' assertion on view (view.getTag() is "feature-hint-overlay-dismiss" and view has effective visibility <VISIBLE>)
11-23 21:21:16.970 22610 22610 I ViewInteraction: Checking 'MatchesViewAssertion(Detox){viewMatcher=(view has effective visibility <VISIBLE> and view.getGlobalVisibleRect() covers at least <75> percent of the view's area)}' assertion on view (view.getTag() is "feature-hint-overlay-dismiss" and view has effective visibility <VISIBLE>)
11-23 21:21:17.003 22610 22610 I ViewInteraction: Checking 'MatchesViewAssertion(Detox){viewMatcher=(view has effective visibility <VISIBLE> and view.getGlobalVisibleRect() covers at least <75> percent of the view's area)}' assertion on view (view.getTag() is "feature-hint-overlay-dismiss" and view has effective visibility <VISIBLE>)
11-23 21:21:17.036 22610 22610 I ViewInteraction: Checking 'MatchesViewAssertion(Detox){viewMatcher=(view has effective visibility <VISIBLE> and view.getGlobalVisibleRect() covers at least <75> percent of the view's area)}' assertion on view (view.getTag() is "feature-hint-overlay-dismiss" and view has effective visibility <VISIBLE>)
11-23 21:21:17.069 22610 22610 I ViewInteraction: Checking 'MatchesViewAssertion(Detox){viewMatcher=(view has effective visibility <VISIBLE> and view.getGlobalVisibleRect() covers at least <75> percent of the view's area)}' assertion on view (view.getTag() is "feature-hint-overlay-dismiss" and view has effective visibility <VISIBLE>)
11-23 21:21:17.101 22610 22610 I ViewInteraction: Checking 'MatchesViewAssertion(Detox){viewMatcher=(view has effective visibility <VISIBLE> and view.getGlobalVisibleRect() covers at least <75> percent of the view's area)}' assertion on view (view.getTag() is "feature-hint-overlay-dismiss" and view has effective visibility <VISIBLE>)
11-23 21:21:17.134 22610 22610 I ViewInteraction: Checking 'MatchesViewAssertion(Detox){viewMatcher=(view has effective visibility <VISIBLE> and view.getGlobalVisibleRect() covers at least <75> percent of the view's area)}' assertion on view (view.getTag() is "feature-hint-overlay-dismiss" and view has effective visibility <VISIBLE>)
11-23 21:21:17.169 22610 22610 I ViewInteraction: Checking 'MatchesViewAssertion(Detox){viewMatcher=(view has effective visibility <VISIBLE> and view.getGlobalVisibleRect() covers at least <75> percent of the view's area)}' assertion on view (view.getTag() is "feature-hint-overlay-dismiss" and view has effective visibility <VISIBLE>)
11-23 21:21:17.204 22610 22610 I ViewInteraction: Checking 'MatchesViewAssertion(Detox){viewMatcher=(view has effective visibility <VISIBLE> and view.getGlobalVisibleRect() covers at least <75> percent of the view's area)}' assertion on view (view.getTag() is "feature-hint-overlay-dismiss" and view has effective visibility <VISIBLE>)
11-23 21:21:17.238 22610 22610 I ViewInteraction: Checking 'MatchesViewAssertion(Detox){viewMatcher=(view has effective visibility <VISIBLE> and view.getGlobalVisibleRect() covers at least <75> percent of the view's area)}' assertion on view (view.getTag() is "feature-hint-overlay-dismiss" and view has effective visibility <VISIBLE>)
11-23 21:21:17.253 22610 22610 D ScrollView: initGoToTop
11-23 21:21:17.267 22610 22610 I ViewInteraction: Checking 'MatchesViewAssertion(Detox){viewMatcher=(view has effective visibility <VISIBLE> and view.getGlobalVisibleRect() covers at least <75> percent of the view's area)}' assertion on view (view.getTag() is "feature-hint-overlay-dismiss" and view has effective visibility <VISIBLE>)
11-23 21:21:17.333 22610 22610 W [RNScreens]: backTitleVisible prop is not available on Android
11-23 21:21:17.333 22610 22610 W [RNScreens]: backTitleFontFamily prop is not available on Android
11-23 21:21:17.333 22610 22610 W [RNScreens]: disableBackButtonMenu prop is not available on Android
11-23 21:21:17.333 22610 22610 W [RNScreens]: largeTitleFontFamily prop is not available on Android
11-23 21:21:17.333 22610 22610 W [RNScreens]: topInsetEnabled prop is not available on Android
11-23 21:21:17.333 22610 22610 W [RNScreens]: largeTitleFontWeight prop is not available on Android
11-23 21:21:17.333 22610 22610 W [RNScreens]: largeTitleHideShadow prop is not available on Android
11-23 21:21:17.356 22610 22610 W [RNScreens]: backTitleVisible prop is not available on Android
11-23 21:21:17.356 22610 22610 W [RNScreens]: backTitleFontFamily prop is not available on Android
11-23 21:21:17.356 22610 22610 W [RNScreens]: disableBackButtonMenu prop is not available on Android
11-23 21:21:17.356 22610 22610 W [RNScreens]: largeTitleFontFamily prop is not available on Android
11-23 21:21:17.356 22610 22610 W [RNScreens]: topInsetEnabled prop is not available on Android
11-23 21:21:17.356 22610 22610 W [RNScreens]: largeTitleFontWeight prop is not available on Android
11-23 21:21:17.356 22610 22610 W [RNScreens]: largeTitleHideShadow prop is not available on Android
11-23 21:21:17.550 22610 22655 I DetoxActionHandlers: Test exception
11-23 21:21:17.550 22610 22655 I DetoxActionHandlers: java.lang.reflect.InvocationTargetException
11-23 21:21:17.550 22610 22655 I DetoxActionHandlers: 	at java.lang.reflect.Method.invoke(Native Method)
11-23 21:21:17.550 22610 22655 I DetoxActionHandlers: 	at org.apache.commons.lang3.reflect.MethodUtils.invokeStaticMethod(MethodUtils.java:443)
11-23 21:21:17.550 22610 22655 I DetoxActionHandlers: 	at org.apache.commons.lang3.reflect.MethodUtils.invokeStaticMethod(MethodUtils.java:405)
11-23 21:21:17.550 22610 22655 I DetoxActionHandlers: 	at com.wix.invoke.types.ClassTarget.execute(ClassTarget.java:23)
11-23 21:21:17.550 22610 22655 I DetoxActionHandlers: 	at com.wix.invoke.types.Target.invoke(Target.java:59)
11-23 21:21:17.550 22610 22655 I DetoxActionHandlers: 	at com.wix.invoke.MethodInvocation.invoke(MethodInvocation.java:35)
11-23 21:21:17.550 22610 22655 I DetoxActionHandlers: 	at com.wix.invoke.MethodInvocation.invoke(MethodInvocation.java:26)
11-23 21:21:17.550 22610 22655 I DetoxActionHandlers: 	at com.wix.invoke.MethodInvocation.invoke(MethodInvocation.java:20)
11-23 21:21:17.550 22610 22655 I DetoxActionHandlers: 	at com.wix.detox.adapters.server.InvokeActionHandler.handle(DetoxActionHandlers.kt:54)
11-23 21:21:17.550 22610 22655 I DetoxActionHandlers: 	at com.wix.detox.adapters.server.ActionsExecutor.executeAction$lambda$2$lambda$1(DetoxActionsDispatcher.kt:76)
11-23 21:21:17.550 22610 22655 I DetoxActionHandlers: 	at com.wix.detox.adapters.server.ActionsExecutor.$r8$lambda$GVbB7LHtBHxNHGbgYnHJ6YrwCqs(Unknown Source:0)
11-23 21:21:17.550 22610 22655 I DetoxActionHandlers: 	at com.wix.detox.adapters.server.ActionsExecutor$$ExternalSyntheticLambda0.run(D8$$SyntheticClass:0)
11-23 21:21:17.550 22610 22655 I DetoxActionHandlers: 	at android.os.Handler.handleCallback(Handler.java:995)
11-23 21:21:17.550 22610 22655 I DetoxActionHandlers: 	at android.os.Handler.dispatchMessage(Handler.java:103)
11-23 21:21:17.550 22610 22655 I DetoxActionHandlers: 	at android.os.Looper.loopOnce(Looper.java:273)
11-23 21:21:17.550 22610 22655 I DetoxActionHandlers: 	at android.os.Looper.loop(Looper.java:363)
11-23 21:21:17.550 22610 22655 I DetoxActionHandlers: 	at com.wix.detox.adapters.server.ActionsExecutor._init_$lambda$0(DetoxActionsDispatcher.kt:62)
11-23 21:21:17.550 22610 22655 I DetoxActionHandlers: 	at com.wix.detox.adapters.server.ActionsExecutor.$r8$lambda$xlgL0CQim6vNM0wWEqM8JIDgZUE(Unknown Source:0)
11-23 21:21:17.550 22610 22655 I DetoxActionHandlers: 	at com.wix.detox.adapters.server.ActionsExecutor$$ExternalSyntheticLambda1.run(D8$$SyntheticClass:0)
11-23 21:21:17.550 22610 22655 I DetoxActionHandlers: 	at java.lang.Thread.run(Thread.java:1119)
11-23 21:21:17.550 22610 22655 I DetoxActionHandlers: Caused by: com.wix.detox.common.DetoxErrors$DetoxRuntimeException: 3.0sec timeout expired without matching of given matcher: (view has effective visibility <VISIBLE> and view.getGlobalVisibleRect() covers at least <75> percent of the view's area)
11-23 21:21:17.550 22610 22655 I DetoxActionHandlers: 	at com.wix.detox.espresso.DetoxAssertion.waitForAssertMatcher(DetoxAssertion.java:72)
11-23 21:21:17.550 22610 22655 I DetoxActionHandlers: 	... 20 more
11-23 21:21:17.550 22610 22655 I DetoxWSClient: Sending out action 'testFailed' (ID #45)
11-23 21:21:17.551 22610 22655 I DetoxDispatcher: Done with action 'invoke'
11-23 21:21:17.561 22610 22659 D DetoxWSClient: Received action 'invoke' (ID #46, params={"target":{"type":"Class","value":"com.wix.detox.espresso.EspressoDetox"},"method":"perform","args":[{"type":"Invocation","value":{"target":{"type":"Class","value":"com.wix.detox.espresso.DetoxMatcher"},"method":"matcherForTestId","args":["tab-pantry",{"type":"boolean","value":false}]}},{"type":"Invocation","value":{"target":{"type":"Class","value":"com.wix.detox.espresso.DetoxViewActions"},"method":"click","args":[]}}]})
11-23 21:21:17.561 22610 22655 I DetoxDispatcher: Handling action 'invoke' (ID #46)...
11-23 21:21:17.562 22610 22655 D Detox   : class com.wix.detox.espresso.DetoxMatcher, matcherForTestId, [tab-pantry, false]
11-23 21:21:17.563 22610 22655 D Detox   : class com.wix.detox.espresso.DetoxViewActions, click, []
11-23 21:21:17.564 22610 22655 D Detox   : class com.wix.detox.espresso.EspressoDetox, perform, [(view.getTag() is "tab-pantry" and view has effective visibility <VISIBLE>), com.wix.detox.espresso.action.RNClickAction@79f55ad]
11-23 21:21:17.583 22610 22610 I ViewInteraction: Performing 'com.wix.detox.espresso.action.detoxsingletap@bc060e2 click' action on view (view.getTag() is "tab-pantry" and view has effective visibility <VISIBLE>)
11-23 21:21:17.598 22610 22610 I VRI[MainActivity]@8e53a52: ViewPostIme pointer 0
11-23 21:21:17.605 22610 22610 I VRI[MainActivity]@8e53a52: call setFrameRateCategory for touch hint category=high hint, reason=touch, vri=VRI[MainActivity]@8e53a52
11-23 21:21:17.626 22610 22610 I VRI[MainActivity]@8e53a52: ViewPostIme pointer 1
11-23 21:21:17.816 22610 23102 I ReactNativeJS: [ScreenTransition] PantryMain focused
11-23 21:21:17.820 22610 23102 I ReactNativeJS: [ScreenTransition] PantryMain mounted in 4.40ms
11-23 21:21:18.017 22610 23102 I ReactNativeJS: [ScreenTransition] PantryMain interactive in 200.97ms
11-23 21:21:18.294 22610 22655 I DetoxWSClient: Sending out action 'invokeResult' (ID #46)
11-23 21:21:18.295 22610 22655 I DetoxDispatcher: Done with action 'invoke'
11-23 21:21:18.299 22610 22659 D DetoxWSClient: Received action 'invoke' (ID #47, params={"target":{"type":"Class","value":"com.wix.detox.espresso.DetoxAssertion"},"method":"waitForAssertMatcher","args":[{"type":"Invocation","value":{"target":{"type":"Class","value":"androidx.test.espresso.Espresso"},"method":"onView","args":[{"type":"Invocation","value":{"target":{"type":"Class","value":"com.wix.detox.espresso.DetoxMatcher"},"method":"matcherForTestId","args":["pantry-screen",{"type":"boolean","value":false}]}}]}},{"type":"Invocation","value":{"target":{"type":"Class","value":"com.wix.detox.espresso.DetoxMatcher"},"method":"matcherForSufficientlyVisible","args":[{"type":"Integer","value":75}]}},{"type":"Double","value":5}]})
11-23 21:21:18.300 22610 22655 I DetoxDispatcher: Handling action 'invoke' (ID #47)...
11-23 21:21:18.300 22610 22655 D Detox   : class com.wix.detox.espresso.DetoxMatcher, matcherForTestId, [pantry-screen, false]
11-23 21:21:18.301 22610 22655 D Detox   : class androidx.test.espresso.Espresso, onView, [(view.getTag() is "pantry-screen" and view has effective visibility <VISIBLE>)]
11-23 21:21:18.303 22610 22655 D Detox   : class com.wix.detox.espresso.DetoxMatcher, matcherForSufficientlyVisible, [75]
11-23 21:21:18.304 22610 22655 D Detox   : class com.wix.detox.espresso.DetoxAssertion, waitForAssertMatcher, [androidx.test.espresso.ViewInteraction@1dc5778, (view has effective visibility <VISIBLE> and view.getGlobalVisibleRect() covers at least <75> percent of the view's area), 5.0]
11-23 21:21:18.307 22610 22610 I ViewInteraction: Checking 'MatchesViewAssertion(Detox){viewMatcher=(view has effective visibility <VISIBLE> and view.getGlobalVisibleRect() covers at least <75> percent of the view's area)}' assertion on view (view.getTag() is "pantry-screen" and view has effective visibility <VISIBLE>)
11-23 21:21:18.312 22610 22655 I DetoxWSClient: Sending out action 'invokeResult' (ID #47)
11-23 21:21:18.312 22610 22655 I DetoxDispatcher: Done with action 'invoke'
11-23 21:21:18.319 22610 22659 D DetoxWSClient: Received action 'invoke' (ID #48, params={"target":{"type":"Class","value":"com.wix.detox.espresso.DetoxAssertion"},"method":"waitForAssertMatcher","args":[{"type":"Invocation","value":{"target":{"type":"Class","value":"androidx.test.espresso.Espresso"},"method":"onView","args":[{"type":"Invocation","value":{"target":{"type":"Class","value":"com.wix.detox.espresso.DetoxMatcher"},"method":"matcherForTestId","args":["feature-hint-overlay-dismiss",{"type":"boolean","value":false}]}}]}},{"type":"Invocation","value":{"target":{"type":"Class","value":"com.wix.detox.espresso.DetoxMatcher"},"method":"matcherForSufficientlyVisible","args":[{"type":"Integer","value":75}]}},{"type":"Double","value":1}]})
11-23 21:21:18.320 22610 22655 I DetoxDispatcher: Handling action 'invoke' (ID #48)...
11-23 21:21:18.320 22610 22655 D Detox   : class com.wix.detox.espresso.DetoxMatcher, matcherForTestId, [feature-hint-overlay-dismiss, false]
11-23 21:21:18.321 22610 22655 D Detox   : class androidx.test.espresso.Espresso, onView, [(view.getTag() is "feature-hint-overlay-dismiss" and view has effective visibility <VISIBLE>)]
11-23 21:21:18.323 22610 22655 D Detox   : class com.wix.detox.espresso.DetoxMatcher, matcherForSufficientlyVisible, [75]
11-23 21:21:18.324 22610 22655 D Detox   : class com.wix.detox.espresso.DetoxAssertion, waitForAssertMatcher, [androidx.test.espresso.ViewInteraction@dca26b6, (view has effective visibility <VISIBLE> and view.getGlobalVisibleRect() covers at least <75> percent of the view's area), 1.0]
11-23 21:21:18.373 22610 23102 D Detox.RNMarker: REACT_BRIDGELESS_LOADING_END (null)
11-23 21:21:18.404 22610 23102 I ReactNativeJS: '%c🚀 ✅ QUERY GetDefaultHome 410ms', 'color: #22c55e; font-weight: bold'
11-23 21:21:18.700 22610 22610 I ViewInteraction: Checking 'MatchesViewAssertion(Detox){viewMatcher=(view has effective visibility <VISIBLE> and view.getGlobalVisibleRect() covers at least <75> percent of the view's area)}' assertion on view (view.getTag() is "feature-hint-overlay-dismiss" and view has effective visibility <VISIBLE>)
11-23 21:21:18.763 22610 22610 I ViewInteraction: Checking 'MatchesViewAssertion(Detox){viewMatcher=(view has effective visibility <VISIBLE> and view.getGlobalVisibleRect() covers at least <75> percent of the view's area)}' assertion on view (view.getTag() is "feature-hint-overlay-dismiss" and view has effective visibility <VISIBLE>)
11-23 21:21:18.801 22610 23102 I ReactNativeJS: '%c🚀 ✅ QUERY GetHomes 817ms', 'color: #22c55e; font-weight: bold'
11-23 21:21:18.810 22610 22610 I ViewInteraction: Checking 'MatchesViewAssertion(Detox){viewMatcher=(view has effective visibility <VISIBLE> and view.getGlobalVisibleRect() covers at least <75> percent of the view's area)}' assertion on view (view.getTag() is "feature-hint-overlay-dismiss" and view has effective visibility <VISIBLE>)
11-23 21:21:19.032 22610 22610 I ViewInteraction: Checking 'MatchesViewAssertion(Detox){viewMatcher=(view has effective visibility <VISIBLE> and view.getGlobalVisibleRect() covers at least <75> percent of the view's area)}' assertion on view (view.getTag() is "feature-hint-overlay-dismiss" and view has effective visibility <VISIBLE>)
11-23 21:21:19.089 22610 23102 I ReactNativeJS: '%c🚀 ⚠️ QUERY GetHomeBasic 1086ms', 'color: #f59e0b; font-weight: bold'
11-23 21:21:19.100 22610 22610 I ViewInteraction: Checking 'MatchesViewAssertion(Detox){viewMatcher=(view has effective visibility <VISIBLE> and view.getGlobalVisibleRect() covers at least <75> percent of the view's area)}' assertion on view (view.getTag() is "feature-hint-overlay-dismiss" and view has effective visibility <VISIBLE>)
11-23 21:21:19.112 22610 23102 I ReactNativeJS: '   📤 Variables:', { homeId: '691f7d5e3c9c067fb5562608' }
11-23 21:21:19.315 22610 22610 I ViewInteraction: Checking 'MatchesViewAssertion(Detox){viewMatcher=(view has effective visibility <VISIBLE> and view.getGlobalVisibleRect() covers at least <75> percent of the view's area)}' assertion on view (view.getTag() is "feature-hint-overlay-dismiss" and view has effective visibility <VISIBLE>)
11-23 21:21:19.340 22610 22655 I DetoxActionHandlers: Test exception
11-23 21:21:19.340 22610 22655 I DetoxActionHandlers: java.lang.reflect.InvocationTargetException
11-23 21:21:19.340 22610 22655 I DetoxActionHandlers: 	at java.lang.reflect.Method.invoke(Native Method)
11-23 21:21:19.340 22610 22655 I DetoxActionHandlers: 	at org.apache.commons.lang3.reflect.MethodUtils.invokeStaticMethod(MethodUtils.java:443)
11-23 21:21:19.340 22610 22655 I DetoxActionHandlers: 	at org.apache.commons.lang3.reflect.MethodUtils.invokeStaticMethod(MethodUtils.java:405)
11-23 21:21:19.340 22610 22655 I DetoxActionHandlers: 	at com.wix.invoke.types.ClassTarget.execute(ClassTarget.java:23)
11-23 21:21:19.340 22610 22655 I DetoxActionHandlers: 	at com.wix.invoke.types.Target.invoke(Target.java:59)
11-23 21:21:19.340 22610 22655 I DetoxActionHandlers: 	at com.wix.invoke.MethodInvocation.invoke(MethodInvocation.java:35)
11-23 21:21:19.340 22610 22655 I DetoxActionHandlers: 	at com.wix.invoke.MethodInvocation.invoke(MethodInvocation.java:26)
11-23 21:21:19.340 22610 22655 I DetoxActionHandlers: 	at com.wix.invoke.MethodInvocation.invoke(MethodInvocation.java:20)
11-23 21:21:19.340 22610 22655 I DetoxActionHandlers: 	at com.wix.detox.adapters.server.InvokeActionHandler.handle(DetoxActionHandlers.kt:54)
11-23 21:21:19.340 22610 22655 I DetoxActionHandlers: 	at com.wix.detox.adapters.server.ActionsExecutor.executeAction$lambda$2$lambda$1(DetoxActionsDispatcher.kt:76)
11-23 21:21:19.340 22610 22655 I DetoxActionHandlers: 	at com.wix.detox.adapters.server.ActionsExecutor.$r8$lambda$GVbB7LHtBHxNHGbgYnHJ6YrwCqs(Unknown Source:0)
11-23 21:21:19.340 22610 22655 I DetoxActionHandlers: 	at com.wix.detox.adapters.server.ActionsExecutor$$ExternalSyntheticLambda0.run(D8$$SyntheticClass:0)
11-23 21:21:19.340 22610 22655 I DetoxActionHandlers: 	at android.os.Handler.handleCallback(Handler.java:995)
11-23 21:21:19.340 22610 22655 I DetoxActionHandlers: 	at android.os.Handler.dispatchMessage(Handler.java:103)
11-23 21:21:19.340 22610 22655 I DetoxActionHandlers: 	at android.os.Looper.loopOnce(Looper.java:273)
11-23 21:21:19.340 22610 22655 I DetoxActionHandlers: 	at android.os.Looper.loop(Looper.java:363)
11-23 21:21:19.340 22610 22655 I DetoxActionHandlers: 	at com.wix.detox.adapters.server.ActionsExecutor._init_$lambda$0(DetoxActionsDispatcher.kt:62)
11-23 21:21:19.340 22610 22655 I DetoxActionHandlers: 	at com.wix.detox.adapters.server.ActionsExecutor.$r8$lambda$xlgL0CQim6vNM0wWEqM8JIDgZUE(Unknown Source:0)
11-23 21:21:19.340 22610 22655 I DetoxActionHandlers: 	at com.wix.detox.adapters.server.ActionsExecutor$$ExternalSyntheticLambda1.run(D8$$SyntheticClass:0)
11-23 21:21:19.340 22610 22655 I DetoxActionHandlers: 	at java.lang.Thread.run(Thread.java:1119)
11-23 21:21:19.340 22610 22655 I DetoxActionHandlers: Caused by: com.wix.detox.common.DetoxErrors$DetoxRuntimeException: 1.0sec timeout expired without matching of given matcher: (view has effective visibility <VISIBLE> and view.getGlobalVisibleRect() covers at least <75> percent of the view's area)
11-23 21:21:19.340 22610 22655 I DetoxActionHandlers: 	at com.wix.detox.espresso.DetoxAssertion.waitForAssertMatcher(DetoxAssertion.java:72)
11-23 21:21:19.340 22610 22655 I DetoxActionHandlers: 	... 20 more
11-23 21:21:19.340 22610 22655 I DetoxWSClient: Sending out action 'testFailed' (ID #48)
11-23 21:21:19.341 22610 22655 I DetoxDispatcher: Done with action 'invoke'
11-23 21:21:19.345 22610 22659 D DetoxWSClient: Received action 'invoke' (ID #49, params={"target":{"type":"Class","value":"com.wix.detox.espresso.DetoxAssertion"},"method":"waitForAssertMatcher","args":[{"type":"Invocation","value":{"target":{"type":"Class","value":"androidx.test.espresso.Espresso"},"method":"onView","args":[{"type":"Invocation","value":{"target":{"type":"Class","value":"com.wix.detox.espresso.DetoxMatcher"},"method":"matcherForTestId","args":["pantry-add-button",{"type":"boolean","value":false}]}}]}},{"type":"Invocation","value":{"target":{"type":"Class","value":"com.wix.detox.espresso.DetoxMatcher"},"method":"matcherForSufficientlyVisible","args":[{"type":"Integer","value":75}]}},{"type":"Double","value":5}]})
11-23 21:21:19.346 22610 22655 I DetoxDispatcher: Handling action 'invoke' (ID #49)...
11-23 21:21:19.346 22610 22655 D Detox   : class com.wix.detox.espresso.DetoxMatcher, matcherForTestId, [pantry-add-button, false]
11-23 21:21:19.347 22610 22655 D Detox   : class androidx.test.espresso.Espresso, onView, [(view.getTag() is "pantry-add-button" and view has effective visibility <VISIBLE>)]
11-23 21:21:19.349 22610 22655 D Detox   : class com.wix.detox.espresso.DetoxMatcher, matcherForSufficientlyVisible, [75]
11-23 21:21:19.350 22610 22655 D Detox   : class com.wix.detox.espresso.DetoxAssertion, waitForAssertMatcher, [androidx.test.espresso.ViewInteraction@3e86c4e, (view has effective visibility <VISIBLE> and view.getGlobalVisibleRect() covers at least <75> percent of the view's area), 5.0]
11-23 21:21:19.354 22610 22610 I ViewInteraction: Checking 'MatchesViewAssertion(Detox){viewMatcher=(view has effective visibility <VISIBLE> and view.getGlobalVisibleRect() covers at least <75> percent of the view's area)}' assertion on view (view.getTag() is "pantry-add-button" and view has effective visibility <VISIBLE>)
11-23 21:21:19.359 22610 22655 I DetoxWSClient: Sending out action 'invokeResult' (ID #49)
11-23 21:21:19.359 22610 22655 I DetoxDispatcher: Done with action 'invoke'
11-23 21:21:19.362 22610 22659 D DetoxWSClient: Received action 'invoke' (ID #50, params={"target":{"type":"Class","value":"com.wix.detox.espresso.EspressoDetox"},"method":"perform","args":[{"type":"Invocation","value":{"target":{"type":"Class","value":"com.wix.detox.espresso.DetoxMatcher"},"method":"matcherForTestId","args":["pantry-add-button",{"type":"boolean","value":false}]}},{"type":"Invocation","value":{"target":{"type":"Class","value":"com.wix.detox.espresso.DetoxViewActions"},"method":"click","args":[]}}]})
11-23 21:21:19.362 22610 22655 I DetoxDispatcher: Handling action 'invoke' (ID #50)...
11-23 21:21:19.362 22610 22655 D Detox   : class com.wix.detox.espresso.DetoxMatcher, matcherForTestId, [pantry-add-button, false]
11-23 21:21:19.363 22610 22655 D Detox   : class com.wix.detox.espresso.DetoxViewActions, click, []
11-23 21:21:19.363 22610 22655 D Detox   : class com.wix.detox.espresso.EspressoDetox, perform, [(view.getTag() is "pantry-add-button" and view has effective visibility <VISIBLE>), com.wix.detox.espresso.action.RNClickAction@d4a116f]
11-23 21:21:19.365 22610 23102 I ReactNativeJS: '%c🚀 ⚠️ QUERY GetPantry 1359ms', 'color: #f59e0b; font-weight: bold'
11-23 21:21:19.366 22610 23102 I ReactNativeJS: '   📤 Variables:', { itemsFirst: 25,
11-23 21:21:19.366 22610 23102 I ReactNativeJS:   storageLocationsFirst: 50,
11-23 21:21:19.366 22610 23102 I ReactNativeJS:   id: '691f7d5e3c9c067fb556260b' }
11-23 21:21:19.631 22610 22610 D ScrollView: initGoToTop
11-23 21:21:19.665 22610 22610 I ViewInteraction: Performing 'com.wix.detox.espresso.action.detoxsingletap@4b36e7c click' action on view (view.getTag() is "pantry-add-button" and view has effective visibility <VISIBLE>)
11-23 21:21:19.671 22610 22610 I VRI[MainActivity]@8e53a52: ViewPostIme pointer 0
11-23 21:21:19.737 22610 22610 I VRI[MainActivity]@8e53a52: ViewPostIme pointer 1
11-23 21:21:20.367 22610 22610 D ScrollView: initGoToTop
11-23 21:21:20.371 22610 22610 W [RNScreens]: backTitleVisible prop is not available on Android
11-23 21:21:20.371 22610 22610 W [RNScreens]: backTitleFontFamily prop is not available on Android
11-23 21:21:20.371 22610 22610 W [RNScreens]: disableBackButtonMenu prop is not available on Android
11-23 21:21:20.371 22610 22610 W [RNScreens]: largeTitleFontFamily prop is not available on Android
11-23 21:21:20.371 22610 22610 W [RNScreens]: topInsetEnabled prop is not available on Android
11-23 21:21:20.372 22610 22610 W [RNScreens]: largeTitleFontWeight prop is not available on Android
11-23 21:21:20.372 22610 22610 W [RNScreens]: largeTitleHideShadow prop is not available on Android
11-23 21:21:20.528 22610 22610 D AutofillManager: view not autofillable - has multiline input type
11-23 21:21:20.528 22610 22610 D AutofillManager: view not autofillable - has multiline input type
11-23 21:21:20.535 22610 22610 D AutofillManager: view not autofillable - has multiline input type
11-23 21:21:20.538 22610 22610 D AutofillManager: view not autofillable - has multiline input type
11-23 21:21:20.854 22610 23102 I ReactNativeJS: 💾 Cache: Persisted cache (14 KB)
11-23 21:21:20.986 22610 23102 I ReactNativeJS: '%c🚀 ✅ QUERY GetHomes 159ms', 'color: #22c55e; font-weight: bold'
11-23 21:21:21.209 22610 23102 I ReactNativeJS: '%c🚀 ✅ QUERY GetDefaultHome 374ms', 'color: #22c55e; font-weight: bold'
11-23 21:21:21.359 22610 23102 I ReactNativeJS: '%c🚀 ✅ QUERY GetHome 516ms', 'color: #22c55e; font-weight: bold'
11-23 21:21:21.360 22610 23102 I ReactNativeJS: '   📤 Variables:', { homeId: '691f7d5e3c9c067fb5562608' }
11-23 21:21:21.663 22610 22655 I DetoxWSClient: Sending out action 'invokeResult' (ID #50)
11-23 21:21:21.664 22610 22655 I DetoxDispatcher: Done with action 'invoke'
11-23 21:21:21.668 22610 22659 D DetoxWSClient: Received action 'invoke' (ID #51, params={"target":{"type":"Class","value":"com.wix.detox.espresso.DetoxAssertion"},"method":"waitForAssertMatcher","args":[{"type":"Invocation","value":{"target":{"type":"Class","value":"androidx.test.espresso.Espresso"},"method":"onView","args":[{"type":"Invocation","value":{"target":{"type":"Class","value":"com.wix.detox.espresso.DetoxMatcher"},"method":"matcherForTestId","args":["add-pantry-item-modal",{"type":"boolean","value":false}]}}]}},{"type":"Invocation","value":{"target":{"type":"Class","value":"com.wix.detox.espresso.DetoxMatcher"},"method":"matcherForSufficientlyVisible","args":[{"type":"Integer","value":75}]}},{"type":"Double","value":3}]})
11-23 21:21:21.668 22610 22655 I DetoxDispatcher: Handling action 'invoke' (ID #51)...
11-23 21:21:21.669 22610 22655 D Detox   : class com.wix.detox.espresso.DetoxMatcher, matcherForTestId, [add-pantry-item-modal, false]
11-23 21:21:21.670 22610 22655 D Detox   : class androidx.test.espresso.Espresso, onView, [(view.getTag() is "add-pantry-item-modal" and view has effective visibility <VISIBLE>)]
11-23 21:21:21.671 22610 22655 D Detox   : class com.wix.detox.espresso.DetoxMatcher, matcherForSufficientlyVisible, [75]
11-23 21:21:21.672 22610 22655 D Detox   : class com.wix.detox.espresso.DetoxAssertion, waitForAssertMatcher, [androidx.test.espresso.ViewInteraction@7288851, (view has effective visibility <VISIBLE> and view.getGlobalVisibleRect() covers at least <75> percent of the view's area), 3.0]
11-23 21:21:21.675 22610 22610 I ViewInteraction: Checking 'MatchesViewAssertion(Detox){viewMatcher=(view has effective visibility <VISIBLE> and view.getGlobalVisibleRect() covers at least <75> percent of the view's area)}' assertion on view (view.getTag() is "add-pantry-item-modal" and view has effective visibility <VISIBLE>)
11-23 21:21:21.680 22610 22655 I DetoxWSClient: Sending out action 'invokeResult' (ID #51)
11-23 21:21:21.680 22610 22655 I DetoxDispatcher: Done with action 'invoke'
11-23 21:21:21.684 22610 22659 D DetoxWSClient: Received action 'invoke' (ID #52, params={"target":{"type":"Class","value":"com.wix.detox.espresso.EspressoDetox"},"method":"perform","args":[{"type":"Invocation","value":{"target":{"type":"Class","value":"com.wix.detox.espresso.DetoxMatcher"},"method":"matcherForTestId","args":["add-pantry-item-name-input",{"type":"boolean","value":false}]}},{"type":"Invocation","value":{"target":{"type":"Class","value":"androidx.test.espresso.action.ViewActions"},"method":"clearText","args":[]}}]})
11-23 21:21:21.684 22610 22655 I DetoxDispatcher: Handling action 'invoke' (ID #52)...
11-23 21:21:21.685 22610 22655 D Detox   : class com.wix.detox.espresso.DetoxMatcher, matcherForTestId, [add-pantry-item-name-input, false]
11-23 21:21:21.685 22610 22655 D Detox   : class androidx.test.espresso.action.ViewActions, clearText, []
11-23 21:21:21.686 22610 22655 D Detox   : class com.wix.detox.espresso.EspressoDetox, perform, [(view.getTag() is "add-pantry-item-name-input" and view has effective visibility <VISIBLE>), androidx.test.espresso.action.ReplaceTextAction@abeb9b7]
11-23 21:21:21.689 22610 22610 I ViewInteraction: Performing 'replace text()' action on view (view.getTag() is "add-pantry-item-name-input" and view has effective visibility <VISIBLE>)
11-23 21:21:21.700 22610 22655 I DetoxWSClient: Sending out action 'invokeResult' (ID #52)
11-23 21:21:21.701 22610 22655 I DetoxDispatcher: Done with action 'invoke'
11-23 21:21:21.705 22610 22659 D DetoxWSClient: Received action 'invoke' (ID #53, params={"target":{"type":"Class","value":"com.wix.detox.espresso.EspressoDetox"},"method":"perform","args":[{"type":"Invocation","value":{"target":{"type":"Class","value":"com.wix.detox.espresso.DetoxMatcher"},"method":"matcherForTestId","args":["add-pantry-item-name-input",{"type":"boolean","value":false}]}},{"type":"Invocation","value":{"target":{"type":"Class","value":"com.wix.detox.espresso.DetoxViewActions"},"method":"typeText","args":["E2E Pantry Item 1763950878181"]}}]})
11-23 21:21:21.706 22610 22655 I DetoxDispatcher: Handling action 'invoke' (ID #53)...
11-23 21:21:21.706 22610 22655 D Detox   : class com.wix.detox.espresso.DetoxMatcher, matcherForTestId, [add-pantry-item-name-input, false]
11-23 21:21:21.707 22610 22655 D Detox   : class com.wix.detox.espresso.DetoxViewActions, typeText, [E2E Pantry Item 1763950878181]
11-23 21:21:21.707 22610 22655 D Detox   : class com.wix.detox.espresso.EspressoDetox, perform, [(view.getTag() is "add-pantry-item-name-input" and view has effective visibility <VISIBLE>), com.wix.detox.espresso.action.DetoxTypeTextAction@ab5f97]
11-23 21:21:21.774 22610 23102 I ReactNativeJS: '%c🚀 ✅ QUERY GetPantry 90ms', 'color: #22c55e; font-weight: bold'
11-23 21:21:21.778 22610 23102 I ReactNativeJS: '   📤 Variables:', { itemsFirst: 25,
11-23 21:21:21.778 22610 23102 I ReactNativeJS:   storageLocationsFirst: 50,
11-23 21:21:21.778 22610 23102 I ReactNativeJS:   id: '691f7d5e3c9c067fb556260b' }
11-23 21:21:21.971 22610 22610 I ViewInteraction: Performing 'Click to focus & type text (E2E Pantry Item 1763950878181)' action on view (view.getTag() is "add-pantry-item-name-input" and view has effective visibility <VISIBLE>)
11-23 21:21:21.985 22610 22610 I VRI[MainActivity]@8e53a52: ViewPostIme pointer 0
11-23 21:21:22.029 22610 22610 I VRI[MainActivity]@8e53a52: ViewPostIme pointer 1
11-23 21:21:22.037 22610 22610 D InputMethodManagerUtils: startInputInner - Id : 0
11-23 21:21:22.037 22610 22610 I InputMethodManager: startInputInner - IInputMethodManagerGlobalInvoker.startInputOrWindowGainedFocus
11-23 21:21:22.040 22610 22610 I AutofillManager: showAutofillDialog() return false due to improve fill dialog
11-23 21:21:22.040 22610 22610 I InputMethodManager_LC: showSoftInput(View,I)
11-23 21:21:22.042 22610 22610 I ImeTracker: dev.souschef.app:4972a779: onRequestShow at ORIGIN_CLIENT reason SHOW_SOFT_INPUT fromUser true
11-23 21:21:22.042 22610 22610 I InputMethodManager_LC: ssi(): flags=0 view=dev.souschef.app reason=SHOW_SOFT_INPUT
11-23 21:21:22.042 22610 22610 D InsetsController: show(ime(), fromIme=false)
--------- beginning of system
11-23 21:21:22.043 22610 22610 D InsetsController: Setting requestedVisibleTypes to -1 (was -9)
11-23 21:21:22.043 22610 22610 I InsetsController: setRequestedVisibleTypes: visible=true, mask=ime, host=dev.souschef.app/dev.souschef.app.MainActivity, from=android.view.InsetsController.controlAnimationUnchecked:1604 android.view.InsetsController.applyAnimation:2416 android.view.InsetsController.applyAnimation:2343 android.view.InsetsController.show:1422 android.view.inputmethod.InputMethodManager.showSoftInput:2659 android.view.inputmethod.InputMethodManager.showSoftInput:2571 android.view.inputmethod.InputMethodManager.showSoftInput:2563 android.view.inputmethod.InputMethodManager.showSoftInput:2491 android.widget.TextView.onTouchEvent:14078 com.facebook.react.views.textinput.ReactEditText.onTouchEvent:323 
11-23 21:21:22.048 22610 22620 D InputTransport: Input channel constructed: 'ClientS', fd=187
11-23 21:21:22.062 22610 23102 I ReactNativeJS: 💾 Cache: Persisted cache (14 KB)
11-23 21:21:22.072 22610 22610 I InputMethodManager_LC: showSoftInput(View,I)
11-23 21:21:22.073 22610 22610 I ImeTracker: dev.souschef.app:fb739a5c: onRequestShow at ORIGIN_CLIENT reason SHOW_SOFT_INPUT fromUser false
11-23 21:21:22.073 22610 22610 I InputMethodManager_LC: ssi(): flags=0 view=dev.souschef.app reason=SHOW_SOFT_INPUT
11-23 21:21:22.074 22610 22610 D InsetsController: show(ime(), fromIme=false)
11-23 21:21:22.074 22610 22610 I ImeTracker: dev.souschef.app:fb739a5c: onCancelled at PHASE_CLIENT_REPORT_REQUESTED_VISIBLE_TYPES
11-23 21:21:22.077 22610 22610 I VRI[MainActivity]@8e53a52: handleResized, frames=ClientWindowFrames{frame=[0,0][1440,3088] display=[0,0][1440,3088] parentFrame=[0,0][0,0]} displayId=0 dragResizing=false compatScale=1.0 frameChanged=false attachedFrameChanged=false configChanged=false displayChanged=false compatScaleChanged=false dragResizingChanged=false
11-23 21:21:22.185 22610 22610 I InsetsController: onStateChanged: host=dev.souschef.app/dev.souschef.app.MainActivity, from=android.view.ViewRootImpl.onInsetsStateChanged:3026, state=InsetsState: {mDisplayFrame=Rect(0, 0 - 1440, 3088), mDisplayCutout=DisplayCutout{insets=Rect(0, 100 - 0, 0) waterfall=Insets{left=0, top=0, right=0, bottom=0} boundingRect={Bounds=[Rect(0, 0 - 0, 0), Rect(683, 0 - 758, 100), Rect(0, 0 - 0, 0), Rect(0, 0 - 0, 0)]} cutoutPathParserInfo={CutoutPathParserInfo{displayWidth=1440 displayHeight=3088 physicalDisplayWidth=1440 physicalDisplayHeight=3088 density={3.75} cutoutSpec={M 0,0 H -10 V 26.66666666666667 H 10 V 0 H 0 Z @dp} rotation={0} scale={1.0} physicalPixelDisplaySizeRatio={1.0}}} sideOverrides={}}, mRoundedCorners=RoundedCorners{[RoundedCorner{position=TopLeft, radius=15, center=Point(15, 15)}, RoundedCorner{position=TopRight, radius=15, center=Point(1425, 15)}, RoundedCorner{position=BottomRight, radius=15, center=Point(1425, 3073)}, RoundedCorner{position=BottomLeft, radius=15, center=Point(15, 3073)}]}  mRoundedCornerFrame=Rect(0, 0 - 1440, 3088), mPrivacyIndicatorBounds=PrivacyIndicatorBounds {static bounds=Rect(1275, 0 - 1440, 100) rotation=0}, mDisplayShape=DisplayShape{ spec=-311912193 displayWidth=1440 displayHeight=3088 physicalPixelDisplaySizeRatio=1.0 rotation=0 offsetX=0 offsetY=0 scale=1.0}, mSources= { InsetsSource: {b11d0001 mType=navigationBars mFrame=[0,3032][1440,3088] mVisible=true mFlags=SUPPRESS_SCRIM mSideHint=BOTTOM mBoundingRects=null}, InsetsSource: {b11d0004 mType=systemGestures mFrame=[0,0][84,3088] mVisible=true mFlags= mSideHint=LEFT mBoundingRects=null}, InsetsSource: {b11d0005 mType=mandatorySystemGestures mFrame=[0,2968][1440,3088] mVisible=true mFlags= mSideHint=BOTTOM mBoundingRects=null}, InsetsSource: {b11d0006 mType=tappableElement mFrame=[0,0][0,0] mVisible=true mFlags= mSideHint=NONE mBoundingRects=null}, InsetsSource: {b11d0024 mType=systemGestures mFrame=[1356,0][1440,3088] mVisible=true mFlags= mSideHint=RIGHT mBoundingRects=null}, InsetsSource: {ecac0000 mType=statusBars mFrame=[0,0][1440,100] mVisible=true mFlags= mSideHint=TOP mBoundingRects=null}, InsetsSource: {ecac0005 mType=mandatorySystemGestures mFrame=[0,0][1440,145] mVisible=true mFlags= mSideHint=TOP mBoundingRects=null}, InsetsSource: {ecac0006 mType=tappableElement mFrame=[0,0][1440,100] mVisible=true mFlags= mSideHint=TOP mBoundingRects=null}, InsetsSource: {3 mType=ime mFrame=[0,0][0,0] mVisible=false mFlags= mSideHint=NONE mBoundingRects=null}, InsetsSource: {27 mType=displayCutout mFrame=[0,0][1440,100] mVisible=true mFlags= mSideHint=TOP mBoundingRects=null} }
11-23 21:21:22.186 22610 22610 I VRI[MainActivity]@8e53a52: handleResized, frames=ClientWindowFrames{frame=[0,0][1440,3088] display=[0,0][1440,3088] parentFrame=[0,0][0,0]} displayId=0 dragResizing=false compatScale=1.0 frameChanged=false attachedFrameChanged=false configChanged=false displayChanged=false compatScaleChanged=false dragResizingChanged=false
11-23 21:21:22.229 22610 22610 I InsetsController: onStateChanged: host=dev.souschef.app/dev.souschef.app.MainActivity, from=android.view.ViewRootImpl.onInsetsStateChanged:3026, state=InsetsState: {mDisplayFrame=Rect(0, 0 - 1440, 3088), mDisplayCutout=DisplayCutout{insets=Rect(0, 100 - 0, 0) waterfall=Insets{left=0, top=0, right=0, bottom=0} boundingRect={Bounds=[Rect(0, 0 - 0, 0), Rect(683, 0 - 758, 100), Rect(0, 0 - 0, 0), Rect(0, 0 - 0, 0)]} cutoutPathParserInfo={CutoutPathParserInfo{displayWidth=1440 displayHeight=3088 physicalDisplayWidth=1440 physicalDisplayHeight=3088 density={3.75} cutoutSpec={M 0,0 H -10 V 26.66666666666667 H 10 V 0 H 0 Z @dp} rotation={0} scale={1.0} physicalPixelDisplaySizeRatio={1.0}}} sideOverrides={}}, mRoundedCorners=RoundedCorners{[RoundedCorner{position=TopLeft, radius=15, center=Point(15, 15)}, RoundedCorner{position=TopRight, radius=15, center=Point(1425, 15)}, RoundedCorner{position=BottomRight, radius=15, center=Point(1425, 3073)}, RoundedCorner{position=BottomLeft, radius=15, center=Point(15, 3073)}]}  mRoundedCornerFrame=Rect(0, 0 - 1440, 3088), mPrivacyIndicatorBounds=PrivacyIndicatorBounds {static bounds=Rect(1275, 0 - 1440, 100) rotation=0}, mDisplayShape=DisplayShape{ spec=-311912193 displayWidth=1440 displayHeight=3088 physicalPixelDisplaySizeRatio=1.0 rotation=0 offsetX=0 offsetY=0 scale=1.0}, mSources= { InsetsSource: {b11d0001 mType=navigationBars mFrame=[0,3032][1440,3088] mVisible=true mFlags=SUPPRESS_SCRIM mSideHint=BOTTOM mBoundingRects=null}, InsetsSource: {b11d0004 mType=systemGestures mFrame=[0,0][84,3088] mVisible=true mFlags= mSideHint=LEFT mBoundingRects=null}, InsetsSource: {b11d0005 mType=mandatorySystemGestures mFrame=[0,2968][1440,3088] mVisible=true mFlags= mSideHint=BOTTOM mBoundingRects=null}, InsetsSource: {b11d0006 mType=tappableElement mFrame=[0,0][0,0] mVisible=true mFlags= mSideHint=NONE mBoundingRects=null}, InsetsSource: {b11d0024 mType=systemGestures mFrame=[1356,0][1440,3088] mVisible=true mFlags= mSideHint=RIGHT mBoundingRects=null}, InsetsSource: {ecac0000 mType=statusBars mFrame=[0,0][1440,100] mVisible=true mFlags= mSideHint=TOP mBoundingRects=null}, InsetsSource: {ecac0005 mType=mandatorySystemGestures mFrame=[0,0][1440,145] mVisible=true mFlags= mSideHint=TOP mBoundingRects=null}, InsetsSource: {ecac0006 mType=tappableElement mFrame=[0,0][1440,100] mVisible=true mFlags= mSideHint=TOP mBoundingRects=null}, InsetsSource: {3 mType=ime mFrame=[0,2076][1440,3088] mVisible=true mFlags= mSideHint=BOTTOM mBoundingRects=null}, InsetsSource: {27 mType=displayCutout mFrame=[0,0][1440,100] mVisible=true mFlags= mSideHint=TOP mBoundingRects=null} }
11-23 21:21:22.229 22610 22610 I VRI[MainActivity]@8e53a52: handleResized, frames=ClientWindowFrames{frame=[0,0][1440,3088] display=[0,0][1440,3088] parentFrame=[0,0][0,0]} displayId=0 dragResizing=false compatScale=1.0 frameChanged=false attachedFrameChanged=false configChanged=false displayChanged=false compatScaleChanged=false dragResizingChanged=false
11-23 21:21:22.243 22610 22610 I InsetsController: onStateChanged: host=dev.souschef.app/dev.souschef.app.MainActivity, from=android.view.ViewRootImpl.onInsetsStateChanged:3026, state=InsetsState: {mDisplayFrame=Rect(0, 0 - 1440, 3088), mDisplayCutout=DisplayCutout{insets=Rect(0, 100 - 0, 0) waterfall=Insets{left=0, top=0, right=0, bottom=0} boundingRect={Bounds=[Rect(0, 0 - 0, 0), Rect(683, 0 - 758, 100), Rect(0, 0 - 0, 0), Rect(0, 0 - 0, 0)]} cutoutPathParserInfo={CutoutPathParserInfo{displayWidth=1440 displayHeight=3088 physicalDisplayWidth=1440 physicalDisplayHeight=3088 density={3.75} cutoutSpec={M 0,0 H -10 V 26.66666666666667 H 10 V 0 H 0 Z @dp} rotation={0} scale={1.0} physicalPixelDisplaySizeRatio={1.0}}} sideOverrides={}}, mRoundedCorners=RoundedCorners{[RoundedCorner{position=TopLeft, radius=15, center=Point(15, 15)}, RoundedCorner{position=TopRight, radius=15, center=Point(1425, 15)}, RoundedCorner{position=BottomRight, radius=15, center=Point(1425, 3073)}, RoundedCorner{position=BottomLeft, radius=15, center=Point(15, 3073)}]}  mRoundedCornerFrame=Rect(0, 0 - 1440, 3088), mPrivacyIndicatorBounds=PrivacyIndicatorBounds {static bounds=Rect(1275, 0 - 1440, 100) rotation=0}, mDisplayShape=DisplayShape{ spec=-311912193 displayWidth=1440 displayHeight=3088 physicalPixelDisplaySizeRatio=1.0 rotation=0 offsetX=0 offsetY=0 scale=1.0}, mSources= { InsetsSource: {b11d0001 mType=navigationBars mFrame=[0,3032][1440,3088] mVisible=true mFlags=SUPPRESS_SCRIM mSideHint=BOTTOM mBoundingRects=null}, InsetsSource: {b11d0004 mType=systemGestures mFrame=[0,0][84,3088] mVisible=true mFlags= mSideHint=LEFT mBoundingRects=null}, InsetsSource: {b11d0005 mType=mandatorySystemGestures mFrame=[0,2968][1440,3088] mVisible=true mFlags= mSideHint=BOTTOM mBoundingRects=null}, InsetsSource: {b11d0006 mType=tappableElement mFrame=[0,0][0,0] mVisible=true mFlags= mSideHint=NONE mBoundingRects=null}, InsetsSource: {b11d0024 mType=systemGestures mFrame=[1356,0][1440,3088] mVisible=true mFlags= mSideHint=RIGHT mBoundingRects=null}, InsetsSource: {ecac0000 mType=statusBars mFrame=[0,0][1440,100] mVisible=true mFlags= mSideHint=TOP mBoundingRects=null}, InsetsSource: {ecac0005 mType=mandatorySystemGestures mFrame=[0,0][1440,145] mVisible=true mFlags= mSideHint=TOP mBoundingRects=null}, InsetsSource: {ecac0006 mType=tappableElement mFrame=[0,0][1440,100] mVisible=true mFlags= mSideHint=TOP mBoundingRects=null}, InsetsSource: {3 mType=ime mFrame=[0,2076][1440,3088] mVisible=true mFlags= mSideHint=BOTTOM mBoundingRects=null}, InsetsSource: {27 mType=displayCutout mFrame=[0,0][1440,100] mVisible=true mFlags= mSideHint=TOP mBoundingRects=null} }
11-23 21:21:22.244 22610 22610 I InsetsController: controlAnimationUncheckedInner: Added types=ime, animType=0, host=dev.souschef.app/dev.souschef.app.MainActivity, from=android.view.InsetsController.controlAnimationUnchecked:1608 android.view.InsetsController.applyAnimation:2416 android.view.InsetsController.applyAnimation:2343 
11-23 21:21:22.253 22610 22610 I BLASTBufferQueue_Java: update, w= 1440 h= 3088 mName = VRI[MainActivity]@8e53a52 mNativeObject= 0xb400007adda683b0 sc.mNativeObject= 0xb400007b7da38150 format= -1 caller= android.view.ViewRootImpl.updateBlastSurfaceIfNeeded:3574 android.view.ViewRootImpl.relayoutWindow:11685 android.view.ViewRootImpl.performTraversals:4804 android.view.ViewRootImpl.doTraversal:3924 android.view.ViewRootImpl$TraversalRunnable.run:12903 android.view.Choreographer$CallbackRecord.run:1901 
11-23 21:21:22.254 22610 22610 I VRI[MainActivity]@8e53a52: Relayout returned: old=(0,0,1440,3088) new=(0,0,1440,3088) relayoutAsync=true req=(1440,3088)0 dur=0 res=0x0 s={true 0xb400007beda54050} ch=false seqId=0
11-23 21:21:22.260 22610 22610 I VRI[MainActivity]@8e53a52: registerCallbackForPendingTransactions
11-23 21:21:22.262 22610 22687 I VRI[MainActivity]@8e53a52: mWNT: t=0xb400007c8dc87950 mBlastBufferQueue=0xb400007adda683b0 fn= 813 HdrRenderState mRenderHdrSdrRatio=1.0 caller= android.view.SyncRtSurfaceTransactionApplier.applyTransaction:100 android.view.SyncRtSurfaceTransactionApplier.lambda$scheduleApply$0:73 android.view.SyncRtSurfaceTransactionApplier.$r8$lambda$afI4fXg3U3-nBZQEDQMiNy-B06s:0 
11-23 21:21:22.263 22610 22687 I VRI[MainActivity]@8e53a52: mWNT: t=0xb400007c8dceb1d0 mBlastBufferQueue=0xb400007adda683b0 fn= 813 HdrRenderState mRenderHdrSdrRatio=1.0 caller= android.view.ViewRootImpl$10.onFrameDraw:6536 android.view.ViewRootImpl$4.onFrameDraw:2489 android.view.ThreadedRenderer$1.onFrameDraw:718 
11-23 21:21:22.281 22610 22688 I VRI[MainActivity]@8e53a52: mWNT: t=0xb400007c8dc462d0 mBlastBufferQueue=0xb400007adda683b0 fn= 814 HdrRenderState mRenderHdrSdrRatio=1.0 caller= android.view.SyncRtSurfaceTransactionApplier.applyTransaction:100 android.view.SyncRtSurfaceTransactionApplier.lambda$scheduleApply$0:73 android.view.SyncRtSurfaceTransactionApplier.$r8$lambda$afI4fXg3U3-nBZQEDQMiNy-B06s:0 
11-23 21:21:22.290 22610 22687 I VRI[MainActivity]@8e53a52: mWNT: t=0xb400007c8dc47d10 mBlastBufferQueue=0xb400007adda683b0 fn= 815 HdrRenderState mRenderHdrSdrRatio=1.0 caller= android.view.SyncRtSurfaceTransactionApplier.applyTransaction:100 android.view.SyncRtSurfaceTransactionApplier.lambda$scheduleApply$0:73 android.view.SyncRtSurfaceTransactionApplier.$r8$lambda$afI4fXg3U3-nBZQEDQMiNy-B06s:0 
11-23 21:21:22.302 22610 22688 I VRI[MainActivity]@8e53a52: mWNT: t=0xb400007c8dc48090 mBlastBufferQueue=0xb400007adda683b0 fn= 816 HdrRenderState mRenderHdrSdrRatio=1.0 caller= android.view.SyncRtSurfaceTransactionApplier.applyTransaction:100 android.view.SyncRtSurfaceTransactionApplier.lambda$scheduleApply$0:73 android.view.SyncRtSurfaceTransactionApplier.$r8$lambda$afI4fXg3U3-nBZQEDQMiNy-B06s:0 
11-23 21:21:22.314 22610 22687 I VRI[MainActivity]@8e53a52: mWNT: t=0xb400007c8dc46b90 mBlastBufferQueue=0xb400007adda683b0 fn= 817 HdrRenderState mRenderHdrSdrRatio=1.0 caller= android.view.SyncRtSurfaceTransactionApplier.applyTransaction:100 android.view.SyncRtSurfaceTransactionApplier.lambda$scheduleApply$0:73 android.view.SyncRtSurfaceTransactionApplier.$r8$lambda$afI4fXg3U3-nBZQEDQMiNy-B06s:0 
11-23 21:21:22.324 22610 22688 I VRI[MainActivity]@8e53a52: mWNT: t=0xb400007c8dc46650 mBlastBufferQueue=0xb400007adda683b0 fn= 818 HdrRenderState mRenderHdrSdrRatio=1.0 caller= android.view.SyncRtSurfaceTransactionApplier.applyTransaction:100 android.view.SyncRtSurfaceTransactionApplier.lambda$scheduleApply$0:73 android.view.SyncRtSurfaceTransactionApplier.$r8$lambda$afI4fXg3U3-nBZQEDQMiNy-B06s:0 
11-23 21:21:22.331 22610 22687 I VRI[MainActivity]@8e53a52: mWNT: t=0xb400007c8dc49050 mBlastBufferQueue=0xb400007adda683b0 fn= 819 HdrRenderState mRenderHdrSdrRatio=1.0 caller= android.view.SyncRtSurfaceTransactionApplier.applyTransaction:100 android.view.SyncRtSurfaceTransactionApplier.lambda$scheduleApply$0:73 android.view.SyncRtSurfaceTransactionApplier.$r8$lambda$afI4fXg3U3-nBZQEDQMiNy-B06s:0 
11-23 21:21:22.338 22610 22688 I VRI[MainActivity]@8e53a52: mWNT: t=0xb400007c8dc49210 mBlastBufferQueue=0xb400007adda683b0 fn= 820 HdrRenderState mRenderHdrSdrRatio=1.0 caller= android.view.SyncRtSurfaceTransactionApplier.applyTransaction:100 android.view.SyncRtSurfaceTransactionApplier.lambda$scheduleApply$0:73 android.view.SyncRtSurfaceTransactionApplier.$r8$lambda$afI4fXg3U3-nBZQEDQMiNy-B06s:0 
11-23 21:21:22.359 22610 22687 I VRI[MainActivity]@8e53a52: mWNT: t=0xb400007c8dc44f90 mBlastBufferQueue=0xb400007adda683b0 fn= 821 HdrRenderState mRenderHdrSdrRatio=1.0 caller= android.view.SyncRtSurfaceTransactionApplier.applyTransaction:100 android.view.SyncRtSurfaceTransactionApplier.lambda$scheduleApply$0:73 android.view.SyncRtSurfaceTransactionApplier.$r8$lambda$afI4fXg3U3-nBZQEDQMiNy-B06s:0 
11-23 21:21:22.380 22610 22688 I VRI[MainActivity]@8e53a52: mWNT: t=0xb400007c8dc48250 mBlastBufferQueue=0xb400007adda683b0 fn= 822 HdrRenderState mRenderHdrSdrRatio=1.0 caller= android.view.SyncRtSurfaceTransactionApplier.applyTransaction:100 android.view.SyncRtSurfaceTransactionApplier.lambda$scheduleApply$0:73 android.view.SyncRtSurfaceTransactionApplier.$r8$lambda$afI4fXg3U3-nBZQEDQMiNy-B06s:0 
11-23 21:21:22.391 22610 22687 I VRI[MainActivity]@8e53a52: mWNT: t=0xb400007c8dcfb310 mBlastBufferQueue=0xb400007adda683b0 fn= 823 HdrRenderState mRenderHdrSdrRatio=1.0 caller= android.view.SyncRtSurfaceTransactionApplier.applyTransaction:100 android.view.SyncRtSurfaceTransactionApplier.lambda$scheduleApply$0:73 android.view.SyncRtSurfaceTransactionApplier.$r8$lambda$afI4fXg3U3-nBZQEDQMiNy-B06s:0 
11-23 21:21:22.399 22610 22688 I VRI[MainActivity]@8e53a52: mWNT: t=0xb400007c8dcf9fd0 mBlastBufferQueue=0xb400007adda683b0 fn= 824 HdrRenderState mRenderHdrSdrRatio=1.0 caller= android.view.SyncRtSurfaceTransactionApplier.applyTransaction:100 android.view.SyncRtSurfaceTransactionApplier.lambda$scheduleApply$0:73 android.view.SyncRtSurfaceTransactionApplier.$r8$lambda$afI4fXg3U3-nBZQEDQMiNy-B06s:0 
11-23 21:21:22.407 22610 22687 I VRI[MainActivity]@8e53a52: mWNT: t=0xb400007c8dc49c90 mBlastBufferQueue=0xb400007adda683b0 fn= 825 HdrRenderState mRenderHdrSdrRatio=1.0 caller= android.view.SyncRtSurfaceTransactionApplier.applyTransaction:100 android.view.SyncRtSurfaceTransactionApplier.lambda$scheduleApply$0:73 android.view.SyncRtSurfaceTransactionApplier.$r8$lambda$afI4fXg3U3-nBZQEDQMiNy-B06s:0 
11-23 21:21:22.414 22610 22688 I VRI[MainActivity]@8e53a52: mWNT: t=0xb400007c8dcfcd50 mBlastBufferQueue=0xb400007adda683b0 fn= 826 HdrRenderState mRenderHdrSdrRatio=1.0 caller= android.view.SyncRtSurfaceTransactionApplier.applyTransaction:100 android.view.SyncRtSurfaceTransactionApplier.lambda$scheduleApply$0:73 android.view.SyncRtSurfaceTransactionApplier.$r8$lambda$afI4fXg3U3-nBZQEDQMiNy-B06s:0 
11-23 21:21:22.423 22610 22687 I VRI[MainActivity]@8e53a52: mWNT: t=0xb400007c8dc46490 mBlastBufferQueue=0xb400007adda683b0 fn= 827 HdrRenderState mRenderHdrSdrRatio=1.0 caller= android.view.SyncRtSurfaceTransactionApplier.applyTransaction:100 android.view.SyncRtSurfaceTransactionApplier.lambda$scheduleApply$0:73 android.view.SyncRtSurfaceTransactionApplier.$r8$lambda$afI4fXg3U3-nBZQEDQMiNy-B06s:0 
11-23 21:21:22.431 22610 22688 I VRI[MainActivity]@8e53a52: mWNT: t=0xb400007c8dc477d0 mBlastBufferQueue=0xb400007adda683b0 fn= 828 HdrRenderState mRenderHdrSdrRatio=1.0 caller= android.view.SyncRtSurfaceTransactionApplier.applyTransaction:100 android.view.SyncRtSurfaceTransactionApplier.lambda$scheduleApply$0:73 android.view.SyncRtSurfaceTransactionApplier.$r8$lambda$afI4fXg3U3-nBZQEDQMiNy-B06s:0 
11-23 21:21:22.439 22610 22687 I VRI[MainActivity]@8e53a52: mWNT: t=0xb400007c8dc454d0 mBlastBufferQueue=0xb400007adda683b0 fn= 829 HdrRenderState mRenderHdrSdrRatio=1.0 caller= android.view.SyncRtSurfaceTransactionApplier.applyTransaction:100 android.view.SyncRtSurfaceTransactionApplier.lambda$scheduleApply$0:73 android.view.SyncRtSurfaceTransactionApplier.$r8$lambda$afI4fXg3U3-nBZQEDQMiNy-B06s:0 
11-23 21:21:22.449 22610 22688 I VRI[MainActivity]@8e53a52: mWNT: t=0xb400007c8dcfc2d0 mBlastBufferQueue=0xb400007adda683b0 fn= 830 HdrRenderState mRenderHdrSdrRatio=1.0 caller= android.view.SyncRtSurfaceTransactionApplier.applyTransaction:100 android.view.SyncRtSurfaceTransactionApplier.lambda$scheduleApply$0:73 android.view.SyncRtSurfaceTransactionApplier.$r8$lambda$afI4fXg3U3-nBZQEDQMiNy-B06s:0 
11-23 21:21:22.458 22610 22687 I VRI[MainActivity]@8e53a52: mWNT: t=0xb400007c8dc470d0 mBlastBufferQueue=0xb400007adda683b0 fn= 831 HdrRenderState mRenderHdrSdrRatio=1.0 caller= android.view.SyncRtSurfaceTransactionApplier.applyTransaction:100 android.view.SyncRtSurfaceTransactionApplier.lambda$scheduleApply$0:73 android.view.SyncRtSurfaceTransactionApplier.$r8$lambda$afI4fXg3U3-nBZQEDQMiNy-B06s:0 
11-23 21:21:22.466 22610 22688 I VRI[MainActivity]@8e53a52: mWNT: t=0xb400007c8dc45690 mBlastBufferQueue=0xb400007adda683b0 fn= 832 HdrRenderState mRenderHdrSdrRatio=1.0 caller= android.view.SyncRtSurfaceTransactionApplier.applyTransaction:100 android.view.SyncRtSurfaceTransactionApplier.lambda$scheduleApply$0:73 android.view.SyncRtSurfaceTransactionApplier.$r8$lambda$afI4fXg3U3-nBZQEDQMiNy-B06s:0 
11-23 21:21:22.476 22610 22687 I VRI[MainActivity]@8e53a52: mWNT: t=0xb400007c8dc45850 mBlastBufferQueue=0xb400007adda683b0 fn= 833 HdrRenderState mRenderHdrSdrRatio=1.0 caller= android.view.SyncRtSurfaceTransactionApplier.applyTransaction:100 android.view.SyncRtSurfaceTransactionApplier.lambda$scheduleApply$0:73 android.view.SyncRtSurfaceTransactionApplier.$r8$lambda$afI4fXg3U3-nBZQEDQMiNy-B06s:0 
11-23 21:21:22.486 22610 22688 I VRI[MainActivity]@8e53a52: mWNT: t=0xb400007c8dc45150 mBlastBufferQueue=0xb400007adda683b0 fn= 834 HdrRenderState mRenderHdrSdrRatio=1.0 caller= android.view.SyncRtSurfaceTransactionApplier.applyTransaction:100 android.view.SyncRtSurfaceTransactionApplier.lambda$scheduleApply$0:73 android.view.SyncRtSurfaceTransactionApplier.$r8$lambda$afI4fXg3U3-nBZQEDQMiNy-B06s:0 
11-23 21:21:22.498 22610 22687 I VRI[MainActivity]@8e53a52: mWNT: t=0xb400007c8dc49e50 mBlastBufferQueue=0xb400007adda683b0 fn= 835 HdrRenderState mRenderHdrSdrRatio=1.0 caller= android.view.SyncRtSurfaceTransactionApplier.applyTransaction:100 android.view.SyncRtSurfaceTransactionApplier.lambda$scheduleApply$0:73 android.view.SyncRtSurfaceTransactionApplier.$r8$lambda$afI4fXg3U3-nBZQEDQMiNy-B06s:0 
11-23 21:21:22.507 22610 22688 I VRI[MainActivity]@8e53a52: mWNT: t=0xb400007c8dc4f410 mBlastBufferQueue=0xb400007adda683b0 fn= 836 HdrRenderState mRenderHdrSdrRatio=1.0 caller= android.view.SyncRtSurfaceTransactionApplier.applyTransaction:100 android.view.SyncRtSurfaceTransactionApplier.lambda$scheduleApply$0:73 android.view.SyncRtSurfaceTransactionApplier.$r8$lambda$afI4fXg3U3-nBZQEDQMiNy-B06s:0 
11-23 21:21:22.517 22610 22687 I VRI[MainActivity]@8e53a52: mWNT: t=0xb400007c8dc4bc10 mBlastBufferQueue=0xb400007adda683b0 fn= 837 HdrRenderState mRenderHdrSdrRatio=1.0 caller= android.view.SyncRtSurfaceTransactionApplier.applyTransaction:100 android.view.SyncRtSurfaceTransactionApplier.lambda$scheduleApply$0:73 android.view.SyncRtSurfaceTransactionApplier.$r8$lambda$afI4fXg3U3-nBZQEDQMiNy-B06s:0 
11-23 21:21:22.523 22610 22688 I VRI[MainActivity]@8e53a52: mWNT: t=0xb400007c8dc4cbd0 mBlastBufferQueue=0xb400007adda683b0 fn= 838 HdrRenderState mRenderHdrSdrRatio=1.0 caller= android.view.SyncRtSurfaceTransactionApplier.applyTransaction:100 android.view.SyncRtSurfaceTransactionApplier.lambda$scheduleApply$0:73 android.view.SyncRtSurfaceTransactionApplier.$r8$lambda$afI4fXg3U3-nBZQEDQMiNy-B06s:0 
11-23 21:21:22.532 22610 22687 I VRI[MainActivity]@8e53a52: mWNT: t=0xb400007c8dc4e990 mBlastBufferQueue=0xb400007adda683b0 fn= 839 HdrRenderState mRenderHdrSdrRatio=1.0 caller= android.view.SyncRtSurfaceTransactionApplier.applyTransaction:100 android.view.SyncRtSurfaceTransactionApplier.lambda$scheduleApply$0:73 android.view.SyncRtSurfaceTransactionApplier.$r8$lambda$afI4fXg3U3-nBZQEDQMiNy-B06s:0 
11-23 21:21:22.542 22610 22688 I VRI[MainActivity]@8e53a52: mWNT: t=0xb400007c8dc4db90 mBlastBufferQueue=0xb400007adda683b0 fn= 840 HdrRenderState mRenderHdrSdrRatio=1.0 caller= android.view.SyncRtSurfaceTransactionApplier.applyTransaction:100 android.view.SyncRtSurfaceTransactionApplier.lambda$scheduleApply$0:73 android.view.SyncRtSurfaceTransactionApplier.$r8$lambda$afI4fXg3U3-nBZQEDQMiNy-B06s:0 
11-23 21:21:22.551 22610 22687 I VRI[MainActivity]@8e53a52: mWNT: t=0xb400007c8dc4f5d0 mBlastBufferQueue=0xb400007adda683b0 fn= 841 HdrRenderState mRenderHdrSdrRatio=1.0 caller= android.view.SyncRtSurfaceTransactionApplier.applyTransaction:100 android.view.SyncRtSurfaceTransactionApplier.lambda$scheduleApply$0:73 android.view.SyncRtSurfaceTransactionApplier.$r8$lambda$afI4fXg3U3-nBZQEDQMiNy-B06s:0 
11-23 21:21:22.565 22610 22688 I VRI[MainActivity]@8e53a52: mWNT: t=0xb400007c8dc4f090 mBlastBufferQueue=0xb400007adda683b0 fn= 842 HdrRenderState mRenderHdrSdrRatio=1.0 caller= android.view.SyncRtSurfaceTransactionApplier.applyTransaction:100 android.view.SyncRtSurfaceTransactionApplier.lambda$scheduleApply$0:73 android.view.SyncRtSurfaceTransactionApplier.$r8$lambda$afI4fXg3U3-nBZQEDQMiNy-B06s:0 
11-23 21:21:22.572 22610 22687 I VRI[MainActivity]@8e53a52: mWNT: t=0xb400007c8dc4ca10 mBlastBufferQueue=0xb400007adda683b0 fn= 843 HdrRenderState mRenderHdrSdrRatio=1.0 caller= android.view.SyncRtSurfaceTransactionApplier.applyTransaction:100 android.view.SyncRtSurfaceTransactionApplier.lambda$scheduleApply$0:73 android.view.SyncRtSurfaceTransactionApplier.$r8$lambda$afI4fXg3U3-nBZQEDQMiNy-B06s:0 
11-23 21:21:22.582 22610 22688 I VRI[MainActivity]@8e53a52: mWNT: t=0xb400007c8dc4e0d0 mBlastBufferQueue=0xb400007adda683b0 fn= 844 HdrRenderState mRenderHdrSdrRatio=1.0 caller= android.view.SyncRtSurfaceTransactionApplier.applyTransaction:100 android.view.SyncRtSurfaceTransactionApplier.lambda$scheduleApply$0:73 android.view.SyncRtSurfaceTransactionApplier.$r8$lambda$afI4fXg3U3-nBZQEDQMiNy-B06s:0 
11-23 21:21:22.590 22610 22687 I VRI[MainActivity]@8e53a52: mWNT: t=0xb400007c8dc4ba50 mBlastBufferQueue=0xb400007adda683b0 fn= 845 HdrRenderState mRenderHdrSdrRatio=1.0 caller= android.view.SyncRtSurfaceTransactionApplier.applyTransaction:100 android.view.SyncRtSurfaceTransactionApplier.lambda$scheduleApply$0:73 android.view.SyncRtSurfaceTransactionApplier.$r8$lambda$afI4fXg3U3-nBZQEDQMiNy-B06s:0 
11-23 21:21:22.599 22610 22688 I VRI[MainActivity]@8e53a52: mWNT: t=0xb400007c8dc4bf90 mBlastBufferQueue=0xb400007adda683b0 fn= 846 HdrRenderState mRenderHdrSdrRatio=1.0 caller= android.view.SyncRtSurfaceTransactionApplier.applyTransaction:100 android.view.SyncRtSurfaceTransactionApplier.lambda$scheduleApply$0:73 android.view.SyncRtSurfaceTransactionApplier.$r8$lambda$afI4fXg3U3-nBZQEDQMiNy-B06s:0 
11-23 21:21:22.609 22610 22687 I VRI[MainActivity]@8e53a52: mWNT: t=0xb400007c8dc4b510 mBlastBufferQueue=0xb400007adda683b0 fn= 847 HdrRenderState mRenderHdrSdrRatio=1.0 caller= android.view.SyncRtSurfaceTransactionApplier.applyTransaction:100 android.view.SyncRtSurfaceTransactionApplier.lambda$scheduleApply$0:73 android.view.SyncRtSurfaceTransactionApplier.$r8$lambda$afI4fXg3U3-nBZQEDQMiNy-B06s:0 
11-23 21:21:22.615 22610 22688 I VRI[MainActivity]@8e53a52: mWNT: t=0xb400007c8dc4b890 mBlastBufferQueue=0xb400007adda683b0 fn= 848 HdrRenderState mRenderHdrSdrRatio=1.0 caller= android.view.SyncRtSurfaceTransactionApplier.applyTransaction:100 android.view.SyncRtSurfaceTransactionApplier.lambda$scheduleApply$0:73 android.view.SyncRtSurfaceTransactionApplier.$r8$lambda$afI4fXg3U3-nBZQEDQMiNy-B06s:0 
11-23 21:21:22.619 22610 22610 I InsetsController: cancelAnimation: types=ime, animType=0, host=dev.souschef.app/dev.souschef.app.MainActivity, from=android.view.InsetsController.notifyFinished:2006 android.view.InsetsAnimationControlImpl.applyChangeInsets:335 android.view.InsetsController.lambda$new$3:957 
11-23 21:21:22.620 22610 22610 I ImeTracker: dev.souschef.app:4972a779: onShown
11-23 21:21:22.624 22610 22687 I VRI[MainActivity]@8e53a52: mWNT: t=0xb400007c8dc4ae10 mBlastBufferQueue=0xb400007adda683b0 fn= 849 HdrRenderState mRenderHdrSdrRatio=1.0 caller= android.view.SyncRtSurfaceTransactionApplier.applyTransaction:100 android.view.SyncRtSurfaceTransactionApplier.lambda$scheduleApply$0:73 android.view.SyncRtSurfaceTransactionApplier.$r8$lambda$afI4fXg3U3-nBZQEDQMiNy-B06s:0 
11-23 21:21:23.024 22610 22610 D UiControllerImpl: Injecting string: "E2E Pantry Item 1763950878181"
11-23 21:21:23.040 22610 22610 I VRI[MainActivity]@8e53a52: ViewPostIme key 0
11-23 21:21:23.071 22610 22610 I VRI[MainActivity]@8e53a52: The input has been finished in ImeInputStage.
11-23 21:21:23.095 22610 22610 I VRI[MainActivity]@8e53a52: ViewPostIme key 1
11-23 21:21:23.106 22610 22610 I VRI[MainActivity]@8e53a52: ViewPostIme key 1
11-23 21:21:23.130 22610 22610 I VRI[MainActivity]@8e53a52: The input has been finished in ImeInputStage.
11-23 21:21:23.154 22610 22610 I VRI[MainActivity]@8e53a52: ViewPostIme key 1
11-23 21:21:23.165 22610 22610 I VRI[MainActivity]@8e53a52: ViewPostIme key 0
11-23 21:21:23.190 22610 22610 I VRI[MainActivity]@8e53a52: The input has been finished in ImeInputStage.
11-23 21:21:23.211 22610 22610 I VRI[MainActivity]@8e53a52: ViewPostIme key 1
11-23 21:21:23.221 22610 22610 I VRI[MainActivity]@8e53a52: ViewPostIme key 1
11-23 21:21:23.305 22610 22610 I VRI[MainActivity]@8e53a52: The input has been finished in ImeInputStage.
11-23 21:21:23.368 22610 22610 I VRI[MainActivity]@8e53a52: ViewPostIme key 1
11-23 21:21:23.407 22610 22610 I VRI[MainActivity]@8e53a52: ViewPostIme key 0
11-23 21:21:23.436 22610 22610 I VRI[MainActivity]@8e53a52: The input has been finished in ImeInputStage.
11-23 21:21:23.505 22610 22610 I VRI[MainActivity]@8e53a52: ViewPostIme key 1
11-23 21:21:23.515 22610 22610 I VRI[MainActivity]@8e53a52: ViewPostIme key 1
11-23 21:21:23.533 22610 22610 I VRI[MainActivity]@8e53a52: The input has been finished in ImeInputStage.
11-23 21:21:23.554 22610 22610 I VRI[MainActivity]@8e53a52: ViewPostIme key 1
11-23 21:21:23.574 22610 22610 I VRI[MainActivity]@8e53a52: The input has been finished in ImeInputStage.
11-23 21:21:23.588 22610 22610 I VRI[MainActivity]@8e53a52: ViewPostIme key 1
11-23 21:21:23.596 22610 22610 I VRI[MainActivity]@8e53a52: The input has been finished in ImeInputStage.
11-23 21:21:23.617 22610 22610 I VRI[MainActivity]@8e53a52: ViewPostIme key 1
11-23 21:21:23.627 22610 22610 I VRI[MainActivity]@8e53a52: The input has been finished in ImeInputStage.
11-23 21:21:23.666 22610 22610 D ScrollView: initGoToTop
11-23 21:21:23.670 22610 22610 I VRI[MainActivity]@8e53a52: ViewPostIme key 1
11-23 21:21:23.682 22610 22610 I VRI[MainActivity]@8e53a52: The input has been finished in ImeInputStage.
11-23 21:21:23.702 22610 22610 I VRI[MainActivity]@8e53a52: ViewPostIme key 1
11-23 21:21:23.713 22610 22610 I VRI[MainActivity]@8e53a52: The input has been finished in ImeInputStage.
11-23 21:21:23.789 22610 22610 I InputMethodManager_LC: showSoftInput(View,I)
11-23 21:21:23.790 22610 22610 I ImeTracker: dev.souschef.app:122a46b6: onRequestShow at ORIGIN_CLIENT reason SHOW_SOFT_INPUT fromUser false
11-23 21:21:23.790 22610 22610 I InputMethodManager_LC: ssi(): flags=0 view=dev.souschef.app reason=SHOW_SOFT_INPUT
11-23 21:21:23.794 22610 22610 D InputMethodManagerUtils: startInputInner - Id : 0
11-23 21:21:23.794 22610 22610 I InputMethodManager: startInputInner - IInputMethodManagerGlobalInvoker.startInputOrWindowGainedFocus
11-23 21:21:23.797 22610 22610 D InsetsController: show(ime(), fromIme=false)
11-23 21:21:23.797 22610 22610 I ImeTracker: dev.souschef.app:122a46b6: onCancelled at PHASE_CLIENT_APPLY_ANIMATION
11-23 21:21:23.802 22610 22648 D InputTransport: Input channel constructed: 'ClientS', fd=197
11-23 21:21:23.818 22610 22610 W RemoteInputConnectionImpl: requestCursorUpdates on inactive InputConnection
11-23 21:21:23.819 22610 22610 W WindowOnBackDispatcher: sendCancelIfRunning: isInProgress=false callback=android.view.ImeBackAnimationController@94ca524
11-23 21:21:23.843 22610 22610 I VRI[MainActivity]@8e53a52: ViewPostIme key 1
11-23 21:21:23.881 22610 22610 I VRI[MainActivity]@8e53a52: ViewPostIme key 0
11-23 21:21:23.917 22610 22610 I VRI[MainActivity]@8e53a52: The input has been finished in ImeInputStage.
11-23 21:21:23.946 22610 22610 I VRI[MainActivity]@8e53a52: ViewPostIme key 1
11-23 21:21:24.224 22610 22610 I VRI[MainActivity]@8e53a52: ViewPostIme key 1
11-23 21:21:24.266 22610 22610 I VRI[MainActivity]@8e53a52: The input has been finished in ImeInputStage.
11-23 21:21:24.275 22610 23102 I ReactNativeJS: 💾 Cache: Persisted cache (14 KB)
11-23 21:21:24.404 22610 22610 I VRI[MainActivity]@8e53a52: ViewPostIme key 1
11-23 21:21:24.422 22610 22610 I VRI[MainActivity]@8e53a52: The input has been finished in ImeInputStage.
11-23 21:21:24.434 22610 22610 I VRI[MainActivity]@8e53a52: ViewPostIme key 1
11-23 21:21:24.448 22610 22610 I VRI[MainActivity]@8e53a52: The input has been finished in ImeInputStage.
11-23 21:21:24.467 22610 22610 I VRI[MainActivity]@8e53a52: ViewPostIme key 1
11-23 21:21:24.521 22610 23102 I ReactNativeJS: '%c🚀 ✅ QUERY AutocompleteItems 576ms', 'color: #22c55e; font-weight: bold'
11-23 21:21:24.521 22610 23102 I ReactNativeJS: '   📤 Variables:', { input: { query: 'E2E ' } }
11-23 21:21:24.567 22610 22610 I VRI[MainActivity]@8e53a52: The input has been finished in ImeInputStage.
11-23 21:21:24.772 22610 22610 I VRI[MainActivity]@8e53a52: ViewPostIme key 1
11-23 21:21:24.800 22610 22610 I VRI[MainActivity]@8e53a52: The input has been finished in ImeInputStage.
11-23 21:21:24.865 22610 22610 I VRI[MainActivity]@8e53a52: ViewPostIme key 1
11-23 21:21:24.873 22610 22610 I VRI[MainActivity]@8e53a52: The input has been finished in ImeInputStage.
11-23 21:21:24.892 22610 22610 I VRI[MainActivity]@8e53a52: ViewPostIme key 1
11-23 21:21:24.901 22610 22610 I VRI[MainActivity]@8e53a52: The input has been finished in ImeInputStage.
11-23 21:21:24.924 22610 22610 I VRI[MainActivity]@8e53a52: ViewPostIme key 1
11-23 21:21:24.933 22610 22610 I VRI[MainActivity]@8e53a52: The input has been finished in ImeInputStage.
11-23 21:21:24.953 22610 22610 I VRI[MainActivity]@8e53a52: ViewPostIme key 1
11-23 21:21:24.962 22610 22610 I VRI[MainActivity]@8e53a52: The input has been finished in ImeInputStage.
11-23 21:21:25.097 22610 22610 I VRI[MainActivity]@8e53a52: call setFrameRateCategory for touch hint category=no preference, reason=boost timeout, vri=VRI[MainActivity]@8e53a52
11-23 21:21:25.132 22610 22610 I VRI[MainActivity]@8e53a52: ViewPostIme key 1
11-23 21:21:25.139 22610 22610 I VRI[MainActivity]@8e53a52: The input has been finished in ImeInputStage.
11-23 21:21:25.172 22610 22610 I VRI[MainActivity]@8e53a52: ViewPostIme key 1
11-23 21:21:25.190 22610 22610 I VRI[MainActivity]@8e53a52: The input has been finished in ImeInputStage.
11-23 21:21:25.202 22610 22610 I VRI[MainActivity]@8e53a52: ViewPostIme key 1
11-23 21:21:25.209 22610 22610 I VRI[MainActivity]@8e53a52: The input has been finished in ImeInputStage.
11-23 21:21:25.230 22610 22610 I VRI[MainActivity]@8e53a52: ViewPostIme key 1
11-23 21:21:25.369 22610 22610 I VRI[MainActivity]@8e53a52: The input has been finished in ImeInputStage.
11-23 21:21:25.388 22610 22610 I VRI[MainActivity]@8e53a52: ViewPostIme key 1
11-23 21:21:25.404 22610 22610 I VRI[MainActivity]@8e53a52: The input has been finished in ImeInputStage.
11-23 21:21:25.430 22610 22610 I VRI[MainActivity]@8e53a52: ViewPostIme key 1
11-23 21:21:25.437 22610 22610 I VRI[MainActivity]@8e53a52: The input has been finished in ImeInputStage.
11-23 21:21:25.455 22610 22610 I VRI[MainActivity]@8e53a52: ViewPostIme key 1
11-23 21:21:25.465 22610 22610 I VRI[MainActivity]@8e53a52: The input has been finished in ImeInputStage.
11-23 21:21:25.592 22610 22610 I VRI[MainActivity]@8e53a52: ViewPostIme key 1
11-23 21:21:25.630 22610 22610 I VRI[MainActivity]@8e53a52: The input has been finished in ImeInputStage.
11-23 21:21:25.652 22610 22610 I VRI[MainActivity]@8e53a52: ViewPostIme key 1
11-23 21:21:25.654 22610 22655 I DetoxWSClient: Sending out action 'invokeResult' (ID #53)
11-23 21:21:25.654 22610 22655 I DetoxDispatcher: Done with action 'invoke'
11-23 21:21:25.658 22610 22659 D DetoxWSClient: Received action 'invoke' (ID #54, params={"target":{"type":"Class","value":"com.wix.detox.espresso.DetoxAssertion"},"method":"waitForAssertMatcher","args":[{"type":"Invocation","value":{"target":{"type":"Class","value":"androidx.test.espresso.Espresso"},"method":"onView","args":[{"type":"Invocation","value":{"target":{"type":"Class","value":"com.wix.detox.espresso.DetoxMatcher"},"method":"matcherForTestId","args":["add-pantry-item-name-input",{"type":"boolean","value":false}]}}]}},{"type":"Invocation","value":{"target":{"type":"Class","value":"com.wix.detox.espresso.DetoxMatcher"},"method":"matcherForSufficientlyVisible","args":[{"type":"Integer","value":75}]}},{"type":"Double","value":1}]})
11-23 21:21:25.658 22610 22655 I DetoxDispatcher: Handling action 'invoke' (ID #54)...
11-23 21:21:25.659 22610 22655 D Detox   : class com.wix.detox.espresso.DetoxMatcher, matcherForTestId, [add-pantry-item-name-input, false]
11-23 21:21:25.660 22610 22655 D Detox   : class androidx.test.espresso.Espresso, onView, [(view.getTag() is "add-pantry-item-name-input" and view has effective visibility <VISIBLE>)]
11-23 21:21:25.661 22610 22655 D Detox   : class com.wix.detox.espresso.DetoxMatcher, matcherForSufficientlyVisible, [75]
11-23 21:21:25.662 22610 22655 D Detox   : class com.wix.detox.espresso.DetoxAssertion, waitForAssertMatcher, [androidx.test.espresso.ViewInteraction@b2e5be7, (view has effective visibility <VISIBLE> and view.getGlobalVisibleRect() covers at least <75> percent of the view's area), 1.0]
11-23 21:21:25.666 22610 22610 I ViewInteraction: Checking 'MatchesViewAssertion(Detox){viewMatcher=(view has effective visibility <VISIBLE> and view.getGlobalVisibleRect() covers at least <75> percent of the view's area)}' assertion on view (view.getTag() is "add-pantry-item-name-input" and view has effective visibility <VISIBLE>)
11-23 21:21:25.675 22610 22655 I DetoxWSClient: Sending out action 'invokeResult' (ID #54)
11-23 21:21:25.676 22610 22655 I DetoxDispatcher: Done with action 'invoke'
11-23 21:21:25.679 22610 22659 D DetoxWSClient: Received action 'invoke' (ID #55, params={"target":{"type":"Class","value":"com.wix.detox.espresso.EspressoDetox"},"method":"perform","args":[{"type":"Invocation","value":{"target":{"type":"Class","value":"com.wix.detox.espresso.DetoxMatcher"},"method":"matcherForTestId","args":["add-pantry-item-name-input",{"type":"boolean","value":false}]}},{"type":"Invocation","value":{"target":{"type":"Class","value":"com.wix.detox.espresso.DetoxViewActions"},"method":"typeText","args":["\n"]}}]})
11-23 21:21:25.680 22610 22655 I DetoxDispatcher: Handling action 'invoke' (ID #55)...
11-23 21:21:25.680 22610 22655 D Detox   : class com.wix.detox.espresso.DetoxMatcher, matcherForTestId, [add-pantry-item-name-input, false]
11-23 21:21:25.681 22610 22655 D Detox   : class com.wix.detox.espresso.DetoxViewActions, typeText, [
11-23 21:21:25.681 22610 22655 D Detox   : ]
11-23 21:21:25.681 22610 22655 D Detox   : class com.wix.detox.espresso.EspressoDetox, perform, [(view.getTag() is "add-pantry-item-name-input" and view has effective visibility <VISIBLE>), com.wix.detox.espresso.action.DetoxTypeTextAction@234137e]
11-23 21:21:25.685 22610 22610 I ViewInteraction: Performing 'Click to focus & type text (
11-23 21:21:25.685 22610 22610 I ViewInteraction: )' action on view (view.getTag() is "add-pantry-item-name-input" and view has effective visibility <VISIBLE>)
11-23 21:21:25.699 22610 22610 I VRI[MainActivity]@8e53a52: ViewPostIme pointer 0
11-23 21:21:25.727 22610 22610 I VRI[MainActivity]@8e53a52: call setFrameRateCategory for touch hint category=high hint, reason=touch, vri=VRI[MainActivity]@8e53a52
11-23 21:21:25.736 22610 22610 I VRI[MainActivity]@8e53a52: ViewPostIme pointer 1
11-23 21:21:25.739 22610 22610 W unknown:ReactNative: Can't cancel already finished gesture. Is a child View trying to start a gesture from an UP/CANCEL event?
11-23 21:21:26.165 22610 22610 I ImeTracker: dev.souschef.app:396f9916: onRequestHide at ORIGIN_CLIENT reason HIDE_SOFT_INPUT fromUser false
11-23 21:21:26.165 22610 22610 I InputMethodManager_LC: hsifw() - flag : 0
11-23 21:21:26.165 22610 22610 I InputMethodManager_LC: hsifw() - mService.hideSoftInput
11-23 21:21:26.165 22610 22610 D InsetsController: hide(ime(), fromIme=false)
11-23 21:21:26.166 22610 22610 W WindowOnBackDispatcher: sendCancelIfRunning: isInProgress=false callback=android.view.ImeBackAnimationController@94ca524
11-23 21:21:26.167 22610 22610 D InsetsController: Setting requestedVisibleTypes to -9 (was -1)
11-23 21:21:26.168 22610 22610 I InsetsController: setRequestedVisibleTypes: visible=false, mask=ime, host=dev.souschef.app/dev.souschef.app.MainActivity, from=android.view.InsetsController.controlAnimationUnchecked:1604 android.view.InsetsController.applyAnimation:2416 android.view.InsetsController.applyAnimation:2343 android.view.InsetsController.hide:1540 android.view.inputmethod.InputMethodManager.hideSoftInputFromWindow:2889 android.view.inputmethod.InputMethodManager.hideSoftInputFromWindow:2812 android.view.inputmethod.InputMethodManager.hideSoftInputFromWindow:2773 com.facebook.react.views.textinput.ReactEditText.hideSoftKeyboard:865 com.facebook.react.views.textinput.ReactEditText.clearFocusAndMaybeRefocus$ReactAndroid_debug:388 com.facebook.react.views.textinput.ReactEditText.clearFocusFromJS$ReactAndroid_debug:392 
11-23 21:21:26.169 22610 22610 I InsetsController: controlAnimationUncheckedInner: Added types=ime, animType=1, host=dev.souschef.app/dev.souschef.app.MainActivity, from=android.view.InsetsController.controlAnimationUnchecked:1608 android.view.InsetsController.applyAnimation:2416 android.view.InsetsController.applyAnimation:2343 
11-23 21:21:26.179 22610 22610 I BLASTBufferQueue_Java: update, w= 1440 h= 3088 mName = VRI[MainActivity]@8e53a52 mNativeObject= 0xb400007adda683b0 sc.mNativeObject= 0xb400007b7da38150 format= -1 caller= android.view.ViewRootImpl.updateBlastSurfaceIfNeeded:3574 android.view.ViewRootImpl.relayoutWindow:11685 android.view.ViewRootImpl.performTraversals:4804 android.view.ViewRootImpl.doTraversal:3924 android.view.ViewRootImpl$TraversalRunnable.run:12903 android.view.Choreographer$CallbackRecord.run:1901 
11-23 21:21:26.179 22610 22610 I VRI[MainActivity]@8e53a52: Relayout returned: old=(0,0,1440,3088) new=(0,0,1440,3088) relayoutAsync=true req=(1440,3088)0 dur=0 res=0x0 s={true 0xb400007beda54050} ch=false seqId=0
11-23 21:21:26.184 22610 22610 I VRI[MainActivity]@8e53a52: registerCallbackForPendingTransactions
11-23 21:21:26.186 22610 22688 I VRI[MainActivity]@8e53a52: mWNT: t=0xb400007c8ddc3750 mBlastBufferQueue=0xb400007adda683b0 fn= 908 HdrRenderState mRenderHdrSdrRatio=1.0 caller= android.view.SyncRtSurfaceTransactionApplier.applyTransaction:100 android.view.SyncRtSurfaceTransactionApplier.lambda$scheduleApply$0:73 android.view.SyncRtSurfaceTransactionApplier.$r8$lambda$afI4fXg3U3-nBZQEDQMiNy-B06s:0 
11-23 21:21:26.186 22610 22688 I VRI[MainActivity]@8e53a52: mWNT: t=0xb400007c8ddc1b50 mBlastBufferQueue=0xb400007adda683b0 fn= 908 HdrRenderState mRenderHdrSdrRatio=1.0 caller= android.view.ViewRootImpl$10.onFrameDraw:6536 android.view.ViewRootImpl$4.onFrameDraw:2489 android.view.ThreadedRenderer$1.onFrameDraw:718 
11-23 21:21:26.188 22610 22610 I ImeTracker: dev.souschef.app:2ad55dbf: onRequestHide at ORIGIN_CLIENT reason HIDE_SOFT_INPUT_CLOSE_CURRENT_SESSION fromUser false
11-23 21:21:26.188 22610 22610 D InsetsController: hide(ime(), fromIme=false)
11-23 21:21:26.189 22610 22610 I ImeTracker: dev.souschef.app:2ad55dbf: onCancelled at PHASE_CLIENT_ALREADY_HIDDEN
11-23 21:21:26.201 22610 22687 I VRI[MainActivity]@8e53a52: mWNT: t=0xb400007c8ddbc210 mBlastBufferQueue=0xb400007adda683b0 fn= 909 HdrRenderState mRenderHdrSdrRatio=1.0 caller= android.view.SyncRtSurfaceTransactionApplier.applyTransaction:100 android.view.SyncRtSurfaceTransactionApplier.lambda$scheduleApply$0:73 android.view.SyncRtSurfaceTransactionApplier.$r8$lambda$afI4fXg3U3-nBZQEDQMiNy-B06s:0 
11-23 21:21:26.205 22610 22688 I VRI[MainActivity]@8e53a52: mWNT: t=0xb400007c8ddc4390 mBlastBufferQueue=0xb400007adda683b0 fn= 910 HdrRenderState mRenderHdrSdrRatio=1.0 caller= android.view.SyncRtSurfaceTransactionApplier.applyTransaction:100 android.view.SyncRtSurfaceTransactionApplier.lambda$scheduleApply$0:73 android.view.SyncRtSurfaceTransactionApplier.$r8$lambda$afI4fXg3U3-nBZQEDQMiNy-B06s:0 
11-23 21:21:26.209 22610 22687 I VRI[MainActivity]@8e53a52: mWNT: t=0xb400007c8ddc1ed0 mBlastBufferQueue=0xb400007adda683b0 fn= 911 HdrRenderState mRenderHdrSdrRatio=1.0 caller= android.view.SyncRtSurfaceTransactionApplier.applyTransaction:100 android.view.SyncRtSurfaceTransactionApplier.lambda$scheduleApply$0:73 android.view.SyncRtSurfaceTransactionApplier.$r8$lambda$afI4fXg3U3-nBZQEDQMiNy-B06s:0 
11-23 21:21:26.218 22610 22688 I VRI[MainActivity]@8e53a52: mWNT: t=0xb400007c8db6ca10 mBlastBufferQueue=0xb400007adda683b0 fn= 912 HdrRenderState mRenderHdrSdrRatio=1.0 caller= android.view.SyncRtSurfaceTransactionApplier.applyTransaction:100 android.view.SyncRtSurfaceTransactionApplier.lambda$scheduleApply$0:73 android.view.SyncRtSurfaceTransactionApplier.$r8$lambda$afI4fXg3U3-nBZQEDQMiNy-B06s:0 
11-23 21:21:26.240 22610 22687 I VRI[MainActivity]@8e53a52: mWNT: t=0xb400007c8dbae090 mBlastBufferQueue=0xb400007adda683b0 fn= 913 HdrRenderState mRenderHdrSdrRatio=1.0 caller= android.view.SyncRtSurfaceTransactionApplier.applyTransaction:100 android.view.SyncRtSurfaceTransactionApplier.lambda$scheduleApply$0:73 android.view.SyncRtSurfaceTransactionApplier.$r8$lambda$afI4fXg3U3-nBZQEDQMiNy-B06s:0 
11-23 21:21:26.249 22610 22688 I VRI[MainActivity]@8e53a52: mWNT: t=0xb400007c8ddb8d90 mBlastBufferQueue=0xb400007adda683b0 fn= 914 HdrRenderState mRenderHdrSdrRatio=1.0 caller= android.view.SyncRtSurfaceTransactionApplier.applyTransaction:100 android.view.SyncRtSurfaceTransactionApplier.lambda$scheduleApply$0:73 android.view.SyncRtSurfaceTransactionApplier.$r8$lambda$afI4fXg3U3-nBZQEDQMiNy-B06s:0 
11-23 21:21:26.256 22610 22687 I VRI[MainActivity]@8e53a52: mWNT: t=0xb400007c8db30250 mBlastBufferQueue=0xb400007adda683b0 fn= 915 HdrRenderState mRenderHdrSdrRatio=1.0 caller= android.view.SyncRtSurfaceTransactionApplier.applyTransaction:100 android.view.SyncRtSurfaceTransactionApplier.lambda$scheduleApply$0:73 android.view.SyncRtSurfaceTransactionApplier.$r8$lambda$afI4fXg3U3-nBZQEDQMiNy-B06s:0 
11-23 21:21:26.259 22610 22688 I VRI[MainActivity]@8e53a52: mWNT: t=0xb400007c8db84790 mBlastBufferQueue=0xb400007adda683b0 fn= 916 HdrRenderState mRenderHdrSdrRatio=1.0 caller= android.view.SyncRtSurfaceTransactionApplier.applyTransaction:100 android.view.SyncRtSurfaceTransactionApplier.lambda$scheduleApply$0:73 android.view.SyncRtSurfaceTransactionApplier.$r8$lambda$afI4fXg3U3-nBZQEDQMiNy-B06s:0 
11-23 21:21:26.271 22610 22687 I VRI[MainActivity]@8e53a52: mWNT: t=0xb400007c8dc02cd0 mBlastBufferQueue=0xb400007adda683b0 fn= 917 HdrRenderState mRenderHdrSdrRatio=1.0 caller= android.view.SyncRtSurfaceTransactionApplier.applyTransaction:100 android.view.SyncRtSurfaceTransactionApplier.lambda$scheduleApply$0:73 android.view.SyncRtSurfaceTransactionApplier.$r8$lambda$afI4fXg3U3-nBZQEDQMiNy-B06s:0 
11-23 21:21:26.279 22610 22688 I VRI[MainActivity]@8e53a52: mWNT: t=0xb400007c8dbbcb10 mBlastBufferQueue=0xb400007adda683b0 fn= 918 HdrRenderState mRenderHdrSdrRatio=1.0 caller= android.view.SyncRtSurfaceTransactionApplier.applyTransaction:100 android.view.SyncRtSurfaceTransactionApplier.lambda$scheduleApply$0:73 android.view.SyncRtSurfaceTransactionApplier.$r8$lambda$afI4fXg3U3-nBZQEDQMiNy-B06s:0 
11-23 21:21:26.293 22610 22687 I VRI[MainActivity]@8e53a52: mWNT: t=0xb400007c8db321d0 mBlastBufferQueue=0xb400007adda683b0 fn= 919 HdrRenderState mRenderHdrSdrRatio=1.0 caller= android.view.SyncRtSurfaceTransactionApplier.applyTransaction:100 android.view.SyncRtSurfaceTransactionApplier.lambda$scheduleApply$0:73 android.view.SyncRtSurfaceTransactionApplier.$r8$lambda$afI4fXg3U3-nBZQEDQMiNy-B06s:0 
11-23 21:21:26.301 22610 22688 I VRI[MainActivity]@8e53a52: mWNT: t=0xb400007c8db30410 mBlastBufferQueue=0xb400007adda683b0 fn= 920 HdrRenderState mRenderHdrSdrRatio=1.0 caller= android.view.SyncRtSurfaceTransactionApplier.applyTransaction:100 android.view.SyncRtSurfaceTransactionApplier.lambda$scheduleApply$0:73 android.view.SyncRtSurfaceTransactionApplier.$r8$lambda$afI4fXg3U3-nBZQEDQMiNy-B06s:0 
11-23 21:21:26.302 22610 22610 D UiControllerImpl: Injecting string: "
11-23 21:21:26.302 22610 22610 D UiControllerImpl: "
11-23 21:21:26.318 22610 22687 I VRI[MainActivity]@8e53a52: mWNT: t=0xb400007c8dcd9650 mBlastBufferQueue=0xb400007adda683b0 fn= 921 HdrRenderState mRenderHdrSdrRatio=1.0 caller= android.view.SyncRtSurfaceTransactionApplier.applyTransaction:100 android.view.SyncRtSurfaceTransactionApplier.lambda$scheduleApply$0:73 android.view.SyncRtSurfaceTransactionApplier.$r8$lambda$afI4fXg3U3-nBZQEDQMiNy-B06s:0 
11-23 21:21:26.329 22610 22688 I VRI[MainActivity]@8e53a52: mWNT: t=0xb400007c8dcac390 mBlastBufferQueue=0xb400007adda683b0 fn= 922 HdrRenderState mRenderHdrSdrRatio=1.0 caller= android.view.SyncRtSurfaceTransactionApplier.applyTransaction:100 android.view.SyncRtSurfaceTransactionApplier.lambda$scheduleApply$0:73 android.view.SyncRtSurfaceTransactionApplier.$r8$lambda$afI4fXg3U3-nBZQEDQMiNy-B06s:0 
11-23 21:21:26.349 22610 22687 I VRI[MainActivity]@8e53a52: mWNT: t=0xb400007c8dcaca90 mBlastBufferQueue=0xb400007adda683b0 fn= 923 HdrRenderState mRenderHdrSdrRatio=1.0 caller= android.view.SyncRtSurfaceTransactionApplier.applyTransaction:100 android.view.SyncRtSurfaceTransactionApplier.lambda$scheduleApply$0:73 android.view.SyncRtSurfaceTransactionApplier.$r8$lambda$afI4fXg3U3-nBZQEDQMiNy-B06s:0 
11-23 21:21:26.349 22610 22610 I VRI[MainActivity]@8e53a52: The input has been finished in ImeInputStage.
11-23 21:21:26.353 22610 22688 I VRI[MainActivity]@8e53a52: mWNT: t=0xb400007c8ddb4cd0 mBlastBufferQueue=0xb400007adda683b0 fn= 924 HdrRenderState mRenderHdrSdrRatio=1.0 caller= android.view.SyncRtSurfaceTransactionApplier.applyTransaction:100 android.view.SyncRtSurfaceTransactionApplier.lambda$scheduleApply$0:73 android.view.SyncRtSurfaceTransactionApplier.$r8$lambda$afI4fXg3U3-nBZQEDQMiNy-B06s:0 
11-23 21:21:26.353 22610 22610 W RemoteInputConnectionImpl: sendKeyEvent on inactive InputConnection
11-23 21:21:26.358 22610 22687 I VRI[MainActivity]@8e53a52: mWNT: t=0xb400007c8ddbf310 mBlastBufferQueue=0xb400007adda683b0 fn= 925 HdrRenderState mRenderHdrSdrRatio=1.0 caller= android.view.SyncRtSurfaceTransactionApplier.applyTransaction:100 android.view.SyncRtSurfaceTransactionApplier.lambda$scheduleApply$0:73 android.view.SyncRtSurfaceTransactionApplier.$r8$lambda$afI4fXg3U3-nBZQEDQMiNy-B06s:0 
11-23 21:21:26.366 22610 22610 I VRI[MainActivity]@8e53a52: ViewPostIme key 1
11-23 21:21:26.366 22610 22688 I VRI[MainActivity]@8e53a52: mWNT: t=0xb400007c8db76950 mBlastBufferQueue=0xb400007adda683b0 fn= 926 HdrRenderState mRenderHdrSdrRatio=1.0 caller= android.view.SyncRtSurfaceTransactionApplier.applyTransaction:100 android.view.SyncRtSurfaceTransactionApplier.lambda$scheduleApply$0:73 android.view.SyncRtSurfaceTransactionApplier.$r8$lambda$afI4fXg3U3-nBZQEDQMiNy-B06s:0 
11-23 21:21:26.368 22610 22655 I DetoxWSClient: Sending out action 'invokeResult' (ID #55)
11-23 21:21:26.369 22610 22655 I DetoxDispatcher: Done with action 'invoke'
11-23 21:21:26.375 22610 22687 I VRI[MainActivity]@8e53a52: mWNT: t=0xb400007c8dd9d9d0 mBlastBufferQueue=0xb400007adda683b0 fn= 927 HdrRenderState mRenderHdrSdrRatio=1.0 caller= android.view.SyncRtSurfaceTransactionApplier.applyTransaction:100 android.view.SyncRtSurfaceTransactionApplier.lambda$scheduleApply$0:73 android.view.SyncRtSurfaceTransactionApplier.$r8$lambda$afI4fXg3U3-nBZQEDQMiNy-B06s:0 
11-23 21:21:26.378 22610 22659 D DetoxWSClient: Received action 'invoke' (ID #56, params={"target":{"type":"Class","value":"com.wix.detox.espresso.DetoxAssertion"},"method":"waitForAssertMatcher","args":[{"type":"Invocation","value":{"target":{"type":"Class","value":"androidx.test.espresso.Espresso"},"method":"onView","args":[{"type":"Invocation","value":{"target":{"type":"Class","value":"com.wix.detox.espresso.DetoxMatcher"},"method":"matcherForTestId","args":["add-pantry-item-quantity-input",{"type":"boolean","value":false}]}}]}},{"type":"Invocation","value":{"target":{"type":"Class","value":"com.wix.detox.espresso.DetoxMatcher"},"method":"matcherForSufficientlyVisible","args":[{"type":"Integer","value":75}]}},{"type":"Double","value":5}]})
11-23 21:21:26.382 22610 22655 I DetoxDispatcher: Handling action 'invoke' (ID #56)...
11-23 21:21:26.383 22610 23102 I ReactNativeJS: '%c🚀 ✅ QUERY AutocompleteItems 169ms', 'color: #22c55e; font-weight: bold'
11-23 21:21:26.383 22610 23102 I ReactNativeJS: '   📤 Variables:', { input: { query: 'E2E Pantry tem 1763950878181' } }
11-23 21:21:26.383 22610 22655 D Detox   : class com.wix.detox.espresso.DetoxMatcher, matcherForTestId, [add-pantry-item-quantity-input, false]
11-23 21:21:26.386 22610 22688 I VRI[MainActivity]@8e53a52: mWNT: t=0xb400007c8dda8fd0 mBlastBufferQueue=0xb400007adda683b0 fn= 928 HdrRenderState mRenderHdrSdrRatio=1.0 caller= android.view.SyncRtSurfaceTransactionApplier.applyTransaction:100 android.view.SyncRtSurfaceTransactionApplier.lambda$scheduleApply$0:73 android.view.SyncRtSurfaceTransactionApplier.$r8$lambda$afI4fXg3U3-nBZQEDQMiNy-B06s:0 
11-23 21:21:26.390 22610 22655 D Detox   : class androidx.test.espresso.Espresso, onView, [(view.getTag() is "add-pantry-item-quantity-input" and view has effective visibility <VISIBLE>)]
11-23 21:21:26.391 22610 22655 D Detox   : class com.wix.detox.espresso.DetoxMatcher, matcherForSufficientlyVisible, [75]
11-23 21:21:26.392 22610 22655 D Detox   : class com.wix.detox.espresso.DetoxAssertion, waitForAssertMatcher, [androidx.test.espresso.ViewInteraction@b24f6a7, (view has effective visibility <VISIBLE> and view.getGlobalVisibleRect() covers at least <75> percent of the view's area), 5.0]
11-23 21:21:26.399 22610 22687 I VRI[MainActivity]@8e53a52: mWNT: t=0xb400007c8ddc4c50 mBlastBufferQueue=0xb400007adda683b0 fn= 929 HdrRenderState mRenderHdrSdrRatio=1.0 caller= android.view.SyncRtSurfaceTransactionApplier.applyTransaction:100 android.view.SyncRtSurfaceTransactionApplier.lambda$scheduleApply$0:73 android.view.SyncRtSurfaceTransactionApplier.$r8$lambda$afI4fXg3U3-nBZQEDQMiNy-B06s:0 
11-23 21:21:26.411 22610 22688 I VRI[MainActivity]@8e53a52: mWNT: t=0xb400007c8ddc5190 mBlastBufferQueue=0xb400007adda683b0 fn= 930 HdrRenderState mRenderHdrSdrRatio=1.0 caller= android.view.SyncRtSurfaceTransactionApplier.applyTransaction:100 android.view.SyncRtSurfaceTransactionApplier.lambda$scheduleApply$0:73 android.view.SyncRtSurfaceTransactionApplier.$r8$lambda$afI4fXg3U3-nBZQEDQMiNy-B06s:0 
11-23 21:21:26.417 22610 22687 I VRI[MainActivity]@8e53a52: mWNT: t=0xb400007c8ddc6310 mBlastBufferQueue=0xb400007adda683b0 fn= 931 HdrRenderState mRenderHdrSdrRatio=1.0 caller= android.view.SyncRtSurfaceTransactionApplier.applyTransaction:100 android.view.SyncRtSurfaceTransactionApplier.lambda$scheduleApply$0:73 android.view.SyncRtSurfaceTransactionApplier.$r8$lambda$afI4fXg3U3-nBZQEDQMiNy-B06s:0 
11-23 21:21:26.426 22610 22688 I VRI[MainActivity]@8e53a52: mWNT: t=0xb400007c8ddc7490 mBlastBufferQueue=0xb400007adda683b0 fn= 932 HdrRenderState mRenderHdrSdrRatio=1.0 caller= android.view.SyncRtSurfaceTransactionApplier.applyTransaction:100 android.view.SyncRtSurfaceTransactionApplier.lambda$scheduleApply$0:73 android.view.SyncRtSurfaceTransactionApplier.$r8$lambda$afI4fXg3U3-nBZQEDQMiNy-B06s:0 
11-23 21:21:26.427 22610 22610 I ViewInteraction: Checking 'MatchesViewAssertion(Detox){viewMatcher=(view has effective visibility <VISIBLE> and view.getGlobalVisibleRect() covers at least <75> percent of the view's area)}' assertion on view (view.getTag() is "add-pantry-item-quantity-input" and view has effective visibility <VISIBLE>)
11-23 21:21:26.438 22610 22655 I DetoxWSClient: Sending out action 'invokeResult' (ID #56)
11-23 21:21:26.439 22610 22655 I DetoxDispatcher: Done with action 'invoke'
11-23 21:21:26.446 22610 22659 D DetoxWSClient: Received action 'invoke' (ID #57, params={"target":{"type":"Class","value":"com.wix.detox.espresso.EspressoDetox"},"method":"perform","args":[{"type":"Invocation","value":{"target":{"type":"Class","value":"com.wix.detox.espresso.DetoxMatcher"},"method":"matcherForTestId","args":["add-pantry-item-quantity-input",{"type":"boolean","value":false}]}},{"type":"Invocation","value":{"target":{"type":"Class","value":"com.wix.detox.espresso.DetoxViewActions"},"method":"click","args":[]}}]})
11-23 21:21:26.447 22610 22655 I DetoxDispatcher: Handling action 'invoke' (ID #57)...
11-23 21:21:26.447 22610 22655 D Detox   : class com.wix.detox.espresso.DetoxMatcher, matcherForTestId, [add-pantry-item-quantity-input, false]
11-23 21:21:26.447 22610 22655 D Detox   : class com.wix.detox.espresso.DetoxViewActions, click, []
11-23 21:21:26.447 22610 22655 D Detox   : class com.wix.detox.espresso.EspressoDetox, perform, [(view.getTag() is "add-pantry-item-quantity-input" and view has effective visibility <VISIBLE>), com.wix.detox.espresso.action.RNClickAction@613b6fd]
11-23 21:21:26.448 22610 22687 I VRI[MainActivity]@8e53a52: mWNT: t=0xb400007c8ddc5c10 mBlastBufferQueue=0xb400007adda683b0 fn= 933 HdrRenderState mRenderHdrSdrRatio=1.0 caller= android.view.SyncRtSurfaceTransactionApplier.applyTransaction:100 android.view.SyncRtSurfaceTransactionApplier.lambda$scheduleApply$0:73 android.view.SyncRtSurfaceTransactionApplier.$r8$lambda$afI4fXg3U3-nBZQEDQMiNy-B06s:0 
11-23 21:21:26.453 22610 22688 I VRI[MainActivity]@8e53a52: mWNT: t=0xb400007c8ddbd010 mBlastBufferQueue=0xb400007adda683b0 fn= 934 HdrRenderState mRenderHdrSdrRatio=1.0 caller= android.view.SyncRtSurfaceTransactionApplier.applyTransaction:100 android.view.SyncRtSurfaceTransactionApplier.lambda$scheduleApply$0:73 android.view.SyncRtSurfaceTransactionApplier.$r8$lambda$afI4fXg3U3-nBZQEDQMiNy-B06s:0 
11-23 21:21:26.455 22610 22687 I VRI[MainActivity]@8e53a52: mWNT: t=0xb400007c8ddc7b90 mBlastBufferQueue=0xb400007adda683b0 fn= 935 HdrRenderState mRenderHdrSdrRatio=1.0 caller= android.view.SyncRtSurfaceTransactionApplier.applyTransaction:100 android.view.SyncRtSurfaceTransactionApplier.lambda$scheduleApply$0:73 android.view.SyncRtSurfaceTransactionApplier.$r8$lambda$afI4fXg3U3-nBZQEDQMiNy-B06s:0 
11-23 21:21:26.456 22610 22610 I ViewInteraction: Performing 'com.wix.detox.espresso.action.detoxsingletap@cd42ff2 click' action on view (view.getTag() is "add-pantry-item-quantity-input" and view has effective visibility <VISIBLE>)
11-23 21:21:26.464 22610 22688 I VRI[MainActivity]@8e53a52: mWNT: t=0xb400007c8dc4e0d0 mBlastBufferQueue=0xb400007adda683b0 fn= 936 HdrRenderState mRenderHdrSdrRatio=1.0 caller= android.view.SyncRtSurfaceTransactionApplier.applyTransaction:100 android.view.SyncRtSurfaceTransactionApplier.lambda$scheduleApply$0:73 android.view.SyncRtSurfaceTransactionApplier.$r8$lambda$afI4fXg3U3-nBZQEDQMiNy-B06s:0 
11-23 21:21:26.464 22610 22610 I VRI[MainActivity]@8e53a52: ViewPostIme pointer 0
11-23 21:21:26.487 22610 22687 I VRI[MainActivity]@8e53a52: mWNT: t=0xb400007c8dc4cbd0 mBlastBufferQueue=0xb400007adda683b0 fn= 937 HdrRenderState mRenderHdrSdrRatio=1.0 caller= android.view.SyncRtSurfaceTransactionApplier.applyTransaction:100 android.view.SyncRtSurfaceTransactionApplier.lambda$scheduleApply$0:73 android.view.SyncRtSurfaceTransactionApplier.$r8$lambda$afI4fXg3U3-nBZQEDQMiNy-B06s:0 
11-23 21:21:26.488 22610 22610 I InsetsController: cancelAnimation: types=ime, animType=1, host=dev.souschef.app/dev.souschef.app.MainActivity, from=android.view.InsetsController.notifyFinished:2006 android.view.InsetsAnimationControlImpl.applyChangeInsets:335 android.view.InsetsController.lambda$new$3:957 
11-23 21:21:26.493 22610 22688 I VRI[MainActivity]@8e53a52: mWNT: t=0xb400007c8dc4f090 mBlastBufferQueue=0xb400007adda683b0 fn= 938 HdrRenderState mRenderHdrSdrRatio=1.0 caller= android.view.SyncRtSurfaceTransactionApplier.applyTransaction:100 android.view.SyncRtSurfaceTransactionApplier.lambda$scheduleApply$0:73 android.view.SyncRtSurfaceTransactionApplier.$r8$lambda$afI4fXg3U3-nBZQEDQMiNy-B06s:0 
11-23 21:21:26.495 22610 22610 I VRI[MainActivity]@8e53a52: ViewPostIme pointer 1
11-23 21:21:26.503 22610 22610 D InputMethodManagerUtils: startInputInner - Id : 0
11-23 21:21:26.503 22610 22610 I InputMethodManager: startInputInner - IInputMethodManagerGlobalInvoker.startInputOrWindowGainedFocus
11-23 21:21:26.505 22610 22610 I AutofillManager: showAutofillDialog() return false due to improve fill dialog
11-23 21:21:26.505 22610 22610 I InputMethodManager_LC: showSoftInput(View,I)
11-23 21:21:26.506 22610 22610 I ImeTracker: dev.souschef.app:1b364377: onRequestShow at ORIGIN_CLIENT reason SHOW_SOFT_INPUT fromUser true
11-23 21:21:26.506 22610 22610 I InputMethodManager_LC: ssi(): flags=0 view=dev.souschef.app reason=SHOW_SOFT_INPUT
11-23 21:21:26.506 22610 22610 D InsetsController: show(ime(), fromIme=false)
11-23 21:21:26.507 22610 22610 D InsetsController: Setting requestedVisibleTypes to -1 (was -9)
11-23 21:21:26.507 22610 22610 I InsetsController: setRequestedVisibleTypes: visible=true, mask=ime, host=dev.souschef.app/dev.souschef.app.MainActivity, from=android.view.InsetsController.controlAnimationUnchecked:1604 android.view.InsetsController.applyAnimation:2416 android.view.InsetsController.applyAnimation:2343 android.view.InsetsController.show:1422 android.view.inputmethod.InputMethodManager.showSoftInput:2659 android.view.inputmethod.InputMethodManager.showSoftInput:2571 android.view.inputmethod.InputMethodManager.showSoftInput:2563 android.view.inputmethod.InputMethodManager.showSoftInput:2491 android.widget.TextView.onTouchEvent:14078 com.facebook.react.views.textinput.ReactEditText.onTouchEvent:323 
11-23 21:21:26.508 22610 22610 I InsetsController: controlAnimationUncheckedInner: Added types=ime, animType=0, host=dev.souschef.app/dev.souschef.app.MainActivity, from=android.view.InsetsController.controlAnimationUnchecked:1608 android.view.InsetsController.applyAnimation:2416 android.view.InsetsController.applyAnimation:2343 
11-23 21:21:26.512 22610 22610 I BLASTBufferQueue_Java: update, w= 1440 h= 3088 mName = VRI[MainActivity]@8e53a52 mNativeObject= 0xb400007adda683b0 sc.mNativeObject= 0xb400007b7da38150 format= -1 caller= android.view.ViewRootImpl.updateBlastSurfaceIfNeeded:3574 android.view.ViewRootImpl.relayoutWindow:11685 android.view.ViewRootImpl.performTraversals:4804 android.view.ViewRootImpl.doTraversal:3924 android.view.ViewRootImpl$TraversalRunnable.run:12903 android.view.Choreographer$CallbackRecord.run:1901 
11-23 21:21:26.512 22610 22610 I VRI[MainActivity]@8e53a52: Relayout returned: old=(0,0,1440,3088) new=(0,0,1440,3088) relayoutAsync=true req=(1440,3088)0 dur=1 res=0x0 s={true 0xb400007beda54050} ch=false seqId=0
11-23 21:21:26.516 22610 22610 I VRI[MainActivity]@8e53a52: registerCallbackForPendingTransactions
11-23 21:21:26.522 22610 22610 I InsetsController: onStateChanged: host=dev.souschef.app/dev.souschef.app.MainActivity, from=android.view.ViewRootImpl.onInsetsStateChanged:3026, state=InsetsState: {mDisplayFrame=Rect(0, 0 - 1440, 3088), mDisplayCutout=DisplayCutout{insets=Rect(0, 100 - 0, 0) waterfall=Insets{left=0, top=0, right=0, bottom=0} boundingRect={Bounds=[Rect(0, 0 - 0, 0), Rect(683, 0 - 758, 100), Rect(0, 0 - 0, 0), Rect(0, 0 - 0, 0)]} cutoutPathParserInfo={CutoutPathParserInfo{displayWidth=1440 displayHeight=3088 physicalDisplayWidth=1440 physicalDisplayHeight=3088 density={3.75} cutoutSpec={M 0,0 H -10 V 26.66666666666667 H 10 V 0 H 0 Z @dp} rotation={0} scale={1.0} physicalPixelDisplaySizeRatio={1.0}}} sideOverrides={}}, mRoundedCorners=RoundedCorners{[RoundedCorner{position=TopLeft, radius=15, center=Point(15, 15)}, RoundedCorner{position=TopRight, radius=15, center=Point(1425, 15)}, RoundedCorner{position=BottomRight, radius=15, center=Point(1425, 3073)}, RoundedCorner{position=BottomLeft, radius=15, center=Point(15, 3073)}]}  mRoundedCornerFrame=Rect(0, 0 - 1440, 3088), mPrivacyIndicatorBounds=PrivacyIndicatorBounds {static bounds=Rect(1275, 0 - 1440, 100) rotation=0}, mDisplayShape=DisplayShape{ spec=-311912193 displayWidth=1440 displayHeight=3088 physicalPixelDisplaySizeRatio=1.0 rotation=0 offsetX=0 offsetY=0 scale=1.0}, mSources= { InsetsSource: {b11d0001 mType=navigationBars mFrame=[0,3032][1440,3088] mVisible=true mFlags=SUPPRESS_SCRIM mSideHint=BOTTOM mBoundingRects=null}, InsetsSource: {b11d0004 mType=systemGestures mFrame=[0,0][84,3088] mVisible=true mFlags= mSideHint=LEFT mBoundingRects=null}, InsetsSource: {b11d0005 mType=mandatorySystemGestures mFrame=[0,2968][1440,3088] mVisible=true mFlags= mSideHint=BOTTOM mBoundingRects=null}, InsetsSource: {b11d0006 mType=tappableElement mFrame=[0,0][0,0] mVisible=true mFlags= mSideHint=NONE mBoundingRects=null}, InsetsSource: {b11d0024 mType=systemGestures mFrame=[1356,0][1440,3088] mVisible=true mFlags= mSideHint=RIGHT mBoundingRects=null}, InsetsSource: {ecac0000 mType=statusBars mFrame=[0,0][1440,100] mVisible=true mFlags= mSideHint=TOP mBoundingRects=null}, InsetsSource: {ecac0005 mType=mandatorySystemGestures mFrame=[0,0][1440,145] mVisible=true mFlags= mSideHint=TOP mBoundingRects=null}, InsetsSource: {ecac0006 mType=tappableElement mFrame=[0,0][1440,100] mVisible=true mFlags= mSideHint=TOP mBoundingRects=null}, InsetsSource: {3 mType=ime mFrame=[0,2076][1440,3088] mVisible=false mFlags= mSideHint=BOTTOM mBoundingRects=null}, InsetsSource: {27 mType=displayCutout mFrame=[0,0][1440,100] mVisible=true mFlags= mSideHint=TOP mBoundingRects=null} }
11-23 21:21:26.522 22610 22610 I VRI[MainActivity]@8e53a52: handleResized, frames=ClientWindowFrames{frame=[0,0][1440,3088] display=[0,0][1440,3088] parentFrame=[0,0][0,0]} displayId=0 dragResizing=false compatScale=1.0 frameChanged=false attachedFrameChanged=false configChanged=false displayChanged=false compatScaleChanged=false dragResizingChanged=false
11-23 21:21:26.523 22610 22687 I VRI[MainActivity]@8e53a52: mWNT: t=0xb400007c8dc45690 mBlastBufferQueue=0xb400007adda683b0 fn= 939 HdrRenderState mRenderHdrSdrRatio=1.0 caller= android.view.SyncRtSurfaceTransactionApplier.applyTransaction:100 android.view.SyncRtSurfaceTransactionApplier.lambda$scheduleApply$0:73 android.view.SyncRtSurfaceTransactionApplier.$r8$lambda$afI4fXg3U3-nBZQEDQMiNy-B06s:0 
11-23 21:21:26.524 22610 22687 I VRI[MainActivity]@8e53a52: mWNT: t=0xb400007c8dcfc2d0 mBlastBufferQueue=0xb400007adda683b0 fn= 939 HdrRenderState mRenderHdrSdrRatio=1.0 caller= android.view.ViewRootImpl$10.onFrameDraw:6536 android.view.ViewRootImpl$4.onFrameDraw:2489 android.view.ThreadedRenderer$1.onFrameDraw:718 
11-23 21:21:26.536 22610 22688 I VRI[MainActivity]@8e53a52: mWNT: t=0xb400007c8ddab110 mBlastBufferQueue=0xb400007adda683b0 fn= 940 HdrRenderState mRenderHdrSdrRatio=1.0 caller= android.view.SyncRtSurfaceTransactionApplier.applyTransaction:100 android.view.SyncRtSurfaceTransactionApplier.lambda$scheduleApply$0:73 android.view.SyncRtSurfaceTransactionApplier.$r8$lambda$afI4fXg3U3-nBZQEDQMiNy-B06s:0 
11-23 21:21:26.537 22610 22610 E ImeBackDispatcher: Ime callback not found. Ignoring unregisterReceivedCallback. callbackId: 215426280
11-23 21:21:26.555 22610 22687 I VRI[MainActivity]@8e53a52: mWNT: t=0xb400007c8dc49210 mBlastBufferQueue=0xb400007adda683b0 fn= 941 HdrRenderState mRenderHdrSdrRatio=1.0 caller= android.view.SyncRtSurfaceTransactionApplier.applyTransaction:100 android.view.SyncRtSurfaceTransactionApplier.lambda$scheduleApply$0:73 android.view.SyncRtSurfaceTransactionApplier.$r8$lambda$afI4fXg3U3-nBZQEDQMiNy-B06s:0 
11-23 21:21:26.559 22610 22648 D InputTransport: Input channel constructed: 'ClientS', fd=210
11-23 21:21:26.572 22610 22610 I AssistStructure: Flattened final assist data: 6036 bytes, containing 1 windows, 39 views
11-23 21:21:26.575 22610 22610 I InsetsController: onStateChanged: host=dev.souschef.app/dev.souschef.app.MainActivity, from=android.view.ViewRootImpl.onInsetsStateChanged:3026, state=InsetsState: {mDisplayFrame=Rect(0, 0 - 1440, 3088), mDisplayCutout=DisplayCutout{insets=Rect(0, 100 - 0, 0) waterfall=Insets{left=0, top=0, right=0, bottom=0} boundingRect={Bounds=[Rect(0, 0 - 0, 0), Rect(683, 0 - 758, 100), Rect(0, 0 - 0, 0), Rect(0, 0 - 0, 0)]} cutoutPathParserInfo={CutoutPathParserInfo{displayWidth=1440 displayHeight=3088 physicalDisplayWidth=1440 physicalDisplayHeight=3088 density={3.75} cutoutSpec={M 0,0 H -10 V 26.66666666666667 H 10 V 0 H 0 Z @dp} rotation={0} scale={1.0} physicalPixelDisplaySizeRatio={1.0}}} sideOverrides={}}, mRoundedCorners=RoundedCorners{[RoundedCorner{position=TopLeft, radius=15, center=Point(15, 15)}, RoundedCorner{position=TopRight, radius=15, center=Point(1425, 15)}, RoundedCorner{position=BottomRight, radius=15, center=Point(1425, 3073)}, RoundedCorner{position=BottomLeft, radius=15, center=Point(15, 3073)}]}  mRoundedCornerFrame=Rect(0, 0 - 1440, 3088), mPrivacyIndicatorBounds=PrivacyIndicatorBounds {static bounds=Rect(1275, 0 - 1440, 100) rotation=0}, mDisplayShape=DisplayShape{ spec=-311912193 displayWidth=1440 displayHeight=3088 physicalPixelDisplaySizeRatio=1.0 rotation=0 offsetX=0 offsetY=0 scale=1.0}, mSources= { InsetsSource: {b11d0001 mType=navigationBars mFrame=[0,3032][1440,3088] mVisible=true mFlags=SUPPRESS_SCRIM mSideHint=BOTTOM mBoundingRects=null}, InsetsSource: {b11d0004 mType=systemGestures mFrame=[0,0][84,3088] mVisible=true mFlags= mSideHint=LEFT mBoundingRects=null}, InsetsSource: {b11d0005 mType=mandatorySystemGestures mFrame=[0,2968][1440,3088] mVisible=true mFlags= mSideHint=BOTTOM mBoundingRects=null}, InsetsSource: {b11d0006 mType=tappableElement mFrame=[0,0][0,0] mVisible=true mFlags= mSideHint=NONE mBoundingRects=null}, InsetsSource: {b11d0024 mType=systemGestures mFrame=[1356,0][1440,3088] mVisible=true mFlags= mSideHint=RIGHT mBoundingRects=null}, InsetsSource: {ecac0000 mType=statusBars mFrame=[0,0][1440,100] mVisible=true mFlags= mSideHint=TOP mBoundingRects=null}, InsetsSource: {ecac0005 mType=mandatorySystemGestures mFrame=[0,0][1440,145] mVisible=true mFlags= mSideHint=TOP mBoundingRects=null}, InsetsSource: {ecac0006 mType=tappableElement mFrame=[0,0][1440,100] mVisible=true mFlags= mSideHint=TOP mBoundingRects=null}, InsetsSource: {3 mType=ime mFrame=[0,2076][1440,3088] mVisible=true mFlags= mSideHint=BOTTOM mBoundingRects=null}, InsetsSource: {27 mType=displayCutout mFrame=[0,0][1440,100] mVisible=true mFlags= mSideHint=TOP mBoundingRects=null} }
11-23 21:21:26.575 22610 22610 I VRI[MainActivity]@8e53a52: handleResized, frames=ClientWindowFrames{frame=[0,0][1440,3088] display=[0,0][1440,3088] parentFrame=[0,0][0,0]} displayId=0 dragResizing=false compatScale=1.0 frameChanged=false attachedFrameChanged=false configChanged=false displayChanged=false compatScaleChanged=false dragResizingChanged=false
11-23 21:21:26.576 22610 22610 I ImeTracker: system_server:eccdecf0: onCancelled at PHASE_CLIENT_ON_CONTROLS_CHANGED
11-23 21:21:26.576 22610 22610 W RemoteInputConnectionImpl: requestCursorUpdates on inactive InputConnection
11-23 21:21:26.577 22610 22610 I InputMethodManager_LC: showSoftInput(View,I)
11-23 21:21:26.577 22610 22610 I ImeTracker: dev.souschef.app:5c474e55: onRequestShow at ORIGIN_CLIENT reason SHOW_SOFT_INPUT fromUser false
11-23 21:21:26.577 22610 22610 I InputMethodManager_LC: ssi(): flags=0 view=dev.souschef.app reason=SHOW_SOFT_INPUT
11-23 21:21:26.577 22610 22610 D InsetsController: show(ime(), fromIme=false)
11-23 21:21:26.577 22610 22610 I ImeTracker: dev.souschef.app:5c474e55: onCancelled at PHASE_CLIENT_APPLY_ANIMATION
11-23 21:21:26.585 22610 22688 I VRI[MainActivity]@8e53a52: mWNT: t=0xb400007c8dc46650 mBlastBufferQueue=0xb400007adda683b0 fn= 942 HdrRenderState mRenderHdrSdrRatio=1.0 caller= android.view.SyncRtSurfaceTransactionApplier.applyTransaction:100 android.view.SyncRtSurfaceTransactionApplier.lambda$scheduleApply$0:73 android.view.SyncRtSurfaceTransactionApplier.$r8$lambda$afI4fXg3U3-nBZQEDQMiNy-B06s:0 
11-23 21:21:26.621 22610 22687 I VRI[MainActivity]@8e53a52: mWNT: t=0xb400007c8dc48090 mBlastBufferQueue=0xb400007adda683b0 fn= 943 HdrRenderState mRenderHdrSdrRatio=1.0 caller= android.view.SyncRtSurfaceTransactionApplier.applyTransaction:100 android.view.SyncRtSurfaceTransactionApplier.lambda$scheduleApply$0:73 android.view.SyncRtSurfaceTransactionApplier.$r8$lambda$afI4fXg3U3-nBZQEDQMiNy-B06s:0 
11-23 21:21:26.629 22610 22688 I VRI[MainActivity]@8e53a52: mWNT: t=0xb400007c8dc48250 mBlastBufferQueue=0xb400007adda683b0 fn= 944 HdrRenderState mRenderHdrSdrRatio=1.0 caller= android.view.SyncRtSurfaceTransactionApplier.applyTransaction:100 android.view.SyncRtSurfaceTransactionApplier.lambda$scheduleApply$0:73 android.view.SyncRtSurfaceTransactionApplier.$r8$lambda$afI4fXg3U3-nBZQEDQMiNy-B06s:0 
11-23 21:21:26.636 22610 22687 I VRI[MainActivity]@8e53a52: mWNT: t=0xb400007c8dccfa90 mBlastBufferQueue=0xb400007adda683b0 fn= 945 HdrRenderState mRenderHdrSdrRatio=1.0 caller= android.view.SyncRtSurfaceTransactionApplier.applyTransaction:100 android.view.SyncRtSurfaceTransactionApplier.lambda$scheduleApply$0:73 android.view.SyncRtSurfaceTransactionApplier.$r8$lambda$afI4fXg3U3-nBZQEDQMiNy-B06s:0 
11-23 21:21:26.648 22610 22688 I VRI[MainActivity]@8e53a52: mWNT: t=0xb400007c8dccbf10 mBlastBufferQueue=0xb400007adda683b0 fn= 946 HdrRenderState mRenderHdrSdrRatio=1.0 caller= android.view.SyncRtSurfaceTransactionApplier.applyTransaction:100 android.view.SyncRtSurfaceTransactionApplier.lambda$scheduleApply$0:73 android.view.SyncRtSurfaceTransactionApplier.$r8$lambda$afI4fXg3U3-nBZQEDQMiNy-B06s:0 
11-23 21:21:26.656 22610 22687 I VRI[MainActivity]@8e53a52: mWNT: t=0xb400007c8dcc7910 mBlastBufferQueue=0xb400007adda683b0 fn= 947 HdrRenderState mRenderHdrSdrRatio=1.0 caller= android.view.SyncRtSurfaceTransactionApplier.applyTransaction:100 android.view.SyncRtSurfaceTransactionApplier.lambda$scheduleApply$0:73 android.view.SyncRtSurfaceTransactionApplier.$r8$lambda$afI4fXg3U3-nBZQEDQMiNy-B06s:0 
11-23 21:21:26.664 22610 22688 I VRI[MainActivity]@8e53a52: mWNT: t=0xb400007c8da9c610 mBlastBufferQueue=0xb400007adda683b0 fn= 948 HdrRenderState mRenderHdrSdrRatio=1.0 caller= android.view.SyncRtSurfaceTransactionApplier.applyTransaction:100 android.view.SyncRtSurfaceTransactionApplier.lambda$scheduleApply$0:73 android.view.SyncRtSurfaceTransactionApplier.$r8$lambda$afI4fXg3U3-nBZQEDQMiNy-B06s:0 
11-23 21:21:26.674 22610 22687 I VRI[MainActivity]@8e53a52: mWNT: t=0xb400007c8ddc9090 mBlastBufferQueue=0xb400007adda683b0 fn= 949 HdrRenderState mRenderHdrSdrRatio=1.0 caller= android.view.SyncRtSurfaceTransactionApplier.applyTransaction:100 android.view.SyncRtSurfaceTransactionApplier.lambda$scheduleApply$0:73 android.view.SyncRtSurfaceTransactionApplier.$r8$lambda$afI4fXg3U3-nBZQEDQMiNy-B06s:0 
11-23 21:21:26.681 22610 22688 I VRI[MainActivity]@8e53a52: mWNT: t=0xb400007c8ddc8b50 mBlastBufferQueue=0xb400007adda683b0 fn= 950 HdrRenderState mRenderHdrSdrRatio=1.0 caller= android.view.SyncRtSurfaceTransactionApplier.applyTransaction:100 android.view.SyncRtSurfaceTransactionApplier.lambda$scheduleApply$0:73 android.view.SyncRtSurfaceTransactionApplier.$r8$lambda$afI4fXg3U3-nBZQEDQMiNy-B06s:0 
11-23 21:21:26.692 22610 22687 I VRI[MainActivity]@8e53a52: mWNT: t=0xb400007c8ddc7650 mBlastBufferQueue=0xb400007adda683b0 fn= 951 HdrRenderState mRenderHdrSdrRatio=1.0 caller= android.view.SyncRtSurfaceTransactionApplier.applyTransaction:100 android.view.SyncRtSurfaceTransactionApplier.lambda$scheduleApply$0:73 android.view.SyncRtSurfaceTransactionApplier.$r8$lambda$afI4fXg3U3-nBZQEDQMiNy-B06s:0 
11-23 21:21:26.705 22610 22688 I VRI[MainActivity]@8e53a52: mWNT: t=0xb400007c8ddc7f10 mBlastBufferQueue=0xb400007adda683b0 fn= 952 HdrRenderState mRenderHdrSdrRatio=1.0 caller= android.view.SyncRtSurfaceTransactionApplier.applyTransaction:100 android.view.SyncRtSurfaceTransactionApplier.lambda$scheduleApply$0:73 android.view.SyncRtSurfaceTransactionApplier.$r8$lambda$afI4fXg3U3-nBZQEDQMiNy-B06s:0 
11-23 21:21:26.715 22610 22687 I VRI[MainActivity]@8e53a52: mWNT: t=0xb400007c8ddc9b10 mBlastBufferQueue=0xb400007adda683b0 fn= 953 HdrRenderState mRenderHdrSdrRatio=1.0 caller= android.view.SyncRtSurfaceTransactionApplier.applyTransaction:100 android.view.SyncRtSurfaceTransactionApplier.lambda$scheduleApply$0:73 android.view.SyncRtSurfaceTransactionApplier.$r8$lambda$afI4fXg3U3-nBZQEDQMiNy-B06s:0 
11-23 21:21:26.732 22610 22688 I VRI[MainActivity]@8e53a52: mWNT: t=0xb400007c8ddc6d90 mBlastBufferQueue=0xb400007adda683b0 fn= 954 HdrRenderState mRenderHdrSdrRatio=1.0 caller= android.view.SyncRtSurfaceTransactionApplier.applyTransaction:100 android.view.SyncRtSurfaceTransactionApplier.lambda$scheduleApply$0:73 android.view.SyncRtSurfaceTransactionApplier.$r8$lambda$afI4fXg3U3-nBZQEDQMiNy-B06s:0 
11-23 21:21:26.740 22610 22687 I VRI[MainActivity]@8e53a52: mWNT: t=0xb400007c8dcc9f90 mBlastBufferQueue=0xb400007adda683b0 fn= 955 HdrRenderState mRenderHdrSdrRatio=1.0 caller= android.view.SyncRtSurfaceTransactionApplier.applyTransaction:100 android.view.SyncRtSurfaceTransactionApplier.lambda$scheduleApply$0:73 android.view.SyncRtSurfaceTransactionApplier.$r8$lambda$afI4fXg3U3-nBZQEDQMiNy-B06s:0 
11-23 21:21:26.745 22610 22688 I VRI[MainActivity]@8e53a52: mWNT: t=0xb400007c8ddce650 mBlastBufferQueue=0xb400007adda683b0 fn= 956 HdrRenderState mRenderHdrSdrRatio=1.0 caller= android.view.SyncRtSurfaceTransactionApplier.applyTransaction:100 android.view.SyncRtSurfaceTransactionApplier.lambda$scheduleApply$0:73 android.view.SyncRtSurfaceTransactionApplier.$r8$lambda$afI4fXg3U3-nBZQEDQMiNy-B06s:0 
11-23 21:21:26.749 22610 22687 I VRI[MainActivity]@8e53a52: mWNT: t=0xb400007c8dc462d0 mBlastBufferQueue=0xb400007adda683b0 fn= 957 HdrRenderState mRenderHdrSdrRatio=1.0 caller= android.view.SyncRtSurfaceTransactionApplier.applyTransaction:100 android.view.SyncRtSurfaceTransactionApplier.lambda$scheduleApply$0:73 android.view.SyncRtSurfaceTransactionApplier.$r8$lambda$afI4fXg3U3-nBZQEDQMiNy-B06s:0 
11-23 21:21:26.759 22610 22688 I VRI[MainActivity]@8e53a52: mWNT: t=0xb400007c8ddcf7d0 mBlastBufferQueue=0xb400007adda683b0 fn= 958 HdrRenderState mRenderHdrSdrRatio=1.0 caller= android.view.SyncRtSurfaceTransactionApplier.applyTransaction:100 android.view.SyncRtSurfaceTransactionApplier.lambda$scheduleApply$0:73 android.view.SyncRtSurfaceTransactionApplier.$r8$lambda$afI4fXg3U3-nBZQEDQMiNy-B06s:0 
11-23 21:21:26.762 22610 23102 I MMKV    : <MMKV_IO.cpp:545::writeActualSize> [sous-chef-storage_temp] increase sequence to 3, crc 1834606286, actualSize 14571
11-23 21:21:26.762 22610 23102 I MMKV    : <MMKV.cpp:1182::sync> MMKV::sync, SyncFlag = 1
11-23 21:21:26.765 22610 23102 I ReactNativeJS: 💾 Cache: Persisted cache (14 KB)
11-23 21:21:26.766 22610 22687 I VRI[MainActivity]@8e53a52: mWNT: t=0xb400007c8ddced50 mBlastBufferQueue=0xb400007adda683b0 fn= 959 HdrRenderState mRenderHdrSdrRatio=1.0 caller= android.view.SyncRtSurfaceTransactionApplier.applyTransaction:100 android.view.SyncRtSurfaceTransactionApplier.lambda$scheduleApply$0:73 android.view.SyncRtSurfaceTransactionApplier.$r8$lambda$afI4fXg3U3-nBZQEDQMiNy-B06s:0 
11-23 21:21:26.775 22610 22688 I VRI[MainActivity]@8e53a52: mWNT: t=0xb400007c8ddcdf50 mBlastBufferQueue=0xb400007adda683b0 fn= 960 HdrRenderState mRenderHdrSdrRatio=1.0 caller= android.view.SyncRtSurfaceTransactionApplier.applyTransaction:100 android.view.SyncRtSurfaceTransactionApplier.lambda$scheduleApply$0:73 android.view.SyncRtSurfaceTransactionApplier.$r8$lambda$afI4fXg3U3-nBZQEDQMiNy-B06s:0 
11-23 21:21:26.781 22610 22687 I VRI[MainActivity]@8e53a52: mWNT: t=0xb400007c8da5b850 mBlastBufferQueue=0xb400007adda683b0 fn= 961 HdrRenderState mRenderHdrSdrRatio=1.0 caller= android.view.SyncRtSurfaceTransactionApplier.applyTransaction:100 android.view.SyncRtSurfaceTransactionApplier.lambda$scheduleApply$0:73 android.view.SyncRtSurfaceTransactionApplier.$r8$lambda$afI4fXg3U3-nBZQEDQMiNy-B06s:0 
11-23 21:21:26.791 22610 22688 I VRI[MainActivity]@8e53a52: mWNT: t=0xb400007c8da5bf50 mBlastBufferQueue=0xb400007adda683b0 fn= 962 HdrRenderState mRenderHdrSdrRatio=1.0 caller= android.view.SyncRtSurfaceTransactionApplier.applyTransaction:100 android.view.SyncRtSurfaceTransactionApplier.lambda$scheduleApply$0:73 android.view.SyncRtSurfaceTransactionApplier.$r8$lambda$afI4fXg3U3-nBZQEDQMiNy-B06s:0 
11-23 21:21:26.804 22610 22687 I VRI[MainActivity]@8e53a52: mWNT: t=0xb400007c8db63550 mBlastBufferQueue=0xb400007adda683b0 fn= 963 HdrRenderState mRenderHdrSdrRatio=1.0 caller= android.view.SyncRtSurfaceTransactionApplier.applyTransaction:100 android.view.SyncRtSurfaceTransactionApplier.lambda$scheduleApply$0:73 android.view.SyncRtSurfaceTransactionApplier.$r8$lambda$afI4fXg3U3-nBZQEDQMiNy-B06s:0 
11-23 21:21:26.812 22610 22688 I VRI[MainActivity]@8e53a52: mWNT: t=0xb400007c8db36ed0 mBlastBufferQueue=0xb400007adda683b0 fn= 964 HdrRenderState mRenderHdrSdrRatio=1.0 caller= android.view.SyncRtSurfaceTransactionApplier.applyTransaction:100 android.view.SyncRtSurfaceTransactionApplier.lambda$scheduleApply$0:73 android.view.SyncRtSurfaceTransactionApplier.$r8$lambda$afI4fXg3U3-nBZQEDQMiNy-B06s:0 
11-23 21:21:26.816 22610 22687 I VRI[MainActivity]@8e53a52: mWNT: t=0xb400007c8db70050 mBlastBufferQueue=0xb400007adda683b0 fn= 965 HdrRenderState mRenderHdrSdrRatio=1.0 caller= android.view.SyncRtSurfaceTransactionApplier.applyTransaction:100 android.view.SyncRtSurfaceTransactionApplier.lambda$scheduleApply$0:73 android.view.SyncRtSurfaceTransactionApplier.$r8$lambda$afI4fXg3U3-nBZQEDQMiNy-B06s:0 
11-23 21:21:26.822 22610 22688 I VRI[MainActivity]@8e53a52: mWNT: t=0xb400007c8db6d9d0 mBlastBufferQueue=0xb400007adda683b0 fn= 966 HdrRenderState mRenderHdrSdrRatio=1.0 caller= android.view.SyncRtSurfaceTransactionApplier.applyTransaction:100 android.view.SyncRtSurfaceTransactionApplier.lambda$scheduleApply$0:73 android.view.SyncRtSurfaceTransactionApplier.$r8$lambda$afI4fXg3U3-nBZQEDQMiNy-B06s:0 
11-23 21:21:26.837 22610 22687 I VRI[MainActivity]@8e53a52: mWNT: t=0xb400007c8db58d50 mBlastBufferQueue=0xb400007adda683b0 fn= 967 HdrRenderState mRenderHdrSdrRatio=1.0 caller= android.view.SyncRtSurfaceTransactionApplier.applyTransaction:100 android.view.SyncRtSurfaceTransactionApplier.lambda$scheduleApply$0:73 android.view.SyncRtSurfaceTransactionApplier.$r8$lambda$afI4fXg3U3-nBZQEDQMiNy-B06s:0 
11-23 21:21:26.845 22610 22688 I VRI[MainActivity]@8e53a52: mWNT: t=0xb400007c8db2ae50 mBlastBufferQueue=0xb400007adda683b0 fn= 968 HdrRenderState mRenderHdrSdrRatio=1.0 caller= android.view.SyncRtSurfaceTransactionApplier.applyTransaction:100 android.view.SyncRtSurfaceTransactionApplier.lambda$scheduleApply$0:73 android.view.SyncRtSurfaceTransactionApplier.$r8$lambda$afI4fXg3U3-nBZQEDQMiNy-B06s:0 
11-23 21:21:26.850 22610 22687 I VRI[MainActivity]@8e53a52: mWNT: t=0xb400007c8db9f610 mBlastBufferQueue=0xb400007adda683b0 fn= 969 HdrRenderState mRenderHdrSdrRatio=1.0 caller= android.view.SyncRtSurfaceTransactionApplier.applyTransaction:100 android.view.SyncRtSurfaceTransactionApplier.lambda$scheduleApply$0:73 android.view.SyncRtSurfaceTransactionApplier.$r8$lambda$afI4fXg3U3-nBZQEDQMiNy-B06s:0 
11-23 21:21:26.859 22610 22688 I VRI[MainActivity]@8e53a52: mWNT: t=0xb400007c8dc13dd0 mBlastBufferQueue=0xb400007adda683b0 fn= 970 HdrRenderState mRenderHdrSdrRatio=1.0 caller= android.view.SyncRtSurfaceTransactionApplier.applyTransaction:100 android.view.SyncRtSurfaceTransactionApplier.lambda$scheduleApply$0:73 android.view.SyncRtSurfaceTransactionApplier.$r8$lambda$afI4fXg3U3-nBZQEDQMiNy-B06s:0 
11-23 21:21:26.867 22610 22687 I VRI[MainActivity]@8e53a52: mWNT: t=0xb400007c8dc19390 mBlastBufferQueue=0xb400007adda683b0 fn= 971 HdrRenderState mRenderHdrSdrRatio=1.0 caller= android.view.SyncRtSurfaceTransactionApplier.applyTransaction:100 android.view.SyncRtSurfaceTransactionApplier.lambda$scheduleApply$0:73 android.view.SyncRtSurfaceTransactionApplier.$r8$lambda$afI4fXg3U3-nBZQEDQMiNy-B06s:0 
11-23 21:21:26.870 22610 22610 I InsetsController: cancelAnimation: types=ime, animType=0, host=dev.souschef.app/dev.souschef.app.MainActivity, from=android.view.InsetsController.notifyFinished:2006 android.view.InsetsAnimationControlImpl.applyChangeInsets:335 android.view.InsetsController.lambda$new$3:957 
11-23 21:21:26.871 22610 22610 I ImeTracker: dev.souschef.app:1b364377: onShown
11-23 21:21:26.878 22610 22688 I VRI[MainActivity]@8e53a52: mWNT: t=0xb400007c8dc1cf10 mBlastBufferQueue=0xb400007adda683b0 fn= 972 HdrRenderState mRenderHdrSdrRatio=1.0 caller= android.view.SyncRtSurfaceTransactionApplier.applyTransaction:100 android.view.SyncRtSurfaceTransactionApplier.lambda$scheduleApply$0:73 android.view.SyncRtSurfaceTransactionApplier.$r8$lambda$afI4fXg3U3-nBZQEDQMiNy-B06s:0 
11-23 21:21:26.947 22610 22655 I DetoxWSClient: Sending out action 'invokeResult' (ID #57)
11-23 21:21:26.947 22610 22655 I DetoxDispatcher: Done with action 'invoke'
11-23 21:21:26.951 22610 22659 D DetoxWSClient: Received action 'invoke' (ID #58, params={"target":{"type":"Class","value":"com.wix.detox.espresso.EspressoDetox"},"method":"perform","args":[{"type":"Invocation","value":{"target":{"type":"Class","value":"com.wix.detox.espresso.DetoxMatcher"},"method":"matcherForTestId","args":["add-pantry-item-quantity-input",{"type":"boolean","value":false}]}},{"type":"Invocation","value":{"target":{"type":"Class","value":"androidx.test.espresso.action.ViewActions"},"method":"clearText","args":[]}}]})
11-23 21:21:26.951 22610 22655 I DetoxDispatcher: Handling action 'invoke' (ID #58)...
11-23 21:21:26.952 22610 22655 D Detox   : class com.wix.detox.espresso.DetoxMatcher, matcherForTestId, [add-pantry-item-quantity-input, false]
11-23 21:21:26.953 22610 22655 D Detox   : class androidx.test.espresso.action.ViewActions, clearText, []
11-23 21:21:26.953 22610 22655 D Detox   : class com.wix.detox.espresso.EspressoDetox, perform, [(view.getTag() is "add-pantry-item-quantity-input" and view has effective visibility <VISIBLE>), androidx.test.espresso.action.ReplaceTextAction@f119b4e]
11-23 21:21:26.957 22610 22610 I ViewInteraction: Performing 'replace text()' action on view (view.getTag() is "add-pantry-item-quantity-input" and view has effective visibility <VISIBLE>)
11-23 21:21:26.968 22610 22610 I InputMethodManager: invalidateInput: scheduleInvalidateInput isRestartingfalse
11-23 21:21:26.968 22610 22655 I DetoxWSClient: Sending out action 'invokeResult' (ID #58)
11-23 21:21:26.969 22610 22655 I DetoxDispatcher: Done with action 'invoke'
11-23 21:21:26.972 22610 22659 D DetoxWSClient: Received action 'invoke' (ID #59, params={"target":{"type":"Class","value":"com.wix.detox.espresso.EspressoDetox"},"method":"perform","args":[{"type":"Invocation","value":{"target":{"type":"Class","value":"com.wix.detox.espresso.DetoxMatcher"},"method":"matcherForTestId","args":["add-pantry-item-quantity-input",{"type":"boolean","value":false}]}},{"type":"Invocation","value":{"target":{"type":"Class","value":"com.wix.detox.espresso.DetoxViewActions"},"method":"typeText","args":["1"]}}]})
11-23 21:21:26.973 22610 22655 I DetoxDispatcher: Handling action 'invoke' (ID #59)...
11-23 21:21:26.973 22610 22655 D Detox   : class com.wix.detox.espresso.DetoxMatcher, matcherForTestId, [add-pantry-item-quantity-input, false]
11-23 21:21:26.974 22610 22655 D Detox   : class com.wix.detox.espresso.DetoxViewActions, typeText, [1]
11-23 21:21:26.974 22610 22610 D InputMethodManagerUtils: doInvalidateInput - Id : 0
11-23 21:21:26.976 22610 22655 D Detox   : class com.wix.detox.espresso.EspressoDetox, perform, [(view.getTag() is "add-pantry-item-quantity-input" and view has effective visibility <VISIBLE>), com.wix.detox.espresso.action.DetoxTypeTextAction@6d53814]
11-23 21:21:26.979 22610 22610 I ViewInteraction: Performing 'Click to focus & type text (1)' action on view (view.getTag() is "add-pantry-item-quantity-input" and view has effective visibility <VISIBLE>)
11-23 21:21:26.987 22610 22610 I VRI[MainActivity]@8e53a52: ViewPostIme pointer 0
11-23 21:21:27.014 22610 22610 I VRI[MainActivity]@8e53a52: ViewPostIme pointer 1
11-23 21:21:27.019 22610 22610 I AutofillManager: showAutofillDialog() return false due to improve fill dialog
11-23 21:21:27.019 22610 22610 I InputMethodManager_LC: showSoftInput(View,I)
11-23 21:21:27.019 22610 22610 I ImeTracker: dev.souschef.app:17f0fb94: onRequestShow at ORIGIN_CLIENT reason SHOW_SOFT_INPUT fromUser true
11-23 21:21:27.020 22610 22610 I InputMethodManager_LC: ssi(): flags=0 view=dev.souschef.app reason=SHOW_SOFT_INPUT
11-23 21:21:27.020 22610 22610 D InsetsController: show(ime(), fromIme=false)
11-23 21:21:27.020 22610 22610 I ImeTracker: dev.souschef.app:17f0fb94: onCancelled at PHASE_CLIENT_APPLY_ANIMATION
11-23 21:21:27.088 22610 22610 D TextView: defaultIME is not com.samsung.android.honeyboard/.service.HoneyBoardService
11-23 21:21:27.121 22610 22610 I WindowManager: WindowManagerGlobal#addView, ty=1005, view=android.widget.PopupWindow$PopupDecorView{49096a6 V.E...... R.....I. 0,0-0,0}, caller=android.view.WindowManagerImpl.addView:158 android.widget.PopupWindow.invokePopup:1692 android.widget.PopupWindow.showAtLocation:1418 
11-23 21:21:27.122 22610 22610 D ViewRootImpl: desktopMode is false
11-23 21:21:27.122 22610 22610 I ViewRootImpl: dVRR is disabled
11-23 21:21:27.123 22610 22671 D NativeCustomFrequencyManager: [NativeCFMS] BpCustomFrequencyManager::BpCustomFrequencyManager()
11-23 21:21:27.129 22610 22610 D InputTransport: Input channel constructed: 'fe6c821', fd=295
11-23 21:21:27.130 22610 22610 I InsetsController: onStateChanged: host=PopupWindow:5c37801, from=android.view.ViewRootImpl.onInsetsStateChanged:3026, state=InsetsState: {mDisplayFrame=Rect(0, 0 - 1440, 3088), mDisplayCutout=DisplayCutout{insets=Rect(0, 100 - 0, 0) waterfall=Insets{left=0, top=0, right=0, bottom=0} boundingRect={Bounds=[Rect(0, 0 - 0, 0), Rect(683, 0 - 758, 100), Rect(0, 0 - 0, 0), Rect(0, 0 - 0, 0)]} cutoutPathParserInfo={CutoutPathParserInfo{displayWidth=1440 displayHeight=3088 physicalDisplayWidth=1440 physicalDisplayHeight=3088 density={3.75} cutoutSpec={M 0,0 H -10 V 26.66666666666667 H 10 V 0 H 0 Z @dp} rotation={0} scale={1.0} physicalPixelDisplaySizeRatio={1.0}}} sideOverrides={}}, mRoundedCorners=RoundedCorners{[RoundedCorner{position=TopLeft, radius=15, center=Point(15, 15)}, RoundedCorner{position=TopRight, radius=15, center=Point(1425, 15)}, RoundedCorner{position=BottomRight, radius=15, center=Point(1425, 3073)}, RoundedCorner{position=BottomLeft, radius=15, center=Point(15, 3073)}]}  mRoundedCornerFrame=Rect(0, 0 - 1440, 3088), mPrivacyIndicatorBounds=PrivacyIndicatorBounds {static bounds=Rect(1275, 0 - 1440, 100) rotation=0}, mDisplayShape=DisplayShape{ spec=-311912193 displayWidth=1440 displayHeight=3088 physicalPixelDisplaySizeRatio=1.0 rotation=0 offsetX=0 offsetY=0 scale=1.0}, mSources= { InsetsSource: {b11d0001 mType=navigationBars mFrame=[0,3032][1440,3088] mVisible=true mFlags=SUPPRESS_SCRIM mSideHint=BOTTOM mBoundingRects=null}, InsetsSource: {b11d0004 mType=systemGestures mFrame=[0,0][84,3088] mVisible=true mFlags= mSideHint=LEFT mBoundingRects=null}, InsetsSource: {b11d0005 mType=mandatorySystemGestures mFrame=[0,2968][1440,3088] mVisible=true mFlags= mSideHint=BOTTOM mBoundingRects=null}, InsetsSource: {b11d0006 mType=tappableElement mFrame=[0,0][0,0] mVisible=true mFlags= mSideHint=NONE mBoundingRects=null}, InsetsSource: {b11d0024 mType=systemGestures mFrame=[1356,0][1440,3088] mVisible=true mFlags= mSideHint=RIGHT mBoundingRects=null}, InsetsSource: {ecac0000 mType=statusBars mFrame=[0,0][1440,100] mVisible=true mFlags= mSideHint=TOP mBoundingRects=null}, InsetsSource: {ecac0005 mType=mandatorySystemGestures mFrame=[0,0][1440,145] mVisible=true mFlags= mSideHint=TOP mBoundingRects=null}, InsetsSource: {ecac0006 mType=tappableElement mFrame=[0,0][1440,100] mVisible=true mFlags= mSideHint=TOP mBoundingRects=null}, InsetsSource: {27 mType=displayCutout mFrame=[0,0][1440,100] mVisible=true mFlags= mSideHint=TOP mBoundingRects=null} }
11-23 21:21:27.131 22610 22610 I VRI[PopupWindow:5c37801]@9dae8e7: synced displayState. AttachInfo displayState=2
11-23 21:21:27.134 22610 22610 I VRI[PopupWindow:5c37801]@9dae8e7: setView = android.widget.PopupWindow$PopupDecorView@49096a6 IsHRR=false mFlingFrameRateChange=0 TM=true
11-23 21:21:27.139 22610 22610 W WindowOnBackDispatcher: sendCancelIfRunning: isInProgress=false callback=android.widget.Editor$$ExternalSyntheticLambda0@a9f7732
11-23 21:21:27.144 22610 22610 I ImeTracker: dev.souschef.app:6f74bc76: onRequestHide at ORIGIN_CLIENT reason HIDE_SOFT_INPUT fromUser false
11-23 21:21:27.145 22610 22610 I InputMethodManager_LC: hsifw() - flag : 0
11-23 21:21:27.145 22610 22610 I InputMethodManager_LC: hsifw() - mService.hideSoftInput
11-23 21:21:27.145 22610 22610 D InsetsController: hide(ime(), fromIme=false)
11-23 21:21:27.145 22610 22610 W WindowOnBackDispatcher: sendCancelIfRunning: isInProgress=false callback=android.view.ImeBackAnimationController@94ca524
11-23 21:21:27.147 22610 22610 D InsetsController: Setting requestedVisibleTypes to -9 (was -1)
11-23 21:21:27.147 22610 22610 I InsetsController: setRequestedVisibleTypes: visible=false, mask=ime, host=dev.souschef.app/dev.souschef.app.MainActivity, from=android.view.InsetsController.controlAnimationUnchecked:1604 android.view.InsetsController.applyAnimation:2416 android.view.InsetsController.applyAnimation:2343 android.view.InsetsController.hide:1540 android.view.inputmethod.InputMethodManager.hideSoftInputFromWindow:2889 android.view.inputmethod.InputMethodManager.hideSoftInputFromWindow:2812 android.view.inputmethod.InputMethodManager.hideSoftInputFromWindow:2773 com.facebook.react.views.textinput.ReactEditText.hideSoftKeyboard:865 com.facebook.react.views.textinput.ReactEditText.clearFocusAndMaybeRefocus$ReactAndroid_debug:388 com.facebook.react.views.textinput.ReactEditText.clearFocusFromJS$ReactAndroid_debug:392 
11-23 21:21:27.148 22610 22610 I InsetsController: controlAnimationUncheckedInner: Added types=ime, animType=1, host=dev.souschef.app/dev.souschef.app.MainActivity, from=android.view.InsetsController.controlAnimationUnchecked:1608 android.view.InsetsController.applyAnimation:2416 android.view.InsetsController.applyAnimation:2343 
11-23 21:21:27.159 22610 22610 I ImeTracker: dev.souschef.app:cdb920a9: onRequestHide at ORIGIN_CLIENT reason HIDE_SOFT_INPUT_CLOSE_CURRENT_SESSION fromUser false
11-23 21:21:27.159 22610 22610 D InsetsController: hide(ime(), fromIme=false)
11-23 21:21:27.159 22610 22610 I ImeTracker: dev.souschef.app:cdb920a9: onCancelled at PHASE_CLIENT_ALREADY_HIDDEN
11-23 21:21:27.207 22610 22610 I BLASTBufferQueue_Java: update, w= 1440 h= 3088 mName = VRI[MainActivity]@8e53a52 mNativeObject= 0xb400007adda683b0 sc.mNativeObject= 0xb400007b7da38150 format= -1 caller= android.view.ViewRootImpl.updateBlastSurfaceIfNeeded:3574 android.view.ViewRootImpl.relayoutWindow:11685 android.view.ViewRootImpl.performTraversals:4804 android.view.ViewRootImpl.doTraversal:3924 android.view.ViewRootImpl$TraversalRunnable.run:12903 android.view.Choreographer$CallbackRecord.run:1901 
11-23 21:21:27.207 22610 22610 I VRI[MainActivity]@8e53a52: Relayout returned: old=(0,0,1440,3088) new=(0,0,1440,3088) relayoutAsync=true req=(1440,3088)0 dur=0 res=0x0 s={true 0xb400007beda54050} ch=false seqId=0
11-23 21:21:27.210 22610 22610 I VRI[MainActivity]@8e53a52: registerCallbackForPendingTransactions
11-23 21:21:27.215 22610 22687 I VRI[MainActivity]@8e53a52: mWNT: t=0xb400007c8dc9ee10 mBlastBufferQueue=0xb400007adda683b0 fn= 975 HdrRenderState mRenderHdrSdrRatio=1.0 caller= android.view.SyncRtSurfaceTransactionApplier.applyTransaction:100 android.view.SyncRtSurfaceTransactionApplier.lambda$scheduleApply$0:73 android.view.SyncRtSurfaceTransactionApplier.$r8$lambda$afI4fXg3U3-nBZQEDQMiNy-B06s:0 
11-23 21:21:27.215 22610 22687 I VRI[MainActivity]@8e53a52: mWNT: t=0xb400007c8dcb7610 mBlastBufferQueue=0xb400007adda683b0 fn= 975 HdrRenderState mRenderHdrSdrRatio=1.0 caller= android.view.ViewRootImpl$10.onFrameDraw:6536 android.view.ViewRootImpl$4.onFrameDraw:2489 android.view.ThreadedRenderer$1.onFrameDraw:718 
11-23 21:21:27.228 22610 22610 W libc    : Access denied finding property "vendor.display.enable_optimal_refresh_rate"
11-23 21:21:27.228 22610 22610 I BufferQueueProducer: [](id:585200000007,api:0,p:500333520,c:22610) setDequeueTimeout:2077252342
11-23 21:21:27.229 22610 22610 I BLASTBufferQueue_Java: new BLASTBufferQueue, mName= VRI[PopupWindow:5c37801]@9dae8e7 mNativeObject= 0xb400007addb2cff0 caller= android.view.ViewRootImpl.updateBlastSurfaceIfNeeded:3585 android.view.ViewRootImpl.relayoutWindow:11685 android.view.ViewRootImpl.performTraversals:4804 android.view.ViewRootImpl.doTraversal:3924 android.view.ViewRootImpl$TraversalRunnable.run:12903 android.view.Choreographer$CallbackRecord.run:1901 android.view.Choreographer$CallbackRecord.run:1910 android.view.Choreographer.doCallbacks:1367 android.view.Choreographer.doFrame:1292 android.view.Choreographer$FrameDisplayEventReceiver.run:1870 
11-23 21:21:27.229 22610 22610 I BLASTBufferQueue_Java: update, w= 567 h= 240 mName = VRI[PopupWindow:5c37801]@9dae8e7 mNativeObject= 0xb400007addb2cff0 sc.mNativeObject= 0xb400007b7daf3050 format= -2 caller= android.view.ViewRootImpl.updateBlastSurfaceIfNeeded:3590 android.view.ViewRootImpl.relayoutWindow:11685 android.view.ViewRootImpl.performTraversals:4804 android.view.ViewRootImpl.doTraversal:3924 android.view.ViewRootImpl$TraversalRunnable.run:12903 android.view.Choreographer$CallbackRecord.run:1901 
11-23 21:21:27.230 22610 22610 W libc    : Access denied finding property "vendor.display.enable_optimal_refresh_rate"
11-23 21:21:27.231 22610 22610 I VRI[PopupWindow:5c37801]@9dae8e7: Relayout returned: old=(0,1431,567,1671) new=(0,1431,567,1671) relayoutAsync=false req=(567,240)0 dur=8 res=0x3 s={true 0xb400007bedd4f440} ch=true seqId=0
11-23 21:21:27.231 22610 22610 I VRI[PopupWindow:5c37801]@9dae8e7: performConfigurationChange setNightDimText nightDimLevel=0
11-23 21:21:27.232 22610 22610 D VRI[PopupWindow:5c37801]@9dae8e7: mThreadedRenderer.initialize() mSurface={isValid=true 0xb400007bedd4f440} hwInitialized=true
11-23 21:21:27.239 22610 22610 D VRI[PopupWindow:5c37801]@9dae8e7: reportNextDraw android.view.ViewRootImpl.performTraversals:5443 android.view.ViewRootImpl.doTraversal:3924 android.view.ViewRootImpl$TraversalRunnable.run:12903 android.view.Choreographer$CallbackRecord.run:1901 android.view.Choreographer$CallbackRecord.run:1910 
11-23 21:21:27.239 22610 22610 D VRI[PopupWindow:5c37801]@9dae8e7: Setup new sync=wmsSync-VRI[PopupWindow:5c37801]@9dae8e7#24
11-23 21:21:27.240 22610 22610 I VRI[PopupWindow:5c37801]@9dae8e7: Creating new active sync group VRI[PopupWindow:5c37801]@9dae8e7#25
11-23 21:21:27.240 22610 22610 D VRI[PopupWindow:5c37801]@9dae8e7: registerCallbacksForSync syncBuffer=false
11-23 21:21:27.246 22610 22688 D VRI[PopupWindow:5c37801]@9dae8e7: Received frameDrawingCallback syncResult=0 frameNum=1.
11-23 21:21:27.246 22610 22688 I VRI[PopupWindow:5c37801]@9dae8e7: mWNT: t=0xb400007c8dc9bed0 mBlastBufferQueue=0xb400007addb2cff0 fn= 1 HdrRenderState mRenderHdrSdrRatio=1.0 caller= android.view.ViewRootImpl$12.onFrameDraw:15441 android.view.ThreadedRenderer$1.onFrameDraw:718 <bottom of call stack> 
11-23 21:21:27.246 22610 22688 I VRI[PopupWindow:5c37801]@9dae8e7: Setting up sync and frameCommitCallback
11-23 21:21:27.247 22610 22671 I BLASTBufferQueue: [VRI[PopupWindow:5c37801]@9dae8e7#7](f:0,a:0,s:0) onFrameAvailable the first frame is available
11-23 21:21:27.247 22610 22671 I SurfaceComposerClient: apply transaction with the first frame. layerId: 58352, bufferData(ID: 97109210562591, frameNumber: 1)
11-23 21:21:27.249 22610 22671 I VRI[PopupWindow:5c37801]@9dae8e7: Received frameCommittedCallback lastAttemptedDrawFrameNum=1 didProduceBuffer=true
11-23 21:21:27.250 22610 22671 D HWUI    : CFMS:: SetUp Pid : 22610    Tid : 22671
11-23 21:21:27.250 22610 22610 D VRI[PopupWindow:5c37801]@9dae8e7: reportDrawFinished seqId=0
11-23 21:21:27.258 22610 22610 W RemoteInputConnectionImpl: requestCursorUpdates on inactive InputConnection
11-23 21:21:27.262 22610 22671 D HWUI    : HWUI - treat SMPTE_170M as sRGB
11-23 21:21:27.311 22610 22687 I VRI[MainActivity]@8e53a52: mWNT: t=0xb400007c8dc43fd0 mBlastBufferQueue=0xb400007adda683b0 fn= 976 HdrRenderState mRenderHdrSdrRatio=1.0 caller= android.view.SyncRtSurfaceTransactionApplier.applyTransaction:100 android.view.SyncRtSurfaceTransactionApplier.lambda$scheduleApply$0:73 android.view.SyncRtSurfaceTransactionApplier.$r8$lambda$afI4fXg3U3-nBZQEDQMiNy-B06s:0 
11-23 21:21:27.313 22610 22610 W RemoteInputConnectionImpl: requestCursorUpdates on inactive InputConnection
11-23 21:21:27.319 22610 22688 I VRI[MainActivity]@8e53a52: mWNT: t=0xb400007c8dc629d0 mBlastBufferQueue=0xb400007adda683b0 fn= 977 HdrRenderState mRenderHdrSdrRatio=1.0 caller= android.view.SyncRtSurfaceTransactionApplier.applyTransaction:100 android.view.SyncRtSurfaceTransactionApplier.lambda$scheduleApply$0:73 android.view.SyncRtSurfaceTransactionApplier.$r8$lambda$afI4fXg3U3-nBZQEDQMiNy-B06s:0 
11-23 21:21:27.328 22610 22687 I VRI[MainActivity]@8e53a52: mWNT: t=0xb400007c8dca0690 mBlastBufferQueue=0xb400007adda683b0 fn= 978 HdrRenderState mRenderHdrSdrRatio=1.0 caller= android.view.SyncRtSurfaceTransactionApplier.applyTransaction:100 android.view.SyncRtSurfaceTransactionApplier.lambda$scheduleApply$0:73 android.view.SyncRtSurfaceTransactionApplier.$r8$lambda$afI4fXg3U3-nBZQEDQMiNy-B06s:0 
11-23 21:21:27.333 22610 22688 I VRI[MainActivity]@8e53a52: mWNT: t=0xb400007c8dc97c50 mBlastBufferQueue=0xb400007adda683b0 fn= 979 HdrRenderState mRenderHdrSdrRatio=1.0 caller= android.view.SyncRtSurfaceTransactionApplier.applyTransaction:100 android.view.SyncRtSurfaceTransactionApplier.lambda$scheduleApply$0:73 android.view.SyncRtSurfaceTransactionApplier.$r8$lambda$afI4fXg3U3-nBZQEDQMiNy-B06s:0 
11-23 21:21:27.342 22610 22687 I VRI[MainActivity]@8e53a52: mWNT: t=0xb400007c8dc9a490 mBlastBufferQueue=0xb400007adda683b0 fn= 980 HdrRenderState mRenderHdrSdrRatio=1.0 caller= android.view.SyncRtSurfaceTransactionApplier.applyTransaction:100 android.view.SyncRtSurfaceTransactionApplier.lambda$scheduleApply$0:73 android.view.SyncRtSurfaceTransactionApplier.$r8$lambda$afI4fXg3U3-nBZQEDQMiNy-B06s:0 
11-23 21:21:27.352 22610 22688 I VRI[MainActivity]@8e53a52: mWNT: t=0xb400007c8dc30a10 mBlastBufferQueue=0xb400007adda683b0 fn= 981 HdrRenderState mRenderHdrSdrRatio=1.0 caller= android.view.SyncRtSurfaceTransactionApplier.applyTransaction:100 android.view.SyncRtSurfaceTransactionApplier.lambda$scheduleApply$0:73 android.view.SyncRtSurfaceTransactionApplier.$r8$lambda$afI4fXg3U3-nBZQEDQMiNy-B06s:0 
11-23 21:21:27.359 22610 22687 I VRI[MainActivity]@8e53a52: mWNT: t=0xb400007c8dc2e710 mBlastBufferQueue=0xb400007adda683b0 fn= 982 HdrRenderState mRenderHdrSdrRatio=1.0 caller= android.view.SyncRtSurfaceTransactionApplier.applyTransaction:100 android.view.SyncRtSurfaceTransactionApplier.lambda$scheduleApply$0:73 android.view.SyncRtSurfaceTransactionApplier.$r8$lambda$afI4fXg3U3-nBZQEDQMiNy-B06s:0 
11-23 21:21:27.370 22610 22688 I VRI[MainActivity]@8e53a52: mWNT: t=0xb400007c8dc3bc90 mBlastBufferQueue=0xb400007adda683b0 fn= 983 HdrRenderState mRenderHdrSdrRatio=1.0 caller= android.view.SyncRtSurfaceTransactionApplier.applyTransaction:100 android.view.SyncRtSurfaceTransactionApplier.lambda$scheduleApply$0:73 android.view.SyncRtSurfaceTransactionApplier.$r8$lambda$afI4fXg3U3-nBZQEDQMiNy-B06s:0 
11-23 21:21:27.379 22610 22687 I VRI[MainActivity]@8e53a52: mWNT: t=0xb400007c8dcb4dd0 mBlastBufferQueue=0xb400007adda683b0 fn= 984 HdrRenderState mRenderHdrSdrRatio=1.0 caller= android.view.SyncRtSurfaceTransactionApplier.applyTransaction:100 android.view.SyncRtSurfaceTransactionApplier.lambda$scheduleApply$0:73 android.view.SyncRtSurfaceTransactionApplier.$r8$lambda$afI4fXg3U3-nBZQEDQMiNy-B06s:0 
11-23 21:21:27.386 22610 22688 I VRI[MainActivity]@8e53a52: mWNT: t=0xb400007c8dcbe0d0 mBlastBufferQueue=0xb400007adda683b0 fn= 985 HdrRenderState mRenderHdrSdrRatio=1.0 caller= android.view.SyncRtSurfaceTransactionApplier.applyTransaction:100 android.view.SyncRtSurfaceTransactionApplier.lambda$scheduleApply$0:73 android.view.SyncRtSurfaceTransactionApplier.$r8$lambda$afI4fXg3U3-nBZQEDQMiNy-B06s:0 
11-23 21:21:27.388 22610 22610 W WindowOnBackDispatcher: sendCancelIfRunning: isInProgress=false callback=android.widget.PopupWindow$PopupDecorView$$ExternalSyntheticLambda1@95fbc03
11-23 21:21:27.389 22610 22610 I WindowManager: WindowManagerGlobal#removeView, ty=1005, view=android.widget.PopupWindow$PopupDecorView{49096a6 V.E...... R......D 0,0-567,240}, caller=android.view.WindowManagerGlobal.removeView:654 android.view.WindowManagerImpl.removeViewImmediate:216 android.widget.PopupWindow.dismissImmediate:2415 
11-23 21:21:27.394 22610 22610 I VRI[PopupWindow:5c37801]@9dae8e7: dispatchDetachedFromWindow
11-23 21:21:27.397 22610 22610 D InputTransport: Input channel destroyed: 'fe6c821', fd=295
11-23 21:21:27.402 22610 22687 I VRI[MainActivity]@8e53a52: mWNT: t=0xb400007c8dce9b10 mBlastBufferQueue=0xb400007adda683b0 fn= 986 HdrRenderState mRenderHdrSdrRatio=1.0 caller= android.view.SyncRtSurfaceTransactionApplier.applyTransaction:100 android.view.SyncRtSurfaceTransactionApplier.lambda$scheduleApply$0:73 android.view.SyncRtSurfaceTransactionApplier.$r8$lambda$afI4fXg3U3-nBZQEDQMiNy-B06s:0 
11-23 21:21:27.409 22610 22688 I VRI[MainActivity]@8e53a52: mWNT: t=0xb400007c8dced850 mBlastBufferQueue=0xb400007adda683b0 fn= 987 HdrRenderState mRenderHdrSdrRatio=1.0 caller= android.view.SyncRtSurfaceTransactionApplier.applyTransaction:100 android.view.SyncRtSurfaceTransactionApplier.lambda$scheduleApply$0:73 android.view.SyncRtSurfaceTransactionApplier.$r8$lambda$afI4fXg3U3-nBZQEDQMiNy-B06s:0 
11-23 21:21:27.416 22610 22687 I VRI[MainActivity]@8e53a52: mWNT: t=0xb400007c8dc3e150 mBlastBufferQueue=0xb400007adda683b0 fn= 988 HdrRenderState mRenderHdrSdrRatio=1.0 caller= android.view.SyncRtSurfaceTransactionApplier.applyTransaction:100 android.view.SyncRtSurfaceTransactionApplier.lambda$scheduleApply$0:73 android.view.SyncRtSurfaceTransactionApplier.$r8$lambda$afI4fXg3U3-nBZQEDQMiNy-B06s:0 
11-23 21:21:27.424 22610 22688 I VRI[MainActivity]@8e53a52: mWNT: t=0xb400007c8da5b850 mBlastBufferQueue=0xb400007adda683b0 fn= 989 HdrRenderState mRenderHdrSdrRatio=1.0 caller= android.view.SyncRtSurfaceTransactionApplier.applyTransaction:100 android.view.SyncRtSurfaceTransactionApplier.lambda$scheduleApply$0:73 android.view.SyncRtSurfaceTransactionApplier.$r8$lambda$afI4fXg3U3-nBZQEDQMiNy-B06s:0 
11-23 21:21:27.435 22610 22687 I VRI[MainActivity]@8e53a52: mWNT: t=0xb400007c8db70050 mBlastBufferQueue=0xb400007adda683b0 fn= 990 HdrRenderState mRenderHdrSdrRatio=1.0 caller= android.view.SyncRtSurfaceTransactionApplier.applyTransaction:100 android.view.SyncRtSurfaceTransactionApplier.lambda$scheduleApply$0:73 android.view.SyncRtSurfaceTransactionApplier.$r8$lambda$afI4fXg3U3-nBZQEDQMiNy-B06s:0 
11-23 21:21:27.441 22610 22688 I VRI[MainActivity]@8e53a52: mWNT: t=0xb400007c8db63550 mBlastBufferQueue=0xb400007adda683b0 fn= 991 HdrRenderState mRenderHdrSdrRatio=1.0 caller= android.view.SyncRtSurfaceTransactionApplier.applyTransaction:100 android.view.SyncRtSurfaceTransactionApplier.lambda$scheduleApply$0:73 android.view.SyncRtSurfaceTransactionApplier.$r8$lambda$afI4fXg3U3-nBZQEDQMiNy-B06s:0 
11-23 21:21:27.450 22610 22687 I VRI[MainActivity]@8e53a52: mWNT: t=0xb400007c8dba4150 mBlastBufferQueue=0xb400007adda683b0 fn= 992 HdrRenderState mRenderHdrSdrRatio=1.0 caller= android.view.SyncRtSurfaceTransactionApplier.applyTransaction:100 android.view.SyncRtSurfaceTransactionApplier.lambda$scheduleApply$0:73 android.view.SyncRtSurfaceTransactionApplier.$r8$lambda$afI4fXg3U3-nBZQEDQMiNy-B06s:0 
11-23 21:21:27.458 22610 22688 I VRI[MainActivity]@8e53a52: mWNT: t=0xb400007c8dc1e790 mBlastBufferQueue=0xb400007adda683b0 fn= 993 HdrRenderState mRenderHdrSdrRatio=1.0 caller= android.view.SyncRtSurfaceTransactionApplier.applyTransaction:100 android.view.SyncRtSurfaceTransactionApplier.lambda$scheduleApply$0:73 android.view.SyncRtSurfaceTransactionApplier.$r8$lambda$afI4fXg3U3-nBZQEDQMiNy-B06s:0 
11-23 21:21:27.464 22610 22687 I VRI[MainActivity]@8e53a52: mWNT: t=0xb400007c8dc05350 mBlastBufferQueue=0xb400007adda683b0 fn= 994 HdrRenderState mRenderHdrSdrRatio=1.0 caller= android.view.SyncRtSurfaceTransactionApplier.applyTransaction:100 android.view.SyncRtSurfaceTransactionApplier.lambda$scheduleApply$0:73 android.view.SyncRtSurfaceTransactionApplier.$r8$lambda$afI4fXg3U3-nBZQEDQMiNy-B06s:0 
11-23 21:21:27.474 22610 22688 I VRI[MainActivity]@8e53a52: mWNT: t=0xb400007c8dbcd350 mBlastBufferQueue=0xb400007adda683b0 fn= 995 HdrRenderState mRenderHdrSdrRatio=1.0 caller= android.view.SyncRtSurfaceTransactionApplier.applyTransaction:100 android.view.SyncRtSurfaceTransactionApplier.lambda$scheduleApply$0:73 android.view.SyncRtSurfaceTransactionApplier.$r8$lambda$afI4fXg3U3-nBZQEDQMiNy-B06s:0 
11-23 21:21:27.483 22610 22687 I VRI[MainActivity]@8e53a52: mWNT: t=0xb400007c8dba5b90 mBlastBufferQueue=0xb400007adda683b0 fn= 996 HdrRenderState mRenderHdrSdrRatio=1.0 caller= android.view.SyncRtSurfaceTransactionApplier.applyTransaction:100 android.view.SyncRtSurfaceTransactionApplier.lambda$scheduleApply$0:73 android.view.SyncRtSurfaceTransactionApplier.$r8$lambda$afI4fXg3U3-nBZQEDQMiNy-B06s:0 
11-23 21:21:27.492 22610 22688 I VRI[MainActivity]@8e53a52: mWNT: t=0xb400007c8dbe26d0 mBlastBufferQueue=0xb400007adda683b0 fn= 997 HdrRenderState mRenderHdrSdrRatio=1.0 caller= android.view.SyncRtSurfaceTransactionApplier.applyTransaction:100 android.view.SyncRtSurfaceTransactionApplier.lambda$scheduleApply$0:73 android.view.SyncRtSurfaceTransactionApplier.$r8$lambda$afI4fXg3U3-nBZQEDQMiNy-B06s:0 
11-23 21:21:27.498 22610 22687 I VRI[MainActivity]@8e53a52: mWNT: t=0xb400007c8dca6190 mBlastBufferQueue=0xb400007adda683b0 fn= 998 HdrRenderState mRenderHdrSdrRatio=1.0 caller= android.view.SyncRtSurfaceTransactionApplier.applyTransaction:100 android.view.SyncRtSurfaceTransactionApplier.lambda$scheduleApply$0:73 android.view.SyncRtSurfaceTransactionApplier.$r8$lambda$afI4fXg3U3-nBZQEDQMiNy-B06s:0 
11-23 21:21:27.508 22610 22688 I VRI[MainActivity]@8e53a52: mWNT: t=0xb400007c8dc35390 mBlastBufferQueue=0xb400007adda683b0 fn= 999 HdrRenderState mRenderHdrSdrRatio=1.0 caller= android.view.SyncRtSurfaceTransactionApplier.applyTransaction:100 android.view.SyncRtSurfaceTransactionApplier.lambda$scheduleApply$0:73 android.view.SyncRtSurfaceTransactionApplier.$r8$lambda$afI4fXg3U3-nBZQEDQMiNy-B06s:0 
11-23 21:21:27.515 22610 22687 I VRI[MainActivity]@8e53a52: mWNT: t=0xb400007c8dcd5050 mBlastBufferQueue=0xb400007adda683b0 fn= 1000 HdrRenderState mRenderHdrSdrRatio=1.0 caller= android.view.SyncRtSurfaceTransactionApplier.applyTransaction:100 android.view.SyncRtSurfaceTransactionApplier.lambda$scheduleApply$0:73 android.view.SyncRtSurfaceTransactionApplier.$r8$lambda$afI4fXg3U3-nBZQEDQMiNy-B06s:0 
11-23 21:21:27.525 22610 22688 I VRI[MainActivity]@8e53a52: mWNT: t=0xb400007c8dccfe10 mBlastBufferQueue=0xb400007adda683b0 fn= 1001 HdrRenderState mRenderHdrSdrRatio=1.0 caller= android.view.SyncRtSurfaceTransactionApplier.applyTransaction:100 android.view.SyncRtSurfaceTransactionApplier.lambda$scheduleApply$0:73 android.view.SyncRtSurfaceTransactionApplier.$r8$lambda$afI4fXg3U3-nBZQEDQMiNy-B06s:0 
11-23 21:21:27.531 22610 22687 I VRI[MainActivity]@8e53a52: mWNT: t=0xb400007c8dcd0dd0 mBlastBufferQueue=0xb400007adda683b0 fn= 1002 HdrRenderState mRenderHdrSdrRatio=1.0 caller= android.view.SyncRtSurfaceTransactionApplier.applyTransaction:100 android.view.SyncRtSurfaceTransactionApplier.lambda$scheduleApply$0:73 android.view.SyncRtSurfaceTransactionApplier.$r8$lambda$afI4fXg3U3-nBZQEDQMiNy-B06s:0 
11-23 21:21:27.539 22610 22688 I VRI[MainActivity]@8e53a52: mWNT: t=0xb400007c8dcd5910 mBlastBufferQueue=0xb400007adda683b0 fn= 1003 HdrRenderState mRenderHdrSdrRatio=1.0 caller= android.view.SyncRtSurfaceTransactionApplier.applyTransaction:100 android.view.SyncRtSurfaceTransactionApplier.lambda$scheduleApply$0:73 android.view.SyncRtSurfaceTransactionApplier.$r8$lambda$afI4fXg3U3-nBZQEDQMiNy-B06s:0 
11-23 21:21:27.548 22610 22687 I VRI[MainActivity]@8e53a52: mWNT: t=0xb400007c8dcd92d0 mBlastBufferQueue=0xb400007adda683b0 fn= 1004 HdrRenderState mRenderHdrSdrRatio=1.0 caller= android.view.SyncRtSurfaceTransactionApplier.applyTransaction:100 android.view.SyncRtSurfaceTransactionApplier.lambda$scheduleApply$0:73 android.view.SyncRtSurfaceTransactionApplier.$r8$lambda$afI4fXg3U3-nBZQEDQMiNy-B06s:0 
11-23 21:21:27.557 22610 22688 I VRI[MainActivity]@8e53a52: mWNT: t=0xb400007c8dce8990 mBlastBufferQueue=0xb400007adda683b0 fn= 1005 HdrRenderState mRenderHdrSdrRatio=1.0 caller= android.view.SyncRtSurfaceTransactionApplier.applyTransaction:100 android.view.SyncRtSurfaceTransactionApplier.lambda$scheduleApply$0:73 android.view.SyncRtSurfaceTransactionApplier.$r8$lambda$afI4fXg3U3-nBZQEDQMiNy-B06s:0 
11-23 21:21:27.561 22610 22610 I InsetsController: cancelAnimation: types=ime, animType=1, host=dev.souschef.app/dev.souschef.app.MainActivity, from=android.view.InsetsController.notifyFinished:2006 android.view.InsetsAnimationControlImpl.applyChangeInsets:335 android.view.InsetsController.lambda$new$3:957 
11-23 21:21:27.572 22610 22687 I VRI[MainActivity]@8e53a52: mWNT: t=0xb400007c8dce9410 mBlastBufferQueue=0xb400007adda683b0 fn= 1006 HdrRenderState mRenderHdrSdrRatio=1.0 caller= android.view.SyncRtSurfaceTransactionApplier.applyTransaction:100 android.view.SyncRtSurfaceTransactionApplier.lambda$scheduleApply$0:73 android.view.SyncRtSurfaceTransactionApplier.$r8$lambda$afI4fXg3U3-nBZQEDQMiNy-B06s:0 
11-23 21:21:27.579 22610 22610 W RemoteInputConnectionImpl: requestCursorUpdates on inactive InputConnection
11-23 21:21:27.584 22610 22610 I InsetsController: onStateChanged: host=dev.souschef.app/dev.souschef.app.MainActivity, from=android.view.ViewRootImpl.onInsetsStateChanged:3026, state=InsetsState: {mDisplayFrame=Rect(0, 0 - 1440, 3088), mDisplayCutout=DisplayCutout{insets=Rect(0, 100 - 0, 0) waterfall=Insets{left=0, top=0, right=0, bottom=0} boundingRect={Bounds=[Rect(0, 0 - 0, 0), Rect(683, 0 - 758, 100), Rect(0, 0 - 0, 0), Rect(0, 0 - 0, 0)]} cutoutPathParserInfo={CutoutPathParserInfo{displayWidth=1440 displayHeight=3088 physicalDisplayWidth=1440 physicalDisplayHeight=3088 density={3.75} cutoutSpec={M 0,0 H -10 V 26.66666666666667 H 10 V 0 H 0 Z @dp} rotation={0} scale={1.0} physicalPixelDisplaySizeRatio={1.0}}} sideOverrides={}}, mRoundedCorners=RoundedCorners{[RoundedCorner{position=TopLeft, radius=15, center=Point(15, 15)}, RoundedCorner{position=TopRight, radius=15, center=Point(1425, 15)}, RoundedCorner{position=BottomRight, radius=15, center=Point(1425, 3073)}, RoundedCorner{position=BottomLeft, radius=15, center=Point(15, 3073)}]}  mRoundedCornerFrame=Rect(0, 0 - 1440, 3088), mPrivacyIndicatorBounds=PrivacyIndicatorBounds {static bounds=Rect(1275, 0 - 1440, 100) rotation=0}, mDisplayShape=DisplayShape{ spec=-311912193 displayWidth=1440 displayHeight=3088 physicalPixelDisplaySizeRatio=1.0 rotation=0 offsetX=0 offsetY=0 scale=1.0}, mSources= { InsetsSource: {b11d0001 mType=navigationBars mFrame=[0,3032][1440,3088] mVisible=true mFlags=SUPPRESS_SCRIM mSideHint=BOTTOM mBoundingRects=null}, InsetsSource: {b11d0004 mType=systemGestures mFrame=[0,0][84,3088] mVisible=true mFlags= mSideHint=LEFT mBoundingRects=null}, InsetsSource: {b11d0005 mType=mandatorySystemGestures mFrame=[0,2968][1440,3088] mVisible=true mFlags= mSideHint=BOTTOM mBoundingRects=null}, InsetsSource: {b11d0006 mType=tappableElement mFrame=[0,0][0,0] mVisible=true mFlags= mSideHint=NONE mBoundingRects=null}, InsetsSource: {b11d0024 mType=systemGestures mFrame=[1356,0][1440,3088] mVisible=true mFlags= mSideHint=RIGHT mBoundingRects=null}, InsetsSource: {ecac0000 mType=statusBars mFrame=[0,0][1440,100] mVisible=true mFlags= mSideHint=TOP mBoundingRects=null}, InsetsSource: {ecac0005 mType=mandatorySystemGestures mFrame=[0,0][1440,145] mVisible=true mFlags= mSideHint=TOP mBoundingRects=null}, InsetsSource: {ecac0006 mType=tappableElement mFrame=[0,0][1440,100] mVisible=true mFlags= mSideHint=TOP mBoundingRects=null}, InsetsSource: {3 mType=ime mFrame=[0,2076][1440,3088] mVisible=false mFlags= mSideHint=BOTTOM mBoundingRects=null}, InsetsSource: {27 mType=displayCutout mFrame=[0,0][1440,100] mVisible=true mFlags= mSideHint=TOP mBoundingRects=null} }
11-23 21:21:27.586 22610 22610 I VRI[MainActivity]@8e53a52: handleResized, frames=ClientWindowFrames{frame=[0,0][1440,3088] display=[0,0][1440,3088] parentFrame=[0,0][0,0]} displayId=0 dragResizing=false compatScale=1.0 frameChanged=false attachedFrameChanged=false configChanged=false displayChanged=false compatScaleChanged=false dragResizingChanged=false
11-23 21:21:27.593 22610 22610 E ImeBackDispatcher: Ime callback not found. Ignoring unregisterReceivedCallback. callbackId: 215426280
11-23 21:21:27.607 22610 22610 I InsetsSourceConsumer: applyRequestedVisibilityToControl: visible=true, type=navigationBars, host=dev.souschef.app/dev.souschef.app.MainActivity
11-23 21:21:27.608 22610 22610 I ImeTracker: system_server:3baef6a2: onCancelled at PHASE_CLIENT_ON_CONTROLS_CHANGED
11-23 21:21:27.709 22610 22610 D UiControllerImpl: Injecting string: "1"
11-23 21:21:27.720 22610 22610 I VRI[MainActivity]@8e53a52: The input has been finished in ImeInputStage.
11-23 21:21:27.721 22610 22610 I InputMethodManager: handleMessage: setImeVisibility visible=true
11-23 21:21:27.721 22610 22610 D InsetsController: show(ime(), fromIme=false)
11-23 21:21:27.721 22610 22610 D InsetsController: Setting requestedVisibleTypes to -1 (was -9)
11-23 21:21:27.722 22610 22610 I InsetsController: setRequestedVisibleTypes: visible=true, mask=ime, host=dev.souschef.app/dev.souschef.app.MainActivity, from=android.view.InsetsController.controlAnimationUnchecked:1604 android.view.InsetsController.applyAnimation:2416 android.view.InsetsController.applyAnimation:2343 android.view.InsetsController.show:1422 android.view.inputmethod.InputMethodManager$H.handleMessage:1566 android.os.Handler.dispatchMessage:110 androidx.test.espresso.base.Interrogator.loopAndInterrogate:156 androidx.test.espresso.base.UiControllerImpl.loopUntil:510 androidx.test.espresso.base.UiControllerImpl.loopUntil:468 androidx.test.espresso.base.UiControllerImpl.injectKeyEvent:201 
11-23 21:21:27.723 22610 22610 I InsetsController: controlAnimationUncheckedInner: Added types=ime, animType=0, host=dev.souschef.app/dev.souschef.app.MainActivity, from=android.view.InsetsController.controlAnimationUnchecked:1608 android.view.InsetsController.applyAnimation:2416 android.view.InsetsController.applyAnimation:2343 
11-23 21:21:27.723 22610 22610 I InputMethodManager: handleMessage: setImeVisibility visible=true
11-23 21:21:27.723 22610 22610 D InsetsController: show(ime(), fromIme=false)
11-23 21:21:27.724 22610 22610 I ImeTracker: com.google.android.inputmethod.latin:54cf75ec: onCancelled at PHASE_CLIENT_APPLY_ANIMATION
11-23 21:21:27.729 22610 22610 I BLASTBufferQueue_Java: update, w= 1440 h= 3088 mName = VRI[MainActivity]@8e53a52 mNativeObject= 0xb400007adda683b0 sc.mNativeObject= 0xb400007b7da38150 format= -1 caller= android.view.ViewRootImpl.updateBlastSurfaceIfNeeded:3574 android.view.ViewRootImpl.relayoutWindow:11685 android.view.ViewRootImpl.performTraversals:4804 android.view.ViewRootImpl.doTraversal:3924 android.view.ViewRootImpl$TraversalRunnable.run:12903 android.view.Choreographer$CallbackRecord.run:1901 
11-23 21:21:27.730 22610 22610 I VRI[MainActivity]@8e53a52: Relayout returned: old=(0,0,1440,3088) new=(0,0,1440,3088) relayoutAsync=true req=(1440,3088)0 dur=0 res=0x0 s={true 0xb400007beda54050} ch=false seqId=0
11-23 21:21:27.738 22610 22610 I VRI[MainActivity]@8e53a52: registerCallbackForPendingTransactions
11-23 21:21:27.740 22610 22688 I VRI[MainActivity]@8e53a52: mWNT: t=0xb400007c8dcf0cd0 mBlastBufferQueue=0xb400007adda683b0 fn= 1007 HdrRenderState mRenderHdrSdrRatio=1.0 caller= android.view.SyncRtSurfaceTransactionApplier.applyTransaction:100 android.view.SyncRtSurfaceTransactionApplier.lambda$scheduleApply$0:73 android.view.SyncRtSurfaceTransactionApplier.$r8$lambda$afI4fXg3U3-nBZQEDQMiNy-B06s:0 
11-23 21:21:27.740 22610 22688 I VRI[MainActivity]@8e53a52: mWNT: t=0xb400007c8dcf0410 mBlastBufferQueue=0xb400007adda683b0 fn= 1007 HdrRenderState mRenderHdrSdrRatio=1.0 caller= android.view.ViewRootImpl$10.onFrameDraw:6536 android.view.ViewRootImpl$4.onFrameDraw:2489 android.view.ThreadedRenderer$1.onFrameDraw:718 
11-23 21:21:27.745 22610 22687 I VRI[MainActivity]@8e53a52: mWNT: t=0xb400007c8dc462d0 mBlastBufferQueue=0xb400007adda683b0 fn= 1008 HdrRenderState mRenderHdrSdrRatio=1.0 caller= android.view.SyncRtSurfaceTransactionApplier.applyTransaction:100 android.view.SyncRtSurfaceTransactionApplier.lambda$scheduleApply$0:73 android.view.SyncRtSurfaceTransactionApplier.$r8$lambda$afI4fXg3U3-nBZQEDQMiNy-B06s:0 
11-23 21:21:27.746 22610 22610 I InsetsController: onStateChanged: host=dev.souschef.app/dev.souschef.app.MainActivity, from=android.view.ViewRootImpl.onInsetsStateChanged:3026, state=InsetsState: {mDisplayFrame=Rect(0, 0 - 1440, 3088), mDisplayCutout=DisplayCutout{insets=Rect(0, 100 - 0, 0) waterfall=Insets{left=0, top=0, right=0, bottom=0} boundingRect={Bounds=[Rect(0, 0 - 0, 0), Rect(683, 0 - 758, 100), Rect(0, 0 - 0, 0), Rect(0, 0 - 0, 0)]} cutoutPathParserInfo={CutoutPathParserInfo{displayWidth=1440 displayHeight=3088 physicalDisplayWidth=1440 physicalDisplayHeight=3088 density={3.75} cutoutSpec={M 0,0 H -10 V 26.66666666666667 H 10 V 0 H 0 Z @dp} rotation={0} scale={1.0} physicalPixelDisplaySizeRatio={1.0}}} sideOverrides={}}, mRoundedCorners=RoundedCorners{[RoundedCorner{position=TopLeft, radius=15, center=Point(15, 15)}, RoundedCorner{position=TopRight, radius=15, center=Point(1425, 15)}, RoundedCorner{position=BottomRight, radius=15, center=Point(1425, 3073)}, RoundedCorner{position=BottomLeft, radius=15, center=Point(15, 3073)}]}  mRoundedCornerFrame=Rect(0, 0 - 1440, 3088), mPrivacyIndicatorBounds=PrivacyIndicatorBounds {static bounds=Rect(1275, 0 - 1440, 100) rotation=0}, mDisplayShape=DisplayShape{ spec=-311912193 displayWidth=1440 displayHeight=3088 physicalPixelDisplaySizeRatio=1.0 rotation=0 offsetX=0 offsetY=0 scale=1.0}, mSources= { InsetsSource: {b11d0001 mType=navigationBars mFrame=[0,3032][1440,3088] mVisible=true mFlags=SUPPRESS_SCRIM mSideHint=BOTTOM mBoundingRects=null}, InsetsSource: {b11d0004 mType=systemGestures mFrame=[0,0][84,3088] mVisible=true mFlags= mSideHint=LEFT mBoundingRects=null}, InsetsSource: {b11d0005 mType=mandatorySystemGestures mFrame=[0,2968][1440,3088] mVisible=true mFlags= mSideHint=BOTTOM mBoundingRects=null}, InsetsSource: {b11d0006 mType=tappableElement mFrame=[0,0][0,0] mVisible=true mFlags= mSideHint=NONE mBoundingRects=null}, InsetsSource: {b11d0024 mType=systemGestures mFrame=[1356,0][1440,3088] mVisible=true mFlags= mSideHint=RIGHT mBoundingRects=null}, InsetsSource: {ecac0000 mType=statusBars mFrame=[0,0][1440,100] mVisible=true mFlags= mSideHint=TOP mBoundingRects=null}, InsetsSource: {ecac0005 mType=mandatorySystemGestures mFrame=[0,0][1440,145] mVisible=true mFlags= mSideHint=TOP mBoundingRects=null}, InsetsSource: {ecac0006 mType=tappableElement mFrame=[0,0][1440,100] mVisible=true mFlags= mSideHint=TOP mBoundingRects=null}, InsetsSource: {3 mType=ime mFrame=[0,2076][1440,3088] mVisible=true mFlags= mSideHint=BOTTOM mBoundingRects=null}, InsetsSource: {27 mType=displayCutout mFrame=[0,0][1440,100] mVisible=true mFlags= mSideHint=TOP mBoundingRects=null} }
11-23 21:21:27.746 22610 22610 I VRI[MainActivity]@8e53a52: handleResized, frames=ClientWindowFrames{frame=[0,0][1440,3088] display=[0,0][1440,3088] parentFrame=[0,0][0,0]} displayId=0 dragResizing=false compatScale=1.0 frameChanged=false attachedFrameChanged=false configChanged=false displayChanged=false compatScaleChanged=false dragResizingChanged=false
11-23 21:21:27.750 22610 22688 I VRI[MainActivity]@8e53a52: mWNT: t=0xb400007c8dcc9f90 mBlastBufferQueue=0xb400007adda683b0 fn= 1009 HdrRenderState mRenderHdrSdrRatio=1.0 caller= android.view.SyncRtSurfaceTransactionApplier.applyTransaction:100 android.view.SyncRtSurfaceTransactionApplier.lambda$scheduleApply$0:73 android.view.SyncRtSurfaceTransactionApplier.$r8$lambda$afI4fXg3U3-nBZQEDQMiNy-B06s:0 
11-23 21:21:27.759 22610 22687 I VRI[MainActivity]@8e53a52: mWNT: t=0xb400007c8dcaa410 mBlastBufferQueue=0xb400007adda683b0 fn= 1010 HdrRenderState mRenderHdrSdrRatio=1.0 caller= android.view.SyncRtSurfaceTransactionApplier.applyTransaction:100 android.view.SyncRtSurfaceTransactionApplier.lambda$scheduleApply$0:73 android.view.SyncRtSurfaceTransactionApplier.$r8$lambda$afI4fXg3U3-nBZQEDQMiNy-B06s:0 
11-23 21:21:27.762 22610 22610 I ImeTracker: com.google.android.inputmethod.latin:54cf75ec: onCancelled at PHASE_CLIENT_ON_CONTROLS_CHANGED
11-23 21:21:27.772 22610 22688 I VRI[MainActivity]@8e53a52: mWNT: t=0xb400007c8dc2cb10 mBlastBufferQueue=0xb400007adda683b0 fn= 1011 HdrRenderState mRenderHdrSdrRatio=1.0 caller= android.view.SyncRtSurfaceTransactionApplier.applyTransaction:100 android.view.SyncRtSurfaceTransactionApplier.lambda$scheduleApply$0:73 android.view.SyncRtSurfaceTransactionApplier.$r8$lambda$afI4fXg3U3-nBZQEDQMiNy-B06s:0 
11-23 21:21:27.772 22610 22610 W RemoteInputConnectionImpl: getSurroundingText on inactive InputConnection
11-23 21:21:27.780 22610 22687 I VRI[MainActivity]@8e53a52: mWNT: t=0xb400007c8dc29310 mBlastBufferQueue=0xb400007adda683b0 fn= 1012 HdrRenderState mRenderHdrSdrRatio=1.0 caller= android.view.SyncRtSurfaceTransactionApplier.applyTransaction:100 android.view.SyncRtSurfaceTransactionApplier.lambda$scheduleApply$0:73 android.view.SyncRtSurfaceTransactionApplier.$r8$lambda$afI4fXg3U3-nBZQEDQMiNy-B06s:0 
11-23 21:21:27.794 22610 22688 I VRI[MainActivity]@8e53a52: mWNT: t=0xb400007c8dc2bb50 mBlastBufferQueue=0xb400007adda683b0 fn= 1013 HdrRenderState mRenderHdrSdrRatio=1.0 caller= android.view.SyncRtSurfaceTransactionApplier.applyTransaction:100 android.view.SyncRtSurfaceTransactionApplier.lambda$scheduleApply$0:73 android.view.SyncRtSurfaceTransactionApplier.$r8$lambda$afI4fXg3U3-nBZQEDQMiNy-B06s:0 
11-23 21:21:27.798 22610 22687 I VRI[MainActivity]@8e53a52: mWNT: t=0xb400007c8dc2ccd0 mBlastBufferQueue=0xb400007adda683b0 fn= 1014 HdrRenderState mRenderHdrSdrRatio=1.0 caller= android.view.SyncRtSurfaceTransactionApplier.applyTransaction:100 android.view.SyncRtSurfaceTransactionApplier.lambda$scheduleApply$0:73 android.view.SyncRtSurfaceTransactionApplier.$r8$lambda$afI4fXg3U3-nBZQEDQMiNy-B06s:0 
11-23 21:21:27.806 22610 22610 W RemoteInputConnectionImpl: requestCursorUpdates on inactive InputConnection
11-23 21:21:27.811 22610 22688 I VRI[MainActivity]@8e53a52: mWNT: t=0xb400007c8dcb7990 mBlastBufferQueue=0xb400007adda683b0 fn= 1015 HdrRenderState mRenderHdrSdrRatio=1.0 caller= android.view.SyncRtSurfaceTransactionApplier.applyTransaction:100 android.view.SyncRtSurfaceTransactionApplier.lambda$scheduleApply$0:73 android.view.SyncRtSurfaceTransactionApplier.$r8$lambda$afI4fXg3U3-nBZQEDQMiNy-B06s:0 
11-23 21:21:27.823 22610 22610 I VRI[MainActivity]@8e53a52: ViewPostIme key 1
11-23 21:21:27.827 22610 22687 I VRI[MainActivity]@8e53a52: mWNT: t=0xb400007c8dcb62d0 mBlastBufferQueue=0xb400007adda683b0 fn= 1016 HdrRenderState mRenderHdrSdrRatio=1.0 caller= android.view.SyncRtSurfaceTransactionApplier.applyTransaction:100 android.view.SyncRtSurfaceTransactionApplier.lambda$scheduleApply$0:73 android.view.SyncRtSurfaceTransactionApplier.$r8$lambda$afI4fXg3U3-nBZQEDQMiNy-B06s:0 
11-23 21:21:27.858 22610 22688 I VRI[MainActivity]@8e53a52: mWNT: t=0xb400007c8dc28dd0 mBlastBufferQueue=0xb400007adda683b0 fn= 1017 HdrRenderState mRenderHdrSdrRatio=1.0 caller= android.view.SyncRtSurfaceTransactionApplier.applyTransaction:100 android.view.SyncRtSurfaceTransactionApplier.lambda$scheduleApply$0:73 android.view.SyncRtSurfaceTransactionApplier.$r8$lambda$afI4fXg3U3-nBZQEDQMiNy-B06s:0 
11-23 21:21:27.860 22610 22610 W RemoteInputConnectionImpl: commitText on inactive InputConnection
11-23 21:21:27.863 22610 22687 I VRI[MainActivity]@8e53a52: mWNT: t=0xb400007c8dc9b7d0 mBlastBufferQueue=0xb400007adda683b0 fn= 1018 HdrRenderState mRenderHdrSdrRatio=1.0 caller= android.view.SyncRtSurfaceTransactionApplier.applyTransaction:100 android.view.SyncRtSurfaceTransactionApplier.lambda$scheduleApply$0:73 android.view.SyncRtSurfaceTransactionApplier.$r8$lambda$afI4fXg3U3-nBZQEDQMiNy-B06s:0 
11-23 21:21:27.864 22610 22655 I DetoxWSClient: Sending out action 'invokeResult' (ID #59)
11-23 21:21:27.864 22610 22655 I DetoxDispatcher: Done with action 'invoke'
11-23 21:21:27.868 22610 22659 D DetoxWSClient: Received action 'invoke' (ID #60, params={"target":{"type":"Class","value":"com.wix.detox.espresso.EspressoDetox"},"method":"perform","args":[{"type":"Invocation","value":{"target":{"type":"Class","value":"com.wix.detox.espresso.DetoxMatcher"},"method":"matcherForTestId","args":["add-pantry-item-quantity-input",{"type":"boolean","value":false}]}},{"type":"Invocation","value":{"target":{"type":"Class","value":"com.wix.detox.espresso.DetoxViewActions"},"method":"typeText","args":["\n"]}}]})
11-23 21:21:27.869 22610 22655 I DetoxDispatcher: Handling action 'invoke' (ID #60)...
11-23 21:21:27.869 22610 22655 D Detox   : class com.wix.detox.espresso.DetoxMatcher, matcherForTestId, [add-pantry-item-quantity-input, false]
11-23 21:21:27.871 22610 22688 I VRI[MainActivity]@8e53a52: mWNT: t=0xb400007c8dc2c410 mBlastBufferQueue=0xb400007adda683b0 fn= 1019 HdrRenderState mRenderHdrSdrRatio=1.0 caller= android.view.SyncRtSurfaceTransactionApplier.applyTransaction:100 android.view.SyncRtSurfaceTransactionApplier.lambda$scheduleApply$0:73 android.view.SyncRtSurfaceTransactionApplier.$r8$lambda$afI4fXg3U3-nBZQEDQMiNy-B06s:0 
11-23 21:21:27.872 22610 22655 D Detox   : class com.wix.detox.espresso.DetoxViewActions, typeText, [
11-23 21:21:27.872 22610 22655 D Detox   : ]
11-23 21:21:27.872 22610 22655 D Detox   : class com.wix.detox.espresso.EspressoDetox, perform, [(view.getTag() is "add-pantry-item-quantity-input" and view has effective visibility <VISIBLE>), com.wix.detox.espresso.action.DetoxTypeTextAction@d287ba]
11-23 21:21:27.877 22610 22610 I ViewInteraction: Performing 'Click to focus & type text (
11-23 21:21:27.877 22610 22610 I ViewInteraction: )' action on view (view.getTag() is "add-pantry-item-quantity-input" and view has effective visibility <VISIBLE>)
11-23 21:21:27.886 22610 22610 I VRI[MainActivity]@8e53a52: ViewPostIme pointer 0
11-23 21:21:27.890 22610 22687 I VRI[MainActivity]@8e53a52: mWNT: t=0xb400007c8dc33090 mBlastBufferQueue=0xb400007adda683b0 fn= 1020 HdrRenderState mRenderHdrSdrRatio=1.0 caller= android.view.SyncRtSurfaceTransactionApplier.applyTransaction:100 android.view.SyncRtSurfaceTransactionApplier.lambda$scheduleApply$0:73 android.view.SyncRtSurfaceTransactionApplier.$r8$lambda$afI4fXg3U3-nBZQEDQMiNy-B06s:0 
11-23 21:21:27.897 22610 22688 I VRI[MainActivity]@8e53a52: mWNT: t=0xb400007c8dcc7210 mBlastBufferQueue=0xb400007adda683b0 fn= 1021 HdrRenderState mRenderHdrSdrRatio=1.0 caller= android.view.SyncRtSurfaceTransactionApplier.applyTransaction:100 android.view.SyncRtSurfaceTransactionApplier.lambda$scheduleApply$0:73 android.view.SyncRtSurfaceTransactionApplier.$r8$lambda$afI4fXg3U3-nBZQEDQMiNy-B06s:0 
11-23 21:21:27.906 22610 22687 I VRI[MainActivity]@8e53a52: mWNT: t=0xb400007c8dcc1550 mBlastBufferQueue=0xb400007adda683b0 fn= 1022 HdrRenderState mRenderHdrSdrRatio=1.0 caller= android.view.SyncRtSurfaceTransactionApplier.applyTransaction:100 android.view.SyncRtSurfaceTransactionApplier.lambda$scheduleApply$0:73 android.view.SyncRtSurfaceTransactionApplier.$r8$lambda$afI4fXg3U3-nBZQEDQMiNy-B06s:0 
11-23 21:21:27.917 22610 22610 I VRI[MainActivity]@8e53a52: ViewPostIme pointer 1
11-23 21:21:27.917 22610 22688 I VRI[MainActivity]@8e53a52: mWNT: t=0xb400007c8dcc9190 mBlastBufferQueue=0xb400007adda683b0 fn= 1023 HdrRenderState mRenderHdrSdrRatio=1.0 caller= android.view.SyncRtSurfaceTransactionApplier.applyTransaction:100 android.view.SyncRtSurfaceTransactionApplier.lambda$scheduleApply$0:73 android.view.SyncRtSurfaceTransactionApplier.$r8$lambda$afI4fXg3U3-nBZQEDQMiNy-B06s:0 
11-23 21:21:27.929 22610 22610 D InputMethodManagerUtils: startInputInner - Id : 0
11-23 21:21:27.929 22610 22610 I InputMethodManager: startInputInner - IInputMethodManagerGlobalInvoker.startInputOrWindowGainedFocus
11-23 21:21:27.932 22610 22610 I AutofillManager: showAutofillDialog() return false due to improve fill dialog
11-23 21:21:27.932 22610 22610 I InputMethodManager_LC: showSoftInput(View,I)
11-23 21:21:27.933 22610 22610 I ImeTracker: dev.souschef.app:ee2d481a: onRequestShow at ORIGIN_CLIENT reason SHOW_SOFT_INPUT fromUser true
11-23 21:21:27.933 22610 22610 I InputMethodManager_LC: ssi(): flags=0 view=dev.souschef.app reason=SHOW_SOFT_INPUT
11-23 21:21:27.933 22610 22610 D InsetsController: show(ime(), fromIme=false)
11-23 21:21:27.934 22610 22610 I ImeTracker: dev.souschef.app:ee2d481a: onCancelled at PHASE_CLIENT_APPLY_ANIMATION
11-23 21:21:27.939 22610 22619 D InputTransport: Input channel constructed: 'ClientS', fd=226
11-23 21:21:27.945 22610 22687 I VRI[MainActivity]@8e53a52: mWNT: t=0xb400007c8dc9b610 mBlastBufferQueue=0xb400007adda683b0 fn= 1024 HdrRenderState mRenderHdrSdrRatio=1.0 caller= android.view.SyncRtSurfaceTransactionApplier.applyTransaction:100 android.view.SyncRtSurfaceTransactionApplier.lambda$scheduleApply$0:73 android.view.SyncRtSurfaceTransactionApplier.$r8$lambda$afI4fXg3U3-nBZQEDQMiNy-B06s:0 
11-23 21:21:27.955 22610 22610 I AssistStructure: Flattened final assist data: 6036 bytes, containing 1 windows, 39 views
11-23 21:21:27.967 22610 22688 I VRI[MainActivity]@8e53a52: mWNT: t=0xb400007c8dcb7d10 mBlastBufferQueue=0xb400007adda683b0 fn= 1025 HdrRenderState mRenderHdrSdrRatio=1.0 caller= android.view.SyncRtSurfaceTransactionApplier.applyTransaction:100 android.view.SyncRtSurfaceTransactionApplier.lambda$scheduleApply$0:73 android.view.SyncRtSurfaceTransactionApplier.$r8$lambda$afI4fXg3U3-nBZQEDQMiNy-B06s:0 
11-23 21:21:27.967 22610 22610 W RemoteInputConnectionImpl: requestCursorUpdates on inactive InputConnection
11-23 21:21:27.967 22610 22610 W WindowOnBackDispatcher: sendCancelIfRunning: isInProgress=false callback=android.view.ImeBackAnimationController@94ca524
11-23 21:21:27.978 22610 22687 I VRI[MainActivity]@8e53a52: mWNT: t=0xb400007c8dc9c790 mBlastBufferQueue=0xb400007adda683b0 fn= 1026 HdrRenderState mRenderHdrSdrRatio=1.0 caller= android.view.SyncRtSurfaceTransactionApplier.applyTransaction:100 android.view.SyncRtSurfaceTransactionApplier.lambda$scheduleApply$0:73 android.view.SyncRtSurfaceTransactionApplier.$r8$lambda$afI4fXg3U3-nBZQEDQMiNy-B06s:0 
11-23 21:21:27.983 22610 22610 I InputMethodManager_LC: showSoftInput(View,I)
11-23 21:21:27.984 22610 22610 I ImeTracker: dev.souschef.app:2405de16: onRequestShow at ORIGIN_CLIENT reason SHOW_SOFT_INPUT fromUser false
11-23 21:21:27.984 22610 22610 I InputMethodManager_LC: ssi(): flags=0 view=dev.souschef.app reason=SHOW_SOFT_INPUT
11-23 21:21:27.985 22610 22610 D InsetsController: show(ime(), fromIme=false)
11-23 21:21:27.985 22610 22610 I ImeTracker: dev.souschef.app:2405de16: onCancelled at PHASE_CLIENT_APPLY_ANIMATION
11-23 21:21:27.999 22610 22688 I VRI[MainActivity]@8e53a52: mWNT: t=0xb400007c8dcd5910 mBlastBufferQueue=0xb400007adda683b0 fn= 1027 HdrRenderState mRenderHdrSdrRatio=1.0 caller= android.view.SyncRtSurfaceTransactionApplier.applyTransaction:100 android.view.SyncRtSurfaceTransactionApplier.lambda$scheduleApply$0:73 android.view.SyncRtSurfaceTransactionApplier.$r8$lambda$afI4fXg3U3-nBZQEDQMiNy-B06s:0 
11-23 21:21:28.003 22610 22687 I VRI[MainActivity]@8e53a52: mWNT: t=0xb400007c8dca3cd0 mBlastBufferQueue=0xb400007adda683b0 fn= 1028 HdrRenderState mRenderHdrSdrRatio=1.0 caller= android.view.SyncRtSurfaceTransactionApplier.applyTransaction:100 android.view.SyncRtSurfaceTransactionApplier.lambda$scheduleApply$0:73 android.view.SyncRtSurfaceTransactionApplier.$r8$lambda$afI4fXg3U3-nBZQEDQMiNy-B06s:0 
11-23 21:21:28.011 22610 22688 I VRI[MainActivity]@8e53a52: mWNT: t=0xb400007c8dc35390 mBlastBufferQueue=0xb400007adda683b0 fn= 1029 HdrRenderState mRenderHdrSdrRatio=1.0 caller= android.view.SyncRtSurfaceTransactionApplier.applyTransaction:100 android.view.SyncRtSurfaceTransactionApplier.lambda$scheduleApply$0:73 android.view.SyncRtSurfaceTransactionApplier.$r8$lambda$afI4fXg3U3-nBZQEDQMiNy-B06s:0 
11-23 21:21:28.014 22610 22687 I VRI[MainActivity]@8e53a52: mWNT: t=0xb400007c8dd1f810 mBlastBufferQueue=0xb400007adda683b0 fn= 1030 HdrRenderState mRenderHdrSdrRatio=1.0 caller= android.view.SyncRtSurfaceTransactionApplier.applyTransaction:100 android.view.SyncRtSurfaceTransactionApplier.lambda$scheduleApply$0:73 android.view.SyncRtSurfaceTransactionApplier.$r8$lambda$afI4fXg3U3-nBZQEDQMiNy-B06s:0 
11-23 21:21:28.022 22610 22688 I VRI[MainActivity]@8e53a52: mWNT: t=0xb400007c8dc28890 mBlastBufferQueue=0xb400007adda683b0 fn= 1031 HdrRenderState mRenderHdrSdrRatio=1.0 caller= android.view.SyncRtSurfaceTransactionApplier.applyTransaction:100 android.view.SyncRtSurfaceTransactionApplier.lambda$scheduleApply$0:73 android.view.SyncRtSurfaceTransactionApplier.$r8$lambda$afI4fXg3U3-nBZQEDQMiNy-B06s:0 
11-23 21:21:28.033 22610 22687 I VRI[MainActivity]@8e53a52: mWNT: t=0xb400007c8dc2a110 mBlastBufferQueue=0xb400007adda683b0 fn= 1032 HdrRenderState mRenderHdrSdrRatio=1.0 caller= android.view.SyncRtSurfaceTransactionApplier.applyTransaction:100 android.view.SyncRtSurfaceTransactionApplier.lambda$scheduleApply$0:73 android.view.SyncRtSurfaceTransactionApplier.$r8$lambda$afI4fXg3U3-nBZQEDQMiNy-B06s:0 
11-23 21:21:28.039 22610 22688 I VRI[MainActivity]@8e53a52: mWNT: t=0xb400007c8dc2bd10 mBlastBufferQueue=0xb400007adda683b0 fn= 1033 HdrRenderState mRenderHdrSdrRatio=1.0 caller= android.view.SyncRtSurfaceTransactionApplier.applyTransaction:100 android.view.SyncRtSurfaceTransactionApplier.lambda$scheduleApply$0:73 android.view.SyncRtSurfaceTransactionApplier.$r8$lambda$afI4fXg3U3-nBZQEDQMiNy-B06s:0 
11-23 21:21:28.054 22610 22687 I VRI[MainActivity]@8e53a52: mWNT: t=0xb400007c8dc2a490 mBlastBufferQueue=0xb400007adda683b0 fn= 1034 HdrRenderState mRenderHdrSdrRatio=1.0 caller= android.view.SyncRtSurfaceTransactionApplier.applyTransaction:100 android.view.SyncRtSurfaceTransactionApplier.lambda$scheduleApply$0:73 android.view.SyncRtSurfaceTransactionApplier.$r8$lambda$afI4fXg3U3-nBZQEDQMiNy-B06s:0 
11-23 21:21:28.060 22610 22688 I VRI[MainActivity]@8e53a52: mWNT: t=0xb400007c8dc67510 mBlastBufferQueue=0xb400007adda683b0 fn= 1035 HdrRenderState mRenderHdrSdrRatio=1.0 caller= android.view.SyncRtSurfaceTransactionApplier.applyTransaction:100 android.view.SyncRtSurfaceTransactionApplier.lambda$scheduleApply$0:73 android.view.SyncRtSurfaceTransactionApplier.$r8$lambda$afI4fXg3U3-nBZQEDQMiNy-B06s:0 
11-23 21:21:28.065 22610 22687 I VRI[MainActivity]@8e53a52: mWNT: t=0xb400007c8dc96ad0 mBlastBufferQueue=0xb400007adda683b0 fn= 1036 HdrRenderState mRenderHdrSdrRatio=1.0 caller= android.view.SyncRtSurfaceTransactionApplier.applyTransaction:100 android.view.SyncRtSurfaceTransactionApplier.lambda$scheduleApply$0:73 android.view.SyncRtSurfaceTransactionApplier.$r8$lambda$afI4fXg3U3-nBZQEDQMiNy-B06s:0 
11-23 21:21:28.075 22610 22688 I VRI[MainActivity]@8e53a52: mWNT: t=0xb400007c8dcce050 mBlastBufferQueue=0xb400007adda683b0 fn= 1037 HdrRenderState mRenderHdrSdrRatio=1.0 caller= android.view.SyncRtSurfaceTransactionApplier.applyTransaction:100 android.view.SyncRtSurfaceTransactionApplier.lambda$scheduleApply$0:73 android.view.SyncRtSurfaceTransactionApplier.$r8$lambda$afI4fXg3U3-nBZQEDQMiNy-B06s:0 
11-23 21:21:28.086 22610 22687 I VRI[MainActivity]@8e53a52: mWNT: t=0xb400007c8dcc0c90 mBlastBufferQueue=0xb400007adda683b0 fn= 1038 HdrRenderState mRenderHdrSdrRatio=1.0 caller= android.view.SyncRtSurfaceTransactionApplier.applyTransaction:100 android.view.SyncRtSurfaceTransactionApplier.lambda$scheduleApply$0:73 android.view.SyncRtSurfaceTransactionApplier.$r8$lambda$afI4fXg3U3-nBZQEDQMiNy-B06s:0 
11-23 21:21:28.087 22610 22610 I InsetsController: cancelAnimation: types=ime, animType=0, host=dev.souschef.app/dev.souschef.app.MainActivity, from=android.view.InsetsController.notifyFinished:2006 android.view.InsetsAnimationControlImpl.applyChangeInsets:335 android.view.InsetsController.lambda$new$3:957 
11-23 21:21:28.087 22610 22610 I ImeTracker: com.google.android.inputmethod.latin:54cf75ec: onShown
11-23 21:21:28.091 22610 22688 I VRI[MainActivity]@8e53a52: mWNT: t=0xb400007c8dc7aad0 mBlastBufferQueue=0xb400007adda683b0 fn= 1039 HdrRenderState mRenderHdrSdrRatio=1.0 caller= android.view.SyncRtSurfaceTransactionApplier.applyTransaction:100 android.view.SyncRtSurfaceTransactionApplier.lambda$scheduleApply$0:73 android.view.SyncRtSurfaceTransactionApplier.$r8$lambda$afI4fXg3U3-nBZQEDQMiNy-B06s:0 
11-23 21:21:28.388 22610 22610 D UiControllerImpl: Injecting string: "
11-23 21:21:28.388 22610 22610 D UiControllerImpl: "
11-23 21:21:28.402 22610 22610 I VRI[MainActivity]@8e53a52: The input has been finished in ImeInputStage.
11-23 21:21:28.405 22610 22610 I VRI[MainActivity]@8e53a52: setInTouchMode(false), android.view.ViewRootImpl.checkForLeavingTouchModeAndConsume:10965 android.view.ViewRootImpl.-$$Nest$mcheckForLeavingTouchModeAndConsume:0 android.view.ViewRootImpl$EarlyPostImeInputStage.processKeyEvent:9438 android.view.ViewRootImpl$EarlyPostImeInputStage.onProcess:9422 android.view.ViewRootImpl$InputStage.deliver:8901 android.view.ViewRootImpl.deliverInputEvent:12785 android.view.ViewRootImpl.doProcessInputEvents:12673 android.view.ViewRootImpl.enqueueInputEvent:12628 android.view.ViewRootImpl$ViewRootHandler.handleMessageImpl:8422 android.view.ViewRootImpl$ViewRootHandler.handleMessage:8301 
11-23 21:21:28.406 22610 22610 I VRI[MainActivity]@8e53a52: ViewPostIme key 0
11-23 21:21:28.424 22610 22610 I ImeTracker: dev.souschef.app:2acd3aac: onRequestHide at ORIGIN_CLIENT reason HIDE_SOFT_INPUT fromUser false
11-23 21:21:28.425 22610 22610 I InputMethodManager_LC: hsifw() - flag : 0
11-23 21:21:28.426 22610 22610 D InputMethodManagerUtils: startInputInner - Id : 0
11-23 21:21:28.426 22610 22610 I InputMethodManager: startInputInner - IInputMethodManagerGlobalInvoker.startInputOrWindowGainedFocus
11-23 21:21:28.428 22610 22610 I InputMethodManager_LC: hsifw() - mService.hideSoftInput
11-23 21:21:28.428 22610 22610 D InsetsController: hide(ime(), fromIme=false)
11-23 21:21:28.429 22610 22610 W WindowOnBackDispatcher: sendCancelIfRunning: isInProgress=false callback=android.view.ImeBackAnimationController@94ca524
11-23 21:21:28.430 22610 22610 D InsetsController: Setting requestedVisibleTypes to -9 (was -1)
11-23 21:21:28.431 22610 22610 I InsetsController: setRequestedVisibleTypes: visible=false, mask=ime, host=dev.souschef.app/dev.souschef.app.MainActivity, from=android.view.InsetsController.controlAnimationUnchecked:1604 android.view.InsetsController.applyAnimation:2416 android.view.InsetsController.applyAnimation:2343 android.view.InsetsController.hide:1540 android.view.inputmethod.InputMethodManager.hideSoftInputFromWindow:2889 android.view.inputmethod.InputMethodManager.hideSoftInputFromWindow:2812 android.view.inputmethod.InputMethodManager.hideSoftInputFromWindow:2773 com.facebook.react.views.textinput.ReactEditText.hideSoftKeyboard:865 com.facebook.react.views.textinput.ReactEditText.clearFocusAndMaybeRefocus$ReactAndroid_debug:388 com.facebook.react.views.textinput.ReactTextInputManager.addEventEmitters$lambda$3:966 
11-23 21:21:28.431 22610 22610 I InsetsController: controlAnimationUncheckedInner: Added types=ime, animType=1, host=dev.souschef.app/dev.souschef.app.MainActivity, from=android.view.InsetsController.controlAnimationUnchecked:1608 android.view.InsetsController.applyAnimation:2416 android.view.InsetsController.applyAnimation:2343 
11-23 21:21:28.432 22610 23140 D InputTransport: Input channel constructed: 'ClientS', fd=224
11-23 21:21:28.435 22610 22610 I BLASTBufferQueue_Java: update, w= 1440 h= 3088 mName = VRI[MainActivity]@8e53a52 mNativeObject= 0xb400007adda683b0 sc.mNativeObject= 0xb400007b7da38150 format= -1 caller= android.view.ViewRootImpl.updateBlastSurfaceIfNeeded:3574 android.view.ViewRootImpl.relayoutWindow:11685 android.view.ViewRootImpl.performTraversals:4804 android.view.ViewRootImpl.doTraversal:3924 android.view.ViewRootImpl$TraversalRunnable.run:12903 android.view.Choreographer$CallbackRecord.run:1901 
11-23 21:21:28.435 22610 22610 I VRI[MainActivity]@8e53a52: Relayout returned: old=(0,0,1440,3088) new=(0,0,1440,3088) relayoutAsync=true req=(1440,3088)0 dur=1 res=0x0 s={true 0xb400007beda54050} ch=false seqId=0
11-23 21:21:28.439 22610 22610 I VRI[MainActivity]@8e53a52: registerCallbackForPendingTransactions
11-23 21:21:28.441 22610 22687 I VRI[MainActivity]@8e53a52: mWNT: t=0xb400007c8dc9b7d0 mBlastBufferQueue=0xb400007adda683b0 fn= 1040 HdrRenderState mRenderHdrSdrRatio=1.0 caller= android.view.SyncRtSurfaceTransactionApplier.applyTransaction:100 android.view.SyncRtSurfaceTransactionApplier.lambda$scheduleApply$0:73 android.view.SyncRtSurfaceTransactionApplier.$r8$lambda$afI4fXg3U3-nBZQEDQMiNy-B06s:0 
11-23 21:21:28.441 22610 22687 I VRI[MainActivity]@8e53a52: mWNT: t=0xb400007c8dc28dd0 mBlastBufferQueue=0xb400007adda683b0 fn= 1040 HdrRenderState mRenderHdrSdrRatio=1.0 caller= android.view.ViewRootImpl$10.onFrameDraw:6536 android.view.ViewRootImpl$4.onFrameDraw:2489 android.view.ThreadedRenderer$1.onFrameDraw:718 
11-23 21:21:28.455 22610 22610 W RemoteInputConnectionImpl: requestCursorUpdates on inactive InputConnection
11-23 21:21:28.455 22610 22688 I VRI[MainActivity]@8e53a52: mWNT: t=0xb400007c8dce8990 mBlastBufferQueue=0xb400007adda683b0 fn= 1041 HdrRenderState mRenderHdrSdrRatio=1.0 caller= android.view.SyncRtSurfaceTransactionApplier.applyTransaction:100 android.view.SyncRtSurfaceTransactionApplier.lambda$scheduleApply$0:73 android.view.SyncRtSurfaceTransactionApplier.$r8$lambda$afI4fXg3U3-nBZQEDQMiNy-B06s:0 
11-23 21:21:28.464 22610 22687 I VRI[MainActivity]@8e53a52: mWNT: t=0xb400007c8dc2ccd0 mBlastBufferQueue=0xb400007adda683b0 fn= 1042 HdrRenderState mRenderHdrSdrRatio=1.0 caller= android.view.SyncRtSurfaceTransactionApplier.applyTransaction:100 android.view.SyncRtSurfaceTransactionApplier.lambda$scheduleApply$0:73 android.view.SyncRtSurfaceTransactionApplier.$r8$lambda$afI4fXg3U3-nBZQEDQMiNy-B06s:0 
11-23 21:21:28.470 22610 22688 I VRI[MainActivity]@8e53a52: mWNT: t=0xb400007c8dc2bb50 mBlastBufferQueue=0xb400007adda683b0 fn= 1043 HdrRenderState mRenderHdrSdrRatio=1.0 caller= android.view.SyncRtSurfaceTransactionApplier.applyTransaction:100 android.view.SyncRtSurfaceTransactionApplier.lambda$scheduleApply$0:73 android.view.SyncRtSurfaceTransactionApplier.$r8$lambda$afI4fXg3U3-nBZQEDQMiNy-B06s:0 
11-23 21:21:28.477 22610 22687 I VRI[MainActivity]@8e53a52: mWNT: t=0xb400007c8dc29310 mBlastBufferQueue=0xb400007adda683b0 fn= 1044 HdrRenderState mRenderHdrSdrRatio=1.0 caller= android.view.SyncRtSurfaceTransactionApplier.applyTransaction:100 android.view.SyncRtSurfaceTransactionApplier.lambda$scheduleApply$0:73 android.view.SyncRtSurfaceTransactionApplier.$r8$lambda$afI4fXg3U3-nBZQEDQMiNy-B06s:0 
11-23 21:21:28.482 22610 23102 I ReactNativeJS: 💾 Cache: Persisted cache (14 KB)
11-23 21:21:28.500 22610 22688 I VRI[MainActivity]@8e53a52: mWNT: t=0xb400007c8dcaa410 mBlastBufferQueue=0xb400007adda683b0 fn= 1045 HdrRenderState mRenderHdrSdrRatio=1.0 caller= android.view.SyncRtSurfaceTransactionApplier.applyTransaction:100 android.view.SyncRtSurfaceTransactionApplier.lambda$scheduleApply$0:73 android.view.SyncRtSurfaceTransactionApplier.$r8$lambda$afI4fXg3U3-nBZQEDQMiNy-B06s:0 
11-23 21:21:28.507 22610 22687 I VRI[MainActivity]@8e53a52: mWNT: t=0xb400007c8dcb7990 mBlastBufferQueue=0xb400007adda683b0 fn= 1046 HdrRenderState mRenderHdrSdrRatio=1.0 caller= android.view.SyncRtSurfaceTransactionApplier.applyTransaction:100 android.view.SyncRtSurfaceTransactionApplier.lambda$scheduleApply$0:73 android.view.SyncRtSurfaceTransactionApplier.$r8$lambda$afI4fXg3U3-nBZQEDQMiNy-B06s:0 
11-23 21:21:28.514 22610 22688 I VRI[MainActivity]@8e53a52: mWNT: t=0xb400007c8dcc9f90 mBlastBufferQueue=0xb400007adda683b0 fn= 1047 HdrRenderState mRenderHdrSdrRatio=1.0 caller= android.view.SyncRtSurfaceTransactionApplier.applyTransaction:100 android.view.SyncRtSurfaceTransactionApplier.lambda$scheduleApply$0:73 android.view.SyncRtSurfaceTransactionApplier.$r8$lambda$afI4fXg3U3-nBZQEDQMiNy-B06s:0 
11-23 21:21:28.520 22610 22687 I VRI[MainActivity]@8e53a52: mWNT: t=0xb400007c8dcf0cd0 mBlastBufferQueue=0xb400007adda683b0 fn= 1048 HdrRenderState mRenderHdrSdrRatio=1.0 caller= android.view.SyncRtSurfaceTransactionApplier.applyTransaction:100 android.view.SyncRtSurfaceTransactionApplier.lambda$scheduleApply$0:73 android.view.SyncRtSurfaceTransactionApplier.$r8$lambda$afI4fXg3U3-nBZQEDQMiNy-B06s:0 
11-23 21:21:28.528 22610 22688 I VRI[MainActivity]@8e53a52: mWNT: t=0xb400007c8db60610 mBlastBufferQueue=0xb400007adda683b0 fn= 1049 HdrRenderState mRenderHdrSdrRatio=1.0 caller= android.view.SyncRtSurfaceTransactionApplier.applyTransaction:100 android.view.SyncRtSurfaceTransactionApplier.lambda$scheduleApply$0:73 android.view.SyncRtSurfaceTransactionApplier.$r8$lambda$afI4fXg3U3-nBZQEDQMiNy-B06s:0 
11-23 21:21:28.534 22610 22687 I VRI[MainActivity]@8e53a52: mWNT: t=0xb400007c8dccde90 mBlastBufferQueue=0xb400007adda683b0 fn= 1050 HdrRenderState mRenderHdrSdrRatio=1.0 caller= android.view.SyncRtSurfaceTransactionApplier.applyTransaction:100 android.view.SyncRtSurfaceTransactionApplier.lambda$scheduleApply$0:73 android.view.SyncRtSurfaceTransactionApplier.$r8$lambda$afI4fXg3U3-nBZQEDQMiNy-B06s:0 
11-23 21:21:28.546 22610 22610 I VRI[MainActivity]@8e53a52: ViewPostIme key 1
11-23 21:21:28.547 22610 22688 I VRI[MainActivity]@8e53a52: mWNT: t=0xb400007c8db30250 mBlastBufferQueue=0xb400007adda683b0 fn= 1051 HdrRenderState mRenderHdrSdrRatio=1.0 caller= android.view.SyncRtSurfaceTransactionApplier.applyTransaction:100 android.view.SyncRtSurfaceTransactionApplier.lambda$scheduleApply$0:73 android.view.SyncRtSurfaceTransactionApplier.$r8$lambda$afI4fXg3U3-nBZQEDQMiNy-B06s:0 
11-23 21:21:28.563 22610 22687 I VRI[MainActivity]@8e53a52: mWNT: t=0xb400007c8dccd090 mBlastBufferQueue=0xb400007adda683b0 fn= 1052 HdrRenderState mRenderHdrSdrRatio=1.0 caller= android.view.SyncRtSurfaceTransactionApplier.applyTransaction:100 android.view.SyncRtSurfaceTransactionApplier.lambda$scheduleApply$0:73 android.view.SyncRtSurfaceTransactionApplier.$r8$lambda$afI4fXg3U3-nBZQEDQMiNy-B06s:0 
11-23 21:21:28.567 22610 22610 I InsetsController: onStateChanged: host=dev.souschef.app/dev.souschef.app.MainActivity, from=android.view.ViewRootImpl.onInsetsStateChanged:3026, state=InsetsState: {mDisplayFrame=Rect(0, 0 - 1440, 3088), mDisplayCutout=DisplayCutout{insets=Rect(0, 100 - 0, 0) waterfall=Insets{left=0, top=0, right=0, bottom=0} boundingRect={Bounds=[Rect(0, 0 - 0, 0), Rect(683, 0 - 758, 100), Rect(0, 0 - 0, 0), Rect(0, 0 - 0, 0)]} cutoutPathParserInfo={CutoutPathParserInfo{displayWidth=1440 displayHeight=3088 physicalDisplayWidth=1440 physicalDisplayHeight=3088 density={3.75} cutoutSpec={M 0,0 H -10 V 26.66666666666667 H 10 V 0 H 0 Z @dp} rotation={0} scale={1.0} physicalPixelDisplaySizeRatio={1.0}}} sideOverrides={}}, mRoundedCorners=RoundedCorners{[RoundedCorner{position=TopLeft, radius=15, center=Point(15, 15)}, RoundedCorner{position=TopRight, radius=15, center=Point(1425, 15)}, RoundedCorner{position=BottomRight, radius=15, center=Point(1425, 3073)}, RoundedCorner{position=BottomLeft, radius=15, center=Point(15, 3073)}]}  mRoundedCornerFrame=Rect(0, 0 - 1440, 3088), mPrivacyIndicatorBounds=PrivacyIndicatorBounds {static bounds=Rect(1275, 0 - 1440, 100) rotation=0}, mDisplayShape=DisplayShape{ spec=-311912193 displayWidth=1440 displayHeight=3088 physicalPixelDisplaySizeRatio=1.0 rotation=0 offsetX=0 offsetY=0 scale=1.0}, mSources= { InsetsSource: {b11d0001 mType=navigationBars mFrame=[0,3032][1440,3088] mVisible=true mFlags=SUPPRESS_SCRIM mSideHint=BOTTOM mBoundingRects=null}, InsetsSource: {b11d0004 mType=systemGestures mFrame=[0,0][84,3088] mVisible=true mFlags= mSideHint=LEFT mBoundingRects=null}, InsetsSource: {b11d0005 mType=mandatorySystemGestures mFrame=[0,2968][1440,3088] mVisible=true mFlags= mSideHint=BOTTOM mBoundingRects=null}, InsetsSource: {b11d0006 mType=tappableElement mFrame=[0,0][0,0] mVisible=true mFlags= mSideHint=NONE mBoundingRects=null}, InsetsSource: {b11d0024 mType=systemGestures mFrame=[1356,0][1440,3088] mVisible=true mFlags= mSideHint=RIGHT mBoundingRects=null}, InsetsSource: {ecac0000 mType=statusBars mFrame=[0,0][1440,100] mVisible=true mFlags= mSideHint=TOP mBoundingRects=null}, InsetsSource: {ecac0005 mType=mandatorySystemGestures mFrame=[0,0][1440,145] mVisible=true mFlags= mSideHint=TOP mBoundingRects=null}, InsetsSource: {ecac0006 mType=tappableElement mFrame=[0,0][1440,100] mVisible=true mFlags= mSideHint=TOP mBoundingRects=null}, InsetsSource: {3 mType=ime mFrame=[0,1922][1440,3088] mVisible=true mFlags= mSideHint=BOTTOM mBoundingRects=null}, InsetsSource: {27 mType=displayCutout mFrame=[0,0][1440,100] mVisible=true mFlags= mSideHint=TOP mBoundingRects=null} }
11-23 21:21:28.568 22610 22610 I VRI[MainActivity]@8e53a52: handleResized, frames=ClientWindowFrames{frame=[0,0][1440,3088] display=[0,0][1440,3088] parentFrame=[0,0][0,0]} displayId=0 dragResizing=false compatScale=1.0 frameChanged=false attachedFrameChanged=false configChanged=false displayChanged=false compatScaleChanged=false dragResizingChanged=false
11-23 21:21:28.569 22610 22687 I VRI[MainActivity]@8e53a52: mWNT: t=0xb400007c8dcc57d0 mBlastBufferQueue=0xb400007adda683b0 fn= 1053 HdrRenderState mRenderHdrSdrRatio=1.0 caller= android.view.SyncRtSurfaceTransactionApplier.applyTransaction:100 android.view.SyncRtSurfaceTransactionApplier.lambda$scheduleApply$0:73 android.view.SyncRtSurfaceTransactionApplier.$r8$lambda$afI4fXg3U3-nBZQEDQMiNy-B06s:0 
11-23 21:21:28.580 22610 22688 I VRI[MainActivity]@8e53a52: mWNT: t=0xb400007c8dc40450 mBlastBufferQueue=0xb400007adda683b0 fn= 1054 HdrRenderState mRenderHdrSdrRatio=1.0 caller= android.view.SyncRtSurfaceTransactionApplier.applyTransaction:100 android.view.SyncRtSurfaceTransactionApplier.lambda$scheduleApply$0:73 android.view.SyncRtSurfaceTransactionApplier.$r8$lambda$afI4fXg3U3-nBZQEDQMiNy-B06s:0 
11-23 21:21:28.588 22610 22687 I VRI[MainActivity]@8e53a52: mWNT: t=0xb400007c8dc7dd90 mBlastBufferQueue=0xb400007adda683b0 fn= 1055 HdrRenderState mRenderHdrSdrRatio=1.0 caller= android.view.SyncRtSurfaceTransactionApplier.applyTransaction:100 android.view.SyncRtSurfaceTransactionApplier.lambda$scheduleApply$0:73 android.view.SyncRtSurfaceTransactionApplier.$r8$lambda$afI4fXg3U3-nBZQEDQMiNy-B06s:0 
11-23 21:21:28.593 22610 22688 I VRI[MainActivity]@8e53a52: mWNT: t=0xb400007c8dc2a650 mBlastBufferQueue=0xb400007adda683b0 fn= 1056 HdrRenderState mRenderHdrSdrRatio=1.0 caller= android.view.SyncRtSurfaceTransactionApplier.applyTransaction:100 android.view.SyncRtSurfaceTransactionApplier.lambda$scheduleApply$0:73 android.view.SyncRtSurfaceTransactionApplier.$r8$lambda$afI4fXg3U3-nBZQEDQMiNy-B06s:0 
11-23 21:21:28.593 22610 22655 I DetoxWSClient: Sending out action 'invokeResult' (ID #60)
11-23 21:21:28.594 22610 22655 I DetoxDispatcher: Done with action 'invoke'
11-23 21:21:28.599 22610 22687 I VRI[MainActivity]@8e53a52: mWNT: t=0xb400007c8dc7e9d0 mBlastBufferQueue=0xb400007adda683b0 fn= 1057 HdrRenderState mRenderHdrSdrRatio=1.0 caller= android.view.SyncRtSurfaceTransactionApplier.applyTransaction:100 android.view.SyncRtSurfaceTransactionApplier.lambda$scheduleApply$0:73 android.view.SyncRtSurfaceTransactionApplier.$r8$lambda$afI4fXg3U3-nBZQEDQMiNy-B06s:0 
11-23 21:21:28.602 22610 22659 D DetoxWSClient: Received action 'invoke' (ID #61, params={"target":{"type":"Class","value":"com.wix.detox.espresso.EspressoDetox"},"method":"perform","args":[{"type":"Invocation","value":{"target":{"type":"Class","value":"com.wix.detox.espresso.DetoxMatcher"},"method":"matcherForTestId","args":["add-pantry-item-unit-picker",{"type":"boolean","value":false}]}},{"type":"Invocation","value":{"target":{"type":"Class","value":"androidx.test.espresso.action.ViewActions"},"method":"clearText","args":[]}}]})
11-23 21:21:28.603 22610 22655 I DetoxDispatcher: Handling action 'invoke' (ID #61)...
11-23 21:21:28.604 22610 22655 D Detox   : class com.wix.detox.espresso.DetoxMatcher, matcherForTestId, [add-pantry-item-unit-picker, false]
11-23 21:21:28.606 22610 22655 D Detox   : class androidx.test.espresso.action.ViewActions, clearText, []
11-23 21:21:28.608 22610 22655 D Detox   : class com.wix.detox.espresso.EspressoDetox, perform, [(view.getTag() is "add-pantry-item-unit-picker" and view has effective visibility <VISIBLE>), androidx.test.espresso.action.ReplaceTextAction@496005b]
11-23 21:21:28.625 22610 22688 I VRI[MainActivity]@8e53a52: mWNT: t=0xb400007c8dc44350 mBlastBufferQueue=0xb400007adda683b0 fn= 1058 HdrRenderState mRenderHdrSdrRatio=1.0 caller= android.view.SyncRtSurfaceTransactionApplier.applyTransaction:100 android.view.SyncRtSurfaceTransactionApplier.lambda$scheduleApply$0:73 android.view.SyncRtSurfaceTransactionApplier.$r8$lambda$afI4fXg3U3-nBZQEDQMiNy-B06s:0 
11-23 21:21:28.632 22610 22687 I VRI[MainActivity]@8e53a52: mWNT: t=0xb400007c8dc2f890 mBlastBufferQueue=0xb400007adda683b0 fn= 1059 HdrRenderState mRenderHdrSdrRatio=1.0 caller= android.view.SyncRtSurfaceTransactionApplier.applyTransaction:100 android.view.SyncRtSurfaceTransactionApplier.lambda$scheduleApply$0:73 android.view.SyncRtSurfaceTransactionApplier.$r8$lambda$afI4fXg3U3-nBZQEDQMiNy-B06s:0 
11-23 21:21:28.634 22610 22610 I ViewInteraction: Performing 'replace text()' action on view (view.getTag() is "add-pantry-item-unit-picker" and view has effective visibility <VISIBLE>)
11-23 21:21:28.642 22610 22655 I DetoxWSClient: Sending out action 'invokeResult' (ID #61)
11-23 21:21:28.643 22610 22655 I DetoxDispatcher: Done with action 'invoke'
11-23 21:21:28.650 22610 22659 D DetoxWSClient: Received action 'invoke' (ID #62, params={"target":{"type":"Class","value":"com.wix.detox.espresso.EspressoDetox"},"method":"perform","args":[{"type":"Invocation","value":{"target":{"type":"Class","value":"com.wix.detox.espresso.DetoxMatcher"},"method":"matcherForTestId","args":["add-pantry-item-unit-picker",{"type":"boolean","value":false}]}},{"type":"Invocation","value":{"target":{"type":"Class","value":"com.wix.detox.espresso.DetoxViewActions"},"method":"typeText","args":["ct"]}}]})
11-23 21:21:28.653 22610 22688 I VRI[MainActivity]@8e53a52: mWNT: t=0xb400007c8dc41410 mBlastBufferQueue=0xb400007adda683b0 fn= 1060 HdrRenderState mRenderHdrSdrRatio=1.0 caller= android.view.SyncRtSurfaceTransactionApplier.applyTransaction:100 android.view.SyncRtSurfaceTransactionApplier.lambda$scheduleApply$0:73 android.view.SyncRtSurfaceTransactionApplier.$r8$lambda$afI4fXg3U3-nBZQEDQMiNy-B06s:0 
11-23 21:21:28.653 22610 22655 I DetoxDispatcher: Handling action 'invoke' (ID #62)...
11-23 21:21:28.654 22610 22655 D Detox   : class com.wix.detox.espresso.DetoxMatcher, matcherForTestId, [add-pantry-item-unit-picker, false]
11-23 21:21:28.654 22610 22655 D Detox   : class com.wix.detox.espresso.DetoxViewActions, typeText, [ct]
11-23 21:21:28.655 22610 22655 D Detox   : class com.wix.detox.espresso.EspressoDetox, perform, [(view.getTag() is "add-pantry-item-unit-picker" and view has effective visibility <VISIBLE>), com.wix.detox.espresso.action.DetoxTypeTextAction@47a9c0e]
11-23 21:21:28.658 22610 22687 I VRI[MainActivity]@8e53a52: mWNT: t=0xb400007c8dc92f50 mBlastBufferQueue=0xb400007adda683b0 fn= 1061 HdrRenderState mRenderHdrSdrRatio=1.0 caller= android.view.SyncRtSurfaceTransactionApplier.applyTransaction:100 android.view.SyncRtSurfaceTransactionApplier.lambda$scheduleApply$0:73 android.view.SyncRtSurfaceTransactionApplier.$r8$lambda$afI4fXg3U3-nBZQEDQMiNy-B06s:0 
11-23 21:21:28.660 22610 22610 I ViewInteraction: Performing 'Click to focus & type text (ct)' action on view (view.getTag() is "add-pantry-item-unit-picker" and view has effective visibility <VISIBLE>)
11-23 21:21:28.675 22610 22688 I VRI[MainActivity]@8e53a52: mWNT: t=0xb400007c8dcb7990 mBlastBufferQueue=0xb400007adda683b0 fn= 1062 HdrRenderState mRenderHdrSdrRatio=1.0 caller= android.view.SyncRtSurfaceTransactionApplier.applyTransaction:100 android.view.SyncRtSurfaceTransactionApplier.lambda$scheduleApply$0:73 android.view.SyncRtSurfaceTransactionApplier.$r8$lambda$afI4fXg3U3-nBZQEDQMiNy-B06s:0 
11-23 21:21:28.677 22610 22610 I VRI[MainActivity]@8e53a52: ViewPostIme pointer 0
11-23 21:21:28.687 22610 22687 I VRI[MainActivity]@8e53a52: mWNT: t=0xb400007c8dcaa410 mBlastBufferQueue=0xb400007adda683b0 fn= 1063 HdrRenderState mRenderHdrSdrRatio=1.0 caller= android.view.SyncRtSurfaceTransactionApplier.applyTransaction:100 android.view.SyncRtSurfaceTransactionApplier.lambda$scheduleApply$0:73 android.view.SyncRtSurfaceTransactionApplier.$r8$lambda$afI4fXg3U3-nBZQEDQMiNy-B06s:0 
11-23 21:21:28.692 22610 22688 I VRI[MainActivity]@8e53a52: mWNT: t=0xb400007c8dc9b610 mBlastBufferQueue=0xb400007adda683b0 fn= 1064 HdrRenderState mRenderHdrSdrRatio=1.0 caller= android.view.SyncRtSurfaceTransactionApplier.applyTransaction:100 android.view.SyncRtSurfaceTransactionApplier.lambda$scheduleApply$0:73 android.view.SyncRtSurfaceTransactionApplier.$r8$lambda$afI4fXg3U3-nBZQEDQMiNy-B06s:0 
11-23 21:21:28.703 22610 22687 I VRI[MainActivity]@8e53a52: mWNT: t=0xb400007c8dc2bb50 mBlastBufferQueue=0xb400007adda683b0 fn= 1065 HdrRenderState mRenderHdrSdrRatio=1.0 caller= android.view.SyncRtSurfaceTransactionApplier.applyTransaction:100 android.view.SyncRtSurfaceTransactionApplier.lambda$scheduleApply$0:73 android.view.SyncRtSurfaceTransactionApplier.$r8$lambda$afI4fXg3U3-nBZQEDQMiNy-B06s:0 
11-23 21:21:28.707 22610 22610 I VRI[MainActivity]@8e53a52: ViewPostIme pointer 1
11-23 21:21:28.707 22610 22688 I VRI[MainActivity]@8e53a52: mWNT: t=0xb400007c8dc2ccd0 mBlastBufferQueue=0xb400007adda683b0 fn= 1066 HdrRenderState mRenderHdrSdrRatio=1.0 caller= android.view.SyncRtSurfaceTransactionApplier.applyTransaction:100 android.view.SyncRtSurfaceTransactionApplier.lambda$scheduleApply$0:73 android.view.SyncRtSurfaceTransactionApplier.$r8$lambda$afI4fXg3U3-nBZQEDQMiNy-B06s:0 
11-23 21:21:28.713 22610 22610 D InputMethodManagerUtils: startInputInner - Id : 0
11-23 21:21:28.713 22610 22610 I InputMethodManager: startInputInner - IInputMethodManagerGlobalInvoker.startInputOrWindowGainedFocus
11-23 21:21:28.716 22610 22610 I AutofillManager: showAutofillDialog() return false due to improve fill dialog
11-23 21:21:28.716 22610 22610 I InputMethodManager_LC: showSoftInput(View,I)
11-23 21:21:28.717 22610 22610 I ImeTracker: dev.souschef.app:f1397fe: onRequestShow at ORIGIN_CLIENT reason SHOW_SOFT_INPUT fromUser true
11-23 21:21:28.717 22610 22610 I InputMethodManager_LC: ssi(): flags=0 view=dev.souschef.app reason=SHOW_SOFT_INPUT
11-23 21:21:28.717 22610 22610 D InsetsController: show(ime(), fromIme=false)
11-23 21:21:28.720 22610 22610 D InsetsController: Setting requestedVisibleTypes to -1 (was -9)
11-23 21:21:28.720 22610 22610 I InsetsController: setRequestedVisibleTypes: visible=true, mask=ime, host=dev.souschef.app/dev.souschef.app.MainActivity, from=android.view.InsetsController.controlAnimationUnchecked:1604 android.view.InsetsController.applyAnimation:2416 android.view.InsetsController.applyAnimation:2343 android.view.InsetsController.show:1422 android.view.inputmethod.InputMethodManager.showSoftInput:2659 android.view.inputmethod.InputMethodManager.showSoftInput:2571 android.view.inputmethod.InputMethodManager.showSoftInput:2563 android.view.inputmethod.InputMethodManager.showSoftInput:2491 android.widget.TextView.onTouchEvent:14078 com.facebook.react.views.textinput.ReactEditText.onTouchEvent:323 
11-23 21:21:28.721 22610 22610 I ImeTracker: dev.souschef.app:2acd3aac: onCancelled at PHASE_CLIENT_ANIMATION_CANCEL
11-23 21:21:28.721 22610 23140 D InputTransport: Input channel constructed: 'ClientS', fd=201
11-23 21:21:28.721 22610 22610 I InsetsController: cancelAnimation: types=ime, animType=1, host=dev.souschef.app/dev.souschef.app.MainActivity, from=android.view.InsetsController.cancelExistingControllers:1974 android.view.InsetsController.controlAnimationUncheckedInner:1773 android.view.InsetsController.controlAnimationUnchecked:1608 
11-23 21:21:28.722 22610 22610 I InsetsController: controlAnimationUncheckedInner: Added types=ime, animType=0, host=dev.souschef.app/dev.souschef.app.MainActivity, from=android.view.InsetsController.controlAnimationUnchecked:1608 android.view.InsetsController.applyAnimation:2416 android.view.InsetsController.applyAnimation:2343 
11-23 21:21:28.725 22610 22610 I BLASTBufferQueue_Java: update, w= 1440 h= 3088 mName = VRI[MainActivity]@8e53a52 mNativeObject= 0xb400007adda683b0 sc.mNativeObject= 0xb400007b7da38150 format= -1 caller= android.view.ViewRootImpl.updateBlastSurfaceIfNeeded:3574 android.view.ViewRootImpl.relayoutWindow:11685 android.view.ViewRootImpl.performTraversals:4804 android.view.ViewRootImpl.doTraversal:3924 android.view.ViewRootImpl$TraversalRunnable.run:12903 android.view.Choreographer$CallbackRecord.run:1901 
11-23 21:21:28.725 22610 22610 I VRI[MainActivity]@8e53a52: Relayout returned: old=(0,0,1440,3088) new=(0,0,1440,3088) relayoutAsync=true req=(1440,3088)0 dur=0 res=0x0 s={true 0xb400007beda54050} ch=false seqId=0
11-23 21:21:28.729 22610 22610 I VRI[MainActivity]@8e53a52: registerCallbackForPendingTransactions
11-23 21:21:28.733 22610 22687 I VRI[MainActivity]@8e53a52: mWNT: t=0xb400007c8dce8990 mBlastBufferQueue=0xb400007adda683b0 fn= 1067 HdrRenderState mRenderHdrSdrRatio=1.0 caller= android.view.SyncRtSurfaceTransactionApplier.applyTransaction:100 android.view.SyncRtSurfaceTransactionApplier.lambda$scheduleApply$0:73 android.view.SyncRtSurfaceTransactionApplier.$r8$lambda$afI4fXg3U3-nBZQEDQMiNy-B06s:0 
11-23 21:21:28.733 22610 22687 I VRI[MainActivity]@8e53a52: mWNT: t=0xb400007c8dcc0c90 mBlastBufferQueue=0xb400007adda683b0 fn= 1067 HdrRenderState mRenderHdrSdrRatio=1.0 caller= android.view.SyncRtSurfaceTransactionApplier.applyTransaction:100 android.view.SyncRtSurfaceTransactionApplier.lambda$scheduleApply$0:73 android.view.SyncRtSurfaceTransactionApplier.$r8$lambda$afI4fXg3U3-nBZQEDQMiNy-B06s:0 
11-23 21:21:28.733 22610 22687 I VRI[MainActivity]@8e53a52: mWNT: t=0xb400007c8dcce050 mBlastBufferQueue=0xb400007adda683b0 fn= 1067 HdrRenderState mRenderHdrSdrRatio=1.0 caller= android.view.ViewRootImpl$10.onFrameDraw:6536 android.view.ViewRootImpl$4.onFrameDraw:2489 android.view.ThreadedRenderer$1.onFrameDraw:718 
11-23 21:21:28.735 22610 22610 I InputMethodManager_LC: showSoftInput(View,I)
11-23 21:21:28.736 22610 22610 I ImeTracker: dev.souschef.app:3c2a9608: onRequestShow at ORIGIN_CLIENT reason SHOW_SOFT_INPUT fromUser false
11-23 21:21:28.736 22610 22610 I InputMethodManager_LC: ssi(): flags=0 view=dev.souschef.app reason=SHOW_SOFT_INPUT
11-23 21:21:28.736 22610 22610 D InsetsController: show(ime(), fromIme=false)
11-23 21:21:28.737 22610 22610 I ImeTracker: dev.souschef.app:3c2a9608: onCancelled at PHASE_CLIENT_APPLY_ANIMATION
11-23 21:21:28.741 22610 22610 W WindowOnBackDispatcher: sendCancelIfRunning: isInProgress=false callback=android.view.ImeBackAnimationController@94ca524
11-23 21:21:28.742 22610 22688 I VRI[MainActivity]@8e53a52: mWNT: t=0xb400007c8dc29310 mBlastBufferQueue=0xb400007adda683b0 fn= 1068 HdrRenderState mRenderHdrSdrRatio=1.0 caller= android.view.SyncRtSurfaceTransactionApplier.applyTransaction:100 android.view.SyncRtSurfaceTransactionApplier.lambda$scheduleApply$0:73 android.view.SyncRtSurfaceTransactionApplier.$r8$lambda$afI4fXg3U3-nBZQEDQMiNy-B06s:0 
11-23 21:21:28.756 22610 22687 I VRI[MainActivity]@8e53a52: mWNT: t=0xb400007c8dc67510 mBlastBufferQueue=0xb400007adda683b0 fn= 1069 HdrRenderState mRenderHdrSdrRatio=1.0 caller= android.view.SyncRtSurfaceTransactionApplier.applyTransaction:100 android.view.SyncRtSurfaceTransactionApplier.lambda$scheduleApply$0:73 android.view.SyncRtSurfaceTransactionApplier.$r8$lambda$afI4fXg3U3-nBZQEDQMiNy-B06s:0 
11-23 21:21:28.764 22610 22688 I VRI[MainActivity]@8e53a52: mWNT: t=0xb400007c8dc2a490 mBlastBufferQueue=0xb400007adda683b0 fn= 1070 HdrRenderState mRenderHdrSdrRatio=1.0 caller= android.view.SyncRtSurfaceTransactionApplier.applyTransaction:100 android.view.SyncRtSurfaceTransactionApplier.lambda$scheduleApply$0:73 android.view.SyncRtSurfaceTransactionApplier.$r8$lambda$afI4fXg3U3-nBZQEDQMiNy-B06s:0 
11-23 21:21:28.773 22610 22687 I VRI[MainActivity]@8e53a52: mWNT: t=0xb400007c8dc28890 mBlastBufferQueue=0xb400007adda683b0 fn= 1071 HdrRenderState mRenderHdrSdrRatio=1.0 caller= android.view.SyncRtSurfaceTransactionApplier.applyTransaction:100 android.view.SyncRtSurfaceTransactionApplier.lambda$scheduleApply$0:73 android.view.SyncRtSurfaceTransactionApplier.$r8$lambda$afI4fXg3U3-nBZQEDQMiNy-B06s:0 
11-23 21:21:28.789 22610 22688 I VRI[MainActivity]@8e53a52: mWNT: t=0xb400007c8dd1f810 mBlastBufferQueue=0xb400007adda683b0 fn= 1072 HdrRenderState mRenderHdrSdrRatio=1.0 caller= android.view.SyncRtSurfaceTransactionApplier.applyTransaction:100 android.view.SyncRtSurfaceTransactionApplier.lambda$scheduleApply$0:73 android.view.SyncRtSurfaceTransactionApplier.$r8$lambda$afI4fXg3U3-nBZQEDQMiNy-B06s:0 
11-23 21:21:28.797 22610 22687 I VRI[MainActivity]@8e53a52: mWNT: t=0xb400007c8dc96ad0 mBlastBufferQueue=0xb400007adda683b0 fn= 1073 HdrRenderState mRenderHdrSdrRatio=1.0 caller= android.view.SyncRtSurfaceTransactionApplier.applyTransaction:100 android.view.SyncRtSurfaceTransactionApplier.lambda$scheduleApply$0:73 android.view.SyncRtSurfaceTransactionApplier.$r8$lambda$afI4fXg3U3-nBZQEDQMiNy-B06s:0 
11-23 21:21:28.812 22610 22610 I InsetsController: onStateChanged: host=dev.souschef.app/dev.souschef.app.MainActivity, from=android.view.ViewRootImpl.onInsetsStateChanged:3026, state=InsetsState: {mDisplayFrame=Rect(0, 0 - 1440, 3088), mDisplayCutout=DisplayCutout{insets=Rect(0, 100 - 0, 0) waterfall=Insets{left=0, top=0, right=0, bottom=0} boundingRect={Bounds=[Rect(0, 0 - 0, 0), Rect(683, 0 - 758, 100), Rect(0, 0 - 0, 0), Rect(0, 0 - 0, 0)]} cutoutPathParserInfo={CutoutPathParserInfo{displayWidth=1440 displayHeight=3088 physicalDisplayWidth=1440 physicalDisplayHeight=3088 density={3.75} cutoutSpec={M 0,0 H -10 V 26.66666666666667 H 10 V 0 H 0 Z @dp} rotation={0} scale={1.0} physicalPixelDisplaySizeRatio={1.0}}} sideOverrides={}}, mRoundedCorners=RoundedCorners{[RoundedCorner{position=TopLeft, radius=15, center=Point(15, 15)}, RoundedCorner{position=TopRight, radius=15, center=Point(1425, 15)}, RoundedCorner{position=BottomRight, radius=15, center=Point(1425, 3073)}, RoundedCorner{position=BottomLeft, radius=15, center=Point(15, 3073)}]}  mRoundedCornerFrame=Rect(0, 0 - 1440, 3088), mPrivacyIndicatorBounds=PrivacyIndicatorBounds {static bounds=Rect(1275, 0 - 1440, 100) rotation=0}, mDisplayShape=DisplayShape{ spec=-311912193 displayWidth=1440 displayHeight=3088 physicalPixelDisplaySizeRatio=1.0 rotation=0 offsetX=0 offsetY=0 scale=1.0}, mSources= { InsetsSource: {b11d0001 mType=navigationBars mFrame=[0,3032][1440,3088] mVisible=true mFlags=SUPPRESS_SCRIM mSideHint=BOTTOM mBoundingRects=null}, InsetsSource: {b11d0004 mType=systemGestures mFrame=[0,0][84,3088] mVisible=true mFlags= mSideHint=LEFT mBoundingRects=null}, InsetsSource: {b11d0005 mType=mandatorySystemGestures mFrame=[0,2968][1440,3088] mVisible=true mFlags= mSideHint=BOTTOM mBoundingRects=null}, InsetsSource: {b11d0006 mType=tappableElement mFrame=[0,0][0,0] mVisible=true mFlags= mSideHint=NONE mBoundingRects=null}, InsetsSource: {b11d0024 mType=systemGestures mFrame=[1356,0][1440,3088] mVisible=true mFlags= mSideHint=RIGHT mBoundingRects=null}, InsetsSource: {ecac0000 mType=statusBars mFrame=[0,0][1440,100] mVisible=true mFlags= mSideHint=TOP mBoundingRects=null}, InsetsSource: {ecac0005 mType=mandatorySystemGestures mFrame=[0,0][1440,145] mVisible=true mFlags= mSideHint=TOP mBoundingRects=null}, InsetsSource: {ecac0006 mType=tappableElement mFrame=[0,0][1440,100] mVisible=true mFlags= mSideHint=TOP mBoundingRects=null}, InsetsSource: {3 mType=ime mFrame=[0,2076][1440,3088] mVisible=true mFlags= mSideHint=BOTTOM mBoundingRects=null}, InsetsSource: {27 mType=displayCutout mFrame=[0,0][1440,100] mVisible=true mFlags= mSideHint=TOP mBoundingRects=null} }
11-23 21:21:28.813 22610 22610 I VRI[MainActivity]@8e53a52: handleResized, frames=ClientWindowFrames{frame=[0,0][1440,3088] display=[0,0][1440,3088] parentFrame=[0,0][0,0]} displayId=0 dragResizing=false compatScale=1.0 frameChanged=false attachedFrameChanged=false configChanged=false displayChanged=false compatScaleChanged=false dragResizingChanged=false
11-23 21:21:28.815 22610 22688 I VRI[MainActivity]@8e53a52: mWNT: t=0xb400007c8dca3cd0 mBlastBufferQueue=0xb400007adda683b0 fn= 1074 HdrRenderState mRenderHdrSdrRatio=1.0 caller= android.view.SyncRtSurfaceTransactionApplier.applyTransaction:100 android.view.SyncRtSurfaceTransactionApplier.lambda$scheduleApply$0:73 android.view.SyncRtSurfaceTransactionApplier.$r8$lambda$afI4fXg3U3-nBZQEDQMiNy-B06s:0 
11-23 21:21:28.831 22610 22687 I VRI[MainActivity]@8e53a52: mWNT: t=0xb400007c8dcd5910 mBlastBufferQueue=0xb400007adda683b0 fn= 1075 HdrRenderState mRenderHdrSdrRatio=1.0 caller= android.view.SyncRtSurfaceTransactionApplier.applyTransaction:100 android.view.SyncRtSurfaceTransactionApplier.lambda$scheduleApply$0:73 android.view.SyncRtSurfaceTransactionApplier.$r8$lambda$afI4fXg3U3-nBZQEDQMiNy-B06s:0 
11-23 21:21:28.841 22610 22688 I VRI[MainActivity]@8e53a52: mWNT: t=0xb400007c8dc2cb10 mBlastBufferQueue=0xb400007adda683b0 fn= 1076 HdrRenderState mRenderHdrSdrRatio=1.0 caller= android.view.SyncRtSurfaceTransactionApplier.applyTransaction:100 android.view.SyncRtSurfaceTransactionApplier.lambda$scheduleApply$0:73 android.view.SyncRtSurfaceTransactionApplier.$r8$lambda$afI4fXg3U3-nBZQEDQMiNy-B06s:0 
11-23 21:21:28.857 22610 22687 I VRI[MainActivity]@8e53a52: mWNT: t=0xb400007c8dc9c790 mBlastBufferQueue=0xb400007adda683b0 fn= 1077 HdrRenderState mRenderHdrSdrRatio=1.0 caller= android.view.SyncRtSurfaceTransactionApplier.applyTransaction:100 android.view.SyncRtSurfaceTransactionApplier.lambda$scheduleApply$0:73 android.view.SyncRtSurfaceTransactionApplier.$r8$lambda$afI4fXg3U3-nBZQEDQMiNy-B06s:0 
11-23 21:21:28.875 22610 22688 I VRI[MainActivity]@8e53a52: mWNT: t=0xb400007c8dc40290 mBlastBufferQueue=0xb400007adda683b0 fn= 1078 HdrRenderState mRenderHdrSdrRatio=1.0 caller= android.view.SyncRtSurfaceTransactionApplier.applyTransaction:100 android.view.SyncRtSurfaceTransactionApplier.lambda$scheduleApply$0:73 android.view.SyncRtSurfaceTransactionApplier.$r8$lambda$afI4fXg3U3-nBZQEDQMiNy-B06s:0 
11-23 21:21:28.892 22610 22687 I VRI[MainActivity]@8e53a52: mWNT: t=0xb400007c8dc7ac90 mBlastBufferQueue=0xb400007adda683b0 fn= 1079 HdrRenderState mRenderHdrSdrRatio=1.0 caller= android.view.SyncRtSurfaceTransactionApplier.applyTransaction:100 android.view.SyncRtSurfaceTransactionApplier.lambda$scheduleApply$0:73 android.view.SyncRtSurfaceTransactionApplier.$r8$lambda$afI4fXg3U3-nBZQEDQMiNy-B06s:0 
11-23 21:21:28.912 22610 22688 I VRI[MainActivity]@8e53a52: mWNT: t=0xb400007c8dc97c50 mBlastBufferQueue=0xb400007adda683b0 fn= 1080 HdrRenderState mRenderHdrSdrRatio=1.0 caller= android.view.SyncRtSurfaceTransactionApplier.applyTransaction:100 android.view.SyncRtSurfaceTransactionApplier.lambda$scheduleApply$0:73 android.view.SyncRtSurfaceTransactionApplier.$r8$lambda$afI4fXg3U3-nBZQEDQMiNy-B06s:0 
11-23 21:21:28.928 22610 22687 I VRI[MainActivity]@8e53a52: mWNT: t=0xb400007c8dc7bfd0 mBlastBufferQueue=0xb400007adda683b0 fn= 1081 HdrRenderState mRenderHdrSdrRatio=1.0 caller= android.view.SyncRtSurfaceTransactionApplier.applyTransaction:100 android.view.SyncRtSurfaceTransactionApplier.lambda$scheduleApply$0:73 android.view.SyncRtSurfaceTransactionApplier.$r8$lambda$afI4fXg3U3-nBZQEDQMiNy-B06s:0 
11-23 21:21:28.945 22610 22688 I VRI[MainActivity]@8e53a52: mWNT: t=0xb400007c8dc7cf90 mBlastBufferQueue=0xb400007adda683b0 fn= 1082 HdrRenderState mRenderHdrSdrRatio=1.0 caller= android.view.SyncRtSurfaceTransactionApplier.applyTransaction:100 android.view.SyncRtSurfaceTransactionApplier.lambda$scheduleApply$0:73 android.view.SyncRtSurfaceTransactionApplier.$r8$lambda$afI4fXg3U3-nBZQEDQMiNy-B06s:0 
11-23 21:21:28.962 22610 22687 I VRI[MainActivity]@8e53a52: mWNT: t=0xb400007c8dc75a50 mBlastBufferQueue=0xb400007adda683b0 fn= 1083 HdrRenderState mRenderHdrSdrRatio=1.0 caller= android.view.SyncRtSurfaceTransactionApplier.applyTransaction:100 android.view.SyncRtSurfaceTransactionApplier.lambda$scheduleApply$0:73 android.view.SyncRtSurfaceTransactionApplier.$r8$lambda$afI4fXg3U3-nBZQEDQMiNy-B06s:0 
11-23 21:21:28.980 22610 22688 I VRI[MainActivity]@8e53a52: mWNT: t=0xb400007c8dccc610 mBlastBufferQueue=0xb400007adda683b0 fn= 1084 HdrRenderState mRenderHdrSdrRatio=1.0 caller= android.view.SyncRtSurfaceTransactionApplier.applyTransaction:100 android.view.SyncRtSurfaceTransactionApplier.lambda$scheduleApply$0:73 android.view.SyncRtSurfaceTransactionApplier.$r8$lambda$afI4fXg3U3-nBZQEDQMiNy-B06s:0 
11-23 21:21:28.998 22610 22687 I VRI[MainActivity]@8e53a52: mWNT: t=0xb400007c8dc6a7d0 mBlastBufferQueue=0xb400007adda683b0 fn= 1085 HdrRenderState mRenderHdrSdrRatio=1.0 caller= android.view.SyncRtSurfaceTransactionApplier.applyTransaction:100 android.view.SyncRtSurfaceTransactionApplier.lambda$scheduleApply$0:73 android.view.SyncRtSurfaceTransactionApplier.$r8$lambda$afI4fXg3U3-nBZQEDQMiNy-B06s:0 
11-23 21:21:29.013 22610 22688 I VRI[MainActivity]@8e53a52: mWNT: t=0xb400007c8dd223d0 mBlastBufferQueue=0xb400007adda683b0 fn= 1086 HdrRenderState mRenderHdrSdrRatio=1.0 caller= android.view.SyncRtSurfaceTransactionApplier.applyTransaction:100 android.view.SyncRtSurfaceTransactionApplier.lambda$scheduleApply$0:73 android.view.SyncRtSurfaceTransactionApplier.$r8$lambda$afI4fXg3U3-nBZQEDQMiNy-B06s:0 
11-23 21:21:29.031 22610 22687 I VRI[MainActivity]@8e53a52: mWNT: t=0xb400007c8dc9af10 mBlastBufferQueue=0xb400007adda683b0 fn= 1087 HdrRenderState mRenderHdrSdrRatio=1.0 caller= android.view.SyncRtSurfaceTransactionApplier.applyTransaction:100 android.view.SyncRtSurfaceTransactionApplier.lambda$scheduleApply$0:73 android.view.SyncRtSurfaceTransactionApplier.$r8$lambda$afI4fXg3U3-nBZQEDQMiNy-B06s:0 
11-23 21:21:29.047 22610 22688 I VRI[MainActivity]@8e53a52: mWNT: t=0xb400007c8dc4c690 mBlastBufferQueue=0xb400007adda683b0 fn= 1088 HdrRenderState mRenderHdrSdrRatio=1.0 caller= android.view.SyncRtSurfaceTransactionApplier.applyTransaction:100 android.view.SyncRtSurfaceTransactionApplier.lambda$scheduleApply$0:73 android.view.SyncRtSurfaceTransactionApplier.$r8$lambda$afI4fXg3U3-nBZQEDQMiNy-B06s:0 
11-23 21:21:29.058 22610 22687 I VRI[MainActivity]@8e53a52: mWNT: t=0xb400007c8dca5fd0 mBlastBufferQueue=0xb400007adda683b0 fn= 1089 HdrRenderState mRenderHdrSdrRatio=1.0 caller= android.view.SyncRtSurfaceTransactionApplier.applyTransaction:100 android.view.SyncRtSurfaceTransactionApplier.lambda$scheduleApply$0:73 android.view.SyncRtSurfaceTransactionApplier.$r8$lambda$afI4fXg3U3-nBZQEDQMiNy-B06s:0 
11-23 21:21:29.070 22610 22688 I VRI[MainActivity]@8e53a52: mWNT: t=0xb400007c8dc9d590 mBlastBufferQueue=0xb400007adda683b0 fn= 1090 HdrRenderState mRenderHdrSdrRatio=1.0 caller= android.view.SyncRtSurfaceTransactionApplier.applyTransaction:100 android.view.SyncRtSurfaceTransactionApplier.lambda$scheduleApply$0:73 android.view.SyncRtSurfaceTransactionApplier.$r8$lambda$afI4fXg3U3-nBZQEDQMiNy-B06s:0 
11-23 21:21:29.083 22610 22687 I VRI[MainActivity]@8e53a52: mWNT: t=0xb400007c8dccde90 mBlastBufferQueue=0xb400007adda683b0 fn= 1091 HdrRenderState mRenderHdrSdrRatio=1.0 caller= android.view.SyncRtSurfaceTransactionApplier.applyTransaction:100 android.view.SyncRtSurfaceTransactionApplier.lambda$scheduleApply$0:73 android.view.SyncRtSurfaceTransactionApplier.$r8$lambda$afI4fXg3U3-nBZQEDQMiNy-B06s:0 
11-23 21:21:29.084 22610 22610 I InsetsController: cancelAnimation: types=ime, animType=0, host=dev.souschef.app/dev.souschef.app.MainActivity, from=android.view.InsetsController.notifyFinished:2006 android.view.InsetsAnimationControlImpl.applyChangeInsets:335 android.view.InsetsController.lambda$new$3:957 
11-23 21:21:29.084 22610 22610 I ImeTracker: dev.souschef.app:f1397fe: onShown
11-23 21:21:29.088 22610 22610 I BLASTBufferQueue_Java: update, w= 1440 h= 3088 mName = VRI[MainActivity]@8e53a52 mNativeObject= 0xb400007adda683b0 sc.mNativeObject= 0xb400007b7da38150 format= -1 caller= android.view.ViewRootImpl.updateBlastSurfaceIfNeeded:3574 android.view.ViewRootImpl.relayoutWindow:11685 android.view.ViewRootImpl.performTraversals:4804 android.view.ViewRootImpl.doTraversal:3924 android.view.ViewRootImpl$TraversalRunnable.run:12903 android.view.Choreographer$CallbackRecord.run:1901 
11-23 21:21:29.088 22610 22610 I VRI[MainActivity]@8e53a52: Relayout returned: old=(0,0,1440,3088) new=(0,0,1440,3088) relayoutAsync=true req=(1440,3088)0 dur=0 res=0x0 s={true 0xb400007beda54050} ch=false seqId=0
11-23 21:21:29.092 22610 22610 I VRI[MainActivity]@8e53a52: registerCallbackForPendingTransactions
11-23 21:21:29.093 22610 22688 I VRI[MainActivity]@8e53a52: mWNT: t=0xb400007c8dc9a2d0 mBlastBufferQueue=0xb400007adda683b0 fn= 1092 HdrRenderState mRenderHdrSdrRatio=1.0 caller= android.view.SyncRtSurfaceTransactionApplier.applyTransaction:100 android.view.SyncRtSurfaceTransactionApplier.lambda$scheduleApply$0:73 android.view.SyncRtSurfaceTransactionApplier.$r8$lambda$afI4fXg3U3-nBZQEDQMiNy-B06s:0 
11-23 21:21:29.093 22610 22688 I VRI[MainActivity]@8e53a52: mWNT: t=0xb400007c8dc29310 mBlastBufferQueue=0xb400007adda683b0 fn= 1092 HdrRenderState mRenderHdrSdrRatio=1.0 caller= android.view.ViewRootImpl$10.onFrameDraw:6536 android.view.ViewRootImpl$4.onFrameDraw:2489 android.view.ThreadedRenderer$1.onFrameDraw:718 
11-23 21:21:29.159 22610 22610 D UiControllerImpl: Injecting string: "ct"
11-23 21:21:29.173 22610 22610 I VRI[MainActivity]@8e53a52: The input has been finished in ImeInputStage.
11-23 21:21:29.195 22610 22610 I VRI[MainActivity]@8e53a52: ViewPostIme key 1
11-23 21:21:29.202 22610 22610 I VRI[MainActivity]@8e53a52: The input has been finished in ImeInputStage.
11-23 21:21:29.226 22610 22610 I VRI[MainActivity]@8e53a52: ViewPostIme key 1
11-23 21:21:29.229 22610 22655 I DetoxWSClient: Sending out action 'invokeResult' (ID #62)
11-23 21:21:29.230 22610 22655 I DetoxDispatcher: Done with action 'invoke'
11-23 21:21:29.234 22610 22659 D DetoxWSClient: Received action 'invoke' (ID #63, params={"target":{"type":"Class","value":"com.wix.detox.espresso.EspressoDetox"},"method":"perform","args":[{"type":"Invocation","value":{"target":{"type":"Class","value":"com.wix.detox.espresso.DetoxMatcher"},"method":"matcherForTestId","args":["add-pantry-item-unit-picker",{"type":"boolean","value":false}]}},{"type":"Invocation","value":{"target":{"type":"Class","value":"com.wix.detox.espresso.DetoxViewActions"},"method":"typeText","args":["\n"]}}]})
11-23 21:21:29.235 22610 22655 I DetoxDispatcher: Handling action 'invoke' (ID #63)...
11-23 21:21:29.235 22610 22655 D Detox   : class com.wix.detox.espresso.DetoxMatcher, matcherForTestId, [add-pantry-item-unit-picker, false]
11-23 21:21:29.236 22610 22655 D Detox   : class com.wix.detox.espresso.DetoxViewActions, typeText, [
11-23 21:21:29.236 22610 22655 D Detox   : ]
11-23 21:21:29.236 22610 22655 D Detox   : class com.wix.detox.espresso.EspressoDetox, perform, [(view.getTag() is "add-pantry-item-unit-picker" and view has effective visibility <VISIBLE>), com.wix.detox.espresso.action.DetoxTypeTextAction@6e9b4b1]
11-23 21:21:29.240 22610 22610 I ViewInteraction: Performing 'Click to focus & type text (
11-23 21:21:29.240 22610 22610 I ViewInteraction: )' action on view (view.getTag() is "add-pantry-item-unit-picker" and view has effective visibility <VISIBLE>)
11-23 21:21:29.260 22610 22610 I VRI[MainActivity]@8e53a52: ViewPostIme pointer 0
11-23 21:21:29.278 22610 22610 I VRI[MainActivity]@8e53a52: ViewPostIme pointer 1
11-23 21:21:29.282 22610 22610 I AutofillManager: showAutofillDialog() return false due to improve fill dialog
11-23 21:21:29.282 22610 22610 I InputMethodManager_LC: showSoftInput(View,I)
11-23 21:21:29.283 22610 22610 I ImeTracker: dev.souschef.app:432c2a1a: onRequestShow at ORIGIN_CLIENT reason SHOW_SOFT_INPUT fromUser true
11-23 21:21:29.283 22610 22610 I InputMethodManager_LC: ssi(): flags=0 view=dev.souschef.app reason=SHOW_SOFT_INPUT
11-23 21:21:29.283 22610 22610 D InsetsController: show(ime(), fromIme=false)
11-23 21:21:29.283 22610 22610 I ImeTracker: dev.souschef.app:432c2a1a: onCancelled at PHASE_CLIENT_APPLY_ANIMATION
11-23 21:21:29.371 22610 22610 I WindowManager: WindowManagerGlobal#addView, ty=1002, view=android.widget.PopupWindow$PopupDecorView{304a1b6 V.E...... R.....I. 0,0-0,0}, caller=android.view.WindowManagerImpl.addView:158 android.widget.PopupWindow.invokePopup:1692 android.widget.PopupWindow.showAtLocation:1418 
11-23 21:21:29.371 22610 22610 D ViewRootImpl: desktopMode is false
11-23 21:21:29.372 22610 22610 I ViewRootImpl: dVRR is disabled
11-23 21:21:29.373 22610 22671 D NativeCustomFrequencyManager: [NativeCFMS] BpCustomFrequencyManager::BpCustomFrequencyManager()
11-23 21:21:29.381 22610 22610 D InputTransport: Input channel constructed: 'fef6c54', fd=216
11-23 21:21:29.382 22610 22610 I InsetsController: onStateChanged: host=PopupWindow:e438551, from=android.view.ViewRootImpl.onInsetsStateChanged:3026, state=InsetsState: {mDisplayFrame=Rect(0, 0 - 1440, 3088), mDisplayCutout=DisplayCutout{insets=Rect(0, 100 - 0, 0) waterfall=Insets{left=0, top=0, right=0, bottom=0} boundingRect={Bounds=[Rect(0, 0 - 0, 0), Rect(683, 0 - 758, 100), Rect(0, 0 - 0, 0), Rect(0, 0 - 0, 0)]} cutoutPathParserInfo={CutoutPathParserInfo{displayWidth=1440 displayHeight=3088 physicalDisplayWidth=1440 physicalDisplayHeight=3088 density={3.75} cutoutSpec={M 0,0 H -10 V 26.66666666666667 H 10 V 0 H 0 Z @dp} rotation={0} scale={1.0} physicalPixelDisplaySizeRatio={1.0}}} sideOverrides={}}, mRoundedCorners=RoundedCorners{[RoundedCorner{position=TopLeft, radius=15, center=Point(15, 15)}, RoundedCorner{position=TopRight, radius=15, center=Point(1425, 15)}, RoundedCorner{position=BottomRight, radius=15, center=Point(1425, 3073)}, RoundedCorner{position=BottomLeft, radius=15, center=Point(15, 3073)}]}  mRoundedCornerFrame=Rect(0, 0 - 1440, 3088), mPrivacyIndicatorBounds=PrivacyIndicatorBounds {static bounds=Rect(1275, 0 - 1440, 100) rotation=0}, mDisplayShape=DisplayShape{ spec=-311912193 displayWidth=1440 displayHeight=3088 physicalPixelDisplaySizeRatio=1.0 rotation=0 offsetX=0 offsetY=0 scale=1.0}, mSources= { InsetsSource: {b11d0001 mType=navigationBars mFrame=[0,3032][1440,3088] mVisible=true mFlags=SUPPRESS_SCRIM mSideHint=BOTTOM mBoundingRects=null}, InsetsSource: {b11d0004 mType=systemGestures mFrame=[0,0][84,3088] mVisible=true mFlags= mSideHint=LEFT mBoundingRects=null}, InsetsSource: {b11d0005 mType=mandatorySystemGestures mFrame=[0,2968][1440,3088] mVisible=true mFlags= mSideHint=BOTTOM mBoundingRects=null}, InsetsSource: {b11d0006 mType=tappableElement mFrame=[0,0][0,0] mVisible=true mFlags= mSideHint=NONE mBoundingRects=null}, InsetsSource: {b11d0024 mType=systemGestures mFrame=[1356,0][1440,3088] mVisible=true mFlags= mSideHint=RIGHT mBoundingRects=null}, InsetsSource: {ecac0000 mType=statusBars mFrame=[0,0][1440,100] mVisible=true mFlags= mSideHint=TOP mBoundingRects=null}, InsetsSource: {ecac0005 mType=mandatorySystemGestures mFrame=[0,0][1440,145] mVisible=true mFlags= mSideHint=TOP mBoundingRects=null}, InsetsSource: {ecac0006 mType=tappableElement mFrame=[0,0][1440,100] mVisible=true mFlags= mSideHint=TOP mBoundingRects=null}, InsetsSource: {27 mType=displayCutout mFrame=[0,0][1440,100] mVisible=true mFlags= mSideHint=TOP mBoundingRects=null} }
11-23 21:21:29.382 22610 22610 I VRI[PopupWindow:e438551]@b027eb7: synced displayState. AttachInfo displayState=2
11-23 21:21:29.386 22610 22610 I VRI[PopupWindow:e438551]@b027eb7: setView = android.widget.PopupWindow$PopupDecorView@304a1b6 IsHRR=false mFlingFrameRateChange=0 TM=true
11-23 21:21:29.436 22610 22610 W libc    : Access denied finding property "vendor.display.enable_optimal_refresh_rate"
11-23 21:21:29.437 22610 22610 I BufferQueueProducer: [](id:585200000008,api:0,p:500029872,c:22610) setDequeueTimeout:2077252342
11-23 21:21:29.438 22610 22610 I BLASTBufferQueue_Java: new BLASTBufferQueue, mName= VRI[PopupWindow:e438551]@b027eb7 mNativeObject= 0xb400007ade087540 caller= android.view.ViewRootImpl.updateBlastSurfaceIfNeeded:3585 android.view.ViewRootImpl.relayoutWindow:11685 android.view.ViewRootImpl.performTraversals:4804 android.view.ViewRootImpl.doTraversal:3924 android.view.ViewRootImpl$TraversalRunnable.run:12903 android.view.Choreographer$CallbackRecord.run:1901 android.view.Choreographer$CallbackRecord.run:1910 android.view.Choreographer.doCallbacks:1367 android.view.Choreographer.doFrame:1292 android.view.Choreographer$FrameDisplayEventReceiver.run:1870 
11-23 21:21:29.438 22610 22610 I BLASTBufferQueue_Java: update, w= 113 h= 135 mName = VRI[PopupWindow:e438551]@b027eb7 mNativeObject= 0xb400007ade087540 sc.mNativeObject= 0xb400007b7dabd950 format= -3 caller= android.view.ViewRootImpl.updateBlastSurfaceIfNeeded:3590 android.view.ViewRootImpl.relayoutWindow:11685 android.view.ViewRootImpl.performTraversals:4804 android.view.ViewRootImpl.doTraversal:3924 android.view.ViewRootImpl$TraversalRunnable.run:12903 android.view.Choreographer$CallbackRecord.run:1901 
11-23 21:21:29.439 22610 22610 W libc    : Access denied finding property "vendor.display.enable_optimal_refresh_rate"
11-23 21:21:29.439 22610 22610 I VRI[PopupWindow:e438551]@b027eb7: Relayout returned: old=(106,1980,219,2115) new=(106,1980,219,2115) relayoutAsync=false req=(113,135)0 dur=8 res=0x3 s={true 0xb400007bedd30490} ch=true seqId=0
11-23 21:21:29.440 22610 22610 I VRI[PopupWindow:e438551]@b027eb7: performConfigurationChange setNightDimText nightDimLevel=0
11-23 21:21:29.441 22610 22610 D VRI[PopupWindow:e438551]@b027eb7: mThreadedRenderer.initialize() mSurface={isValid=true 0xb400007bedd30490} hwInitialized=true
11-23 21:21:29.443 22610 22610 D VRI[PopupWindow:e438551]@b027eb7: reportNextDraw android.view.ViewRootImpl.performTraversals:5443 android.view.ViewRootImpl.doTraversal:3924 android.view.ViewRootImpl$TraversalRunnable.run:12903 android.view.Choreographer$CallbackRecord.run:1901 android.view.Choreographer$CallbackRecord.run:1910 
11-23 21:21:29.443 22610 22610 D VRI[PopupWindow:e438551]@b027eb7: Setup new sync=wmsSync-VRI[PopupWindow:e438551]@b027eb7#26
11-23 21:21:29.443 22610 22610 I VRI[PopupWindow:e438551]@b027eb7: Creating new active sync group VRI[PopupWindow:e438551]@b027eb7#27
11-23 21:21:29.444 22610 22610 D VRI[PopupWindow:e438551]@b027eb7: registerCallbacksForSync syncBuffer=false
11-23 21:21:29.447 22610 22687 D VRI[PopupWindow:e438551]@b027eb7: Received frameDrawingCallback syncResult=0 frameNum=1.
11-23 21:21:29.447 22610 22687 I VRI[PopupWindow:e438551]@b027eb7: mWNT: t=0xb400007c8dc511d0 mBlastBufferQueue=0xb400007ade087540 fn= 1 HdrRenderState mRenderHdrSdrRatio=1.0 caller= android.view.ViewRootImpl$12.onFrameDraw:15441 android.view.ThreadedRenderer$1.onFrameDraw:718 <bottom of call stack> 
11-23 21:21:29.447 22610 22687 I VRI[PopupWindow:e438551]@b027eb7: Setting up sync and frameCommitCallback
11-23 21:21:29.448 22610 22671 I BLASTBufferQueue: [VRI[PopupWindow:e438551]@b027eb7#8](f:0,a:0,s:0) onFrameAvailable the first frame is available
11-23 21:21:29.448 22610 22671 I SurfaceComposerClient: apply transaction with the first frame. layerId: 58356, bufferData(ID: 97109210562595, frameNumber: 1)
11-23 21:21:29.449 22610 22671 I VRI[PopupWindow:e438551]@b027eb7: Received frameCommittedCallback lastAttemptedDrawFrameNum=1 didProduceBuffer=true
11-23 21:21:29.450 22610 22671 D HWUI    : CFMS:: SetUp Pid : 22610    Tid : 22671
11-23 21:21:29.450 22610 22610 D VRI[PopupWindow:e438551]@b027eb7: reportDrawFinished seqId=0
11-23 21:21:29.460 22610 22671 D HWUI    : HWUI - treat SMPTE_170M as sRGB
11-23 21:21:29.552 22610 22610 I VRI[PopupWindow:e438551]@b027eb7: handleResized, frames=ClientWindowFrames{frame=[106,1980][219,2115] display=[-100000,-100000][100000,100000] parentFrame=[0,0][0,0] attachedFrame=[0,0][1440,3088]} displayId=0 dragResizing=false compatScale=1.0 frameChanged=false attachedFrameChanged=false configChanged=false displayChanged=false compatScaleChanged=false dragResizingChanged=false
11-23 21:21:29.552 22610 22610 I VRI[PopupWindow:e438551]@b027eb7: handleResized mSyncSeqId = 0
11-23 21:21:29.553 22610 22610 D VRI[PopupWindow:e438551]@b027eb7: reportNextDraw android.view.ViewRootImpl.handleResized:2983 android.view.ViewRootImpl.-$$Nest$mhandleResized:0 android.view.ViewRootImpl$W.resized:14082 android.app.servertransaction.WindowStateResizeItem.execute:93 android.app.servertransaction.WindowStateTransactionItem.execute:62 
11-23 21:21:29.565 22610 22610 D VRI[PopupWindow:e438551]@b027eb7: Setup new sync=wmsSync-VRI[PopupWindow:e438551]@b027eb7#28
11-23 21:21:29.566 22610 22610 I VRI[PopupWindow:e438551]@b027eb7: Creating new active sync group VRI[PopupWindow:e438551]@b027eb7#29
11-23 21:21:29.567 22610 22610 D VRI[PopupWindow:e438551]@b027eb7: registerCallbacksForSync syncBuffer=false
11-23 21:21:29.569 22610 22688 D VRI[PopupWindow:e438551]@b027eb7: Received frameDrawingCallback syncResult=0 frameNum=3.
11-23 21:21:29.569 22610 22688 I VRI[PopupWindow:e438551]@b027eb7: Setting up sync and frameCommitCallback
11-23 21:21:29.572 22610 22671 I VRI[PopupWindow:e438551]@b027eb7: Received frameCommittedCallback lastAttemptedDrawFrameNum=3 didProduceBuffer=true
11-23 21:21:29.574 22610 22610 D VRI[PopupWindow:e438551]@b027eb7: reportDrawFinished seqId=0
11-23 21:21:29.590 22610 22610 W WindowOnBackDispatcher: sendCancelIfRunning: isInProgress=false callback=android.widget.PopupWindow$PopupDecorView$$ExternalSyntheticLambda1@e41b343
11-23 21:21:29.591 22610 22610 I WindowManager: WindowManagerGlobal#removeView, ty=1002, view=android.widget.PopupWindow$PopupDecorView{304a1b6 V.E...... R......D 0,0-113,135}, caller=android.view.WindowManagerGlobal.removeView:654 android.view.WindowManagerImpl.removeViewImmediate:216 android.widget.PopupWindow.dismissImmediate:2415 
11-23 21:21:29.598 22610 22610 I VRI[PopupWindow:e438551]@b027eb7: dispatchDetachedFromWindow
11-23 21:21:29.607 22610 22610 D InputTransport: Input channel destroyed: 'fef6c54', fd=216
11-23 21:21:29.690 22610 22610 D UiControllerImpl: Injecting string: "
11-23 21:21:29.690 22610 22610 D UiControllerImpl: "
11-23 21:21:29.706 22610 22610 I VRI[MainActivity]@8e53a52: The input has been finished in ImeInputStage.
11-23 21:21:29.748 22610 22610 D ScrollView: initGoToTop
11-23 21:21:29.783 22610 22610 I InputMethodManager_LC: showSoftInput(View,I)
11-23 21:21:29.784 22610 22610 I ImeTracker: dev.souschef.app:dc2f75f3: onRequestShow at ORIGIN_CLIENT reason SHOW_SOFT_INPUT fromUser false
11-23 21:21:29.784 22610 22610 I InputMethodManager_LC: ssi(): flags=0 view=dev.souschef.app reason=SHOW_SOFT_INPUT
11-23 21:21:29.789 22610 22610 D InputMethodManagerUtils: startInputInner - Id : 0
11-23 21:21:29.789 22610 22610 I InputMethodManager: startInputInner - IInputMethodManagerGlobalInvoker.startInputOrWindowGainedFocus
11-23 21:21:29.791 22610 22610 D InsetsController: show(ime(), fromIme=false)
11-23 21:21:29.791 22610 22610 I ImeTracker: dev.souschef.app:dc2f75f3: onCancelled at PHASE_CLIENT_APPLY_ANIMATION
11-23 21:21:29.794 22610 22619 D InputTransport: Input channel constructed: 'ClientS', fd=196
11-23 21:21:29.819 22610 22610 I VRI[MainActivity]@8e53a52: setInTouchMode(false), android.view.ViewRootImpl.checkForLeavingTouchModeAndConsume:10965 android.view.ViewRootImpl.-$$Nest$mcheckForLeavingTouchModeAndConsume:0 android.view.ViewRootImpl$EarlyPostImeInputStage.processKeyEvent:9438 android.view.ViewRootImpl$EarlyPostImeInputStage.onProcess:9422 android.view.ViewRootImpl$InputStage.deliver:8901 android.view.ViewRootImpl.deliverInputEvent:12785 android.view.ViewRootImpl.doProcessInputEvents:12673 android.view.ViewRootImpl.enqueueInputEvent:12628 android.view.ViewRootImpl$ViewRootHandler.handleMessageImpl:8422 android.view.ViewRootImpl$ViewRootHandler.handleMessage:8301 
11-23 21:21:29.820 22610 22610 I VRI[MainActivity]@8e53a52: ViewPostIme key 0
11-23 21:21:29.831 22610 22610 I ImeTracker: dev.souschef.app:7a495e1e: onRequestHide at ORIGIN_CLIENT reason HIDE_SOFT_INPUT fromUser false
11-23 21:21:29.831 22610 22610 I InputMethodManager_LC: hsifw() - flag : 0
11-23 21:21:29.831 22610 22610 D InputMethodManagerUtils: startInputInner - Id : 0
11-23 21:21:29.831 22610 22610 I InputMethodManager: startInputInner - IInputMethodManagerGlobalInvoker.startInputOrWindowGainedFocus
11-23 21:21:29.832 22610 22610 I InputMethodManager_LC: hsifw() - mService.hideSoftInput
11-23 21:21:29.833 22610 22610 D InsetsController: hide(ime(), fromIme=false)
11-23 21:21:29.833 22610 22610 W WindowOnBackDispatcher: sendCancelIfRunning: isInProgress=false callback=android.view.ImeBackAnimationController@94ca524
11-23 21:21:29.835 22610 22610 D InsetsController: Setting requestedVisibleTypes to -9 (was -1)
11-23 21:21:29.836 22610 22619 D InputTransport: Input channel constructed: 'ClientS', fd=225
11-23 21:21:29.837 22610 22610 I InsetsController: setRequestedVisibleTypes: visible=false, mask=ime, host=dev.souschef.app/dev.souschef.app.MainActivity, from=android.view.InsetsController.controlAnimationUnchecked:1604 android.view.InsetsController.applyAnimation:2416 android.view.InsetsController.applyAnimation:2343 android.view.InsetsController.hide:1540 android.view.inputmethod.InputMethodManager.hideSoftInputFromWindow:2889 android.view.inputmethod.InputMethodManager.hideSoftInputFromWindow:2812 android.view.inputmethod.InputMethodManager.hideSoftInputFromWindow:2773 com.facebook.react.views.textinput.ReactEditText.hideSoftKeyboard:865 com.facebook.react.views.textinput.ReactEditText.clearFocusAndMaybeRefocus$ReactAndroid_debug:388 com.facebook.react.views.textinput.ReactTextInputManager.addEventEmitters$lambda$3:966 
11-23 21:21:29.839 22610 22610 I InsetsController: controlAnimationUncheckedInner: Added types=ime, animType=1, host=dev.souschef.app/dev.souschef.app.MainActivity, from=android.view.InsetsController.controlAnimationUnchecked:1608 android.view.InsetsController.applyAnimation:2416 android.view.InsetsController.applyAnimation:2343 
11-23 21:21:29.843 22610 22610 W RemoteInputConnectionImpl: requestCursorUpdates on inactive InputConnection
11-23 21:21:29.852 22610 22610 I BLASTBufferQueue_Java: update, w= 1440 h= 3088 mName = VRI[MainActivity]@8e53a52 mNativeObject= 0xb400007adda683b0 sc.mNativeObject= 0xb400007b7da38150 format= -1 caller= android.view.ViewRootImpl.updateBlastSurfaceIfNeeded:3574 android.view.ViewRootImpl.relayoutWindow:11685 android.view.ViewRootImpl.performTraversals:4804 android.view.ViewRootImpl.doTraversal:3924 android.view.ViewRootImpl$TraversalRunnable.run:12903 android.view.Choreographer$CallbackRecord.run:1901 
11-23 21:21:29.852 22610 22610 I VRI[MainActivity]@8e53a52: Relayout returned: old=(0,0,1440,3088) new=(0,0,1440,3088) relayoutAsync=true req=(1440,3088)0 dur=0 res=0x0 s={true 0xb400007beda54050} ch=false seqId=0
11-23 21:21:29.858 22610 22610 I VRI[MainActivity]@8e53a52: registerCallbackForPendingTransactions
11-23 21:21:29.863 22610 22687 I VRI[MainActivity]@8e53a52: mWNT: t=0xb400007c8dd68c90 mBlastBufferQueue=0xb400007adda683b0 fn= 1100 HdrRenderState mRenderHdrSdrRatio=1.0 caller= android.view.SyncRtSurfaceTransactionApplier.applyTransaction:100 android.view.SyncRtSurfaceTransactionApplier.lambda$scheduleApply$0:73 android.view.SyncRtSurfaceTransactionApplier.$r8$lambda$afI4fXg3U3-nBZQEDQMiNy-B06s:0 
11-23 21:21:29.864 22610 22687 I VRI[MainActivity]@8e53a52: mWNT: t=0xb400007c8dc1cf10 mBlastBufferQueue=0xb400007adda683b0 fn= 1100 HdrRenderState mRenderHdrSdrRatio=1.0 caller= android.view.ViewRootImpl$10.onFrameDraw:6536 android.view.ViewRootImpl$4.onFrameDraw:2489 android.view.ThreadedRenderer$1.onFrameDraw:718 
11-23 21:21:29.889 22610 22688 I VRI[MainActivity]@8e53a52: mWNT: t=0xb400007c8dca0690 mBlastBufferQueue=0xb400007adda683b0 fn= 1101 HdrRenderState mRenderHdrSdrRatio=1.0 caller= android.view.SyncRtSurfaceTransactionApplier.applyTransaction:100 android.view.SyncRtSurfaceTransactionApplier.lambda$scheduleApply$0:73 android.view.SyncRtSurfaceTransactionApplier.$r8$lambda$afI4fXg3U3-nBZQEDQMiNy-B06s:0 
11-23 21:21:29.894 22610 22610 W RemoteInputConnectionImpl: requestCursorUpdates on inactive InputConnection
11-23 21:21:29.907 22610 22687 I VRI[MainActivity]@8e53a52: mWNT: t=0xb400007c8dd6f210 mBlastBufferQueue=0xb400007adda683b0 fn= 1102 HdrRenderState mRenderHdrSdrRatio=1.0 caller= android.view.SyncRtSurfaceTransactionApplier.applyTransaction:100 android.view.SyncRtSurfaceTransactionApplier.lambda$scheduleApply$0:73 android.view.SyncRtSurfaceTransactionApplier.$r8$lambda$afI4fXg3U3-nBZQEDQMiNy-B06s:0 
11-23 21:21:29.909 22610 22610 W WindowOnBackDispatcher: sendCancelIfRunning: isInProgress=false callback=android.view.ImeBackAnimationController@94ca524
11-23 21:21:29.915 22610 22610 W RemoteInputConnectionImpl: requestCursorUpdates on inactive InputConnection
11-23 21:21:29.946 22610 22688 I VRI[MainActivity]@8e53a52: mWNT: t=0xb400007c8ddcc510 mBlastBufferQueue=0xb400007adda683b0 fn= 1103 HdrRenderState mRenderHdrSdrRatio=1.0 caller= android.view.SyncRtSurfaceTransactionApplier.applyTransaction:100 android.view.SyncRtSurfaceTransactionApplier.lambda$scheduleApply$0:73 android.view.SyncRtSurfaceTransactionApplier.$r8$lambda$afI4fXg3U3-nBZQEDQMiNy-B06s:0 
11-23 21:21:29.978 22610 22687 I VRI[MainActivity]@8e53a52: mWNT: t=0xb400007c8dd7b290 mBlastBufferQueue=0xb400007adda683b0 fn= 1104 HdrRenderState mRenderHdrSdrRatio=1.0 caller= android.view.SyncRtSurfaceTransactionApplier.applyTransaction:100 android.view.SyncRtSurfaceTransactionApplier.lambda$scheduleApply$0:73 android.view.SyncRtSurfaceTransactionApplier.$r8$lambda$afI4fXg3U3-nBZQEDQMiNy-B06s:0 
11-23 21:21:29.996 22610 22688 I VRI[MainActivity]@8e53a52: mWNT: t=0xb400007c8dd65650 mBlastBufferQueue=0xb400007adda683b0 fn= 1105 HdrRenderState mRenderHdrSdrRatio=1.0 caller= android.view.SyncRtSurfaceTransactionApplier.applyTransaction:100 android.view.SyncRtSurfaceTransactionApplier.lambda$scheduleApply$0:73 android.view.SyncRtSurfaceTransactionApplier.$r8$lambda$afI4fXg3U3-nBZQEDQMiNy-B06s:0 
11-23 21:21:30.009 22610 22687 I VRI[MainActivity]@8e53a52: mWNT: t=0xb400007c8dd6a190 mBlastBufferQueue=0xb400007adda683b0 fn= 1106 HdrRenderState mRenderHdrSdrRatio=1.0 caller= android.view.SyncRtSurfaceTransactionApplier.applyTransaction:100 android.view.SyncRtSurfaceTransactionApplier.lambda$scheduleApply$0:73 android.view.SyncRtSurfaceTransactionApplier.$r8$lambda$afI4fXg3U3-nBZQEDQMiNy-B06s:0 
11-23 21:21:30.017 22610 22688 I VRI[MainActivity]@8e53a52: mWNT: t=0xb400007c8dd6c9d0 mBlastBufferQueue=0xb400007adda683b0 fn= 1107 HdrRenderState mRenderHdrSdrRatio=1.0 caller= android.view.SyncRtSurfaceTransactionApplier.applyTransaction:100 android.view.SyncRtSurfaceTransactionApplier.lambda$scheduleApply$0:73 android.view.SyncRtSurfaceTransactionApplier.$r8$lambda$afI4fXg3U3-nBZQEDQMiNy-B06s:0 
11-23 21:21:30.023 22610 22687 I VRI[MainActivity]@8e53a52: mWNT: t=0xb400007c8dd69c50 mBlastBufferQueue=0xb400007adda683b0 fn= 1108 HdrRenderState mRenderHdrSdrRatio=1.0 caller= android.view.SyncRtSurfaceTransactionApplier.applyTransaction:100 android.view.SyncRtSurfaceTransactionApplier.lambda$scheduleApply$0:73 android.view.SyncRtSurfaceTransactionApplier.$r8$lambda$afI4fXg3U3-nBZQEDQMiNy-B06s:0 
11-23 21:21:30.024 22610 22610 I InsetsController: onStateChanged: host=dev.souschef.app/dev.souschef.app.MainActivity, from=android.view.ViewRootImpl.onInsetsStateChanged:3026, state=InsetsState: {mDisplayFrame=Rect(0, 0 - 1440, 3088), mDisplayCutout=DisplayCutout{insets=Rect(0, 100 - 0, 0) waterfall=Insets{left=0, top=0, right=0, bottom=0} boundingRect={Bounds=[Rect(0, 0 - 0, 0), Rect(683, 0 - 758, 100), Rect(0, 0 - 0, 0), Rect(0, 0 - 0, 0)]} cutoutPathParserInfo={CutoutPathParserInfo{displayWidth=1440 displayHeight=3088 physicalDisplayWidth=1440 physicalDisplayHeight=3088 density={3.75} cutoutSpec={M 0,0 H -10 V 26.66666666666667 H 10 V 0 H 0 Z @dp} rotation={0} scale={1.0} physicalPixelDisplaySizeRatio={1.0}}} sideOverrides={}}, mRoundedCorners=RoundedCorners{[RoundedCorner{position=TopLeft, radius=15, center=Point(15, 15)}, RoundedCorner{position=TopRight, radius=15, center=Point(1425, 15)}, RoundedCorner{position=BottomRight, radius=15, center=Point(1425, 3073)}, RoundedCorner{position=BottomLeft, radius=15, center=Point(15, 3073)}]}  mRoundedCornerFrame=Rect(0, 0 - 1440, 3088), mPrivacyIndicatorBounds=PrivacyIndicatorBounds {static bounds=Rect(1275, 0 - 1440, 100) rotation=0}, mDisplayShape=DisplayShape{ spec=-311912193 displayWidth=1440 displayHeight=3088 physicalPixelDisplaySizeRatio=1.0 rotation=0 offsetX=0 offsetY=0 scale=1.0}, mSources= { InsetsSource: {b11d0001 mType=navigationBars mFrame=[0,3032][1440,3088] mVisible=true mFlags=SUPPRESS_SCRIM mSideHint=BOTTOM mBoundingRects=null}, InsetsSource: {b11d0004 mType=systemGestures mFrame=[0,0][84,3088] mVisible=true mFlags= mSideHint=LEFT mBoundingRects=null}, InsetsSource: {b11d0005 mType=mandatorySystemGestures mFrame=[0,2968][1440,3088] mVisible=true mFlags= mSideHint=BOTTOM mBoundingRects=null}, InsetsSource: {b11d0006 mType=tappableElement mFrame=[0,0][0,0] mVisible=true mFlags= mSideHint=NONE mBoundingRects=null}, InsetsSource: {b11d0024 mType=systemGestures mFrame=[1356,0][1440,3088] mVisible=true mFlags= mSideHint=RIGHT mBoundingRects=null}, InsetsSource: {ecac0000 mType=statusBars mFrame=[0,0][1440,100] mVisible=true mFlags= mSideHint=TOP mBoundingRects=null}, InsetsSource: {ecac0005 mType=mandatorySystemGestures mFrame=[0,0][1440,145] mVisible=true mFlags= mSideHint=TOP mBoundingRects=null}, InsetsSource: {ecac0006 mType=tappableElement mFrame=[0,0][1440,100] mVisible=true mFlags= mSideHint=TOP mBoundingRects=null}, InsetsSource: {3 mType=ime mFrame=[0,1922][1440,3088] mVisible=true mFlags= mSideHint=BOTTOM mBoundingRects=null}, InsetsSource: {27 mType=displayCutout mFrame=[0,0][1440,100] mVisible=true mFlags= mSideHint=TOP mBoundingRects=null} }
11-23 21:21:30.025 22610 22610 I VRI[MainActivity]@8e53a52: handleResized, frames=ClientWindowFrames{frame=[0,0][1440,3088] display=[0,0][1440,3088] parentFrame=[0,0][0,0]} displayId=0 dragResizing=false compatScale=1.0 frameChanged=false attachedFrameChanged=false configChanged=false displayChanged=false compatScaleChanged=false dragResizingChanged=false
11-23 21:21:30.043 22610 22688 I VRI[MainActivity]@8e53a52: mWNT: t=0xb400007c8ddac610 mBlastBufferQueue=0xb400007adda683b0 fn= 1109 HdrRenderState mRenderHdrSdrRatio=1.0 caller= android.view.SyncRtSurfaceTransactionApplier.applyTransaction:100 android.view.SyncRtSurfaceTransactionApplier.lambda$scheduleApply$0:73 android.view.SyncRtSurfaceTransactionApplier.$r8$lambda$afI4fXg3U3-nBZQEDQMiNy-B06s:0 
11-23 21:21:30.050 22610 22687 I VRI[MainActivity]@8e53a52: mWNT: t=0xb400007c8dd6c2d0 mBlastBufferQueue=0xb400007adda683b0 fn= 1110 HdrRenderState mRenderHdrSdrRatio=1.0 caller= android.view.SyncRtSurfaceTransactionApplier.applyTransaction:100 android.view.SyncRtSurfaceTransactionApplier.lambda$scheduleApply$0:73 android.view.SyncRtSurfaceTransactionApplier.$r8$lambda$afI4fXg3U3-nBZQEDQMiNy-B06s:0 
11-23 21:21:30.059 22610 22688 I VRI[MainActivity]@8e53a52: mWNT: t=0xb400007c8dd73490 mBlastBufferQueue=0xb400007adda683b0 fn= 1111 HdrRenderState mRenderHdrSdrRatio=1.0 caller= android.view.SyncRtSurfaceTransactionApplier.applyTransaction:100 android.view.SyncRtSurfaceTransactionApplier.lambda$scheduleApply$0:73 android.view.SyncRtSurfaceTransactionApplier.$r8$lambda$afI4fXg3U3-nBZQEDQMiNy-B06s:0 
11-23 21:21:30.076 22610 22687 I VRI[MainActivity]@8e53a52: mWNT: t=0xb400007c8dd77710 mBlastBufferQueue=0xb400007adda683b0 fn= 1112 HdrRenderState mRenderHdrSdrRatio=1.0 caller= android.view.SyncRtSurfaceTransactionApplier.applyTransaction:100 android.view.SyncRtSurfaceTransactionApplier.lambda$scheduleApply$0:73 android.view.SyncRtSurfaceTransactionApplier.$r8$lambda$afI4fXg3U3-nBZQEDQMiNy-B06s:0 
11-23 21:21:30.092 22610 22688 I VRI[MainActivity]@8e53a52: mWNT: t=0xb400007c8dd5d310 mBlastBufferQueue=0xb400007adda683b0 fn= 1113 HdrRenderState mRenderHdrSdrRatio=1.0 caller= android.view.SyncRtSurfaceTransactionApplier.applyTransaction:100 android.view.SyncRtSurfaceTransactionApplier.lambda$scheduleApply$0:73 android.view.SyncRtSurfaceTransactionApplier.$r8$lambda$afI4fXg3U3-nBZQEDQMiNy-B06s:0 
11-23 21:21:30.105 22610 22687 I VRI[MainActivity]@8e53a52: mWNT: t=0xb400007c8dd76910 mBlastBufferQueue=0xb400007adda683b0 fn= 1114 HdrRenderState mRenderHdrSdrRatio=1.0 caller= android.view.SyncRtSurfaceTransactionApplier.applyTransaction:100 android.view.SyncRtSurfaceTransactionApplier.lambda$scheduleApply$0:73 android.view.SyncRtSurfaceTransactionApplier.$r8$lambda$afI4fXg3U3-nBZQEDQMiNy-B06s:0 
11-23 21:21:30.115 22610 22688 I VRI[MainActivity]@8e53a52: mWNT: t=0xb400007c8dd75b10 mBlastBufferQueue=0xb400007adda683b0 fn= 1115 HdrRenderState mRenderHdrSdrRatio=1.0 caller= android.view.SyncRtSurfaceTransactionApplier.applyTransaction:100 android.view.SyncRtSurfaceTransactionApplier.lambda$scheduleApply$0:73 android.view.SyncRtSurfaceTransactionApplier.$r8$lambda$afI4fXg3U3-nBZQEDQMiNy-B06s:0 
11-23 21:21:30.126 22610 22687 I VRI[MainActivity]@8e53a52: mWNT: t=0xb400007c8ddc9090 mBlastBufferQueue=0xb400007adda683b0 fn= 1116 HdrRenderState mRenderHdrSdrRatio=1.0 caller= android.view.SyncRtSurfaceTransactionApplier.applyTransaction:100 android.view.SyncRtSurfaceTransactionApplier.lambda$scheduleApply$0:73 android.view.SyncRtSurfaceTransactionApplier.$r8$lambda$afI4fXg3U3-nBZQEDQMiNy-B06s:0 
11-23 21:21:30.132 22610 22688 I VRI[MainActivity]@8e53a52: mWNT: t=0xb400007c8dd84050 mBlastBufferQueue=0xb400007adda683b0 fn= 1117 HdrRenderState mRenderHdrSdrRatio=1.0 caller= android.view.SyncRtSurfaceTransactionApplier.applyTransaction:100 android.view.SyncRtSurfaceTransactionApplier.lambda$scheduleApply$0:73 android.view.SyncRtSurfaceTransactionApplier.$r8$lambda$afI4fXg3U3-nBZQEDQMiNy-B06s:0 
11-23 21:21:30.137 22610 22687 I VRI[MainActivity]@8e53a52: mWNT: t=0xb400007c8dd71190 mBlastBufferQueue=0xb400007adda683b0 fn= 1118 HdrRenderState mRenderHdrSdrRatio=1.0 caller= android.view.SyncRtSurfaceTransactionApplier.applyTransaction:100 android.view.SyncRtSurfaceTransactionApplier.lambda$scheduleApply$0:73 android.view.SyncRtSurfaceTransactionApplier.$r8$lambda$afI4fXg3U3-nBZQEDQMiNy-B06s:0 
11-23 21:21:30.143 22610 22688 I VRI[MainActivity]@8e53a52: mWNT: t=0xb400007c8dd820d0 mBlastBufferQueue=0xb400007adda683b0 fn= 1119 HdrRenderState mRenderHdrSdrRatio=1.0 caller= android.view.SyncRtSurfaceTransactionApplier.applyTransaction:100 android.view.SyncRtSurfaceTransactionApplier.lambda$scheduleApply$0:73 android.view.SyncRtSurfaceTransactionApplier.$r8$lambda$afI4fXg3U3-nBZQEDQMiNy-B06s:0 
11-23 21:21:30.152 22610 22687 I VRI[MainActivity]@8e53a52: mWNT: t=0xb400007c8dd7efd0 mBlastBufferQueue=0xb400007adda683b0 fn= 1120 HdrRenderState mRenderHdrSdrRatio=1.0 caller= android.view.SyncRtSurfaceTransactionApplier.applyTransaction:100 android.view.SyncRtSurfaceTransactionApplier.lambda$scheduleApply$0:73 android.view.SyncRtSurfaceTransactionApplier.$r8$lambda$afI4fXg3U3-nBZQEDQMiNy-B06s:0 
11-23 21:21:30.161 22610 22610 I VRI[MainActivity]@8e53a52: ViewPostIme key 1
11-23 21:21:30.163 22610 22688 I VRI[MainActivity]@8e53a52: mWNT: t=0xb400007c8dd80150 mBlastBufferQueue=0xb400007adda683b0 fn= 1121 HdrRenderState mRenderHdrSdrRatio=1.0 caller= android.view.SyncRtSurfaceTransactionApplier.applyTransaction:100 android.view.SyncRtSurfaceTransactionApplier.lambda$scheduleApply$0:73 android.view.SyncRtSurfaceTransactionApplier.$r8$lambda$afI4fXg3U3-nBZQEDQMiNy-B06s:0 
11-23 21:21:30.170 22610 22610 I InsetsController: cancelAnimation: types=ime, animType=1, host=dev.souschef.app/dev.souschef.app.MainActivity, from=android.view.InsetsController.notifyFinished:2006 android.view.InsetsAnimationControlImpl.applyChangeInsets:335 android.view.InsetsController.lambda$new$3:957 
11-23 21:21:30.173 22610 22610 I BLASTBufferQueue_Java: update, w= 1440 h= 3088 mName = VRI[MainActivity]@8e53a52 mNativeObject= 0xb400007adda683b0 sc.mNativeObject= 0xb400007b7da38150 format= -1 caller= android.view.ViewRootImpl.updateBlastSurfaceIfNeeded:3574 android.view.ViewRootImpl.relayoutWindow:11685 android.view.ViewRootImpl.performTraversals:4804 android.view.ViewRootImpl.doTraversal:3924 android.view.ViewRootImpl$TraversalRunnable.run:12903 android.view.Choreographer$CallbackRecord.run:1901 
11-23 21:21:30.173 22610 22610 I VRI[MainActivity]@8e53a52: Relayout returned: old=(0,0,1440,3088) new=(0,0,1440,3088) relayoutAsync=true req=(1440,3088)0 dur=0 res=0x0 s={true 0xb400007beda54050} ch=false seqId=0
11-23 21:21:30.175 22610 22610 I VRI[MainActivity]@8e53a52: registerCallbackForPendingTransactions
11-23 21:21:30.176 22610 22687 I VRI[MainActivity]@8e53a52: mWNT: t=0xb400007c8dd56f50 mBlastBufferQueue=0xb400007adda683b0 fn= 1122 HdrRenderState mRenderHdrSdrRatio=1.0 caller= android.view.SyncRtSurfaceTransactionApplier.applyTransaction:100 android.view.SyncRtSurfaceTransactionApplier.lambda$scheduleApply$0:73 android.view.SyncRtSurfaceTransactionApplier.$r8$lambda$afI4fXg3U3-nBZQEDQMiNy-B06s:0 
11-23 21:21:30.177 22610 22687 I VRI[MainActivity]@8e53a52: mWNT: t=0xb400007c8dd81650 mBlastBufferQueue=0xb400007adda683b0 fn= 1122 HdrRenderState mRenderHdrSdrRatio=1.0 caller= android.view.ViewRootImpl$10.onFrameDraw:6536 android.view.ViewRootImpl$4.onFrameDraw:2489 android.view.ThreadedRenderer$1.onFrameDraw:718 
11-23 21:21:30.179 22610 22655 I DetoxWSClient: Sending out action 'invokeResult' (ID #63)
11-23 21:21:30.179 22610 22655 I DetoxDispatcher: Done with action 'invoke'
11-23 21:21:30.184 22610 22659 D DetoxWSClient: Received action 'invoke' (ID #64, params={"target":{"type":"Class","value":"com.wix.detox.espresso.DetoxAssertion"},"method":"waitForAssertMatcher","args":[{"type":"Invocation","value":{"target":{"type":"Class","value":"androidx.test.espresso.Espresso"},"method":"onView","args":[{"type":"Invocation","value":{"target":{"type":"Class","value":"com.wix.detox.espresso.DetoxMatcher"},"method":"matcherForTestId","args":["add-pantry-item-submit-button",{"type":"boolean","value":false}]}}]}},{"type":"Invocation","value":{"target":{"type":"Class","value":"com.wix.detox.espresso.DetoxMatcher"},"method":"matcherForSufficientlyVisible","args":[{"type":"Integer","value":75}]}},{"type":"Double","value":5}]})
11-23 21:21:30.189 22610 22655 I DetoxDispatcher: Handling action 'invoke' (ID #64)...
11-23 21:21:30.191 22610 22655 D Detox   : class com.wix.detox.espresso.DetoxMatcher, matcherForTestId, [add-pantry-item-submit-button, false]
11-23 21:21:30.191 22610 22655 D Detox   : class androidx.test.espresso.Espresso, onView, [(view.getTag() is "add-pantry-item-submit-button" and view has effective visibility <VISIBLE>)]
11-23 21:21:30.197 22610 22655 D Detox   : class com.wix.detox.espresso.DetoxMatcher, matcherForSufficientlyVisible, [75]
11-23 21:21:30.198 22610 22655 D Detox   : class com.wix.detox.espresso.DetoxAssertion, waitForAssertMatcher, [androidx.test.espresso.ViewInteraction@afbca12, (view has effective visibility <VISIBLE> and view.getGlobalVisibleRect() covers at least <75> percent of the view's area), 5.0]
11-23 21:21:30.200 22610 22610 I InsetsController: onStateChanged: host=dev.souschef.app/dev.souschef.app.MainActivity, from=android.view.ViewRootImpl.onInsetsStateChanged:3026, state=InsetsState: {mDisplayFrame=Rect(0, 0 - 1440, 3088), mDisplayCutout=DisplayCutout{insets=Rect(0, 100 - 0, 0) waterfall=Insets{left=0, top=0, right=0, bottom=0} boundingRect={Bounds=[Rect(0, 0 - 0, 0), Rect(683, 0 - 758, 100), Rect(0, 0 - 0, 0), Rect(0, 0 - 0, 0)]} cutoutPathParserInfo={CutoutPathParserInfo{displayWidth=1440 displayHeight=3088 physicalDisplayWidth=1440 physicalDisplayHeight=3088 density={3.75} cutoutSpec={M 0,0 H -10 V 26.66666666666667 H 10 V 0 H 0 Z @dp} rotation={0} scale={1.0} physicalPixelDisplaySizeRatio={1.0}}} sideOverrides={}}, mRoundedCorners=RoundedCorners{[RoundedCorner{position=TopLeft, radius=15, center=Point(15, 15)}, RoundedCorner{position=TopRight, radius=15, center=Point(1425, 15)}, RoundedCorner{position=BottomRight, radius=15, center=Point(1425, 3073)}, RoundedCorner{position=BottomLeft, radius=15, center=Point(15, 3073)}]}  mRoundedCornerFrame=Rect(0, 0 - 1440, 3088), mPrivacyIndicatorBounds=PrivacyIndicatorBounds {static bounds=Rect(1275, 0 - 1440, 100) rotation=0}, mDisplayShape=DisplayShape{ spec=-311912193 displayWidth=1440 displayHeight=3088 physicalPixelDisplaySizeRatio=1.0 rotation=0 offsetX=0 offsetY=0 scale=1.0}, mSources= { InsetsSource: {b11d0001 mType=navigationBars mFrame=[0,3032][1440,3088] mVisible=true mFlags=SUPPRESS_SCRIM mSideHint=BOTTOM mBoundingRects=null}, InsetsSource: {b11d0004 mType=systemGestures mFrame=[0,0][84,3088] mVisible=true mFlags= mSideHint=LEFT mBoundingRects=null}, InsetsSource: {b11d0005 mType=mandatorySystemGestures mFrame=[0,2968][1440,3088] mVisible=true mFlags= mSideHint=BOTTOM mBoundingRects=null}, InsetsSource: {b11d0006 mType=tappableElement mFrame=[0,0][0,0] mVisible=true mFlags= mSideHint=NONE mBoundingRects=null}, InsetsSource: {b11d0024 mType=systemGestures mFrame=[1356,0][1440,3088] mVisible=true mFlags= mSideHint=RIGHT mBoundingRects=null}, InsetsSource: {ecac0000 mType=statusBars mFrame=[0,0][1440,100] mVisible=true mFlags= mSideHint=TOP mBoundingRects=null}, InsetsSource: {ecac0005 mType=mandatorySystemGestures mFrame=[0,0][1440,145] mVisible=true mFlags= mSideHint=TOP mBoundingRects=null}, InsetsSource: {ecac0006 mType=tappableElement mFrame=[0,0][1440,100] mVisible=true mFlags= mSideHint=TOP mBoundingRects=null}, InsetsSource: {3 mType=ime mFrame=[0,1922][1440,3088] mVisible=false mFlags= mSideHint=BOTTOM mBoundingRects=null}, InsetsSource: {27 mType=displayCutout mFrame=[0,0][1440,100] mVisible=true mFlags= mSideHint=TOP mBoundingRects=null} }
11-23 21:21:30.200 22610 22610 I VRI[MainActivity]@8e53a52: handleResized, frames=ClientWindowFrames{frame=[0,0][1440,3088] display=[0,0][1440,3088] parentFrame=[0,0][0,0]} displayId=0 dragResizing=false compatScale=1.0 frameChanged=false attachedFrameChanged=false configChanged=false displayChanged=false compatScaleChanged=false dragResizingChanged=false
11-23 21:21:30.203 22610 22610 I ViewInteraction: Checking 'MatchesViewAssertion(Detox){viewMatcher=(view has effective visibility <VISIBLE> and view.getGlobalVisibleRect() covers at least <75> percent of the view's area)}' assertion on view (view.getTag() is "add-pantry-item-submit-button" and view has effective visibility <VISIBLE>)
11-23 21:21:30.207 22610 22655 I DetoxWSClient: Sending out action 'invokeResult' (ID #64)
11-23 21:21:30.209 22610 22655 I DetoxDispatcher: Done with action 'invoke'
11-23 21:21:30.209 22610 22610 W WindowOnBackDispatcher: sendCancelIfRunning: isInProgress=false callback=android.view.ImeBackAnimationController@94ca524
11-23 21:21:30.212 22610 22610 I InsetsSourceConsumer: applyRequestedVisibilityToControl: visible=false, type=ime, host=dev.souschef.app/dev.souschef.app.MainActivity
11-23 21:21:30.213 22610 22610 I InsetsSourceConsumer: applyRequestedVisibilityToControl: visible=true, type=navigationBars, host=dev.souschef.app/dev.souschef.app.MainActivity
11-23 21:21:30.214 22610 22659 D DetoxWSClient: Received action 'invoke' (ID #65, params={"target":{"type":"Class","value":"com.wix.detox.espresso.EspressoDetox"},"method":"perform","args":[{"type":"Invocation","value":{"target":{"type":"Class","value":"com.wix.detox.espresso.DetoxMatcher"},"method":"matcherForTestId","args":["add-pantry-item-submit-button",{"type":"boolean","value":false}]}},{"type":"Invocation","value":{"target":{"type":"Class","value":"com.wix.detox.espresso.DetoxViewActions"},"method":"click","args":[]}}]})
11-23 21:21:30.215 22610 22655 I DetoxDispatcher: Handling action 'invoke' (ID #65)...
11-23 21:21:30.215 22610 22610 I ImeTracker: system_server:829a1873: onCancelled at PHASE_CLIENT_ON_CONTROLS_CHANGED
11-23 21:21:30.217 22610 22655 D Detox   : class com.wix.detox.espresso.DetoxMatcher, matcherForTestId, [add-pantry-item-submit-button, false]
11-23 21:21:30.219 22610 22655 D Detox   : class com.wix.detox.espresso.DetoxViewActions, click, []
11-23 21:21:30.219 22610 22655 D Detox   : class com.wix.detox.espresso.EspressoDetox, perform, [(view.getTag() is "add-pantry-item-submit-button" and view has effective visibility <VISIBLE>), com.wix.detox.espresso.action.RNClickAction@14cbe0]
11-23 21:21:30.222 22610 22688 I VRI[MainActivity]@8e53a52: mWNT: t=0xb400007c8dd7a650 mBlastBufferQueue=0xb400007adda683b0 fn= 1123 HdrRenderState mRenderHdrSdrRatio=1.0 caller= android.view.SyncRtSurfaceTransactionApplier.applyTransaction:100 android.view.SyncRtSurfaceTransactionApplier.lambda$scheduleApply$0:73 android.view.SyncRtSurfaceTransactionApplier.$r8$lambda$afI4fXg3U3-nBZQEDQMiNy-B06s:0 
11-23 21:21:30.228 22610 22610 I ViewInteraction: Performing 'com.wix.detox.espresso.action.detoxsingletap@e393e99 click' action on view (view.getTag() is "add-pantry-item-submit-button" and view has effective visibility <VISIBLE>)
11-23 21:21:30.238 22610 22610 I VRI[MainActivity]@8e53a52: ViewPostIme pointer 0
11-23 21:21:30.267 22610 22610 I VRI[MainActivity]@8e53a52: ViewPostIme pointer 1
11-23 21:21:30.269 22610 22610 W unknown:ReactNative: Can't cancel already finished gesture. Is a child View trying to start a gesture from an UP/CANCEL event?
11-23 21:21:30.512 22610 23102 I ReactNativeJS: '%c🚀 ✅ QUERY SearchUnits 60ms', 'color: #22c55e; font-weight: bold'
11-23 21:21:30.516 22610 23102 I ReactNativeJS: '   📤 Variables:', { query: 'ct' }
11-23 21:21:30.741 22610 22610 I InsetsController: onStateChanged: host=dev.souschef.app/dev.souschef.app.MainActivity, from=android.view.ViewRootImpl.onInsetsStateChanged:3026, state=InsetsState: {mDisplayFrame=Rect(0, 0 - 1440, 3088), mDisplayCutout=DisplayCutout{insets=Rect(0, 100 - 0, 0) waterfall=Insets{left=0, top=0, right=0, bottom=0} boundingRect={Bounds=[Rect(0, 0 - 0, 0), Rect(683, 0 - 758, 100), Rect(0, 0 - 0, 0), Rect(0, 0 - 0, 0)]} cutoutPathParserInfo={CutoutPathParserInfo{displayWidth=1440 displayHeight=3088 physicalDisplayWidth=1440 physicalDisplayHeight=3088 density={3.75} cutoutSpec={M 0,0 H -10 V 26.66666666666667 H 10 V 0 H 0 Z @dp} rotation={0} scale={1.0} physicalPixelDisplaySizeRatio={1.0}}} sideOverrides={}}, mRoundedCorners=RoundedCorners{[RoundedCorner{position=TopLeft, radius=15, center=Point(15, 15)}, RoundedCorner{position=TopRight, radius=15, center=Point(1425, 15)}, RoundedCorner{position=BottomRight, radius=15, center=Point(1425, 3073)}, RoundedCorner{position=BottomLeft, radius=15, center=Point(15, 3073)}]}  mRoundedCornerFrame=Rect(0, 0 - 1440, 3088), mPrivacyIndicatorBounds=PrivacyIndicatorBounds {static bounds=Rect(1275, 0 - 1440, 100) rotation=0}, mDisplayShape=DisplayShape{ spec=-311912193 displayWidth=1440 displayHeight=3088 physicalPixelDisplaySizeRatio=1.0 rotation=0 offsetX=0 offsetY=0 scale=1.0}, mSources= { InsetsSource: {b11d0001 mType=navigationBars mFrame=[0,3032][1440,3088] mVisible=true mFlags=SUPPRESS_SCRIM mSideHint=BOTTOM mBoundingRects=null}, InsetsSource: {b11d0004 mType=systemGestures mFrame=[0,0][84,3088] mVisible=true mFlags= mSideHint=LEFT mBoundingRects=null}, InsetsSource: {b11d0005 mType=mandatorySystemGestures mFrame=[0,2968][1440,3088] mVisible=true mFlags= mSideHint=BOTTOM mBoundingRects=null}, InsetsSource: {b11d0006 mType=tappableElement mFrame=[0,0][0,0] mVisible=true mFlags= mSideHint=NONE mBoundingRects=null}, InsetsSource: {b11d0024 mType=systemGestures mFrame=[1356,0][1440,3088] mVisible=true mFlags= mSideHint=RIGHT mBoundingRects=null}, InsetsSource: {ecac0000 mType=statusBars mFrame=[0,0][1440,100] mVisible=true mFlags= mSideHint=TOP mBoundingRects=null}, InsetsSource: {ecac0005 mType=mandatorySystemGestures mFrame=[0,0][1440,145] mVisible=true mFlags= mSideHint=TOP mBoundingRects=null}, InsetsSource: {ecac0006 mType=tappableElement mFrame=[0,0][1440,100] mVisible=true mFlags= mSideHint=TOP mBoundingRects=null}, InsetsSource: {3 mType=ime mFrame=[0,0][0,0] mVisible=false mFlags= mSideHint=NONE mBoundingRects=null}, InsetsSource: {27 mType=displayCutout mFrame=[0,0][1440,100] mVisible=true mFlags= mSideHint=TOP mBoundingRects=null} }
11-23 21:21:30.742 22610 22610 I VRI[MainActivity]@8e53a52: handleResized, frames=ClientWindowFrames{frame=[0,0][1440,3088] display=[0,0][1440,3088] parentFrame=[0,0][0,0]} displayId=0 dragResizing=false compatScale=1.0 frameChanged=false attachedFrameChanged=false configChanged=false displayChanged=false compatScaleChanged=false dragResizingChanged=false
11-23 21:21:30.754 22610 22610 I ImeTracker: dev.souschef.app:8b6bc69c: onRequestHide at ORIGIN_CLIENT reason HIDE_SOFT_INPUT fromUser false
11-23 21:21:30.754 22610 22610 I InputMethodManager_LC: hsifw() - flag : 0
11-23 21:21:30.754 22610 22610 I InputMethodManager_LC: hsifw() - mService.hideSoftInput
11-23 21:21:30.754 22610 22610 D InsetsController: hide(ime(), fromIme=false)
11-23 21:21:30.755 22610 22610 I ImeTracker: dev.souschef.app:8b6bc69c: onCancelled at PHASE_CLIENT_ALREADY_HIDDEN
11-23 21:21:30.772 22610 22610 I InsetsController: onStateChanged: host=dev.souschef.app/dev.souschef.app.MainActivity, from=android.view.ViewRootImpl.onInsetsStateChanged:3026, state=InsetsState: {mDisplayFrame=Rect(0, 0 - 1440, 3088), mDisplayCutout=DisplayCutout{insets=Rect(0, 100 - 0, 0) waterfall=Insets{left=0, top=0, right=0, bottom=0} boundingRect={Bounds=[Rect(0, 0 - 0, 0), Rect(683, 0 - 758, 100), Rect(0, 0 - 0, 0), Rect(0, 0 - 0, 0)]} cutoutPathParserInfo={CutoutPathParserInfo{displayWidth=1440 displayHeight=3088 physicalDisplayWidth=1440 physicalDisplayHeight=3088 density={3.75} cutoutSpec={M 0,0 H -10 V 26.66666666666667 H 10 V 0 H 0 Z @dp} rotation={0} scale={1.0} physicalPixelDisplaySizeRatio={1.0}}} sideOverrides={}}, mRoundedCorners=RoundedCorners{[RoundedCorner{position=TopLeft, radius=15, center=Point(15, 15)}, RoundedCorner{position=TopRight, radius=15, center=Point(1425, 15)}, RoundedCorner{position=BottomRight, radius=15, center=Point(1425, 3073)}, RoundedCorner{position=BottomLeft, radius=15, center=Point(15, 3073)}]}  mRoundedCornerFrame=Rect(0, 0 - 1440, 3088), mPrivacyIndicatorBounds=PrivacyIndicatorBounds {static bounds=Rect(1275, 0 - 1440, 100) rotation=0}, mDisplayShape=DisplayShape{ spec=-311912193 displayWidth=1440 displayHeight=3088 physicalPixelDisplaySizeRatio=1.0 rotation=0 offsetX=0 offsetY=0 scale=1.0}, mSources= { InsetsSource: {b11d0001 mType=navigationBars mFrame=[0,3032][1440,3088] mVisible=true mFlags=SUPPRESS_SCRIM mSideHint=BOTTOM mBoundingRects=null}, InsetsSource: {b11d0004 mType=systemGestures mFrame=[0,0][84,3088] mVisible=true mFlags= mSideHint=LEFT mBoundingRects=null}, InsetsSource: {b11d0005 mType=mandatorySystemGestures mFrame=[0,2968][1440,3088] mVisible=true mFlags= mSideHint=BOTTOM mBoundingRects=null}, InsetsSource: {b11d0006 mType=tappableElement mFrame=[0,0][0,0] mVisible=true mFlags= mSideHint=NONE mBoundingRects=null}, InsetsSource: {b11d0024 mType=systemGestures mFrame=[1356,0][1440,3088] mVisible=true mFlags= mSideHint=RIGHT mBoundingRects=null}, InsetsSource: {ecac0000 mType=statusBars mFrame=[0,0][1440,100] mVisible=true mFlags= mSideHint=TOP mBoundingRects=null}, InsetsSource: {ecac0005 mType=mandatorySystemGestures mFrame=[0,0][1440,145] mVisible=true mFlags= mSideHint=TOP mBoundingRects=null}, InsetsSource: {ecac0006 mType=tappableElement mFrame=[0,0][1440,100] mVisible=true mFlags= mSideHint=TOP mBoundingRects=null}, InsetsSource: {3 mType=ime mFrame=[0,0][0,0] mVisible=false mFlags= mSideHint=NONE mBoundingRects=null}, InsetsSource: {27 mType=displayCutout mFrame=[0,0][1440,100] mVisible=true mFlags= mSideHint=TOP mBoundingRects=null} }
11-23 21:21:30.773 22610 22610 I VRI[MainActivity]@8e53a52: handleResized, frames=ClientWindowFrames{frame=[0,0][1440,3088] display=[0,0][1440,3088] parentFrame=[0,0][0,0]} displayId=0 dragResizing=false compatScale=1.0 frameChanged=false attachedFrameChanged=false configChanged=false displayChanged=false compatScaleChanged=false dragResizingChanged=false
11-23 21:21:30.807 22610 22655 I DetoxWSClient: Sending out action 'invokeResult' (ID #65)
11-23 21:21:30.808 22610 22655 I DetoxDispatcher: Done with action 'invoke'
11-23 21:21:30.813 22610 22659 D DetoxWSClient: Received action 'invoke' (ID #66, params={"target":{"type":"Class","value":"com.wix.detox.espresso.DetoxAssertion"},"method":"waitForAssertMatcher","args":[{"type":"Invocation","value":{"target":{"type":"Class","value":"androidx.test.espresso.Espresso"},"method":"onView","args":[{"type":"Invocation","value":{"target":{"type":"Class","value":"com.wix.detox.espresso.DetoxMatcher"},"method":"matcherForText","args":["Please enter a valid quantity",{"type":"boolean","value":false}]}}]}},{"type":"Invocation","value":{"target":{"type":"Class","value":"com.wix.detox.espresso.DetoxMatcher"},"method":"matcherForSufficientlyVisible","args":[{"type":"Integer","value":75}]}},{"type":"Double","value":2}]})
11-23 21:21:30.813 22610 22655 I DetoxDispatcher: Handling action 'invoke' (ID #66)...
11-23 21:21:30.814 22610 22655 D Detox   : class com.wix.detox.espresso.DetoxMatcher, matcherForText, [Please enter a valid quantity, false]
11-23 21:21:30.816 22610 22655 D Detox   : class androidx.test.espresso.Espresso, onView, [(an instance of android.widget.TextView and view.getText() with or without transformation to match: is "Please enter a valid quantity" and view has effective visibility <VISIBLE>)]
11-23 21:21:30.817 22610 22655 D Detox   : class com.wix.detox.espresso.DetoxMatcher, matcherForSufficientlyVisible, [75]
11-23 21:21:30.818 22610 22655 D Detox   : class com.wix.detox.espresso.DetoxAssertion, waitForAssertMatcher, [androidx.test.espresso.ViewInteraction@36bd32f, (view has effective visibility <VISIBLE> and view.getGlobalVisibleRect() covers at least <75> percent of the view's area), 2.0]
11-23 21:21:30.863 22610 22610 I ViewInteraction: Checking 'MatchesViewAssertion(Detox){viewMatcher=(view has effective visibility <VISIBLE> and view.getGlobalVisibleRect() covers at least <75> percent of the view's area)}' assertion on view (an instance of android.widget.TextView and view.getText() with or without transformation to match: is "Please enter a valid quantity" and view has effective visibility <VISIBLE>)
11-23 21:21:30.933 22610 22610 I ViewInteraction: Checking 'MatchesViewAssertion(Detox){viewMatcher=(view has effective visibility <VISIBLE> and view.getGlobalVisibleRect() covers at least <75> percent of the view's area)}' assertion on view (an instance of android.widget.TextView and view.getText() with or without transformation to match: is "Please enter a valid quantity" and view has effective visibility <VISIBLE>)
11-23 21:21:31.010 22610 22610 I ViewInteraction: Checking 'MatchesViewAssertion(Detox){viewMatcher=(view has effective visibility <VISIBLE> and view.getGlobalVisibleRect() covers at least <75> percent of the view's area)}' assertion on view (an instance of android.widget.TextView and view.getText() with or without transformation to match: is "Please enter a valid quantity" and view has effective visibility <VISIBLE>)
11-23 21:21:31.053 22610 22615 I ev.souschef.app: Background concurrent mark compact GC freed 26MB AllocSpace bytes, 19(1124KB) LOS objects, 66% free, 17MB/53MB, paused 1.024ms,5.145ms total 131.468ms
11-23 21:21:31.057 22610 22616 D InputTransport: Input channel destroyed: 'ClientS', fd=187
11-23 21:21:31.058 22610 22616 D InputTransport: Input channel destroyed: 'ClientS', fd=197
11-23 21:21:31.061 22610 22616 D InputTransport: Input channel destroyed: 'ClientS', fd=210
11-23 21:21:31.064 22610 22616 D InputTransport: Input channel destroyed: 'ClientS', fd=226
11-23 21:21:31.064 22610 22616 D InputTransport: Input channel destroyed: 'ClientS', fd=224
11-23 21:21:31.065 22610 22616 D InputTransport: Input channel destroyed: 'ClientS', fd=201
11-23 21:21:31.067 22610 22616 D InputTransport: Input channel destroyed: 'ClientS', fd=196
11-23 21:21:31.067 22610 22616 D InputTransport: Input channel destroyed: 'ClientS', fd=225
11-23 21:21:31.082 22610 22610 I ViewInteraction: Checking 'MatchesViewAssertion(Detox){viewMatcher=(view has effective visibility <VISIBLE> and view.getGlobalVisibleRect() covers at least <75> percent of the view's area)}' assertion on view (an instance of android.widget.TextView and view.getText() with or without transformation to match: is "Please enter a valid quantity" and view has effective visibility <VISIBLE>)
11-23 21:21:31.148 22610 22610 I ViewInteraction: Checking 'MatchesViewAssertion(Detox){viewMatcher=(view has effective visibility <VISIBLE> and view.getGlobalVisibleRect() covers at least <75> percent of the view's area)}' assertion on view (an instance of android.widget.TextView and view.getText() with or without transformation to match: is "Please enter a valid quantity" and view has effective visibility <VISIBLE>)
11-23 21:21:31.213 22610 22610 I ViewInteraction: Checking 'MatchesViewAssertion(Detox){viewMatcher=(view has effective visibility <VISIBLE> and view.getGlobalVisibleRect() covers at least <75> percent of the view's area)}' assertion on view (an instance of android.widget.TextView and view.getText() with or without transformation to match: is "Please enter a valid quantity" and view has effective visibility <VISIBLE>)
11-23 21:21:31.280 22610 22610 I ViewInteraction: Checking 'MatchesViewAssertion(Detox){viewMatcher=(view has effective visibility <VISIBLE> and view.getGlobalVisibleRect() covers at least <75> percent of the view's area)}' assertion on view (an instance of android.widget.TextView and view.getText() with or without transformation to match: is "Please enter a valid quantity" and view has effective visibility <VISIBLE>)
11-23 21:21:31.349 22610 22610 I ViewInteraction: Checking 'MatchesViewAssertion(Detox){viewMatcher=(view has effective visibility <VISIBLE> and view.getGlobalVisibleRect() covers at least <75> percent of the view's area)}' assertion on view (an instance of android.widget.TextView and view.getText() with or without transformation to match: is "Please enter a valid quantity" and view has effective visibility <VISIBLE>)
11-23 21:21:31.416 22610 22610 I ViewInteraction: Checking 'MatchesViewAssertion(Detox){viewMatcher=(view has effective visibility <VISIBLE> and view.getGlobalVisibleRect() covers at least <75> percent of the view's area)}' assertion on view (an instance of android.widget.TextView and view.getText() with or without transformation to match: is "Please enter a valid quantity" and view has effective visibility <VISIBLE>)
11-23 21:21:31.475 22610 22610 I ViewInteraction: Checking 'MatchesViewAssertion(Detox){viewMatcher=(view has effective visibility <VISIBLE> and view.getGlobalVisibleRect() covers at least <75> percent of the view's area)}' assertion on view (an instance of android.widget.TextView and view.getText() with or without transformation to match: is "Please enter a valid quantity" and view has effective visibility <VISIBLE>)
11-23 21:21:31.541 22610 22610 I ViewInteraction: Checking 'MatchesViewAssertion(Detox){viewMatcher=(view has effective visibility <VISIBLE> and view.getGlobalVisibleRect() covers at least <75> percent of the view's area)}' assertion on view (an instance of android.widget.TextView and view.getText() with or without transformation to match: is "Please enter a valid quantity" and view has effective visibility <VISIBLE>)
11-23 21:21:31.605 22610 22610 I ViewInteraction: Checking 'MatchesViewAssertion(Detox){viewMatcher=(view has effective visibility <VISIBLE> and view.getGlobalVisibleRect() covers at least <75> percent of the view's area)}' assertion on view (an instance of android.widget.TextView and view.getText() with or without transformation to match: is "Please enter a valid quantity" and view has effective visibility <VISIBLE>)
11-23 21:21:31.671 22610 22610 I ViewInteraction: Checking 'MatchesViewAssertion(Detox){viewMatcher=(view has effective visibility <VISIBLE> and view.getGlobalVisibleRect() covers at least <75> percent of the view's area)}' assertion on view (an instance of android.widget.TextView and view.getText() with or without transformation to match: is "Please enter a valid quantity" and view has effective visibility <VISIBLE>)
11-23 21:21:31.740 22610 22610 I ViewInteraction: Checking 'MatchesViewAssertion(Detox){viewMatcher=(view has effective visibility <VISIBLE> and view.getGlobalVisibleRect() covers at least <75> percent of the view's area)}' assertion on view (an instance of android.widget.TextView and view.getText() with or without transformation to match: is "Please enter a valid quantity" and view has effective visibility <VISIBLE>)
11-23 21:21:31.806 22610 22610 I ViewInteraction: Checking 'MatchesViewAssertion(Detox){viewMatcher=(view has effective visibility <VISIBLE> and view.getGlobalVisibleRect() covers at least <75> percent of the view's area)}' assertion on view (an instance of android.widget.TextView and view.getText() with or without transformation to match: is "Please enter a valid quantity" and view has effective visibility <VISIBLE>)
11-23 21:21:31.869 22610 22610 I ViewInteraction: Checking 'MatchesViewAssertion(Detox){viewMatcher=(view has effective visibility <VISIBLE> and view.getGlobalVisibleRect() covers at least <75> percent of the view's area)}' assertion on view (an instance of android.widget.TextView and view.getText() with or without transformation to match: is "Please enter a valid quantity" and view has effective visibility <VISIBLE>)
11-23 21:21:31.934 22610 22610 I ViewInteraction: Checking 'MatchesViewAssertion(Detox){viewMatcher=(view has effective visibility <VISIBLE> and view.getGlobalVisibleRect() covers at least <75> percent of the view's area)}' assertion on view (an instance of android.widget.TextView and view.getText() with or without transformation to match: is "Please enter a valid quantity" and view has effective visibility <VISIBLE>)
11-23 21:21:31.998 22610 22610 I ViewInteraction: Checking 'MatchesViewAssertion(Detox){viewMatcher=(view has effective visibility <VISIBLE> and view.getGlobalVisibleRect() covers at least <75> percent of the view's area)}' assertion on view (an instance of android.widget.TextView and view.getText() with or without transformation to match: is "Please enter a valid quantity" and view has effective visibility <VISIBLE>)
11-23 21:21:32.059 22610 22610 I ViewInteraction: Checking 'MatchesViewAssertion(Detox){viewMatcher=(view has effective visibility <VISIBLE> and view.getGlobalVisibleRect() covers at least <75> percent of the view's area)}' assertion on view (an instance of android.widget.TextView and view.getText() with or without transformation to match: is "Please enter a valid quantity" and view has effective visibility <VISIBLE>)
11-23 21:21:32.124 22610 22610 I ViewInteraction: Checking 'MatchesViewAssertion(Detox){viewMatcher=(view has effective visibility <VISIBLE> and view.getGlobalVisibleRect() covers at least <75> percent of the view's area)}' assertion on view (an instance of android.widget.TextView and view.getText() with or without transformation to match: is "Please enter a valid quantity" and view has effective visibility <VISIBLE>)
11-23 21:21:32.190 22610 22610 I ViewInteraction: Checking 'MatchesViewAssertion(Detox){viewMatcher=(view has effective visibility <VISIBLE> and view.getGlobalVisibleRect() covers at least <75> percent of the view's area)}' assertion on view (an instance of android.widget.TextView and view.getText() with or without transformation to match: is "Please enter a valid quantity" and view has effective visibility <VISIBLE>)
11-23 21:21:32.268 22610 22610 I ViewInteraction: Checking 'MatchesViewAssertion(Detox){viewMatcher=(view has effective visibility <VISIBLE> and view.getGlobalVisibleRect() covers at least <75> percent of the view's area)}' assertion on view (an instance of android.widget.TextView and view.getText() with or without transformation to match: is "Please enter a valid quantity" and view has effective visibility <VISIBLE>)
11-23 21:21:32.337 22610 22610 I ViewInteraction: Checking 'MatchesViewAssertion(Detox){viewMatcher=(view has effective visibility <VISIBLE> and view.getGlobalVisibleRect() covers at least <75> percent of the view's area)}' assertion on view (an instance of android.widget.TextView and view.getText() with or without transformation to match: is "Please enter a valid quantity" and view has effective visibility <VISIBLE>)
11-23 21:21:32.403 22610 22610 I ViewInteraction: Checking 'MatchesViewAssertion(Detox){viewMatcher=(view has effective visibility <VISIBLE> and view.getGlobalVisibleRect() covers at least <75> percent of the view's area)}' assertion on view (an instance of android.widget.TextView and view.getText() with or without transformation to match: is "Please enter a valid quantity" and view has effective visibility <VISIBLE>)
11-23 21:21:32.470 22610 22610 I ViewInteraction: Checking 'MatchesViewAssertion(Detox){viewMatcher=(view has effective visibility <VISIBLE> and view.getGlobalVisibleRect() covers at least <75> percent of the view's area)}' assertion on view (an instance of android.widget.TextView and view.getText() with or without transformation to match: is "Please enter a valid quantity" and view has effective visibility <VISIBLE>)
11-23 21:21:32.538 22610 22610 I ViewInteraction: Checking 'MatchesViewAssertion(Detox){viewMatcher=(view has effective visibility <VISIBLE> and view.getGlobalVisibleRect() covers at least <75> percent of the view's area)}' assertion on view (an instance of android.widget.TextView and view.getText() with or without transformation to match: is "Please enter a valid quantity" and view has effective visibility <VISIBLE>)
11-23 21:21:32.607 22610 22610 I ViewInteraction: Checking 'MatchesViewAssertion(Detox){viewMatcher=(view has effective visibility <VISIBLE> and view.getGlobalVisibleRect() covers at least <75> percent of the view's area)}' assertion on view (an instance of android.widget.TextView and view.getText() with or without transformation to match: is "Please enter a valid quantity" and view has effective visibility <VISIBLE>)
11-23 21:21:32.611 22610 23102 I ReactNativeJS: 💾 Cache: Persisted cache (15 KB)
11-23 21:21:32.675 22610 22610 I ViewInteraction: Checking 'MatchesViewAssertion(Detox){viewMatcher=(view has effective visibility <VISIBLE> and view.getGlobalVisibleRect() covers at least <75> percent of the view's area)}' assertion on view (an instance of android.widget.TextView and view.getText() with or without transformation to match: is "Please enter a valid quantity" and view has effective visibility <VISIBLE>)
11-23 21:21:32.739 22610 22610 I ViewInteraction: Checking 'MatchesViewAssertion(Detox){viewMatcher=(view has effective visibility <VISIBLE> and view.getGlobalVisibleRect() covers at least <75> percent of the view's area)}' assertion on view (an instance of android.widget.TextView and view.getText() with or without transformation to match: is "Please enter a valid quantity" and view has effective visibility <VISIBLE>)
11-23 21:21:32.806 22610 22610 I ViewInteraction: Checking 'MatchesViewAssertion(Detox){viewMatcher=(view has effective visibility <VISIBLE> and view.getGlobalVisibleRect() covers at least <75> percent of the view's area)}' assertion on view (an instance of android.widget.TextView and view.getText() with or without transformation to match: is "Please enter a valid quantity" and view has effective visibility <VISIBLE>)
11-23 21:21:32.833 22610 22655 I DetoxActionHandlers: Test exception
11-23 21:21:32.833 22610 22655 I DetoxActionHandlers: java.lang.reflect.InvocationTargetException
11-23 21:21:32.833 22610 22655 I DetoxActionHandlers: 	at java.lang.reflect.Method.invoke(Native Method)
11-23 21:21:32.833 22610 22655 I DetoxActionHandlers: 	at org.apache.commons.lang3.reflect.MethodUtils.invokeStaticMethod(MethodUtils.java:443)
11-23 21:21:32.833 22610 22655 I DetoxActionHandlers: 	at org.apache.commons.lang3.reflect.MethodUtils.invokeStaticMethod(MethodUtils.java:405)
11-23 21:21:32.833 22610 22655 I DetoxActionHandlers: 	at com.wix.invoke.types.ClassTarget.execute(ClassTarget.java:23)
11-23 21:21:32.833 22610 22655 I DetoxActionHandlers: 	at com.wix.invoke.types.Target.invoke(Target.java:59)
11-23 21:21:32.833 22610 22655 I DetoxActionHandlers: 	at com.wix.invoke.MethodInvocation.invoke(MethodInvocation.java:35)
11-23 21:21:32.833 22610 22655 I DetoxActionHandlers: 	at com.wix.invoke.MethodInvocation.invoke(MethodInvocation.java:26)
11-23 21:21:32.833 22610 22655 I DetoxActionHandlers: 	at com.wix.invoke.MethodInvocation.invoke(MethodInvocation.java:20)
11-23 21:21:32.833 22610 22655 I DetoxActionHandlers: 	at com.wix.detox.adapters.server.InvokeActionHandler.handle(DetoxActionHandlers.kt:54)
11-23 21:21:32.833 22610 22655 I DetoxActionHandlers: 	at com.wix.detox.adapters.server.ActionsExecutor.executeAction$lambda$2$lambda$1(DetoxActionsDispatcher.kt:76)
11-23 21:21:32.833 22610 22655 I DetoxActionHandlers: 	at com.wix.detox.adapters.server.ActionsExecutor.$r8$lambda$GVbB7LHtBHxNHGbgYnHJ6YrwCqs(Unknown Source:0)
11-23 21:21:32.833 22610 22655 I DetoxActionHandlers: 	at com.wix.detox.adapters.server.ActionsExecutor$$ExternalSyntheticLambda0.run(D8$$SyntheticClass:0)
11-23 21:21:32.833 22610 22655 I DetoxActionHandlers: 	at android.os.Handler.handleCallback(Handler.java:995)
11-23 21:21:32.833 22610 22655 I DetoxActionHandlers: 	at android.os.Handler.dispatchMessage(Handler.java:103)
11-23 21:21:32.833 22610 22655 I DetoxActionHandlers: 	at android.os.Looper.loopOnce(Looper.java:273)
11-23 21:21:32.833 22610 22655 I DetoxActionHandlers: 	at android.os.Looper.loop(Looper.java:363)
11-23 21:21:32.833 22610 22655 I DetoxActionHandlers: 	at com.wix.detox.adapters.server.ActionsExecutor._init_$lambda$0(DetoxActionsDispatcher.kt:62)
11-23 21:21:32.833 22610 22655 I DetoxActionHandlers: 	at com.wix.detox.adapters.server.ActionsExecutor.$r8$lambda$xlgL0CQim6vNM0wWEqM8JIDgZUE(Unknown Source:0)
11-23 21:21:32.833 22610 22655 I DetoxActionHandlers: 	at com.wix.detox.adapters.server.ActionsExecutor$$ExternalSyntheticLambda1.run(D8$$SyntheticClass:0)
11-23 21:21:32.833 22610 22655 I DetoxActionHandlers: 	at java.lang.Thread.run(Thread.java:1119)
11-23 21:21:32.833 22610 22655 I DetoxActionHandlers: Caused by: com.wix.detox.common.DetoxErrors$DetoxRuntimeException: 2.0sec timeout expired without matching of given matcher: (view has effective visibility <VISIBLE> and view.getGlobalVisibleRect() covers at least <75> percent of the view's area)
11-23 21:21:32.833 22610 22655 I DetoxActionHandlers: 	at com.wix.detox.espresso.DetoxAssertion.waitForAssertMatcher(DetoxAssertion.java:72)
11-23 21:21:32.833 22610 22655 I DetoxActionHandlers: 	... 20 more
11-23 21:21:32.834 22610 22655 I DetoxWSClient: Sending out action 'testFailed' (ID #66)
11-23 21:21:32.835 22610 22655 I DetoxDispatcher: Done with action 'invoke'
11-23 21:21:32.840 22610 22659 D DetoxWSClient: Received action 'invoke' (ID #67, params={"target":{"type":"Class","value":"com.wix.detox.espresso.DetoxAssertion"},"method":"waitForAssertMatcher","args":[{"type":"Invocation","value":{"target":{"type":"Class","value":"androidx.test.espresso.Espresso"},"method":"onView","args":[{"type":"Invocation","value":{"target":{"type":"Class","value":"com.wix.detox.espresso.DetoxMatcher"},"method":"matcherForTestId","args":["pantry-screen",{"type":"boolean","value":false}]}}]}},{"type":"Invocation","value":{"target":{"type":"Class","value":"com.wix.detox.espresso.DetoxMatcher"},"method":"matcherForSufficientlyVisible","args":[{"type":"Integer","value":75}]}},{"type":"Double","value":5}]})
11-23 21:21:32.841 22610 22655 I DetoxDispatcher: Handling action 'invoke' (ID #67)...
11-23 21:21:32.841 22610 22655 D Detox   : class com.wix.detox.espresso.DetoxMatcher, matcherForTestId, [pantry-screen, false]
11-23 21:21:32.842 22610 22655 D Detox   : class androidx.test.espresso.Espresso, onView, [(view.getTag() is "pantry-screen" and view has effective visibility <VISIBLE>)]
11-23 21:21:32.844 22610 22655 D Detox   : class com.wix.detox.espresso.DetoxMatcher, matcherForSufficientlyVisible, [75]
11-23 21:21:32.845 22610 22655 D Detox   : class com.wix.detox.espresso.DetoxAssertion, waitForAssertMatcher, [androidx.test.espresso.ViewInteraction@f46aeb8, (view has effective visibility <VISIBLE> and view.getGlobalVisibleRect() covers at least <75> percent of the view's area), 5.0]
11-23 21:21:32.884 22610 22610 I ViewInteraction: Checking 'MatchesViewAssertion(Detox){viewMatcher=(view has effective visibility <VISIBLE> and view.getGlobalVisibleRect() covers at least <75> percent of the view's area)}' assertion on view (view.getTag() is "pantry-screen" and view has effective visibility <VISIBLE>)
11-23 21:21:32.948 22610 22610 I ViewInteraction: Checking 'MatchesViewAssertion(Detox){viewMatcher=(view has effective visibility <VISIBLE> and view.getGlobalVisibleRect() covers at least <75> percent of the view's area)}' assertion on view (view.getTag() is "pantry-screen" and view has effective visibility <VISIBLE>)
11-23 21:21:33.010 22610 22610 I ViewInteraction: Checking 'MatchesViewAssertion(Detox){viewMatcher=(view has effective visibility <VISIBLE> and view.getGlobalVisibleRect() covers at least <75> percent of the view's area)}' assertion on view (view.getTag() is "pantry-screen" and view has effective visibility <VISIBLE>)
11-23 21:21:33.072 22610 22610 I ViewInteraction: Checking 'MatchesViewAssertion(Detox){viewMatcher=(view has effective visibility <VISIBLE> and view.getGlobalVisibleRect() covers at least <75> percent of the view's area)}' assertion on view (view.getTag() is "pantry-screen" and view has effective visibility <VISIBLE>)
11-23 21:21:33.137 22610 22610 I ViewInteraction: Checking 'MatchesViewAssertion(Detox){viewMatcher=(view has effective visibility <VISIBLE> and view.getGlobalVisibleRect() covers at least <75> percent of the view's area)}' assertion on view (view.getTag() is "pantry-screen" and view has effective visibility <VISIBLE>)
11-23 21:21:33.200 22610 22610 I ViewInteraction: Checking 'MatchesViewAssertion(Detox){viewMatcher=(view has effective visibility <VISIBLE> and view.getGlobalVisibleRect() covers at least <75> percent of the view's area)}' assertion on view (view.getTag() is "pantry-screen" and view has effective visibility <VISIBLE>)
11-23 21:21:33.256 22610 22610 I ViewInteraction: Checking 'MatchesViewAssertion(Detox){viewMatcher=(view has effective visibility <VISIBLE> and view.getGlobalVisibleRect() covers at least <75> percent of the view's area)}' assertion on view (view.getTag() is "pantry-screen" and view has effective visibility <VISIBLE>)
11-23 21:21:33.272 22610 22610 I VRI[MainActivity]@8e53a52: call setFrameRateCategory for touch hint category=no preference, reason=boost timeout, vri=VRI[MainActivity]@8e53a52
11-23 21:21:33.320 22610 22610 I ViewInteraction: Checking 'MatchesViewAssertion(Detox){viewMatcher=(view has effective visibility <VISIBLE> and view.getGlobalVisibleRect() covers at least <75> percent of the view's area)}' assertion on view (view.getTag() is "pantry-screen" and view has effective visibility <VISIBLE>)
11-23 21:21:33.384 22610 22610 I ViewInteraction: Checking 'MatchesViewAssertion(Detox){viewMatcher=(view has effective visibility <VISIBLE> and view.getGlobalVisibleRect() covers at least <75> percent of the view's area)}' assertion on view (view.getTag() is "pantry-screen" and view has effective visibility <VISIBLE>)
11-23 21:21:33.449 22610 22610 I ViewInteraction: Checking 'MatchesViewAssertion(Detox){viewMatcher=(view has effective visibility <VISIBLE> and view.getGlobalVisibleRect() covers at least <75> percent of the view's area)}' assertion on view (view.getTag() is "pantry-screen" and view has effective visibility <VISIBLE>)
11-23 21:21:33.533 22610 22610 I ViewInteraction: Checking 'MatchesViewAssertion(Detox){viewMatcher=(view has effective visibility <VISIBLE> and view.getGlobalVisibleRect() covers at least <75> percent of the view's area)}' assertion on view (view.getTag() is "pantry-screen" and view has effective visibility <VISIBLE>)
11-23 21:21:33.548 22610 22615 I ev.souschef.app: Background concurrent mark compact GC freed 27MB AllocSpace bytes, 153(11MB) LOS objects, 66% free, 16MB/49MB, paused 1.092ms,4.016ms total 100.588ms
11-23 21:21:33.598 22610 22610 I ViewInteraction: Checking 'MatchesViewAssertion(Detox){viewMatcher=(view has effective visibility <VISIBLE> and view.getGlobalVisibleRect() covers at least <75> percent of the view's area)}' assertion on view (view.getTag() is "pantry-screen" and view has effective visibility <VISIBLE>)
11-23 21:21:33.665 22610 22610 I ViewInteraction: Checking 'MatchesViewAssertion(Detox){viewMatcher=(view has effective visibility <VISIBLE> and view.getGlobalVisibleRect() covers at least <75> percent of the view's area)}' assertion on view (view.getTag() is "pantry-screen" and view has effective visibility <VISIBLE>)
11-23 21:21:33.728 22610 22610 I ViewInteraction: Checking 'MatchesViewAssertion(Detox){viewMatcher=(view has effective visibility <VISIBLE> and view.getGlobalVisibleRect() covers at least <75> percent of the view's area)}' assertion on view (view.getTag() is "pantry-screen" and view has effective visibility <VISIBLE>)
11-23 21:21:33.791 22610 22610 I ViewInteraction: Checking 'MatchesViewAssertion(Detox){viewMatcher=(view has effective visibility <VISIBLE> and view.getGlobalVisibleRect() covers at least <75> percent of the view's area)}' assertion on view (view.getTag() is "pantry-screen" and view has effective visibility <VISIBLE>)
11-23 21:21:33.852 22610 22610 I ViewInteraction: Checking 'MatchesViewAssertion(Detox){viewMatcher=(view has effective visibility <VISIBLE> and view.getGlobalVisibleRect() covers at least <75> percent of the view's area)}' assertion on view (view.getTag() is "pantry-screen" and view has effective visibility <VISIBLE>)
11-23 21:21:33.914 22610 22610 I ViewInteraction: Checking 'MatchesViewAssertion(Detox){viewMatcher=(view has effective visibility <VISIBLE> and view.getGlobalVisibleRect() covers at least <75> percent of the view's area)}' assertion on view (view.getTag() is "pantry-screen" and view has effective visibility <VISIBLE>)
11-23 21:21:33.974 22610 22610 I ViewInteraction: Checking 'MatchesViewAssertion(Detox){viewMatcher=(view has effective visibility <VISIBLE> and view.getGlobalVisibleRect() covers at least <75> percent of the view's area)}' assertion on view (view.getTag() is "pantry-screen" and view has effective visibility <VISIBLE>)
11-23 21:21:34.039 22610 22610 I ViewInteraction: Checking 'MatchesViewAssertion(Detox){viewMatcher=(view has effective visibility <VISIBLE> and view.getGlobalVisibleRect() covers at least <75> percent of the view's area)}' assertion on view (view.getTag() is "pantry-screen" and view has effective visibility <VISIBLE>)
11-23 21:21:34.105 22610 22610 I ViewInteraction: Checking 'MatchesViewAssertion(Detox){viewMatcher=(view has effective visibility <VISIBLE> and view.getGlobalVisibleRect() covers at least <75> percent of the view's area)}' assertion on view (view.getTag() is "pantry-screen" and view has effective visibility <VISIBLE>)
11-23 21:21:34.170 22610 22610 I ViewInteraction: Checking 'MatchesViewAssertion(Detox){viewMatcher=(view has effective visibility <VISIBLE> and view.getGlobalVisibleRect() covers at least <75> percent of the view's area)}' assertion on view (view.getTag() is "pantry-screen" and view has effective visibility <VISIBLE>)
11-23 21:21:34.234 22610 22610 I ViewInteraction: Checking 'MatchesViewAssertion(Detox){viewMatcher=(view has effective visibility <VISIBLE> and view.getGlobalVisibleRect() covers at least <75> percent of the view's area)}' assertion on view (view.getTag() is "pantry-screen" and view has effective visibility <VISIBLE>)
11-23 21:21:34.297 22610 22610 I ViewInteraction: Checking 'MatchesViewAssertion(Detox){viewMatcher=(view has effective visibility <VISIBLE> and view.getGlobalVisibleRect() covers at least <75> percent of the view's area)}' assertion on view (view.getTag() is "pantry-screen" and view has effective visibility <VISIBLE>)
11-23 21:21:34.362 22610 22610 I ViewInteraction: Checking 'MatchesViewAssertion(Detox){viewMatcher=(view has effective visibility <VISIBLE> and view.getGlobalVisibleRect() covers at least <75> percent of the view's area)}' assertion on view (view.getTag() is "pantry-screen" and view has effective visibility <VISIBLE>)
11-23 21:21:34.424 22610 22610 I ViewInteraction: Checking 'MatchesViewAssertion(Detox){viewMatcher=(view has effective visibility <VISIBLE> and view.getGlobalVisibleRect() covers at least <75> percent of the view's area)}' assertion on view (view.getTag() is "pantry-screen" and view has effective visibility <VISIBLE>)
11-23 21:21:34.488 22610 22610 I ViewInteraction: Checking 'MatchesViewAssertion(Detox){viewMatcher=(view has effective visibility <VISIBLE> and view.getGlobalVisibleRect() covers at least <75> percent of the view's area)}' assertion on view (view.getTag() is "pantry-screen" and view has effective visibility <VISIBLE>)
11-23 21:21:34.551 22610 22610 I ViewInteraction: Checking 'MatchesViewAssertion(Detox){viewMatcher=(view has effective visibility <VISIBLE> and view.getGlobalVisibleRect() covers at least <75> percent of the view's area)}' assertion on view (view.getTag() is "pantry-screen" and view has effective visibility <VISIBLE>)
11-23 21:21:34.605 22610 22610 I ViewInteraction: Checking 'MatchesViewAssertion(Detox){viewMatcher=(view has effective visibility <VISIBLE> and view.getGlobalVisibleRect() covers at least <75> percent of the view's area)}' assertion on view (view.getTag() is "pantry-screen" and view has effective visibility <VISIBLE>)
11-23 21:21:34.671 22610 22610 I ViewInteraction: Checking 'MatchesViewAssertion(Detox){viewMatcher=(view has effective visibility <VISIBLE> and view.getGlobalVisibleRect() covers at least <75> percent of the view's area)}' assertion on view (view.getTag() is "pantry-screen" and view has effective visibility <VISIBLE>)
11-23 21:21:34.736 22610 22610 I ViewInteraction: Checking 'MatchesViewAssertion(Detox){viewMatcher=(view has effective visibility <VISIBLE> and view.getGlobalVisibleRect() covers at least <75> percent of the view's area)}' assertion on view (view.getTag() is "pantry-screen" and view has effective visibility <VISIBLE>)
11-23 21:21:34.790 22610 22610 I ViewInteraction: Checking 'MatchesViewAssertion(Detox){viewMatcher=(view has effective visibility <VISIBLE> and view.getGlobalVisibleRect() covers at least <75> percent of the view's area)}' assertion on view (view.getTag() is "pantry-screen" and view has effective visibility <VISIBLE>)
11-23 21:21:34.846 22610 22610 I ViewInteraction: Checking 'MatchesViewAssertion(Detox){viewMatcher=(view has effective visibility <VISIBLE> and view.getGlobalVisibleRect() covers at least <75> percent of the view's area)}' assertion on view (view.getTag() is "pantry-screen" and view has effective visibility <VISIBLE>)
11-23 21:21:34.906 22610 22610 I ViewInteraction: Checking 'MatchesViewAssertion(Detox){viewMatcher=(view has effective visibility <VISIBLE> and view.getGlobalVisibleRect() covers at least <75> percent of the view's area)}' assertion on view (view.getTag() is "pantry-screen" and view has effective visibility <VISIBLE>)
11-23 21:21:34.969 22610 22610 I ViewInteraction: Checking 'MatchesViewAssertion(Detox){viewMatcher=(view has effective visibility <VISIBLE> and view.getGlobalVisibleRect() covers at least <75> percent of the view's area)}' assertion on view (view.getTag() is "pantry-screen" and view has effective visibility <VISIBLE>)
11-23 21:21:35.022 22610 22610 I ViewInteraction: Checking 'MatchesViewAssertion(Detox){viewMatcher=(view has effective visibility <VISIBLE> and view.getGlobalVisibleRect() covers at least <75> percent of the view's area)}' assertion on view (view.getTag() is "pantry-screen" and view has effective visibility <VISIBLE>)
11-23 21:21:35.088 22610 22610 I ViewInteraction: Checking 'MatchesViewAssertion(Detox){viewMatcher=(view has effective visibility <VISIBLE> and view.getGlobalVisibleRect() covers at least <75> percent of the view's area)}' assertion on view (view.getTag() is "pantry-screen" and view has effective visibility <VISIBLE>)
11-23 21:21:35.152 22610 22610 I ViewInteraction: Checking 'MatchesViewAssertion(Detox){viewMatcher=(view has effective visibility <VISIBLE> and view.getGlobalVisibleRect() covers at least <75> percent of the view's area)}' assertion on view (view.getTag() is "pantry-screen" and view has effective visibility <VISIBLE>)
11-23 21:21:35.216 22610 22610 I ViewInteraction: Checking 'MatchesViewAssertion(Detox){viewMatcher=(view has effective visibility <VISIBLE> and view.getGlobalVisibleRect() covers at least <75> percent of the view's area)}' assertion on view (view.getTag() is "pantry-screen" and view has effective visibility <VISIBLE>)
11-23 21:21:35.280 22610 22610 I ViewInteraction: Checking 'MatchesViewAssertion(Detox){viewMatcher=(view has effective visibility <VISIBLE> and view.getGlobalVisibleRect() covers at least <75> percent of the view's area)}' assertion on view (view.getTag() is "pantry-screen" and view has effective visibility <VISIBLE>)
11-23 21:21:35.344 22610 22610 I ViewInteraction: Checking 'MatchesViewAssertion(Detox){viewMatcher=(view has effective visibility <VISIBLE> and view.getGlobalVisibleRect() covers at least <75> percent of the view's area)}' assertion on view (view.getTag() is "pantry-screen" and view has effective visibility <VISIBLE>)
11-23 21:21:35.408 22610 22610 I ViewInteraction: Checking 'MatchesViewAssertion(Detox){viewMatcher=(view has effective visibility <VISIBLE> and view.getGlobalVisibleRect() covers at least <75> percent of the view's area)}' assertion on view (view.getTag() is "pantry-screen" and view has effective visibility <VISIBLE>)
11-23 21:21:35.471 22610 22610 I ViewInteraction: Checking 'MatchesViewAssertion(Detox){viewMatcher=(view has effective visibility <VISIBLE> and view.getGlobalVisibleRect() covers at least <75> percent of the view's area)}' assertion on view (view.getTag() is "pantry-screen" and view has effective visibility <VISIBLE>)
11-23 21:21:35.536 22610 22610 I ViewInteraction: Checking 'MatchesViewAssertion(Detox){viewMatcher=(view has effective visibility <VISIBLE> and view.getGlobalVisibleRect() covers at least <75> percent of the view's area)}' assertion on view (view.getTag() is "pantry-screen" and view has effective visibility <VISIBLE>)
11-23 21:21:35.590 22610 22610 I ViewInteraction: Checking 'MatchesViewAssertion(Detox){viewMatcher=(view has effective visibility <VISIBLE> and view.getGlobalVisibleRect() covers at least <75> percent of the view's area)}' assertion on view (view.getTag() is "pantry-screen" and view has effective visibility <VISIBLE>)
11-23 21:21:35.651 22610 22610 I ViewInteraction: Checking 'MatchesViewAssertion(Detox){viewMatcher=(view has effective visibility <VISIBLE> and view.getGlobalVisibleRect() covers at least <75> percent of the view's area)}' assertion on view (view.getTag() is "pantry-screen" and view has effective visibility <VISIBLE>)
11-23 21:21:35.717 22610 22610 I ViewInteraction: Checking 'MatchesViewAssertion(Detox){viewMatcher=(view has effective visibility <VISIBLE> and view.getGlobalVisibleRect() covers at least <75> percent of the view's area)}' assertion on view (view.getTag() is "pantry-screen" and view has effective visibility <VISIBLE>)
11-23 21:21:35.762 22610 22615 I ev.souschef.app: Background concurrent mark compact GC freed 24MB AllocSpace bytes, 141(10MB) LOS objects, 66% free, 16MB/48MB, paused 845us,3.430ms total 110.148ms
11-23 21:21:35.785 22610 22610 I ViewInteraction: Checking 'MatchesViewAssertion(Detox){viewMatcher=(view has effective visibility <VISIBLE> and view.getGlobalVisibleRect() covers at least <75> percent of the view's area)}' assertion on view (view.getTag() is "pantry-screen" and view has effective visibility <VISIBLE>)
11-23 21:21:35.840 22610 22610 I ViewInteraction: Checking 'MatchesViewAssertion(Detox){viewMatcher=(view has effective visibility <VISIBLE> and view.getGlobalVisibleRect() covers at least <75> percent of the view's area)}' assertion on view (view.getTag() is "pantry-screen" and view has effective visibility <VISIBLE>)
11-23 21:21:35.905 22610 22610 I ViewInteraction: Checking 'MatchesViewAssertion(Detox){viewMatcher=(view has effective visibility <VISIBLE> and view.getGlobalVisibleRect() covers at least <75> percent of the view's area)}' assertion on view (view.getTag() is "pantry-screen" and view has effective visibility <VISIBLE>)
11-23 21:21:35.969 22610 22610 I ViewInteraction: Checking 'MatchesViewAssertion(Detox){viewMatcher=(view has effective visibility <VISIBLE> and view.getGlobalVisibleRect() covers at least <75> percent of the view's area)}' assertion on view (view.getTag() is "pantry-screen" and view has effective visibility <VISIBLE>)
11-23 21:21:36.021 22610 22610 I ViewInteraction: Checking 'MatchesViewAssertion(Detox){viewMatcher=(view has effective visibility <VISIBLE> and view.getGlobalVisibleRect() covers at least <75> percent of the view's area)}' assertion on view (view.getTag() is "pantry-screen" and view has effective visibility <VISIBLE>)
11-23 21:21:36.085 22610 22610 I ViewInteraction: Checking 'MatchesViewAssertion(Detox){viewMatcher=(view has effective visibility <VISIBLE> and view.getGlobalVisibleRect() covers at least <75> percent of the view's area)}' assertion on view (view.getTag() is "pantry-screen" and view has effective visibility <VISIBLE>)
11-23 21:21:36.146 22610 22610 I ViewInteraction: Checking 'MatchesViewAssertion(Detox){viewMatcher=(view has effective visibility <VISIBLE> and view.getGlobalVisibleRect() covers at least <75> percent of the view's area)}' assertion on view (view.getTag() is "pantry-screen" and view has effective visibility <VISIBLE>)
11-23 21:21:36.210 22610 22610 I ViewInteraction: Checking 'MatchesViewAssertion(Detox){viewMatcher=(view has effective visibility <VISIBLE> and view.getGlobalVisibleRect() covers at least <75> percent of the view's area)}' assertion on view (view.getTag() is "pantry-screen" and view has effective visibility <VISIBLE>)
11-23 21:21:36.272 22610 22610 I ViewInteraction: Checking 'MatchesViewAssertion(Detox){viewMatcher=(view has effective visibility <VISIBLE> and view.getGlobalVisibleRect() covers at least <75> percent of the view's area)}' assertion on view (view.getTag() is "pantry-screen" and view has effective visibility <VISIBLE>)
11-23 21:21:36.336 22610 22610 I ViewInteraction: Checking 'MatchesViewAssertion(Detox){viewMatcher=(view has effective visibility <VISIBLE> and view.getGlobalVisibleRect() covers at least <75> percent of the view's area)}' assertion on view (view.getTag() is "pantry-screen" and view has effective visibility <VISIBLE>)
11-23 21:21:36.400 22610 22610 I ViewInteraction: Checking 'MatchesViewAssertion(Detox){viewMatcher=(view has effective visibility <VISIBLE> and view.getGlobalVisibleRect() covers at least <75> percent of the view's area)}' assertion on view (view.getTag() is "pantry-screen" and view has effective visibility <VISIBLE>)
11-23 21:21:36.463 22610 22610 I ViewInteraction: Checking 'MatchesViewAssertion(Detox){viewMatcher=(view has effective visibility <VISIBLE> and view.getGlobalVisibleRect() covers at least <75> percent of the view's area)}' assertion on view (view.getTag() is "pantry-screen" and view has effective visibility <VISIBLE>)
11-23 21:21:36.521 22610 22610 I ViewInteraction: Checking 'MatchesViewAssertion(Detox){viewMatcher=(view has effective visibility <VISIBLE> and view.getGlobalVisibleRect() covers at least <75> percent of the view's area)}' assertion on view (view.getTag() is "pantry-screen" and view has effective visibility <VISIBLE>)
11-23 21:21:36.583 22610 22610 I ViewInteraction: Checking 'MatchesViewAssertion(Detox){viewMatcher=(view has effective visibility <VISIBLE> and view.getGlobalVisibleRect() covers at least <75> percent of the view's area)}' assertion on view (view.getTag() is "pantry-screen" and view has effective visibility <VISIBLE>)
11-23 21:21:36.638 22610 22610 I ViewInteraction: Checking 'MatchesViewAssertion(Detox){viewMatcher=(view has effective visibility <VISIBLE> and view.getGlobalVisibleRect() covers at least <75> percent of the view's area)}' assertion on view (view.getTag() is "pantry-screen" and view has effective visibility <VISIBLE>)
11-23 21:21:36.701 22610 22610 I ViewInteraction: Checking 'MatchesViewAssertion(Detox){viewMatcher=(view has effective visibility <VISIBLE> and view.getGlobalVisibleRect() covers at least <75> percent of the view's area)}' assertion on view (view.getTag() is "pantry-screen" and view has effective visibility <VISIBLE>)
11-23 21:21:36.763 22610 22610 I ViewInteraction: Checking 'MatchesViewAssertion(Detox){viewMatcher=(view has effective visibility <VISIBLE> and view.getGlobalVisibleRect() covers at least <75> percent of the view's area)}' assertion on view (view.getTag() is "pantry-screen" and view has effective visibility <VISIBLE>)
11-23 21:21:36.811 22610 22615 I ev.souschef.app: Background young concurrent mark compact GC freed 23MB AllocSpace bytes, 142(10MB) LOS objects, 68% free, 15MB/48MB, paused 716us,5.367ms total 52.116ms
11-23 21:21:36.833 22610 22610 I ViewInteraction: Checking 'MatchesViewAssertion(Detox){viewMatcher=(view has effective visibility <VISIBLE> and view.getGlobalVisibleRect() covers at least <75> percent of the view's area)}' assertion on view (view.getTag() is "pantry-screen" and view has effective visibility <VISIBLE>)
11-23 21:21:36.895 22610 22610 I ViewInteraction: Checking 'MatchesViewAssertion(Detox){viewMatcher=(view has effective visibility <VISIBLE> and view.getGlobalVisibleRect() covers at least <75> percent of the view's area)}' assertion on view (view.getTag() is "pantry-screen" and view has effective visibility <VISIBLE>)
11-23 21:21:36.951 22610 22610 I ViewInteraction: Checking 'MatchesViewAssertion(Detox){viewMatcher=(view has effective visibility <VISIBLE> and view.getGlobalVisibleRect() covers at least <75> percent of the view's area)}' assertion on view (view.getTag() is "pantry-screen" and view has effective visibility <VISIBLE>)
11-23 21:21:37.014 22610 22610 I ViewInteraction: Checking 'MatchesViewAssertion(Detox){viewMatcher=(view has effective visibility <VISIBLE> and view.getGlobalVisibleRect() covers at least <75> percent of the view's area)}' assertion on view (view.getTag() is "pantry-screen" and view has effective visibility <VISIBLE>)
11-23 21:21:37.077 22610 22610 I ViewInteraction: Checking 'MatchesViewAssertion(Detox){viewMatcher=(view has effective visibility <VISIBLE> and view.getGlobalVisibleRect() covers at least <75> percent of the view's area)}' assertion on view (view.getTag() is "pantry-screen" and view has effective visibility <VISIBLE>)
11-23 21:21:37.134 22610 22610 I ViewInteraction: Checking 'MatchesViewAssertion(Detox){viewMatcher=(view has effective visibility <VISIBLE> and view.getGlobalVisibleRect() covers at least <75> percent of the view's area)}' assertion on view (view.getTag() is "pantry-screen" and view has effective visibility <VISIBLE>)
11-23 21:21:37.194 22610 22610 I ViewInteraction: Checking 'MatchesViewAssertion(Detox){viewMatcher=(view has effective visibility <VISIBLE> and view.getGlobalVisibleRect() covers at least <75> percent of the view's area)}' assertion on view (view.getTag() is "pantry-screen" and view has effective visibility <VISIBLE>)
11-23 21:21:37.255 22610 22610 I ViewInteraction: Checking 'MatchesViewAssertion(Detox){viewMatcher=(view has effective visibility <VISIBLE> and view.getGlobalVisibleRect() covers at least <75> percent of the view's area)}' assertion on view (view.getTag() is "pantry-screen" and view has effective visibility <VISIBLE>)
11-23 21:21:37.320 22610 22610 I ViewInteraction: Checking 'MatchesViewAssertion(Detox){viewMatcher=(view has effective visibility <VISIBLE> and view.getGlobalVisibleRect() covers at least <75> percent of the view's area)}' assertion on view (view.getTag() is "pantry-screen" and view has effective visibility <VISIBLE>)
11-23 21:21:37.383 22610 22610 I ViewInteraction: Checking 'MatchesViewAssertion(Detox){viewMatcher=(view has effective visibility <VISIBLE> and view.getGlobalVisibleRect() covers at least <75> percent of the view's area)}' assertion on view (view.getTag() is "pantry-screen" and view has effective visibility <VISIBLE>)
11-23 21:21:37.442 22610 22610 I ViewInteraction: Checking 'MatchesViewAssertion(Detox){viewMatcher=(view has effective visibility <VISIBLE> and view.getGlobalVisibleRect() covers at least <75> percent of the view's area)}' assertion on view (view.getTag() is "pantry-screen" and view has effective visibility <VISIBLE>)
11-23 21:21:37.504 22610 22610 I ViewInteraction: Checking 'MatchesViewAssertion(Detox){viewMatcher=(view has effective visibility <VISIBLE> and view.getGlobalVisibleRect() covers at least <75> percent of the view's area)}' assertion on view (view.getTag() is "pantry-screen" and view has effective visibility <VISIBLE>)
11-23 21:21:37.566 22610 22610 I ViewInteraction: Checking 'MatchesViewAssertion(Detox){viewMatcher=(view has effective visibility <VISIBLE> and view.getGlobalVisibleRect() covers at least <75> percent of the view's area)}' assertion on view (view.getTag() is "pantry-screen" and view has effective visibility <VISIBLE>)
11-23 21:21:37.625 22610 22610 I ViewInteraction: Checking 'MatchesViewAssertion(Detox){viewMatcher=(view has effective visibility <VISIBLE> and view.getGlobalVisibleRect() covers at least <75> percent of the view's area)}' assertion on view (view.getTag() is "pantry-screen" and view has effective visibility <VISIBLE>)
11-23 21:21:37.687 22610 22610 I ViewInteraction: Checking 'MatchesViewAssertion(Detox){viewMatcher=(view has effective visibility <VISIBLE> and view.getGlobalVisibleRect() covers at least <75> percent of the view's area)}' assertion on view (view.getTag() is "pantry-screen" and view has effective visibility <VISIBLE>)
11-23 21:21:37.750 22610 22610 I ViewInteraction: Checking 'MatchesViewAssertion(Detox){viewMatcher=(view has effective visibility <VISIBLE> and view.getGlobalVisibleRect() covers at least <75> percent of the view's area)}' assertion on view (view.getTag() is "pantry-screen" and view has effective visibility <VISIBLE>)
11-23 21:21:37.809 22610 22610 I ViewInteraction: Checking 'MatchesViewAssertion(Detox){viewMatcher=(view has effective visibility <VISIBLE> and view.getGlobalVisibleRect() covers at least <75> percent of the view's