--------- beginning of main
11-23 20:56:43.342  8444  8444 I ViewInteraction: Checking 'MatchesViewAssertion(Detox){viewMatcher=(view has effective visibility <VISIBLE> and view.getGlobalVisibleRect() covers at least <75> percent of the view's area)}' assertion on view (view.getTag() is "shopping-list-screen" and view has effective visibility <VISIBLE>)
11-23 20:56:43.346  8444  8489 I DetoxWSClient: Sending out action 'invokeResult' (ID #64)
11-23 20:56:43.347  8444  8489 I DetoxDispatcher: Done with action 'invoke'
11-23 20:56:43.351  8444  8495 D DetoxWSClient: Received action 'invoke' (ID #65, params={"target":{"type":"Class","value":"com.wix.detox.espresso.DetoxAssertion"},"method":"waitForAssertMatcher","args":[{"type":"Invocation","value":{"target":{"type":"Class","value":"androidx.test.espresso.Espresso"},"method":"onView","args":[{"type":"Invocation","value":{"target":{"type":"Class","value":"com.wix.detox.espresso.DetoxMatcher"},"method":"matcherForTestId","args":["shopping-list-screen",{"type":"boolean","value":false}]}}]}},{"type":"Invocation","value":{"target":{"type":"Class","value":"com.wix.detox.espresso.DetoxMatcher"},"method":"matcherForSufficientlyVisible","args":[{"type":"Integer","value":75}]}},{"type":"Double","value":10}]})
11-23 20:56:43.352  8444  8489 I DetoxDispatcher: Handling action 'invoke' (ID #65)...
11-23 20:56:43.353  8444  8489 D Detox   : class com.wix.detox.espresso.DetoxMatcher, matcherForTestId, [shopping-list-screen, false]
11-23 20:56:43.354  8444  8489 D Detox   : class androidx.test.espresso.Espresso, onView, [(view.getTag() is "shopping-list-screen" and view has effective visibility <VISIBLE>)]
11-23 20:56:43.356  8444  8489 D Detox   : class com.wix.detox.espresso.DetoxMatcher, matcherForSufficientlyVisible, [75]
11-23 20:56:43.357  8444  8489 D Detox   : class com.wix.detox.espresso.DetoxAssertion, waitForAssertMatcher, [androidx.test.espresso.ViewInteraction@f9f2ea2, (view has effective visibility <VISIBLE> and view.getGlobalVisibleRect() covers at least <75> percent of the view's area), 10.0]
11-23 20:56:43.366  8444  8444 I ViewInteraction: Checking 'MatchesViewAssertion(Detox){viewMatcher=(view has effective visibility <VISIBLE> and view.getGlobalVisibleRect() covers at least <75> percent of the view's area)}' assertion on view (view.getTag() is "shopping-list-screen" and view has effective visibility <VISIBLE>)
11-23 20:56:43.369  8444  8489 I DetoxWSClient: Sending out action 'invokeResult' (ID #65)
11-23 20:56:43.369  8444  8489 I DetoxDispatcher: Done with action 'invoke'
11-23 20:56:43.373  8444  8495 D DetoxWSClient: Received action 'invoke' (ID #66, params={"target":{"type":"Class","value":"com.wix.detox.espresso.EspressoDetox"},"method":"perform","args":[{"type":"Invocation","value":{"target":{"type":"Class","value":"com.wix.detox.espresso.DetoxMatcher"},"method":"matcherForTestId","args":["shopping-list-add-button",{"type":"boolean","value":false}]}},{"type":"Invocation","value":{"target":{"type":"Class","value":"com.wix.detox.espresso.DetoxViewActions"},"method":"click","args":[]}}]})
11-23 20:56:43.373  8444  8489 I DetoxDispatcher: Handling action 'invoke' (ID #66)...
11-23 20:56:43.374  8444  8489 D Detox   : class com.wix.detox.espresso.DetoxMatcher, matcherForTestId, [shopping-list-add-button, false]
11-23 20:56:43.375  8444  8489 D Detox   : class com.wix.detox.espresso.DetoxViewActions, click, []
11-23 20:56:43.375  8444  8489 D Detox   : class com.wix.detox.espresso.EspressoDetox, perform, [(view.getTag() is "shopping-list-add-button" and view has effective visibility <VISIBLE>), com.wix.detox.espresso.action.RNClickAction@a486733]
11-23 20:56:43.484  8444  9486 I ReactNativeJS: '%c🚀 ✅ QUERY GetShoppingListItems 776ms', 'color: #22c55e; font-weight: bold'
11-23 20:56:43.484  8444  9486 I ReactNativeJS: '   📤 Variables:', { shoppingListId: '68f41b75f2f151910a1e5e12' }
11-23 20:56:43.722  8444  9486 I ReactNativeJS: '%c🚀 ✅ QUERY GetHomes 721ms', 'color: #22c55e; font-weight: bold'
11-23 20:56:43.752  8444  8489 I DetoxActionHandlers: Test exception
11-23 20:56:43.752  8444  8489 I DetoxActionHandlers: java.lang.reflect.InvocationTargetException
11-23 20:56:43.752  8444  8489 I DetoxActionHandlers: 	at java.lang.reflect.Method.invoke(Native Method)
11-23 20:56:43.752  8444  8489 I DetoxActionHandlers: 	at org.apache.commons.lang3.reflect.MethodUtils.invokeStaticMethod(MethodUtils.java:443)
11-23 20:56:43.752  8444  8489 I DetoxActionHandlers: 	at org.apache.commons.lang3.reflect.MethodUtils.invokeStaticMethod(MethodUtils.java:405)
11-23 20:56:43.752  8444  8489 I DetoxActionHandlers: 	at com.wix.invoke.types.ClassTarget.execute(ClassTarget.java:23)
11-23 20:56:43.752  8444  8489 I DetoxActionHandlers: 	at com.wix.invoke.types.Target.invoke(Target.java:59)
11-23 20:56:43.752  8444  8489 I DetoxActionHandlers: 	at com.wix.invoke.MethodInvocation.invoke(MethodInvocation.java:35)
11-23 20:56:43.752  8444  8489 I DetoxActionHandlers: 	at com.wix.invoke.MethodInvocation.invoke(MethodInvocation.java:26)
11-23 20:56:43.752  8444  8489 I DetoxActionHandlers: 	at com.wix.invoke.MethodInvocation.invoke(MethodInvocation.java:20)
11-23 20:56:43.752  8444  8489 I DetoxActionHandlers: 	at com.wix.detox.adapters.server.InvokeActionHandler.handle(DetoxActionHandlers.kt:54)
11-23 20:56:43.752  8444  8489 I DetoxActionHandlers: 	at com.wix.detox.adapters.server.ActionsExecutor.executeAction$lambda$2$lambda$1(DetoxActionsDispatcher.kt:76)
11-23 20:56:43.752  8444  8489 I DetoxActionHandlers: 	at com.wix.detox.adapters.server.ActionsExecutor.$r8$lambda$GVbB7LHtBHxNHGbgYnHJ6YrwCqs(Unknown Source:0)
11-23 20:56:43.752  8444  8489 I DetoxActionHandlers: 	at com.wix.detox.adapters.server.ActionsExecutor$$ExternalSyntheticLambda0.run(D8$$SyntheticClass:0)
11-23 20:56:43.752  8444  8489 I DetoxActionHandlers: 	at android.os.Handler.handleCallback(Handler.java:995)
11-23 20:56:43.752  8444  8489 I DetoxActionHandlers: 	at android.os.Handler.dispatchMessage(Handler.java:103)
11-23 20:56:43.752  8444  8489 I DetoxActionHandlers: 	at android.os.Looper.loopOnce(Looper.java:273)
11-23 20:56:43.752  8444  8489 I DetoxActionHandlers: 	at android.os.Looper.loop(Looper.java:363)
11-23 20:56:43.752  8444  8489 I DetoxActionHandlers: 	at com.wix.detox.adapters.server.ActionsExecutor._init_$lambda$0(DetoxActionsDispatcher.kt:62)
11-23 20:56:43.752  8444  8489 I DetoxActionHandlers: 	at com.wix.detox.adapters.server.ActionsExecutor.$r8$lambda$xlgL0CQim6vNM0wWEqM8JIDgZUE(Unknown Source:0)
11-23 20:56:43.752  8444  8489 I DetoxActionHandlers: 	at com.wix.detox.adapters.server.ActionsExecutor$$ExternalSyntheticLambda1.run(D8$$SyntheticClass:0)
11-23 20:56:43.752  8444  8489 I DetoxActionHandlers: 	at java.lang.Thread.run(Thread.java:1119)
11-23 20:56:43.752  8444  8489 I DetoxActionHandlers: Caused by: com.wix.detox.espresso.errors.DetoxNoMatchingViewException: No views in hierarchy found matching: (view.getTag() is "shopping-list-add-button" and view has effective visibility <VISIBLE>)
11-23 20:56:43.752  8444  8489 I DetoxActionHandlers: 	at com.wix.detox.espresso.DetoxFailureHandler.handle(DetoxFailureHandler.kt:26)
11-23 20:56:43.752  8444  8489 I DetoxActionHandlers: 	at androidx.test.espresso.ViewInteraction.waitForAndHandleInteractionResults(ViewInteraction.java:385)
11-23 20:56:43.752  8444  8489 I DetoxActionHandlers: 	at androidx.test.espresso.ViewInteraction.desugaredPerform(ViewInteraction.java:212)
11-23 20:56:43.752  8444  8489 I DetoxActionHandlers: 	at androidx.test.espresso.ViewInteraction.perform(ViewInteraction.java:140)
11-23 20:56:43.752  8444  8489 I DetoxActionHandlers: 	at com.wix.detox.espresso.performer.SingleViewActionPerformer.performOn(SingleViewActionPerformer.kt:15)
11-23 20:56:43.752  8444  8489 I DetoxActionHandlers: 	at com.wix.detox.espresso.EspressoDetox.perform(EspressoDetox.java:42)
11-23 20:56:43.752  8444  8489 I DetoxActionHandlers: 	... 20 more
11-23 20:56:43.753  8444  8489 I DetoxWSClient: Sending out action 'testFailed' (ID #66)
11-23 20:56:43.761  8444  8489 I DetoxDispatcher: Done with action 'invoke'
11-23 20:56:43.855  8444  8444 D ScrollView: initGoToTop
11-23 20:56:43.965  8444  9486 I ReactNativeJS: '%c🚀 ✅ QUERY GetDefaultHome 860ms', 'color: #22c55e; font-weight: bold'
11-23 20:56:44.180  8444  9486 D Detox.RNMarker: REACT_BRIDGELESS_LOADING_END (null)
11-23 20:56:44.187  8444  8495 D DetoxWSClient: Received action 'reactNativeReload' (ID #-1000, params={})
11-23 20:56:44.188  8444  8489 I DetoxDispatcher: Handling action 'reactNativeReload' (ID #-1000)...
11-23 20:56:44.223  8444  8489 I DetoxRNExt: Reloading React Native
11-23 20:56:44.224  8444  8520 W unknown:BridgelessReact: ReactHost{0}.getOrCreateReloadTask()
11-23 20:56:44.224  8444  8520 W unknown:BridgelessReact: ReactHost{0}.raiseSoftException(getOrCreateReloadTask()): Detox
11-23 20:56:44.224  8444  8520 E unknown:ReactHost: Unhandled SoftException
11-23 20:56:44.224  8444  8520 E unknown:ReactHost: com.facebook.react.bridge.ReactNoCrashSoftException: raiseSoftException(getOrCreateReloadTask()): Detox
11-23 20:56:44.224  8444  8520 E unknown:ReactHost: 	at com.facebook.react.runtime.ReactHostImpl.raiseSoftException(ReactHostImpl.kt:826)
11-23 20:56:44.224  8444  8520 E unknown:ReactHost: 	at com.facebook.react.runtime.ReactHostImpl.raiseSoftException$default(ReactHostImpl.kt:817)
11-23 20:56:44.224  8444  8520 E unknown:ReactHost: 	at com.facebook.react.runtime.ReactHostImpl.getOrCreateReloadTask(ReactHostImpl.kt:1232)
11-23 20:56:44.224  8444  8520 E unknown:ReactHost: 	at com.facebook.react.runtime.ReactHostImpl.reload$lambda$8(ReactHostImpl.kt:391)
11-23 20:56:44.224  8444  8520 E unknown:ReactHost: 	at com.facebook.react.runtime.ReactHostImpl.$r8$lambda$ZKc-OxDGoIs_vTfeqAPiROVzaQc(Unknown Source:0)
11-23 20:56:44.224  8444  8520 E unknown:ReactHost: 	at com.facebook.react.runtime.ReactHostImpl$$ExternalSyntheticLambda22.call(D8$$SyntheticClass:0)
11-23 20:56:44.224  8444  8520 E unknown:ReactHost: 	at com.facebook.react.runtime.internal.bolts.Task$Companion.call$lambda$2(Task.kt:319)
11-23 20:56:44.224  8444  8520 E unknown:ReactHost: 	at com.facebook.react.runtime.internal.bolts.Task$Companion.$r8$lambda$MFqd_-X5KhHmu0hvNE2Bec_4mJM(Unknown Source:0)
11-23 20:56:44.224  8444  8520 E unknown:ReactHost: 	at com.facebook.react.runtime.internal.bolts.Task$Companion$$ExternalSyntheticLambda1.run(D8$$SyntheticClass:0)
11-23 20:56:44.224  8444  8520 E unknown:ReactHost: 	at java.util.concurrent.ThreadPoolExecutor.runWorker(ThreadPoolExecutor.java:1156)
11-23 20:56:44.224  8444  8520 E unknown:ReactHost: 	at java.util.concurrent.ThreadPoolExecutor$Worker.run(ThreadPoolExecutor.java:651)
11-23 20:56:44.224  8444  8520 E unknown:ReactHost: 	at java.lang.Thread.run(Thread.java:1119)
11-23 20:56:44.224  8444  8520 W unknown:BridgelessReact: ReactHost{0}.getOrCreateReloadTask(): Resetting createReactInstance task ref
11-23 20:56:44.230  8444  8444 W unknown:BridgelessReact: ReactHost{0}.getOrCreateReloadTask(): Starting React Native reload
11-23 20:56:44.230  8444  8444 W unknown:BridgelessReact: ReactHost{0}.getOrCreateReloadTask(): Calling ReactContext.onHostPause()
11-23 20:56:44.231  8444  8444 W unknown:BridgelessReact: ReactHost{0}.raiseSoftException(callWithExistingReactInstance(callFunctionOnModule("RCTDeviceEventEmitter", "emit"))): Execute: reactInstance is null. Dropping work.
11-23 20:56:44.232  8444  8444 E unknown:ReactHost: Unhandled SoftException
11-23 20:56:44.232  8444  8444 E unknown:ReactHost: com.facebook.react.bridge.ReactNoCrashSoftException: raiseSoftException(callWithExistingReactInstance(callFunctionOnModule("RCTDeviceEventEmitter", "emit"))): Execute: reactInstance is null. Dropping work.
11-23 20:56:44.232  8444  8444 E unknown:ReactHost: 	at com.facebook.react.runtime.ReactHostImpl.raiseSoftException(ReactHostImpl.kt:826)
11-23 20:56:44.232  8444  8444 E unknown:ReactHost: 	at com.facebook.react.runtime.ReactHostImpl.raiseSoftException$default(ReactHostImpl.kt:817)
11-23 20:56:44.232  8444  8444 E unknown:ReactHost: 	at com.facebook.react.runtime.ReactHostImpl.callWithExistingReactInstance$lambda$29(ReactHostImpl.kt:842)
11-23 20:56:44.232  8444  8444 E unknown:ReactHost: 	at com.facebook.react.runtime.ReactHostImpl.$r8$lambda$FwZmOnLtIB7dK7-W4XUd-0shzQ0(Unknown Source:0)
11-23 20:56:44.232  8444  8444 E unknown:ReactHost: 	at com.facebook.react.runtime.ReactHostImpl$$ExternalSyntheticLambda32.then(D8$$SyntheticClass:0)
11-23 20:56:44.232  8444  8444 E unknown:ReactHost: 	at com.facebook.react.runtime.internal.bolts.Task$Companion.completeImmediately$lambda$3(Task.kt:360)
11-23 20:56:44.232  8444  8444 E unknown:ReactHost: 	at com.facebook.react.runtime.internal.bolts.Task$Companion.$r8$lambda$b7MTC0ufkn_2TjF4BGcNqGR9qK0(Unknown Source:0)
11-23 20:56:44.232  8444  8444 E unknown:ReactHost: 	at com.facebook.react.runtime.internal.bolts.Task$Companion$$ExternalSyntheticLambda3.run(D8$$SyntheticClass:0)
11-23 20:56:44.232  8444  8444 E unknown:ReactHost: 	at com.facebook.react.runtime.internal.bolts.Executors$ImmediateExecutor.execute(Executors.kt:41)
11-23 20:56:44.232  8444  8444 E unknown:ReactHost: 	at com.facebook.react.runtime.internal.bolts.Task$Companion.completeImmediately(Task.kt:358)
11-23 20:56:44.232  8444  8444 E unknown:ReactHost: 	at com.facebook.react.runtime.internal.bolts.Task$Companion.access$completeImmediately(Task.kt:254)
11-23 20:56:44.232  8444  8444 E unknown:ReactHost: 	at com.facebook.react.runtime.internal.bolts.Task.continueWith(Task.kt:133)
11-23 20:56:44.232  8444  8444 E unknown:ReactHost: 	at com.facebook.react.runtime.internal.bolts.Task.continueWith$default(Task.kt:117)
11-23 20:56:44.232  8444  8444 E unknown:ReactHost: 	at com.facebook.react.runtime.internal.bolts.Task.onSuccess$lambda$12(Task.kt:176)
11-23 20:56:44.232  8444  8444 E unknown:ReactHost: 	at com.facebook.react.runtime.internal.bolts.Task.$r8$lambda$l0wwo5AvbHxlwfI1R7CH_codxoo(Unknown Source:0)
11-23 20:56:44.232  8444  8444 E unknown:ReactHost: 	at com.facebook.react.runtime.internal.bolts.Task$$ExternalSyntheticLambda2.then(D8$$SyntheticClass:0)
11-23 20:56:44.232  8444  8444 E unknown:ReactHost: 	at com.facebook.react.runtime.internal.bolts.Task$Companion.completeAfterTask$lambda$5(Task.kt:394)
11-23 20:56:44.232  8444  8444 E unknown:ReactHost: 	at com.facebook.react.runtime.internal.bolts.Task$Companion.$r8$lambda$IPpysnehFwANEiW061YzapkMdoE(Unknown Source:0)
11-23 20:56:44.232  8444  8444 E unknown:ReactHost: 	at com.facebook.react.runtime.internal.bolts.Task$Companion$$ExternalSyntheticLambda4.run(D8$$SyntheticClass:0)
11-23 20:56:44.232  8444  8444 E unknown:ReactHost: 	at com.facebook.react.runtime.internal.bolts.Executors$ImmediateExecutor.execute(Executors.kt:41)
11-23 20:56:44.232  8444  8444 E unknown:ReactHost: 	at com.facebook.react.runtime.internal.bolts.Task$Companion.completeAfterTask(Task.kt:392)
11-23 20:56:44.232  8444  8444 E unknown:ReactHost: 	at com.facebook.react.runtime.internal.bolts.Task$Companion.access$completeAfterTask(Task.kt:254)
11-23 20:56:44.232  8444  8444 E unknown:ReactHost: 	at com.facebook.react.runtime.internal.bolts.Task.continueWithTask(Task.kt:158)
11-23 20:56:44.232  8444  8444 E unknown:ReactHost: 	at com.facebook.react.runtime.internal.bolts.Task.onSuccess(Task.kt:171)
11-23 20:56:44.232  8444  8444 E unknown:ReactHost: 	at com.facebook.react.runtime.ReactHostImpl.callWithExistingReactInstance(ReactHostImpl.kt:838)
11-23 20:56:44.232  8444  8444 E unknown:ReactHost: 	at com.facebook.react.runtime.ReactHostImpl.callWithExistingReactInstance$default(ReactHostImpl.kt:831)
11-23 20:56:44.232  8444  8444 E unknown:ReactHost: 	at com.facebook.react.runtime.ReactHostImpl.callFunctionOnModule$ReactAndroid_debug(ReactHostImpl.kt:719)
11-23 20:56:44.232  8444  8444 E unknown:ReactHost: 	at com.facebook.react.runtime.BridgelessReactContext.emitDeviceEvent(BridgelessReactContext.kt:143)
11-23 20:56:44.232  8444  8444 E unknown:ReactHost: 	at com.facebook.react.modules.appstate.AppStateModule.sendEvent(AppStateModule.kt:71)
11-23 20:56:44.232  8444  8444 E unknown:ReactHost: 	at com.facebook.react.modules.appstate.AppStateModule.sendAppStateChangeEvent(AppStateModule.kt:75)
11-23 20:56:44.232  8444  8444 E unknown:ReactHost: 	at com.facebook.react.modules.appstate.AppStateModule.onHostPause(AppStateModule.kt:48)
11-23 20:56:44.232  8444  8444 E unknown:ReactHost: 	at com.facebook.react.bridge.ReactContext.onHostPause(ReactContext.java:296)
11-23 20:56:44.232  8444  8444 E unknown:ReactHost: 	at com.facebook.react.runtime.ReactHostImpl.getOrCreateReloadTask$lambda$49(ReactHostImpl.kt:1261)
11-23 20:56:44.232  8444  8444 E unknown:ReactHost: 	at com.facebook.react.runtime.ReactHostImpl.$r8$lambda$5qPaSKaMWJBaRcQgKMWsr2cuXrE(Unknown Source:0)
11-23 20:56:44.232  8444  8444 E unknown:ReactHost: 	at com.facebook.react.runtime.ReactHostImpl$$ExternalSyntheticLambda7.then(D8$$SyntheticClass:0)
11-23 20:56:44.232  8444  8444 E unknown:ReactHost: 	at com.facebook.react.runtime.internal.bolts.Task$Companion.completeAfterTask$lambda$5(Task.kt:394)
11-23 20:56:44.232  8444  8444 E unknown:ReactHost: 	at com.facebook.react.runtime.internal.bolts.Task$Companion.$r8$lambda$IPpysnehFwANEiW061YzapkMdoE(Unknown Source:0)
11-23 20:56:44.232  8444  8444 E unknown:ReactHost: 	at com.facebook.react.runtime.internal.bolts.Task$Companion$$ExternalSyntheticLambda4.run(D8$$SyntheticClass:0)
11-23 20:56:44.232  8444  8444 E unknown:ReactHost: 	at android.os.Handler.handleCallback(Handler.java:995)
11-23 20:56:44.232  8444  8444 E unknown:ReactHost: 	at android.os.Handler.dispatchMessage(Handler.java:103)
11-23 20:56:44.232  8444  8444 E unknown:ReactHost: 	at android.os.Looper.loopOnce(Looper.java:273)
11-23 20:56:44.232  8444  8444 E unknown:ReactHost: 	at android.os.Looper.loop(Looper.java:363)
11-23 20:56:44.232  8444  8444 E unknown:ReactHost: 	at android.app.ActivityThread.main(ActivityThread.java:10060)
11-23 20:56:44.232  8444  8444 E unknown:ReactHost: 	at java.lang.reflect.Method.invoke(Native Method)
11-23 20:56:44.232  8444  8444 E unknown:ReactHost: 	at com.android.internal.os.RuntimeInit$MethodAndArgsCaller.run(RuntimeInit.java:632)
11-23 20:56:44.232  8444  8444 E unknown:ReactHost: 	at com.android.internal.os.ZygoteInit.main(ZygoteInit.java:975)
11-23 20:56:44.232  8444  8520 W unknown:BridgelessReact: ReactHost{0}.getOrCreateReloadTask(): Stopping all React Native surfaces
11-23 20:56:44.232  8444  8520 E unknown:SurfaceMountingManager: Stopping surface [1]
11-23 20:56:44.237  8444  8444 E unknown:IntBufferBatchMountItem: Skipping batch of MountItems; was stopped [1].
11-23 20:56:44.238  8444  8444 I ReactNative: [GESTURE HANDLER] Tearing down gesture handler registered for root view com.facebook.react.runtime.ReactSurfaceView{f1dc87c V.E...... ........ 0,0-1440,3088 #1}
11-23 20:56:44.241  8444  8444 E unknown:SurfaceMountingManager: Surface [1] was stopped on SurfaceMountingManager.
11-23 20:56:44.281  8444  9486 I ReactNativeJS: [MemoryMonitor] Stopped
11-23 20:56:44.282  8444  8444 W unknown:BridgelessReact: ReactHost{0}.getOrCreateReloadTask(): Removing memory pressure listener
11-23 20:56:44.282  8444  8444 W unknown:BridgelessReact: ReactHost{0}.getOrCreateReloadTask(): Resetting ReactContext ref
11-23 20:56:44.282  8444  8444 W unknown:BridgelessReact: ReactHost{0}.getOrCreateReloadTask(): Destroying ReactContext
11-23 20:56:44.282  8444  8444 W unknown:BridgelessReact: ReactHost{0}.getOrCreateReloadTask(): Calling DevSupportManager.onReactInstanceDestroyed(reactContext)
11-23 20:56:44.282  8444  8444 W unknown:ReactNative: Packager connection already open, nooping.
11-23 20:56:44.403  8444  8444 I ev.souschef.app: Explicit concurrent mark compact GC freed 20MB AllocSpace bytes, 94(7144KB) LOS objects, 66% free, 14MB/44MB, paused 1.096ms,4.145ms total 120.270ms
11-23 20:56:44.404  8444  8520 W unknown:BridgelessReact: ReactHost{0}.getOrCreateReloadTask(): Resetting ReactInstance ptr
11-23 20:56:44.404  8444  8520 W unknown:BridgelessReact: ReactHost{0}.getOrCreateReloadTask(): Destroying ReactInstance
11-23 20:56:44.407  8444  8520 D ConnectivityManager: StackLog: [android.net.ConnectivityManager.unregisterNetworkCallback(ConnectivityManager.java:5571)] [com.reactnativecommunity.netinfo.NetworkCallbackConnectivityReceiver.unregister(NetworkCallbackConnectivityReceiver.java:71)] [com.reactnativecommunity.netinfo.NetInfoModule.invalidate(NetInfoModule.java:56)] [com.facebook.react.internal.turbomodule.core.TurboModuleManager.invalidate(TurboModuleManager.kt:345)] [com.facebook.react.runtime.ReactInstance.destroy(ReactInstance.kt:420)] [com.facebook.react.runtime.ReactHostImpl.getOrCreateReloadTask$lambda$53(ReactHostImpl.kt:1318)] [com.facebook.react.runtime.ReactHostImpl.$r8$lambda$mFfCh8lHgA6uurPLct5tIl3YwVQ(Unknown Source:0)] [com.facebook.react.runtime.ReactHostImpl$$ExternalSyntheticLambda10.then(D8$$SyntheticClass:0)] [com.facebook.react.runtime.internal.bolts.Task$Companion.completeAfterTask$lambda$5(Task.kt:394)] [com.facebook.react.runtime.internal.bolts.Task$Companion.$r8$lambda$IPpysnehFwANEiW061YzapkMdoE(Unknown Source:0)] [com.facebook.react.runtime.internal.bolts.Task$Companion$$ExternalSyntheticLambda4.run(D8$$SyntheticClass:0)] [java.util.concurrent.ThreadPoolExecutor.runWorker(ThreadPoolExecutor.java:1156)] [java.util.concurrent.ThreadPoolExecutor$Worker.run(ThreadPoolExecutor.java:651)] [java.lang.Thread.run(Thread.java:1119)]
11-23 20:56:44.411  8444  8520 W unknown:ReactNative: Tried to enqueue runnable on already finished thread: 'v_native... dropping Runnable.
11-23 20:56:44.412  8444  8520 E unknown:ReactNative: Tried to remove non-existent frame callback
11-23 20:56:44.415  8444  8520 W unknown:ReactNative: Tried to enqueue runnable on already finished thread: 'v_native... dropping Runnable.
11-23 20:56:44.415  8444  8520 W unknown:ReactNative: Tried to enqueue runnable on already finished thread: 'v_native... dropping Runnable.
11-23 20:56:44.415  8444  8520 W unknown:ReactNative: Tried to enqueue runnable on already finished thread: 'v_native... dropping Runnable.
11-23 20:56:44.415  8444  8520 W unknown:ReactNative: Tried to enqueue runnable on already finished thread: 'v_native... dropping Runnable.
11-23 20:56:44.415  8444  8520 W unknown:ReactNative: Tried to enqueue runnable on already finished thread: 'v_native... dropping Runnable.
11-23 20:56:44.415  8444  8520 W unknown:ReactNative: Tried to enqueue runnable on already finished thread: 'v_native... dropping Runnable.
11-23 20:56:44.416  8444  8520 W unknown:ReactNative: Tried to enqueue runnable on already finished thread: 'v_native... dropping Runnable.
11-23 20:56:44.416  8444  8520 W unknown:ReactNative: Tried to enqueue runnable on already finished thread: 'v_native... dropping Runnable.
11-23 20:56:44.417  8444  8520 W unknown:ReactNative: Tried to enqueue runnable on already finished thread: 'v_native... dropping Runnable.
11-23 20:56:44.417  8444  8520 W unknown:ReactNative: Tried to enqueue runnable on already finished thread: 'v_native... dropping Runnable.
11-23 20:56:44.417  8444  8520 W unknown:ReactNative: Tried to enqueue runnable on already finished thread: 'v_native... dropping Runnable.
11-23 20:56:44.417  8444  8520 W unknown:ReactNative: Tried to enqueue runnable on already finished thread: 'v_native... dropping Runnable.
11-23 20:56:44.417  8444  8520 W unknown:ReactNative: Tried to enqueue runnable on already finished thread: 'v_native... dropping Runnable.
11-23 20:56:44.417  8444  8520 W unknown:ReactNative: Tried to enqueue runnable on already finished thread: 'v_native... dropping Runnable.
11-23 20:56:44.417  8444  8520 W unknown:ReactNative: Tried to enqueue runnable on already finished thread: 'v_native... dropping Runnable.
11-23 20:56:44.417  8444  8520 W unknown:ReactNative: Tried to enqueue runnable on already finished thread: 'v_native... dropping Runnable.
11-23 20:56:44.417  8444  8520 W unknown:ReactNative: Tried to enqueue runnable on already finished thread: 'v_native... dropping Runnable.
11-23 20:56:44.418  8444  8520 W unknown:ReactNative: Tried to enqueue runnable on already finished thread: 'v_native... dropping Runnable.
11-23 20:56:44.418  8444  8520 I Nitro.JSICache: Destroying JSICache...
11-23 20:56:44.420  8444  8520 W unknown:ReactNative: Tried to enqueue runnable on already finished thread: 'v_native... dropping Runnable.
11-23 20:56:44.420  8444  8444 I BLASTBufferQueue_Java: update, w= 1440 h= 3088 mName = VRI[MainActivity]@8e53a52 mNativeObject= 0xb400007adda683b0 sc.mNativeObject= 0xb400007b7da3c350 format= -1 caller= android.view.ViewRootImpl.updateBlastSurfaceIfNeeded:3574 android.view.ViewRootImpl.relayoutWindow:11685 android.view.ViewRootImpl.performTraversals:4804 android.view.ViewRootImpl.doTraversal:3924 android.view.ViewRootImpl$TraversalRunnable.run:12903 android.view.Choreographer$CallbackRecord.run:1901 
11-23 20:56:44.421  8444  8520 W unknown:ReactNative: Tried to enqueue runnable on already finished thread: 'v_native... dropping Runnable.
11-23 20:56:44.421  8444  8520 W unknown:ReactNative: Tried to enqueue runnable on already finished thread: 'v_native... dropping Runnable.
11-23 20:56:44.421  8444  8520 W unknown:ReactNative: Tried to enqueue runnable on already finished thread: 'v_native... dropping Runnable.
11-23 20:56:44.421  8444  8520 W unknown:ReactNative: Tried to enqueue runnable on already finished thread: 'v_native... dropping Runnable.
11-23 20:56:44.421  8444  8520 W unknown:ReactNative: Tried to enqueue runnable on already finished thread: 'v_native... dropping Runnable.
11-23 20:56:44.422  8444  8520 W unknown:ReactNative: Tried to enqueue runnable on already finished thread: 'v_native... dropping Runnable.
11-23 20:56:44.422  8444  8520 W unknown:ReactNative: Tried to enqueue runnable on already finished thread: 'v_native... dropping Runnable.
11-23 20:56:44.422  8444  8520 W unknown:ReactNative: Tried to enqueue runnable on already finished thread: 'v_native... dropping Runnable.
11-23 20:56:44.423  8444  8444 I VRI[MainActivity]@8e53a52: Relayout returned: old=(0,0,1440,3088) new=(0,0,1440,3088) relayoutAsync=true req=(1440,3088)0 dur=1 res=0x0 s={true 0xb400007beda57a40} ch=false seqId=0
11-23 20:56:44.423  8444  8520 W unknown:ReactNative: Tried to enqueue runnable on already finished thread: 'v_native... dropping Runnable.
11-23 20:56:44.424  8444  8444 I VRI[MainActivity]@8e53a52: registerCallbackForPendingTransactions
11-23 20:56:44.426  8444  8520 W System.err: java.lang.NoSuchFieldException: No field mIsFinished in class Lcom/facebook/react/bridge/queue/MessageQueueThreadImpl; (declaration of 'com.facebook.react.bridge.queue.MessageQueueThreadImpl' appears in /data/app/~~bBwPVJQFDN13MvDQ4-YyBg==/dev.souschef.app-h9nPUn9fKtcGOtyFkdyp8Q==/base.apk!classes20.dex)
11-23 20:56:44.426  8444  8520 W System.err: 	at java.lang.Class.getDeclaredField(Native Method)
11-23 20:56:44.426  8444  8520 W System.err: 	at com.swmansion.worklets.WorkletsMessageQueueThreadBase.quitSynchronous(WorkletsMessageQueueThreadBase.java:55)
11-23 20:56:44.426  8444  8520 W System.err: 	at com.facebook.jni.HybridData$Destructor.deleteNative(Native Method)
11-23 20:56:44.426  8444  8520 W System.err: 	at com.facebook.jni.HybridData$Destructor.destruct(HybridData.java:82)
11-23 20:56:44.426  8444  8520 W System.err: 	at com.facebook.jni.HybridData.resetNative(HybridData.java:48)
11-23 20:56:44.426  8444  8520 W System.err: 	at com.facebook.react.runtime.ReactInstance.destroy(ReactInstance.kt:423)
11-23 20:56:44.426  8444  8520 W System.err: 	at com.facebook.react.runtime.ReactHostImpl.getOrCreateReloadTask$lambda$53(ReactHostImpl.kt:1318)
11-23 20:56:44.426  8444  8520 W System.err: 	at com.facebook.react.runtime.ReactHostImpl.$r8$lambda$mFfCh8lHgA6uurPLct5tIl3YwVQ(Unknown Source:0)
11-23 20:56:44.426  8444  8520 W System.err: 	at com.facebook.react.runtime.ReactHostImpl$$ExternalSyntheticLambda10.then(D8$$SyntheticClass:0)
11-23 20:56:44.426  8444  8520 W System.err: 	at com.facebook.react.runtime.internal.bolts.Task$Companion.completeAfterTask$lambda$5(Task.kt:394)
11-23 20:56:44.426  8444  8520 W System.err: 	at com.facebook.react.runtime.internal.bolts.Task$Companion.$r8$lambda$IPpysnehFwANEiW061YzapkMdoE(Unknown Source:0)
11-23 20:56:44.426  8444  8520 W System.err: 	at com.facebook.react.runtime.internal.bolts.Task$Companion$$ExternalSyntheticLambda4.run(D8$$SyntheticClass:0)
11-23 20:56:44.427  8444  8520 W System.err: 	at java.util.concurrent.ThreadPoolExecutor.runWorker(ThreadPoolExecutor.java:1156)
11-23 20:56:44.427  8444  8520 W System.err: 	at java.util.concurrent.ThreadPoolExecutor$Worker.run(ThreadPoolExecutor.java:651)
11-23 20:56:44.427  8444  8520 W System.err: 	at java.lang.Thread.run(Thread.java:1119)
11-23 20:56:44.427  8444  8520 W System.err: java.lang.NoSuchFieldException: No field mIsFinished in class Lcom/facebook/react/bridge/queue/MessageQueueThreadImpl; (declaration of 'com.facebook.react.bridge.queue.MessageQueueThreadImpl' appears in /data/app/~~bBwPVJQFDN13MvDQ4-YyBg==/dev.souschef.app-h9nPUn9fKtcGOtyFkdyp8Q==/base.apk!classes20.dex)
11-23 20:56:44.427  8444  8524 I VRI[MainActivity]@8e53a52: mWNT: t=0xb400007c8dd1d190 mBlastBufferQueue=0xb400007adda683b0 fn= 1262 HdrRenderState mRenderHdrSdrRatio=1.0 caller= android.view.ViewRootImpl$10.onFrameDraw:6536 android.view.ViewRootImpl$4.onFrameDraw:2489 android.view.ThreadedRenderer$1.onFrameDraw:718 
11-23 20:56:44.427  8444  8520 W System.err: 	at java.lang.Class.getDeclaredField(Native Method)
11-23 20:56:44.427  8444  8520 W System.err: 	at com.swmansion.worklets.WorkletsMessageQueueThreadBase.quitSynchronous(WorkletsMessageQueueThreadBase.java:55)
11-23 20:56:44.427  8444  8520 W System.err: 	at com.facebook.jni.HybridData$Destructor.deleteNative(Native Method)
11-23 20:56:44.427  8444  8520 W System.err: 	at com.facebook.jni.HybridData$Destructor.destruct(HybridData.java:82)
11-23 20:56:44.427  8444  8520 W System.err: 	at com.facebook.jni.HybridData.resetNative(HybridData.java:48)
11-23 20:56:44.427  8444  8520 W System.err: 	at com.facebook.react.runtime.ReactInstance.destroy(ReactInstance.kt:423)
11-23 20:56:44.427  8444  8520 W System.err: 	at com.facebook.react.runtime.ReactHostImpl.getOrCreateReloadTask$lambda$53(ReactHostImpl.kt:1318)
11-23 20:56:44.427  8444  8520 W System.err: 	at com.facebook.react.runtime.ReactHostImpl.$r8$lambda$mFfCh8lHgA6uurPLct5tIl3YwVQ(Unknown Source:0)
11-23 20:56:44.427  8444  8520 W System.err: 	at com.facebook.react.runtime.ReactHostImpl$$ExternalSyntheticLambda10.then(D8$$SyntheticClass:0)
11-23 20:56:44.428  8444  8520 W System.err: 	at com.facebook.react.runtime.internal.bolts.Task$Companion.completeAfterTask$lambda$5(Task.kt:394)
11-23 20:56:44.428  8444  8520 W System.err: 	at com.facebook.react.runtime.internal.bolts.Task$Companion.$r8$lambda$IPpysnehFwANEiW061YzapkMdoE(Unknown Source:0)
11-23 20:56:44.428  8444  8520 W System.err: 	at com.facebook.react.runtime.internal.bolts.Task$Companion$$ExternalSyntheticLambda4.run(D8$$SyntheticClass:0)
11-23 20:56:44.428  8444  8520 W System.err: 	at java.util.concurrent.ThreadPoolExecutor.runWorker(ThreadPoolExecutor.java:1156)
11-23 20:56:44.428  8444  8520 W System.err: 	at java.util.concurrent.ThreadPoolExecutor$Worker.run(ThreadPoolExecutor.java:651)
11-23 20:56:44.428  8444  8520 W System.err: 	at java.lang.Thread.run(Thread.java:1119)
11-23 20:56:44.436  8444  8520 W unknown:ReactNative: Tried to enqueue runnable on already finished thread: 'v_native... dropping Runnable.
11-23 20:56:44.436  8444  8520 W unknown:ReactNative: Tried to enqueue runnable on already finished thread: 'v_native... dropping Runnable.
11-23 20:56:44.436  8444  8520 W unknown:ReactNative: Tried to enqueue runnable on already finished thread: 'v_native... dropping Runnable.
11-23 20:56:44.439  8444  8520 W unknown:ReactNative: Tried to enqueue runnable on already finished thread: 'v_native... dropping Runnable.
11-23 20:56:44.439  8444  8520 W unknown:ReactNative: Tried to enqueue runnable on already finished thread: 'v_native... dropping Runnable.
11-23 20:56:44.439  8444  8520 W unknown:ReactNative: Tried to enqueue runnable on already finished thread: 'v_native... dropping Runnable.
11-23 20:56:44.655  8444  8520 W unknown:BridgelessReact: ReactHost{0}.getOrCreateReloadTask(): Resetting start task ref
11-23 20:56:44.655  8444  8520 W unknown:BridgelessReact: ReactHost{0}.getOrCreateReactInstanceTask()
11-23 20:56:44.655  8444  8520 W unknown:BridgelessReact: ReactHost{0}.getOrCreateReactInstanceTask(): Start
11-23 20:56:44.655  8444  8520 D Detox.RNMarker: REACT_BRIDGELESS_LOADING_START (null)
11-23 20:56:44.655  8444  8520 W unknown:BridgelessReact: ReactHost{0}.getJSBundleLoader()
11-23 20:56:44.655  8444  8520 W unknown:BridgelessReact: ReactHost{0}.isMetroRunning()
11-23 20:56:44.674  8444  8521 W unknown:BridgelessReact: ReactHost{0}.isMetroRunning(): Async result = true
11-23 20:56:44.675  8444  8520 W unknown:BridgelessReact: ReactHost{0}.loadJSBundleFromMetro()
11-23 20:56:44.676  8444  8520 D Detox.RNMarker: DOWNLOAD_START (null)
11-23 20:56:44.681  8444  8444 I WindowManager: WindowManagerGlobal#addView, ty=1000, view=android.widget.PopupWindow$PopupDecorView{9aff366 V.E...... R.....I. 0,0-0,0}, caller=android.view.WindowManagerImpl.addView:158 android.widget.PopupWindow.invokePopup:1692 android.widget.PopupWindow.showAtLocation:1418 
11-23 20:56:44.682  8444  8444 D ViewRootImpl: desktopMode is false
11-23 20:56:44.682  8444  8444 I ViewRootImpl: dVRR is disabled
11-23 20:56:44.683  8444  8506 D NativeCustomFrequencyManager: [NativeCFMS] BpCustomFrequencyManager::BpCustomFrequencyManager()
11-23 20:56:44.697  8444  8444 D InputTransport: Input channel constructed: '61f99b ', fd=201
11-23 20:56:44.698  8444  8444 I InsetsController: onStateChanged: host=PopupWindow:c074fc1, from=android.view.ViewRootImpl.onInsetsStateChanged:3026, state=InsetsState: {mDisplayFrame=Rect(0, 0 - 1440, 3088), mDisplayCutout=DisplayCutout{insets=Rect(0, 100 - 0, 0) waterfall=Insets{left=0, top=0, right=0, bottom=0} boundingRect={Bounds=[Rect(0, 0 - 0, 0), Rect(683, 0 - 758, 100), Rect(0, 0 - 0, 0), Rect(0, 0 - 0, 0)]} cutoutPathParserInfo={CutoutPathParserInfo{displayWidth=1440 displayHeight=3088 physicalDisplayWidth=1440 physicalDisplayHeight=3088 density={3.75} cutoutSpec={M 0,0 H -10 V 26.66666666666667 H 10 V 0 H 0 Z @dp} rotation={0} scale={1.0} physicalPixelDisplaySizeRatio={1.0}}} sideOverrides={}}, mRoundedCorners=RoundedCorners{[RoundedCorner{position=TopLeft, radius=15, center=Point(15, 15)}, RoundedCorner{position=TopRight, radius=15, center=Point(1425, 15)}, RoundedCorner{position=BottomRight, radius=15, center=Point(1425, 3073)}, RoundedCorner{position=BottomLeft, radius=15, center=Point(15, 3073)}]}  mRoundedCornerFrame=Rect(0, 0 - 1440, 3088), mPrivacyIndicatorBounds=PrivacyIndicatorBounds {static bounds=Rect(1275, 0 - 1440, 100) rotation=0}, mDisplayShape=DisplayShape{ spec=-311912193 displayWidth=1440 displayHeight=3088 physicalPixelDisplaySizeRatio=1.0 rotation=0 offsetX=0 offsetY=0 scale=1.0}, mSources= { InsetsSource: {b11d0001 mType=navigationBars mFrame=[0,3032][1440,3088] mVisible=true mFlags=SUPPRESS_SCRIM mSideHint=BOTTOM mBoundingRects=null}, InsetsSource: {b11d0004 mType=systemGestures mFrame=[0,0][84,3088] mVisible=true mFlags= mSideHint=LEFT mBoundingRects=null}, InsetsSource: {b11d0005 mType=mandatorySystemGestures mFrame=[0,2968][1440,3088] mVisible=true mFlags= mSideHint=BOTTOM mBoundingRects=null}, InsetsSource: {b11d0006 mType=tappableElement mFrame=[0,0][0,0] mVisible=true mFlags= mSideHint=NONE mBoundingRects=null}, InsetsSource: {b11d0024 mType=systemGestures mFrame=[1356,0][1440,3088] mVisible=true mFlags= mSideHint=RIGHT mBoundingRects=null}, InsetsSource: {ecac0000 mType=statusBars mFrame=[0,0][1440,100] mVisible=true mFlags= mSideHint=TOP mBoundingRects=null}, InsetsSource: {ecac0005 mType=mandatorySystemGestures mFrame=[0,0][1440,145] mVisible=true mFlags= mSideHint=TOP mBoundingRects=null}, InsetsSource: {ecac0006 mType=tappableElement mFrame=[0,0][1440,100] mVisible=true mFlags= mSideHint=TOP mBoundingRects=null}, InsetsSource: {27 mType=displayCutout mFrame=[0,0][1440,100] mVisible=true mFlags= mSideHint=TOP mBoundingRects=null} }
11-23 20:56:44.700  8444  8444 I VRI[PopupWindow:c074fc1]@2f7e6a7: synced displayState. AttachInfo displayState=2
11-23 20:56:44.706  8444  8444 I VRI[PopupWindow:c074fc1]@2f7e6a7: setView = android.widget.PopupWindow$PopupDecorView@9aff366 IsHRR=false mFlingFrameRateChange=0 TM=true
11-23 20:56:44.709  8444  8506 D HWUI    : HWUI - treat SMPTE_170M as sRGB
11-23 20:56:44.721  8444  8444 W libc    : Access denied finding property "vendor.display.enable_optimal_refresh_rate"
11-23 20:56:44.721  8444  8444 I BufferQueueProducer: [](id:20fc0000000b,api:0,p:500136528,c:8444) setDequeueTimeout:2077252342
11-23 20:56:44.722  8444  8444 I BLASTBufferQueue_Java: new BLASTBufferQueue, mName= VRI[PopupWindow:c074fc1]@2f7e6a7 mNativeObject= 0xb400007addcfecf0 caller= android.view.ViewRootImpl.updateBlastSurfaceIfNeeded:3585 android.view.ViewRootImpl.relayoutWindow:11685 android.view.ViewRootImpl.performTraversals:4804 android.view.ViewRootImpl.doTraversal:3924 android.view.ViewRootImpl$TraversalRunnable.run:12903 android.view.Choreographer$CallbackRecord.run:1901 android.view.Choreographer$CallbackRecord.run:1910 android.view.Choreographer.doCallbacks:1367 android.view.Choreographer.doFrame:1292 android.view.Choreographer$FrameDisplayEventReceiver.run:1870 
11-23 20:56:44.722  8444  8444 I BLASTBufferQueue_Java: update, w= 1440 h= 94 mName = VRI[PopupWindow:c074fc1]@2f7e6a7 mNativeObject= 0xb400007addcfecf0 sc.mNativeObject= 0xb400007b7da73250 format= -3 caller= android.view.ViewRootImpl.updateBlastSurfaceIfNeeded:3590 android.view.ViewRootImpl.relayoutWindow:11685 android.view.ViewRootImpl.performTraversals:4804 android.view.ViewRootImpl.doTraversal:3924 android.view.ViewRootImpl$TraversalRunnable.run:12903 android.view.Choreographer$CallbackRecord.run:1901 
11-23 20:56:44.723  8444  8444 W libc    : Access denied finding property "vendor.display.enable_optimal_refresh_rate"
11-23 20:56:44.723  8444  8444 I VRI[PopupWindow:c074fc1]@2f7e6a7: Relayout returned: old=(0,100,1440,3032) new=(0,100,1440,194) relayoutAsync=false req=(1440,94)0 dur=9 res=0x3 s={true 0xb400007bee083a50} ch=true seqId=0
11-23 20:56:44.725  8444  8444 I VRI[PopupWindow:c074fc1]@2f7e6a7: performConfigurationChange setNightDimText nightDimLevel=0
11-23 20:56:44.726  8444  8444 D VRI[PopupWindow:c074fc1]@2f7e6a7: mThreadedRenderer.initialize() mSurface={isValid=true 0xb400007bee083a50} hwInitialized=true
11-23 20:56:44.727  8444  8444 D VRI[PopupWindow:c074fc1]@2f7e6a7: reportNextDraw android.view.ViewRootImpl.performTraversals:5443 android.view.ViewRootImpl.doTraversal:3924 android.view.ViewRootImpl$TraversalRunnable.run:12903 android.view.Choreographer$CallbackRecord.run:1901 android.view.Choreographer$CallbackRecord.run:1910 
11-23 20:56:44.727  8444  8444 D VRI[PopupWindow:c074fc1]@2f7e6a7: Setup new sync=wmsSync-VRI[PopupWindow:c074fc1]@2f7e6a7#36
11-23 20:56:44.727  8444  8444 I VRI[PopupWindow:c074fc1]@2f7e6a7: Creating new active sync group VRI[PopupWindow:c074fc1]@2f7e6a7#37
11-23 20:56:44.728  8444  8444 D VRI[PopupWindow:c074fc1]@2f7e6a7: registerCallbacksForSync syncBuffer=false
11-23 20:56:44.730  8444  8526 D VRI[PopupWindow:c074fc1]@2f7e6a7: Received frameDrawingCallback syncResult=0 frameNum=1.
11-23 20:56:44.731  8444  8526 I VRI[PopupWindow:c074fc1]@2f7e6a7: mWNT: t=0xb400007c8dc40610 mBlastBufferQueue=0xb400007addcfecf0 fn= 1 HdrRenderState mRenderHdrSdrRatio=1.0 caller= android.view.ViewRootImpl$12.onFrameDraw:15441 android.view.ThreadedRenderer$1.onFrameDraw:718 <bottom of call stack> 
11-23 20:56:44.731  8444  8526 I VRI[PopupWindow:c074fc1]@2f7e6a7: Setting up sync and frameCommitCallback
11-23 20:56:44.731  8444  8506 I BLASTBufferQueue: [VRI[PopupWindow:c074fc1]@2f7e6a7#11](f:0,a:0,s:0) onFrameAvailable the first frame is available
11-23 20:56:44.731  8444  8506 I SurfaceComposerClient: apply transaction with the first frame. layerId: 57782, bufferData(ID: 36266703847469, frameNumber: 1)
11-23 20:56:44.734  8444  8506 I VRI[PopupWindow:c074fc1]@2f7e6a7: Received frameCommittedCallback lastAttemptedDrawFrameNum=1 didProduceBuffer=true
11-23 20:56:44.735  8444  8506 D HWUI    : CFMS:: SetUp Pid : 8444    Tid : 8506
11-23 20:56:44.735  8444  8444 D VRI[PopupWindow:c074fc1]@2f7e6a7: reportDrawFinished seqId=0
11-23 20:56:44.736  8444  8444 I VRI[PopupWindow:c074fc1]@2f7e6a7: handleResized, frames=ClientWindowFrames{frame=[0,100][1440,194] display=[0,100][1440,3032] parentFrame=[0,0][0,0] attachedFrame=[0,0][1440,3088]} displayId=0 dragResizing=false compatScale=1.0 frameChanged=false attachedFrameChanged=false configChanged=false displayChanged=false compatScaleChanged=false dragResizingChanged=false
11-23 20:56:44.736  8444  8444 I VRI[PopupWindow:c074fc1]@2f7e6a7: handleResized mSyncSeqId = 0
11-23 20:56:44.737  8444  8444 D VRI[PopupWindow:c074fc1]@2f7e6a7: reportNextDraw android.view.ViewRootImpl.handleResized:2983 android.view.ViewRootImpl.-$$Nest$mhandleResized:0 android.view.ViewRootImpl$W.resized:14082 android.app.servertransaction.WindowStateResizeItem.execute:93 android.app.servertransaction.WindowStateTransactionItem.execute:62 
11-23 20:56:44.737  8444  8444 D VRI[PopupWindow:c074fc1]@2f7e6a7: Setup new sync=wmsSync-VRI[PopupWindow:c074fc1]@2f7e6a7#38
11-23 20:56:44.737  8444  8444 I VRI[PopupWindow:c074fc1]@2f7e6a7: Creating new active sync group VRI[PopupWindow:c074fc1]@2f7e6a7#39
11-23 20:56:44.738  8444  8444 D VRI[PopupWindow:c074fc1]@2f7e6a7: registerCallbacksForSync syncBuffer=false
11-23 20:56:44.738  8444  8524 D VRI[PopupWindow:c074fc1]@2f7e6a7: Received frameDrawingCallback syncResult=0 frameNum=2.
11-23 20:56:44.738  8444  8524 I VRI[PopupWindow:c074fc1]@2f7e6a7: Setting up sync and frameCommitCallback
11-23 20:56:44.738  8444  8506 I VRI[PopupWindow:c074fc1]@2f7e6a7: Received frameCommittedCallback lastAttemptedDrawFrameNum=2 didProduceBuffer=false
11-23 20:56:44.738  8444  8506 I BLASTBufferQueue_Java: gatherPendingTransactions, mName= VRI[PopupWindow:c074fc1]@2f7e6a7 mNativeObject= 0xb400007addcfecf0 frameNumber= 2 caller= android.view.ViewRootImpl$12.lambda$onFrameDraw$3:15525 android.view.ViewRootImpl$12.$r8$lambda$CTo3ExVBk8akdVTGlqHPAoYLRVI:0 android.view.ViewRootImpl$12$$ExternalSyntheticLambda1.onFrameCommit:0 android.view.ThreadedRenderer$1.lambda$onFrameDraw$0:730 android.view.ThreadedRenderer$1$$ExternalSyntheticLambda0.onFrameCommit:0 <bottom of call stack> 
11-23 20:56:44.739  8444  8444 D VRI[PopupWindow:c074fc1]@2f7e6a7: reportDrawFinished seqId=0
11-23 20:56:45.522  8444  8521 D Detox.RNMarker: DOWNLOAD_END ({"url":"http:\/\/localhost:8081\/index.bundle?platform=android&dev=true&lazy=true&minify=false&app=dev.souschef.app&modulesOnly=false&runModule=true&excludeSource=true&sourcePaths=url-server","filesChangedCount":0})
11-23 20:56:45.523  8444  8444 W WindowOnBackDispatcher: sendCancelIfRunning: isInProgress=false callback=android.widget.PopupWindow$PopupDecorView$$ExternalSyntheticLambda1@d37dff2
11-23 20:56:45.523  8444  8521 W unknown:BridgelessReact: ReactHost{0}.loadJSBundleFromMetro(): Creating BundleLoader
11-23 20:56:45.523  8444  8444 I WindowManager: WindowManagerGlobal#removeView, ty=1000, view=android.widget.PopupWindow$PopupDecorView{9aff366 V.E...... R....... 0,0-1440,94}, caller=android.view.WindowManagerGlobal.removeView:654 android.view.WindowManagerImpl.removeViewImmediate:216 android.widget.PopupWindow.dismissImmediate:2415 
11-23 20:56:45.524  8444  8520 W unknown:BridgelessReact: ReactHost{0}.getOrCreateReactContext(): Creating BridgelessReactContext
11-23 20:56:45.524  8444  8520 W unknown:BridgelessReact: ReactHost{0}.getOrCreateReactInstanceTask(): Creating ReactInstance
11-23 20:56:45.526  8444  8520 W unknown:ReactNative: Inspector connection already open, nooping.
11-23 20:56:45.530  8444  8444 I VRI[PopupWindow:c074fc1]@2f7e6a7: dispatchDetachedFromWindow
11-23 20:56:45.538  8444  8444 D InputTransport: Input channel destroyed: '61f99b ', fd=201
11-23 20:56:45.545  8444  8725 I CameraDevices: Initializing ProcessCameraProvider...
11-23 20:56:45.546  8444  8725 I CameraDevices: Initializing ExtensionsManager...
11-23 20:56:45.546  8444  8725 I CameraDevices: Successfully initialized!
11-23 20:56:45.548  8444  8725 D CapabilitiesByQuality: profiles = ImmutableEncoderProfilesProxy{defaultDurationSeconds=30, recommendedFileFormat=2, audioProfiles=[AudioProfileProxy{codec=3, mediaType=audio/mp4a-latm, bitrate=256000, sampleRate=48000, channels=2, profile=1}], videoProfiles=[VideoProfileProxy{codec=2, mediaType=video/avc, bitrate=48000000, frameRate=30, width=3840, height=2160, profile=-1, bitDepth=8, chromaSubsampling=0, hdrFormat=0}]}
11-23 20:56:45.548  8444  8725 D CapabilitiesByQuality: profiles = ImmutableEncoderProfilesProxy{defaultDurationSeconds=30, recommendedFileFormat=2, audioProfiles=[AudioProfileProxy{codec=3, mediaType=audio/mp4a-latm, bitrate=256000, sampleRate=48000, channels=2, profile=1}], videoProfiles=[VideoProfileProxy{codec=2, mediaType=video/avc, bitrate=17000000, frameRate=30, width=1920, height=1080, profile=-1, bitDepth=8, chromaSubsampling=0, hdrFormat=0}]}
11-23 20:56:45.548  8444  8725 D CapabilitiesByQuality: profiles = ImmutableEncoderProfilesProxy{defaultDurationSeconds=30, recommendedFileFormat=2, audioProfiles=[AudioProfileProxy{codec=3, mediaType=audio/mp4a-latm, bitrate=256000, sampleRate=48000, channels=2, profile=1}], videoProfiles=[VideoProfileProxy{codec=2, mediaType=video/avc, bitrate=12000000, frameRate=30, width=1280, height=720, profile=-1, bitDepth=8, chromaSubsampling=0, hdrFormat=0}]}
11-23 20:56:45.548  8444  8725 D CapabilitiesByQuality: profiles = ImmutableEncoderProfilesProxy{defaultDurationSeconds=30, recommendedFileFormat=2, audioProfiles=[AudioProfileProxy{codec=3, mediaType=audio/mp4a-latm, bitrate=256000, sampleRate=48000, channels=2, profile=1}], videoProfiles=[VideoProfileProxy{codec=2, mediaType=video/avc, bitrate=3449000, frameRate=30, width=720, height=480, profile=-1, bitDepth=8, chromaSubsampling=0, hdrFormat=0}]}
11-23 20:56:45.549  8444  8725 D CameraCharacteristicsUtil: isAvailableFeature(mode 202) : true
11-23 20:56:45.549  8444  8725 D CameraCharacteristicsUtil: isAvailableDynamicShotInfo : true
11-23 20:56:45.549  8444  8725 D CameraCharacteristicsUtil: isAvailableFeature(mode 101) : true
11-23 20:56:45.549  8444  8725 I cx/HdrExt#48: isExtensionAvailable: cameraId = 0, false
11-23 20:56:45.550  8444  8725 D CameraCharacteristicsUtil: isAvailableFeature(mode 201) : true
11-23 20:56:45.550  8444  8725 D CameraCharacteristicsUtil: isAvailableDynamicShotInfo : true
11-23 20:56:45.550  8444  8725 D CameraCharacteristicsUtil: isAvailableFeature(mode 101) : true
11-23 20:56:45.550  8444  8725 I cx/NightExt#49: isExtensionAvailable: cameraId = 0, false
11-23 20:56:45.550  8444  8725 D CameraCharacteristicsUtil: isAvailableFeature(mode 203) : false
11-23 20:56:45.550  8444  8725 I cx/SuperNightExt#50: isExtensionAvailable: cameraId = 0, false
11-23 20:56:45.573  8444  9634 D InstallReferrerState: OK
11-23 20:56:45.586  8444  8725 D CapabilitiesByQuality: profiles = ImmutableEncoderProfilesProxy{defaultDurationSeconds=30, recommendedFileFormat=2, audioProfiles=[AudioProfileProxy{codec=3, mediaType=audio/mp4a-latm, bitrate=256000, sampleRate=48000, channels=2, profile=1}], videoProfiles=[VideoProfileProxy{codec=2, mediaType=video/avc, bitrate=17000000, frameRate=30, width=1920, height=1080, profile=-1, bitDepth=8, chromaSubsampling=0, hdrFormat=0}]}
11-23 20:56:45.587  8444  8725 D CapabilitiesByQuality: profiles = ImmutableEncoderProfilesProxy{defaultDurationSeconds=30, recommendedFileFormat=2, audioProfiles=[AudioProfileProxy{codec=3, mediaType=audio/mp4a-latm, bitrate=256000, sampleRate=48000, channels=2, profile=1}], videoProfiles=[VideoProfileProxy{codec=2, mediaType=video/avc, bitrate=12000000, frameRate=30, width=1280, height=720, profile=-1, bitDepth=8, chromaSubsampling=0, hdrFormat=0}]}
11-23 20:56:45.587  8444  8725 D CapabilitiesByQuality: profiles = ImmutableEncoderProfilesProxy{defaultDurationSeconds=30, recommendedFileFormat=2, audioProfiles=[AudioProfileProxy{codec=3, mediaType=audio/mp4a-latm, bitrate=256000, sampleRate=48000, channels=2, profile=1}], videoProfiles=[VideoProfileProxy{codec=2, mediaType=video/avc, bitrate=3449000, frameRate=30, width=720, height=480, profile=-1, bitDepth=8, chromaSubsampling=0, hdrFormat=0}]}
11-23 20:56:45.587  8444  8725 D CameraCharacteristicsUtil: isAvailableFeature(mode 202) : true
11-23 20:56:45.587  8444  8725 D CameraCharacteristicsUtil: isAvailableDynamicShotInfo : true
11-23 20:56:45.588  8444  8725 D CameraCharacteristicsUtil: isAvailableFeature(mode 101) : true
11-23 20:56:45.588  8444  8725 I cx/HdrExt#51: isExtensionAvailable: cameraId = 1, false
11-23 20:56:45.588  8444  8725 D CameraCharacteristicsUtil: isAvailableFeature(mode 201) : true
11-23 20:56:45.588  8444  8725 D CameraCharacteristicsUtil: isAvailableDynamicShotInfo : true
11-23 20:56:45.588  8444  8725 D CameraCharacteristicsUtil: isAvailableFeature(mode 101) : true
11-23 20:56:45.588  8444  8725 I cx/NightExt#52: isExtensionAvailable: cameraId = 1, false
11-23 20:56:45.588  8444  8725 D CameraCharacteristicsUtil: isAvailableFeature(mode 203) : false
11-23 20:56:45.588  8444  8725 I cx/SuperNightExt#53: isExtensionAvailable: cameraId = 1, false
11-23 20:56:45.611  8444  8725 D CapabilitiesByQuality: profiles = ImmutableEncoderProfilesProxy{defaultDurationSeconds=30, recommendedFileFormat=2, audioProfiles=[AudioProfileProxy{codec=3, mediaType=audio/mp4a-latm, bitrate=256000, sampleRate=48000, channels=2, profile=1}], videoProfiles=[VideoProfileProxy{codec=2, mediaType=video/avc, bitrate=17000000, frameRate=30, width=1920, height=1080, profile=-1, bitDepth=8, chromaSubsampling=0, hdrFormat=0}]}
11-23 20:56:45.611  8444  8725 D CapabilitiesByQuality: profiles = ImmutableEncoderProfilesProxy{defaultDurationSeconds=30, recommendedFileFormat=2, audioProfiles=[AudioProfileProxy{codec=3, mediaType=audio/mp4a-latm, bitrate=256000, sampleRate=48000, channels=2, profile=1}], videoProfiles=[VideoProfileProxy{codec=2, mediaType=video/avc, bitrate=12000000, frameRate=30, width=1280, height=720, profile=-1, bitDepth=8, chromaSubsampling=0, hdrFormat=0}]}
11-23 20:56:45.611  8444  8725 D CapabilitiesByQuality: profiles = ImmutableEncoderProfilesProxy{defaultDurationSeconds=30, recommendedFileFormat=2, audioProfiles=[AudioProfileProxy{codec=3, mediaType=audio/mp4a-latm, bitrate=256000, sampleRate=48000, channels=2, profile=1}], videoProfiles=[VideoProfileProxy{codec=2, mediaType=video/avc, bitrate=3449000, frameRate=30, width=720, height=480, profile=-1, bitDepth=8, chromaSubsampling=0, hdrFormat=0}]}
11-23 20:56:45.611  8444  8725 D CameraCharacteristicsUtil: isAvailableFeature(mode 202) : true
11-23 20:56:45.612  8444  8725 D CameraCharacteristicsUtil: isAvailableDynamicShotInfo : true
11-23 20:56:45.612  8444  8725 D CameraCharacteristicsUtil: isAvailableFeature(mode 101) : true
11-23 20:56:45.612  8444  8725 I cx/HdrExt#54: isExtensionAvailable: cameraId = 2, false
11-23 20:56:45.612  8444  8725 D CameraCharacteristicsUtil: isAvailableFeature(mode 201) : true
11-23 20:56:45.612  8444  8725 D CameraCharacteristicsUtil: isAvailableDynamicShotInfo : true
11-23 20:56:45.612  8444  8725 D CameraCharacteristicsUtil: isAvailableFeature(mode 101) : true
11-23 20:56:45.612  8444  8725 I cx/NightExt#55: isExtensionAvailable: cameraId = 2, false
11-23 20:56:45.612  8444  8725 D CameraCharacteristicsUtil: isAvailableFeature(mode 203) : false
11-23 20:56:45.612  8444  8725 I cx/SuperNightExt#56: isExtensionAvailable: cameraId = 2, false
11-23 20:56:45.636  8444  8725 D CapabilitiesByQuality: profiles = ImmutableEncoderProfilesProxy{defaultDurationSeconds=30, recommendedFileFormat=2, audioProfiles=[AudioProfileProxy{codec=3, mediaType=audio/mp4a-latm, bitrate=256000, sampleRate=48000, channels=2, profile=1}], videoProfiles=[VideoProfileProxy{codec=2, mediaType=video/avc, bitrate=17000000, frameRate=30, width=1920, height=1080, profile=-1, bitDepth=8, chromaSubsampling=0, hdrFormat=0}]}
11-23 20:56:45.637  8444  8725 D CapabilitiesByQuality: profiles = ImmutableEncoderProfilesProxy{defaultDurationSeconds=30, recommendedFileFormat=2, audioProfiles=[AudioProfileProxy{codec=3, mediaType=audio/mp4a-latm, bitrate=256000, sampleRate=48000, channels=2, profile=1}], videoProfiles=[VideoProfileProxy{codec=2, mediaType=video/avc, bitrate=12000000, frameRate=30, width=1280, height=720, profile=-1, bitDepth=8, chromaSubsampling=0, hdrFormat=0}]}
11-23 20:56:45.637  8444  8725 D CapabilitiesByQuality: profiles = ImmutableEncoderProfilesProxy{defaultDurationSeconds=30, recommendedFileFormat=2, audioProfiles=[AudioProfileProxy{codec=3, mediaType=audio/mp4a-latm, bitrate=256000, sampleRate=48000, channels=2, profile=1}], videoProfiles=[VideoProfileProxy{codec=2, mediaType=video/avc, bitrate=3449000, frameRate=30, width=720, height=480, profile=-1, bitDepth=8, chromaSubsampling=0, hdrFormat=0}]}
11-23 20:56:45.637  8444  8725 D CameraCharacteristicsUtil: isAvailableFeature(mode 202) : true
11-23 20:56:45.637  8444  8725 D CameraCharacteristicsUtil: isAvailableDynamicShotInfo : true
11-23 20:56:45.638  8444  8725 D CameraCharacteristicsUtil: isAvailableFeature(mode 101) : true
11-23 20:56:45.638  8444  8725 I cx/HdrExt#57: isExtensionAvailable: cameraId = 3, false
11-23 20:56:45.638  8444  8725 D CameraCharacteristicsUtil: isAvailableFeature(mode 201) : true
11-23 20:56:45.638  8444  8725 D CameraCharacteristicsUtil: isAvailableDynamicShotInfo : true
11-23 20:56:45.638  8444  8725 D CameraCharacteristicsUtil: isAvailableFeature(mode 101) : true
11-23 20:56:45.638  8444  8725 I cx/NightExt#58: isExtensionAvailable: cameraId = 3, false
11-23 20:56:45.638  8444  8725 D CameraCharacteristicsUtil: isAvailableFeature(mode 203) : false
11-23 20:56:45.638  8444  8725 I cx/SuperNightExt#59: isExtensionAvailable: cameraId = 3, false
11-23 20:56:45.666  8444  8520 W unknown:BridgelessReact: ReactHost{0}.getOrCreateReactInstanceTask(): Loading JS Bundle
11-23 20:56:45.667  8444  8520 W unknown:BridgelessReact: ReactHost{0}.getOrCreateReactInstanceTask(): Calling DevSupportManagerBase.onNewReactContextCreated(reactContext)
11-23 20:56:45.667  8444  9631 D Detox.RNMarker: RUN_JS_BUNDLE_START (/index.bundle?platform=android&dev=true&lazy=true&minify=false&app=dev.souschef.app&modulesOnly=false&runModule=true&excludeSource=true&sourcePaths=url-server)
11-23 20:56:45.668  8444  8444 W unknown:ReactNative: Packager connection already open, nooping.
11-23 20:56:45.668  8444  8520 W unknown:BridgelessReact: ReactHost{0}.getOrCreateReloadTask(): Restarting previously running React Native Surfaces
11-23 20:56:45.668  8444  8444 W unknown:BridgelessReact: ReactContext.onHostResume()
11-23 20:56:45.669  8444  8520 W unknown:BridgelessReact: ReactHost{0}.getOrCreateReloadTask(): Resetting reload task ref
11-23 20:56:45.669  8444  8444 W unknown:BridgelessReact: ReactHost{0}.getOrCreateReactInstanceTask(): Executing ReactInstanceEventListeners
11-23 20:56:45.669  8444  8444 I DetoxRNLoading: Got new RN-context through listener
11-23 20:56:45.670  8444  8489 I DetoxWSClient: Sending out action 'ready' (ID #-1000)
11-23 20:56:45.670  8444  8489 I DetoxDispatcher: Done with action 'reactNativeReload'
11-23 20:56:45.672  8444  9632 W BridgelessReactContext: [WARNING] Bridgeless doesn't support CatalystInstance. Accessing an API that's not part of the new architecture is not encouraged usage.
11-23 20:56:46.873  8444  9631 I ReactNativeJS: 🔧 Apollo: Memory management configured for mobile
11-23 20:56:46.889  8444  9631 I Nitro.HybridObjectRegistry: Unregistering HybridObject "UnistylesRuntime"...
11-23 20:56:46.889  8444  9631 I Nitro.HybridObjectRegistry: Unregistering HybridObject "UnistylesStyleSheet"...
11-23 20:56:46.889  8444  9631 I Nitro.HybridObjectRegistry: Unregistering HybridObject "UnistylesShadowRegistry"...
11-23 20:56:46.890  8444  9631 I Nitro.HybridObjectRegistry: Registering HybridObject "UnistylesRuntime"...
11-23 20:56:46.890  8444  9631 I Nitro.HybridObjectRegistry: Successfully registered HybridObject "UnistylesRuntime"!
11-23 20:56:46.890  8444  9631 I Nitro.HybridObjectRegistry: Registering HybridObject "UnistylesStyleSheet"...
11-23 20:56:46.890  8444  9631 I Nitro.HybridObjectRegistry: Successfully registered HybridObject "UnistylesStyleSheet"!
11-23 20:56:46.890  8444  9631 I Nitro.HybridObjectRegistry: Registering HybridObject "UnistylesShadowRegistry"...
11-23 20:56:46.890  8444  9631 I Nitro.HybridObjectRegistry: Successfully registered HybridObject "UnistylesShadowRegistry"!
11-23 20:56:46.893  8444  9631 I Nitro.Dispatcher: Installing global Dispatcher Holder into Runtime "HermesRuntime[RNBridgeless] (Thread #526748292032)"...
11-23 20:56:46.894  8444  9631 I Nitro.HybridObjectPrototype: Creating new JS prototype for C++ instance type "HybridNitroModulesProxy"...
11-23 20:56:46.894  8444  9631 I Nitro.HybridObjectPrototype: Creating new JS prototype for C++ instance type "HybridObject"...
11-23 20:56:46.894  8444  9631 W Nitro.JSICache: JSICache was created, but it is no longer strong!
11-23 20:56:46.894  8444  9631 I Nitro.JSICache: Creating new JSICache<T> for runtime HermesRuntime[RNBridgeless] (Thread #526748292032)..
11-23 20:56:46.909  8444  9631 W [RNScreens]: InsetObserverProxy registers on new context while it has not been invalidated on the old one. Please report this as issue at https://github.com/software-mansion/react-native-screens/issues
11-23 20:56:46.911  8444  9631 W unknown:ViewManagerPropertyUpdater: Could not find generated setter for class com.th3rdwave.safeareacontext.SafeAreaProviderManager
11-23 20:56:46.915  8444  9631 W unknown:ViewManagerPropertyUpdater: Could not find generated setter for class com.facebook.react.uimanager.LayoutShadowNode
11-23 20:56:46.918  8444  9631 W unknown:ViewManagerPropertyUpdater: Could not find generated setter for class com.swmansion.rnscreens.SearchBarManager
11-23 20:56:46.920  8444  9631 W unknown:ViewManagerPropertyUpdater: Could not find generated setter for class com.swmansion.rnscreens.ScreenFooterManager
11-23 20:56:46.921  8444  9631 W unknown:ViewManagerPropertyUpdater: Could not find generated setter for class com.swmansion.rnscreens.gamma.tabs.TabScreenViewManager
11-23 20:56:46.922  8444  9631 W unknown:ViewManagerPropertyUpdater: Could not find generated setter for class com.swmansion.rnscreens.ScreenContainerViewManager
11-23 20:56:46.923  8444  9631 W unknown:ViewManagerPropertyUpdater: Could not find generated setter for class com.swmansion.rnscreens.gamma.tabs.TabsHostViewManager
11-23 20:56:46.925  8444  9631 W unknown:ViewManagerPropertyUpdater: Could not find generated setter for class com.swmansion.rnscreens.ModalScreenViewManager
11-23 20:56:46.927  8444  9631 W unknown:ViewManagerPropertyUpdater: Could not find generated setter for class com.swmansion.rnscreens.ScreenStackHeaderConfigViewManager
11-23 20:56:46.929  8444  9631 E unknown:UIManagerModuleConstantsHelper: Direct event name for 'CameraView' doesn't correspond to the naming convention, expected 'topEventName'->'onEventName', got 'topCameraStarted'->'onStarted'
11-23 20:56:46.929  8444  9631 E unknown:UIManagerModuleConstantsHelper: Direct event name for 'CameraView' doesn't correspond to the naming convention, expected 'topEventName'->'onEventName', got 'topCameraError'->'onError'
11-23 20:56:46.929  8444  9631 E unknown:UIManagerModuleConstantsHelper: Direct event name for 'CameraView' doesn't correspond to the naming convention, expected 'topEventName'->'onEventName', got 'topCameraViewReady'->'onViewReady'
11-23 20:56:46.929  8444  9631 E unknown:UIManagerModuleConstantsHelper: Direct event name for 'CameraView' doesn't correspond to the naming convention, expected 'topEventName'->'onEventName', got 'topCameraAverageFpsChanged'->'onAverageFpsChanged'
11-23 20:56:46.929  8444  9631 E unknown:UIManagerModuleConstantsHelper: Direct event name for 'CameraView' doesn't correspond to the naming convention, expected 'topEventName'->'onEventName', got 'topCameraShutter'->'onShutter'
11-23 20:56:46.929  8444  9631 E unknown:UIManagerModuleConstantsHelper: Direct event name for 'CameraView' doesn't correspond to the naming convention, expected 'topEventName'->'onEventName', got 'topCameraOutputOrientationChanged'->'onOutputOrientationChanged'
11-23 20:56:46.929  8444  9631 E unknown:UIManagerModuleConstantsHelper: Direct event name for 'CameraView' doesn't correspond to the naming convention, expected 'topEventName'->'onEventName', got 'topCameraInitialized'->'onInitialized'
11-23 20:56:46.929  8444  9631 E unknown:UIManagerModuleConstantsHelper: Direct event name for 'CameraView' doesn't correspond to the naming convention, expected 'topEventName'->'onEventName', got 'topCameraCodeScanned'->'onCodeScanned'
11-23 20:56:46.929  8444  9631 E unknown:UIManagerModuleConstantsHelper: Direct event name for 'CameraView' doesn't correspond to the naming convention, expected 'topEventName'->'onEventName', got 'topCameraPreviewOrientationChanged'->'onPreviewOrientationChanged'
11-23 20:56:46.929  8444  9631 E unknown:UIManagerModuleConstantsHelper: Direct event name for 'CameraView' doesn't correspond to the naming convention, expected 'topEventName'->'onEventName', got 'topCameraStopped'->'onStopped'
11-23 20:56:46.929  8444  9631 E unknown:UIManagerModuleConstantsHelper: Direct event name for 'CameraView' doesn't correspond to the naming convention, expected 'topEventName'->'onEventName', got 'topCameraPreviewStarted'->'onPreviewStarted'
11-23 20:56:46.929  8444  9631 E unknown:UIManagerModuleConstantsHelper: Direct event name for 'CameraView' doesn't correspond to the naming convention, expected 'topEventName'->'onEventName', got 'topCameraPreviewStopped'->'onPreviewStopped'
11-23 20:56:46.930  8444  9631 W unknown:ViewManagerPropertyUpdater: Could not find generated setter for class com.mrousavy.camera.react.CameraViewManager
11-23 20:56:46.932  8444  9631 W unknown:ViewManagerPropertyUpdater: Could not find generated setter for class com.swmansion.rnscreens.ScreenContentWrapperManager
11-23 20:56:46.933  8444  9631 W unknown:ViewManagerPropertyUpdater: Could not find generated setter for class com.th3rdwave.safeareacontext.SafeAreaViewManager
11-23 20:56:46.936  8444  9631 W unknown:ViewManagerPropertyUpdater: Could not find generated setter for class com.th3rdwave.safeareacontext.SafeAreaViewShadowNode
11-23 20:56:46.937  8444  9631 W unknown:ViewManagerPropertyUpdater: Could not find generated setter for class com.swmansion.rnscreens.safearea.SafeAreaViewManager
11-23 20:56:46.938  8444  9631 W unknown:ViewManagerPropertyUpdater: Could not find generated setter for class com.swmansion.rnscreens.safearea.paper.SafeAreaViewShadowNode
11-23 20:56:46.939  8444  9631 W unknown:ViewManagerPropertyUpdater: Could not find generated setter for class com.swmansion.rnscreens.ScreenViewManager
11-23 20:56:46.940  8444  9631 W unknown:ViewManagerPropertyUpdater: Could not find generated setter for class com.reactnativepagerview.PagerViewViewManager
11-23 20:56:46.941  8444  9631 W unknown:ViewManagerPropertyUpdater: Could not find generated setter for class com.swmansion.rnscreens.ScreenStackHeaderSubviewManager
11-23 20:56:46.942  8444  9631 W unknown:ViewManagerPropertyUpdater: Could not find generated setter for class com.reactnativecommunity.picker.ReactDialogPickerManager
11-23 20:56:46.944  8444  9631 W unknown:ViewManagerPropertyUpdater: Could not find generated setter for class com.reactnativecommunity.picker.ReactPickerShadowNode
11-23 20:56:46.945  8444  9631 W unknown:ViewManagerPropertyUpdater: Could not find generated setter for class com.swmansion.rnscreens.ScreenStackViewManager
11-23 20:56:46.945  8444  9631 W unknown:ViewManagerPropertyUpdater: Could not find generated setter for class com.reactnativecommunity.picker.ReactDropdownPickerManager
11-23 20:56:47.079  8444  9631 W unknown:ViewManagerPropertyUpdater: Could not find generated setter for class com.horcrux.svg.RenderableViewManager$FeMergeManager
11-23 20:56:47.081  8444  9631 W unknown:ViewManagerPropertyUpdater: Could not find generated setter for class com.horcrux.svg.VirtualViewManager$RenderableShadowNode
11-23 20:56:47.091  8444  9631 W unknown:ViewManagerPropertyUpdater: Could not find generated setter for class com.facebook.react.views.safeareaview.ReactSafeAreaViewManager
11-23 20:56:47.099  8444  9631 W unknown:ViewManagerPropertyUpdater: Could not find generated setter for class com.horcrux.svg.RenderableViewManager$LinearGradientManager
11-23 20:56:47.108  8444  9631 W unknown:ViewManagerPropertyUpdater: Could not find generated setter for class com.facebook.react.views.progressbar.ReactProgressBarViewManager
11-23 20:56:47.109  8444  9631 W unknown:ViewManagerPropertyUpdater: Could not find generated setter for class com.facebook.react.views.progressbar.ProgressBarShadowNode
11-23 20:56:47.117  8444  9631 W unknown:ViewManagerPropertyUpdater: Could not find generated setter for class com.horcrux.svg.RenderableViewManager$FeColorMatrixManager
11-23 20:56:47.127  8444  9631 W unknown:ViewManagerPropertyUpdater: Could not find generated setter for class com.horcrux.svg.RenderableViewManager$SymbolManager
11-23 20:56:47.138  8444  9631 W unknown:ViewManagerPropertyUpdater: Could not find generated setter for class com.horcrux.svg.RenderableViewManager$PatternManager
11-23 20:56:47.149  8444  9631 W unknown:ViewManagerPropertyUpdater: Could not find generated setter for class com.horcrux.svg.SvgViewManager
11-23 20:56:47.160  8444  9631 W unknown:ViewManagerPropertyUpdater: Could not find generated setter for class com.facebook.react.views.switchview.ReactSwitchManager
11-23 20:56:47.161  8444  9631 W unknown:ViewManagerPropertyUpdater: Could not find generated setter for class com.facebook.react.views.switchview.ReactSwitchShadowNode
11-23 20:56:47.170  8444  9631 W unknown:ViewManagerPropertyUpdater: Could not find generated setter for class com.horcrux.svg.RenderableViewManager$UseViewManager
11-23 20:56:47.180  8444  9631 W unknown:ViewManagerPropertyUpdater: Could not find generated setter for class com.horcrux.svg.RenderableViewManager$TSpanViewManager
11-23 20:56:47.192  8444  9631 W unknown:ViewManagerPropertyUpdater: Could not find generated setter for class com.horcrux.svg.RenderableViewManager$FilterManager
11-23 20:56:47.200  8444  9631 W unknown:ViewManagerPropertyUpdater: Could not find generated setter for class com.horcrux.svg.RenderableViewManager$MarkerManager
11-23 20:56:47.212  8444  9631 W unknown:ViewManagerPropertyUpdater: Could not find generated setter for class com.swmansion.gesturehandler.react.RNGestureHandlerButtonViewManager
11-23 20:56:47.221  8444  9631 W unknown:ViewManagerPropertyUpdater: Could not find generated setter for class com.horcrux.svg.RenderableViewManager$ForeignObjectManager
11-23 20:56:47.231  8444  9631 W unknown:ViewManagerPropertyUpdater: Could not find generated setter for class com.horcrux.svg.RenderableViewManager$GroupViewManager
11-23 20:56:47.242  8444  9631 W unknown:ViewManagerPropertyUpdater: Could not find generated setter for class com.horcrux.svg.RenderableViewManager$TextViewManager
11-23 20:56:47.252  8444  9631 W unknown:ViewManagerPropertyUpdater: Could not find generated setter for class com.horcrux.svg.RenderableViewManager$ImageViewManager
11-23 20:56:47.262  8444  9631 W unknown:ViewManagerPropertyUpdater: Could not find generated setter for class com.horcrux.svg.RenderableViewManager$FeCompositeManager
11-23 20:56:47.272  8444  9631 W unknown:ViewManagerPropertyUpdater: Could not find generated setter for class com.horcrux.svg.RenderableViewManager$RadialGradientManager
11-23 20:56:47.281  8444  9631 W unknown:ViewManagerPropertyUpdater: Could not find generated setter for class com.facebook.react.views.unimplementedview.ReactUnimplementedViewManager
11-23 20:56:47.289  8444  9631 W unknown:ViewManagerPropertyUpdater: Could not find generated setter for class com.horcrux.svg.RenderableViewManager$FeOffsetManager
11-23 20:56:47.297  8444  9631 W unknown:ViewManagerPropertyUpdater: Could not find generated setter for class com.horcrux.svg.RenderableViewManager$PathViewManager
11-23 20:56:47.307  8444  9631 W unknown:ViewManagerPropertyUpdater: Could not find generated setter for class com.facebook.react.views.drawer.ReactDrawerLayoutManager
11-23 20:56:47.317  8444  9631 W unknown:ViewManagerPropertyUpdater: Could not find generated setter for class com.facebook.react.views.textinput.ReactTextInputManager
11-23 20:56:47.320  8444  9631 W unknown:ViewManagerPropertyUpdater: Could not find generated setter for class com.facebook.react.views.textinput.ReactTextInputShadowNode
11-23 20:56:47.332  8444  9631 W unknown:ViewManagerPropertyUpdater: Could not find generated setter for class com.horcrux.svg.RenderableViewManager$DefsViewManager
11-23 20:56:47.340  8444  9631 W unknown:ViewManagerPropertyUpdater: Could not find generated setter for class com.facebook.react.views.debuggingoverlay.DebuggingOverlayManager
11-23 20:56:47.348  8444  9631 W unknown:ViewManagerPropertyUpdater: Could not find generated setter for class com.horcrux.svg.RenderableViewManager$FeGaussianBlurManager
11-23 20:56:47.356  8444  9631 W unknown:ViewManagerPropertyUpdater: Could not find generated setter for class com.facebook.react.views.scroll.ReactHorizontalScrollViewManager
11-23 20:56:47.367  8444  9631 W unknown:ViewManagerPropertyUpdater: Could not find generated setter for class com.facebook.react.views.text.ReactTextViewManager
11-23 20:56:47.369  8444  9631 W unknown:ViewManagerPropertyUpdater: Could not find generated setter for class com.facebook.react.views.text.ReactTextShadowNode
11-23 20:56:47.378  8444  9631 W unknown:ViewManagerPropertyUpdater: Could not find generated setter for class com.facebook.react.views.scroll.ReactHorizontalScrollContainerViewManager
11-23 20:56:47.388  8444  9631 W unknown:ViewManagerPropertyUpdater: Could not find generated setter for class com.horcrux.svg.RenderableViewManager$ClipPathViewManager
11-23 20:56:47.397  8444  9631 W unknown:ViewManagerPropertyUpdater: Could not find generated setter for class com.horcrux.svg.RenderableViewManager$FeBlendManager
11-23 20:56:47.406  8444  9631 W unknown:ViewManagerPropertyUpdater: Could not find generated setter for class com.facebook.react.views.view.ReactViewManager
11-23 20:56:47.415  8444  9631 W unknown:ViewManagerPropertyUpdater: Could not find generated setter for class com.horcrux.svg.RenderableViewManager$CircleViewManager
11-23 20:56:47.425  8444  9631 W unknown:ViewManagerPropertyUpdater: Could not find generated setter for class com.facebook.react.views.modal.ReactModalHostManager
11-23 20:56:47.434  8444  9631 W unknown:ViewManagerPropertyUpdater: Could not find generated setter for class com.horcrux.svg.RenderableViewManager$EllipseViewManager
11-23 20:56:47.444  8444  9631 W unknown:ViewManagerPropertyUpdater: Could not find generated setter for class com.horcrux.svg.RenderableViewManager$LineViewManager
11-23 20:56:47.454  8444  9631 W unknown:ViewManagerPropertyUpdater: Could not find generated setter for class com.facebook.react.views.text.frescosupport.FrescoBasedReactTextInlineImageViewManager
11-23 20:56:47.454  8444  9631 W unknown:ViewManagerPropertyUpdater: Could not find generated setter for class com.facebook.react.views.text.frescosupport.FrescoBasedReactTextInlineImageShadowNode
11-23 20:56:47.461  8444  9631 W unknown:ViewManagerPropertyUpdater: Could not find generated setter for class com.horcrux.svg.RenderableViewManager$FeFloodManager
11-23 20:56:47.468  8444  9631 W unknown:ViewManagerPropertyUpdater: Could not find generated setter for class com.facebook.react.views.image.ReactImageManager
11-23 20:56:47.499  8444  9631 W unknown:ViewManagerPropertyUpdater: Could not find generated setter for class com.horcrux.svg.RenderableViewManager$MaskManager
11-23 20:56:47.513  8444  9631 W unknown:ViewManagerPropertyUpdater: Could not find generated setter for class com.horcrux.svg.RenderableViewManager$RectViewManager
11-23 20:56:47.523  8444  9631 W unknown:ViewManagerPropertyUpdater: Could not find generated setter for class com.horcrux.svg.RenderableViewManager$TextPathViewManager
11-23 20:56:47.534  8444  9631 W unknown:ViewManagerPropertyUpdater: Could not find generated setter for class com.facebook.react.views.scroll.ReactScrollViewManager
11-23 20:56:47.546  8444  9631 W unknown:ViewManagerPropertyUpdater: Could not find generated setter for class com.facebook.react.views.text.ReactVirtualTextViewManager
11-23 20:56:47.546  8444  9631 W unknown:ViewManagerPropertyUpdater: Could not find generated setter for class com.facebook.react.views.text.ReactVirtualTextShadowNode
11-23 20:56:47.554  8444  9631 W unknown:ViewManagerPropertyUpdater: Could not find generated setter for class com.facebook.react.views.swiperefresh.SwipeRefreshLayoutManager
11-23 20:56:47.563  8444  9631 W unknown:ViewManagerPropertyUpdater: Could not find generated setter for class com.facebook.react.views.text.ReactRawTextManager
11-23 20:56:47.563  8444  9631 W unknown:ViewManagerPropertyUpdater: Could not find generated setter for class com.facebook.react.views.text.ReactRawTextShadowNode
11-23 20:56:47.565  8444  9631 W unknown:ViewManagerPropertyUpdater: Could not find generated setter for class com.swmansion.gesturehandler.react.RNGestureHandlerRootViewManager
11-23 20:56:47.580  8444  9631 I Nitro.HybridObjectPrototype: Creating new JS prototype for C++ instance type "HybridStyleSheet"...
11-23 20:56:47.580  8444  9631 I Nitro.HybridObjectPrototype: Creating new JS prototype for C++ instance type "HybridUnistylesStyleSheetSpec"...
11-23 20:56:47.594  8444  9631 I Nitro.HybridObjectPrototype: Creating new JS prototype for C++ instance type "HybridUnistylesRuntime"...
11-23 20:56:47.594  8444  9631 I Nitro.HybridObjectPrototype: Creating new JS prototype for C++ instance type "HybridUnistylesRuntimeSpec"...
11-23 20:56:47.595  8444  9631 I Nitro.HybridObjectPrototype: Creating new JS prototype for C++ instance type "HybridUnistylesStatusBarSpec"...
11-23 20:56:47.595  8444  9631 I Nitro.HybridObjectPrototype: Creating new JS prototype for C++ instance type "HybridUnistylesNavigationBarSpec"...
11-23 20:56:47.597  8444  9631 I Nitro.HybridObjectPrototype: Creating new JS prototype for C++ instance type "HybridShadowRegistry"...
11-23 20:56:47.598  8444  9631 I Nitro.HybridObjectPrototype: Creating new JS prototype for C++ instance type "HybridUnistylesShadowRegistrySpec"...
11-23 20:56:47.678  8444  8495 D DetoxWSClient: Received action 'invoke' (ID #67, params={"target":{"type":"Class","value":"com.wix.detox.espresso.DetoxAssertion"},"method":"waitForAssertMatcher","args":[{"type":"Invocation","value":{"target":{"type":"Class","value":"androidx.test.espresso.Espresso"},"method":"onView","args":[{"type":"Invocation","value":{"target":{"type":"Class","value":"com.wix.detox.espresso.DetoxMatcher"},"method":"matcherForTestId","args":["post-login-biometric-prompt",{"type":"boolean","value":false}]}}]}},{"type":"Invocation","value":{"target":{"type":"Class","value":"com.wix.detox.espresso.DetoxMatcher"},"method":"matcherForSufficientlyVisible","args":[{"type":"Integer","value":75}]}},{"type":"Double","value":2}]})
11-23 20:56:47.678  8444  8489 I DetoxDispatcher: Handling action 'invoke' (ID #67)...
11-23 20:56:47.679  8444  8489 D Detox   : class com.wix.detox.espresso.DetoxMatcher, matcherForTestId, [post-login-biometric-prompt, false]
11-23 20:56:47.680  8444  8489 D Detox   : class androidx.test.espresso.Espresso, onView, [(view.getTag() is "post-login-biometric-prompt" and view has effective visibility <VISIBLE>)]
11-23 20:56:47.682  8444  8489 D Detox   : class com.wix.detox.espresso.DetoxMatcher, matcherForSufficientlyVisible, [75]
11-23 20:56:47.682  8444  8489 D Detox   : class com.wix.detox.espresso.DetoxAssertion, waitForAssertMatcher, [androidx.test.espresso.ViewInteraction@34f70f1, (view has effective visibility <VISIBLE> and view.getGlobalVisibleRect() covers at least <75> percent of the view's area), 2.0]
11-23 20:56:47.693  8444  8444 I ViewInteraction: Checking 'MatchesViewAssertion(Detox){viewMatcher=(view has effective visibility <VISIBLE> and view.getGlobalVisibleRect() covers at least <75> percent of the view's area)}' assertion on view (view.getTag() is "post-login-biometric-prompt" and view has effective visibility <VISIBLE>)
11-23 20:56:47.724  8444  8444 I ViewInteraction: Checking 'MatchesViewAssertion(Detox){viewMatcher=(view has effective visibility <VISIBLE> and view.getGlobalVisibleRect() covers at least <75> percent of the view's area)}' assertion on view (view.getTag() is "post-login-biometric-prompt" and view has effective visibility <VISIBLE>)
11-23 20:56:47.753  8444  8444 I ViewInteraction: Checking 'MatchesViewAssertion(Detox){viewMatcher=(view has effective visibility <VISIBLE> and view.getGlobalVisibleRect() covers at least <75> percent of the view's area)}' assertion on view (view.getTag() is "post-login-biometric-prompt" and view has effective visibility <VISIBLE>)
11-23 20:56:47.782  8444  8444 I ViewInteraction: Checking 'MatchesViewAssertion(Detox){viewMatcher=(view has effective visibility <VISIBLE> and view.getGlobalVisibleRect() covers at least <75> percent of the view's area)}' assertion on view (view.getTag() is "post-login-biometric-prompt" and view has effective visibility <VISIBLE>)
11-23 20:56:47.810  8444  8444 I ViewInteraction: Checking 'MatchesViewAssertion(Detox){viewMatcher=(view has effective visibility <VISIBLE> and view.getGlobalVisibleRect() covers at least <75> percent of the view's area)}' assertion on view (view.getTag() is "post-login-biometric-prompt" and view has effective visibility <VISIBLE>)
11-23 20:56:47.839  8444  8444 I ViewInteraction: Checking 'MatchesViewAssertion(Detox){viewMatcher=(view has effective visibility <VISIBLE> and view.getGlobalVisibleRect() covers at least <75> percent of the view's area)}' assertion on view (view.getTag() is "post-login-biometric-prompt" and view has effective visibility <VISIBLE>)
11-23 20:56:47.868  8444  8444 I ViewInteraction: Checking 'MatchesViewAssertion(Detox){viewMatcher=(view has effective visibility <VISIBLE> and view.getGlobalVisibleRect() covers at least <75> percent of the view's area)}' assertion on view (view.getTag() is "post-login-biometric-prompt" and view has effective visibility <VISIBLE>)
11-23 20:56:47.895  8444  8444 I ViewInteraction: Checking 'MatchesViewAssertion(Detox){viewMatcher=(view has effective visibility <VISIBLE> and view.getGlobalVisibleRect() covers at least <75> percent of the view's area)}' assertion on view (view.getTag() is "post-login-biometric-prompt" and view has effective visibility <VISIBLE>)
11-23 20:56:47.923  8444  8444 I ViewInteraction: Checking 'MatchesViewAssertion(Detox){viewMatcher=(view has effective visibility <VISIBLE> and view.getGlobalVisibleRect() covers at least <75> percent of the view's area)}' assertion on view (view.getTag() is "post-login-biometric-prompt" and view has effective visibility <VISIBLE>)
11-23 20:56:47.951  8444  8444 I ViewInteraction: Checking 'MatchesViewAssertion(Detox){viewMatcher=(view has effective visibility <VISIBLE> and view.getGlobalVisibleRect() covers at least <75> percent of the view's area)}' assertion on view (view.getTag() is "post-login-biometric-prompt" and view has effective visibility <VISIBLE>)
11-23 20:56:47.980  8444  8444 I ViewInteraction: Checking 'MatchesViewAssertion(Detox){viewMatcher=(view has effective visibility <VISIBLE> and view.getGlobalVisibleRect() covers at least <75> percent of the view's area)}' assertion on view (view.getTag() is "post-login-biometric-prompt" and view has effective visibility <VISIBLE>)
11-23 20:56:48.008  8444  8444 I ViewInteraction: Checking 'MatchesViewAssertion(Detox){viewMatcher=(view has effective visibility <VISIBLE> and view.getGlobalVisibleRect() covers at least <75> percent of the view's area)}' assertion on view (view.getTag() is "post-login-biometric-prompt" and view has effective visibility <VISIBLE>)
11-23 20:56:48.038  8444  8444 I ViewInteraction: Checking 'MatchesViewAssertion(Detox){viewMatcher=(view has effective visibility <VISIBLE> and view.getGlobalVisibleRect() covers at least <75> percent of the view's area)}' assertion on view (view.getTag() is "post-login-biometric-prompt" and view has effective visibility <VISIBLE>)
11-23 20:56:48.067  8444  8444 I ViewInteraction: Checking 'MatchesViewAssertion(Detox){viewMatcher=(view has effective visibility <VISIBLE> and view.getGlobalVisibleRect() covers at least <75> percent of the view's area)}' assertion on view (view.getTag() is "post-login-biometric-prompt" and view has effective visibility <VISIBLE>)
11-23 20:56:48.095  8444  8444 I ViewInteraction: Checking 'MatchesViewAssertion(Detox){viewMatcher=(view has effective visibility <VISIBLE> and view.getGlobalVisibleRect() covers at least <75> percent of the view's area)}' assertion on view (view.getTag() is "post-login-biometric-prompt" and view has effective visibility <VISIBLE>)
11-23 20:56:48.124  8444  8444 I ViewInteraction: Checking 'MatchesViewAssertion(Detox){viewMatcher=(view has effective visibility <VISIBLE> and view.getGlobalVisibleRect() covers at least <75> percent of the view's area)}' assertion on view (view.getTag() is "post-login-biometric-prompt" and view has effective visibility <VISIBLE>)
11-23 20:56:48.153  8444  8444 I ViewInteraction: Checking 'MatchesViewAssertion(Detox){viewMatcher=(view has effective visibility <VISIBLE> and view.getGlobalVisibleRect() covers at least <75> percent of the view's area)}' assertion on view (view.getTag() is "post-login-biometric-prompt" and view has effective visibility <VISIBLE>)
11-23 20:56:48.181  8444  8444 I ViewInteraction: Checking 'MatchesViewAssertion(Detox){viewMatcher=(view has effective visibility <VISIBLE> and view.getGlobalVisibleRect() covers at least <75> percent of the view's area)}' assertion on view (view.getTag() is "post-login-biometric-prompt" and view has effective visibility <VISIBLE>)
11-23 20:56:48.211  8444  8444 I ViewInteraction: Checking 'MatchesViewAssertion(Detox){viewMatcher=(view has effective visibility <VISIBLE> and view.getGlobalVisibleRect() covers at least <75> percent of the view's area)}' assertion on view (view.getTag() is "post-login-biometric-prompt" and view has effective visibility <VISIBLE>)
11-23 20:56:48.239  8444  8444 I ViewInteraction: Checking 'MatchesViewAssertion(Detox){viewMatcher=(view has effective visibility <VISIBLE> and view.getGlobalVisibleRect() covers at least <75> percent of the view's area)}' assertion on view (view.getTag() is "post-login-biometric-prompt" and view has effective visibility <VISIBLE>)
11-23 20:56:48.268  8444  8444 I ViewInteraction: Checking 'MatchesViewAssertion(Detox){viewMatcher=(view has effective visibility <VISIBLE> and view.getGlobalVisibleRect() covers at least <75> percent of the view's area)}' assertion on view (view.getTag() is "post-login-biometric-prompt" and view has effective visibility <VISIBLE>)
11-23 20:56:48.298  8444  8444 I ViewInteraction: Checking 'MatchesViewAssertion(Detox){viewMatcher=(view has effective visibility <VISIBLE> and view.getGlobalVisibleRect() covers at least <75> percent of the view's area)}' assertion on view (view.getTag() is "post-login-biometric-prompt" and view has effective visibility <VISIBLE>)
11-23 20:56:48.327  8444  8444 I ViewInteraction: Checking 'MatchesViewAssertion(Detox){viewMatcher=(view has effective visibility <VISIBLE> and view.getGlobalVisibleRect() covers at least <75> percent of the view's area)}' assertion on view (view.getTag() is "post-login-biometric-prompt" and view has effective visibility <VISIBLE>)
11-23 20:56:48.356  8444  8444 I ViewInteraction: Checking 'MatchesViewAssertion(Detox){viewMatcher=(view has effective visibility <VISIBLE> and view.getGlobalVisibleRect() covers at least <75> percent of the view's area)}' assertion on view (view.getTag() is "post-login-biometric-prompt" and view has effective visibility <VISIBLE>)
11-23 20:56:48.385  8444  8444 I ViewInteraction: Checking 'MatchesViewAssertion(Detox){viewMatcher=(view has effective visibility <VISIBLE> and view.getGlobalVisibleRect() covers at least <75> percent of the view's area)}' assertion on view (view.getTag() is "post-login-biometric-prompt" and view has effective visibility <VISIBLE>)
11-23 20:56:48.413  8444  8444 I ViewInteraction: Checking 'MatchesViewAssertion(Detox){viewMatcher=(view has effective visibility <VISIBLE> and view.getGlobalVisibleRect() covers at least <75> percent of the view's area)}' assertion on view (view.getTag() is "post-login-biometric-prompt" and view has effective visibility <VISIBLE>)
11-23 20:56:48.441  8444  8444 I ViewInteraction: Checking 'MatchesViewAssertion(Detox){viewMatcher=(view has effective visibility <VISIBLE> and view.getGlobalVisibleRect() covers at least <75> percent of the view's area)}' assertion on view (view.getTag() is "post-login-biometric-prompt" and view has effective visibility <VISIBLE>)
11-23 20:56:48.470  8444  8444 I ViewInteraction: Checking 'MatchesViewAssertion(Detox){viewMatcher=(view has effective visibility <VISIBLE> and view.getGlobalVisibleRect() covers at least <75> percent of the view's area)}' assertion on view (view.getTag() is "post-login-biometric-prompt" and view has effective visibility <VISIBLE>)
11-23 20:56:48.490  8444  9631 D Detox.RNMarker: RUN_JS_BUNDLE_END (/index.bundle?platform=android&dev=true&lazy=true&minify=false&app=dev.souschef.app&modulesOnly=false&runModule=true&excludeSource=true&sourcePaths=url-server)
11-23 20:56:48.498  8444  8444 I ViewInteraction: Checking 'MatchesViewAssertion(Detox){viewMatcher=(view has effective visibility <VISIBLE> and view.getGlobalVisibleRect() covers at least <75> percent of the view's area)}' assertion on view (view.getTag() is "post-login-biometric-prompt" and view has effective visibility <VISIBLE>)
11-23 20:56:48.512  8444  9631 I ReactNativeJS: Running "SousChef" with {"rootTag":1,"initialProps":{},"fabric":true}
11-23 20:56:48.529  8444  8444 I ViewInteraction: Checking 'MatchesViewAssertion(Detox){viewMatcher=(view has effective visibility <VISIBLE> and view.getGlobalVisibleRect() covers at least <75> percent of the view's area)}' assertion on view (view.getTag() is "post-login-biometric-prompt" and view has effective visibility <VISIBLE>)
11-23 20:56:48.558  8444  8444 I ViewInteraction: Checking 'MatchesViewAssertion(Detox){viewMatcher=(view has effective visibility <VISIBLE> and view.getGlobalVisibleRect() covers at least <75> percent of the view's area)}' assertion on view (view.getTag() is "post-login-biometric-prompt" and view has effective visibility <VISIBLE>)
11-23 20:56:48.588  8444  8444 I ViewInteraction: Checking 'MatchesViewAssertion(Detox){viewMatcher=(view has effective visibility <VISIBLE> and view.getGlobalVisibleRect() covers at least <75> percent of the view's area)}' assertion on view (view.getTag() is "post-login-biometric-prompt" and view has effective visibility <VISIBLE>)
11-23 20:56:48.618  8444  8444 I ViewInteraction: Checking 'MatchesViewAssertion(Detox){viewMatcher=(view has effective visibility <VISIBLE> and view.getGlobalVisibleRect() covers at least <75> percent of the view's area)}' assertion on view (view.getTag() is "post-login-biometric-prompt" and view has effective visibility <VISIBLE>)
11-23 20:56:48.646  8444  8444 I ViewInteraction: Checking 'MatchesViewAssertion(Detox){viewMatcher=(view has effective visibility <VISIBLE> and view.getGlobalVisibleRect() covers at least <75> percent of the view's area)}' assertion on view (view.getTag() is "post-login-biometric-prompt" and view has effective visibility <VISIBLE>)
11-23 20:56:48.676  8444  8444 I ViewInteraction: Checking 'MatchesViewAssertion(Detox){viewMatcher=(view has effective visibility <VISIBLE> and view.getGlobalVisibleRect() covers at least <75> percent of the view's area)}' assertion on view (view.getTag() is "post-login-biometric-prompt" and view has effective visibility <VISIBLE>)
11-23 20:56:48.704  8444  8444 I ViewInteraction: Checking 'MatchesViewAssertion(Detox){viewMatcher=(view has effective visibility <VISIBLE> and view.getGlobalVisibleRect() covers at least <75> percent of the view's area)}' assertion on view (view.getTag() is "post-login-biometric-prompt" and view has effective visibility <VISIBLE>)
11-23 20:56:48.731  8444  8444 I ViewInteraction: Checking 'MatchesViewAssertion(Detox){viewMatcher=(view has effective visibility <VISIBLE> and view.getGlobalVisibleRect() covers at least <75> percent of the view's area)}' assertion on view (view.getTag() is "post-login-biometric-prompt" and view has effective visibility <VISIBLE>)
11-23 20:56:48.761  8444  8444 I ViewInteraction: Checking 'MatchesViewAssertion(Detox){viewMatcher=(view has effective visibility <VISIBLE> and view.getGlobalVisibleRect() covers at least <75> percent of the view's area)}' assertion on view (view.getTag() is "post-login-biometric-prompt" and view has effective visibility <VISIBLE>)
11-23 20:56:48.789  8444  8444 I ViewInteraction: Checking 'MatchesViewAssertion(Detox){viewMatcher=(view has effective visibility <VISIBLE> and view.getGlobalVisibleRect() covers at least <75> percent of the view's area)}' assertion on view (view.getTag() is "post-login-biometric-prompt" and view has effective visibility <VISIBLE>)
11-23 20:56:48.817  8444  8444 I ViewInteraction: Checking 'MatchesViewAssertion(Detox){viewMatcher=(view has effective visibility <VISIBLE> and view.getGlobalVisibleRect() covers at least <75> percent of the view's area)}' assertion on view (view.getTag() is "post-login-biometric-prompt" and view has effective visibility <VISIBLE>)
11-23 20:56:48.846  8444  8444 I ViewInteraction: Checking 'MatchesViewAssertion(Detox){viewMatcher=(view has effective visibility <VISIBLE> and view.getGlobalVisibleRect() covers at least <75> percent of the view's area)}' assertion on view (view.getTag() is "post-login-biometric-prompt" and view has effective visibility <VISIBLE>)
11-23 20:56:48.875  8444  8444 I ViewInteraction: Checking 'MatchesViewAssertion(Detox){viewMatcher=(view has effective visibility <VISIBLE> and view.getGlobalVisibleRect() covers at least <75> percent of the view's area)}' assertion on view (view.getTag() is "post-login-biometric-prompt" and view has effective visibility <VISIBLE>)
11-23 20:56:48.904  8444  8444 I ViewInteraction: Checking 'MatchesViewAssertion(Detox){viewMatcher=(view has effective visibility <VISIBLE> and view.getGlobalVisibleRect() covers at least <75> percent of the view's area)}' assertion on view (view.getTag() is "post-login-biometric-prompt" and view has effective visibility <VISIBLE>)
11-23 20:56:48.915  8444  9631 I Nitro.HybridObjectPrototype: Creating new JS prototype for C++ instance type "HybridMMKVPlatformContextSpec"...
11-23 20:56:48.915  8444  9631 I Nitro.HybridObjectPrototype: Creating new JS prototype for C++ instance type "HybridMMKVFactorySpec"...
11-23 20:56:48.916  8444  9631 I Nitro.MMKVFactory: Initializing MMKV with rootPath=/data/user/0/dev.souschef.app/files/mmkv
11-23 20:56:48.916  8444  9631 I MMKV    : <MMKV.cpp:223::initializeMMKV> root dir: /data/data/dev.souschef.app/files/mmkv
11-23 20:56:48.916  8444  9631 I Nitro.MMKV: Creating MMKV instance "sous-chef-storage_temp"... (Path: , Encrypted: false)
11-23 20:56:48.916  8444  9631 I Nitro.HybridObjectPrototype: Creating new JS prototype for C++ instance type "HybridMMKVSpec"...
11-23 20:56:48.933  8444  8444 I ViewInteraction: Checking 'MatchesViewAssertion(Detox){viewMatcher=(view has effective visibility <VISIBLE> and view.getGlobalVisibleRect() covers at least <75> percent of the view's area)}' assertion on view (view.getTag() is "post-login-biometric-prompt" and view has effective visibility <VISIBLE>)
11-23 20:56:48.963  8444  8444 I ViewInteraction: Checking 'MatchesViewAssertion(Detox){viewMatcher=(view has effective visibility <VISIBLE> and view.getGlobalVisibleRect() covers at least <75> percent of the view's area)}' assertion on view (view.getTag() is "post-login-biometric-prompt" and view has effective visibility <VISIBLE>)
11-23 20:56:48.976  8444  9631 D ConnectivityManager: StackLog: [android.net.ConnectivityManager.sendRequestForNetwork(ConnectivityManager.java:4736)] [android.net.ConnectivityManager.registerDefaultNetworkCallbackForUid(ConnectivityManager.java:5461)] [android.net.ConnectivityManager.registerDefaultNetworkCallback(ConnectivityManager.java:5428)] [android.net.ConnectivityManager.registerDefaultNetworkCallback(ConnectivityManager.java:5402)] [com.reactnativecommunity.netinfo.NetworkCallbackConnectivityReceiver.register(NetworkCallbackConnectivityReceiver.java:62)] [com.reactnativecommunity.netinfo.NetInfoModule.initialize(NetInfoModule.java:40)] [com.facebook.react.internal.turbomodule.core.TurboModuleManager.getOrCreateModule(TurboModuleManager.kt:261)] [com.facebook.react.internal.turbomodule.core.TurboModuleManager.getModule(TurboModuleManager.kt:203)] [com.facebook.react.internal.turbomodule.core.TurboModuleManager.getLegacyCxxModule(TurboModuleManager.kt:128)] [com.facebook.jni.NativeRunnable.run(Native Method)]
11-23 20:56:48.992  8444  8444 I ViewInteraction: Checking 'MatchesViewAssertion(Detox){viewMatcher=(view has effective visibility <VISIBLE> and view.getGlobalVisibleRect() covers at least <75> percent of the view's area)}' assertion on view (view.getTag() is "post-login-biometric-prompt" and view has effective visibility <VISIBLE>)
11-23 20:56:49.021  8444  8444 I ViewInteraction: Checking 'MatchesViewAssertion(Detox){viewMatcher=(view has effective visibility <VISIBLE> and view.getGlobalVisibleRect() covers at least <75> percent of the view's area)}' assertion on view (view.getTag() is "post-login-biometric-prompt" and view has effective visibility <VISIBLE>)
11-23 20:56:49.052  8444  8444 I ViewInteraction: Checking 'MatchesViewAssertion(Detox){viewMatcher=(view has effective visibility <VISIBLE> and view.getGlobalVisibleRect() covers at least <75> percent of the view's area)}' assertion on view (view.getTag() is "post-login-biometric-prompt" and view has effective visibility <VISIBLE>)
11-23 20:56:49.083  8444  8444 I ViewInteraction: Checking 'MatchesViewAssertion(Detox){viewMatcher=(view has effective visibility <VISIBLE> and view.getGlobalVisibleRect() covers at least <75> percent of the view's area)}' assertion on view (view.getTag() is "post-login-biometric-prompt" and view has effective visibility <VISIBLE>)
11-23 20:56:49.114  8444  8444 I ViewInteraction: Checking 'MatchesViewAssertion(Detox){viewMatcher=(view has effective visibility <VISIBLE> and view.getGlobalVisibleRect() covers at least <75> percent of the view's area)}' assertion on view (view.getTag() is "post-login-biometric-prompt" and view has effective visibility <VISIBLE>)
11-23 20:56:49.143  8444  8444 I ViewInteraction: Checking 'MatchesViewAssertion(Detox){viewMatcher=(view has effective visibility <VISIBLE> and view.getGlobalVisibleRect() covers at least <75> percent of the view's area)}' assertion on view (view.getTag() is "post-login-biometric-prompt" and view has effective visibility <VISIBLE>)
11-23 20:56:49.173  8444  8444 I ViewInteraction: Checking 'MatchesViewAssertion(Detox){viewMatcher=(view has effective visibility <VISIBLE> and view.getGlobalVisibleRect() covers at least <75> percent of the view's area)}' assertion on view (view.getTag() is "post-login-biometric-prompt" and view has effective visibility <VISIBLE>)
11-23 20:56:49.203  8444  8444 I ViewInteraction: Checking 'MatchesViewAssertion(Detox){viewMatcher=(view has effective visibility <VISIBLE> and view.getGlobalVisibleRect() covers at least <75> percent of the view's area)}' assertion on view (view.getTag() is "post-login-biometric-prompt" and view has effective visibility <VISIBLE>)
11-23 20:56:49.244  8444  8444 I ViewInteraction: Checking 'MatchesViewAssertion(Detox){viewMatcher=(view has effective visibility <VISIBLE> and view.getGlobalVisibleRect() covers at least <75> percent of the view's area)}' assertion on view (view.getTag() is "post-login-biometric-prompt" and view has effective visibility <VISIBLE>)
11-23 20:56:49.268  8444  8444 I WindowManager: WindowManagerGlobal#addView, ty=1000, view=android.widget.PopupWindow$PopupDecorView{d59186b V.E...... R.....I. 0,0-0,0}, caller=android.view.WindowManagerImpl.addView:158 android.widget.PopupWindow.invokePopup:1692 android.widget.PopupWindow.showAtLocation:1418 
11-23 20:56:49.268  8444  8444 D ViewRootImpl: desktopMode is false
11-23 20:56:49.269  8444  8444 I ViewRootImpl: dVRR is disabled
11-23 20:56:49.269  8444  8506 D NativeCustomFrequencyManager: [NativeCFMS] BpCustomFrequencyManager::BpCustomFrequencyManager()
11-23 20:56:49.279  8444  8444 D InputTransport: Input channel constructed: '337cbca', fd=300
11-23 20:56:49.279  8444  9631 I Nitro.MMKV: Creating MMKV instance "sous-chef-storage"... (Path: , Encrypted: true)
11-23 20:56:49.280  8444  8444 I InsetsController: onStateChanged: host=PopupWindow:95b81ba, from=android.view.ViewRootImpl.onInsetsStateChanged:3026, state=InsetsState: {mDisplayFrame=Rect(0, 0 - 1440, 3088), mDisplayCutout=DisplayCutout{insets=Rect(0, 100 - 0, 0) waterfall=Insets{left=0, top=0, right=0, bottom=0} boundingRect={Bounds=[Rect(0, 0 - 0, 0), Rect(683, 0 - 758, 100), Rect(0, 0 - 0, 0), Rect(0, 0 - 0, 0)]} cutoutPathParserInfo={CutoutPathParserInfo{displayWidth=1440 displayHeight=3088 physicalDisplayWidth=1440 physicalDisplayHeight=3088 density={3.75} cutoutSpec={M 0,0 H -10 V 26.66666666666667 H 10 V 0 H 0 Z @dp} rotation={0} scale={1.0} physicalPixelDisplaySizeRatio={1.0}}} sideOverrides={}}, mRoundedCorners=RoundedCorners{[RoundedCorner{position=TopLeft, radius=15, center=Point(15, 15)}, RoundedCorner{position=TopRight, radius=15, center=Point(1425, 15)}, RoundedCorner{position=BottomRight, radius=15, center=Point(1425, 3073)}, RoundedCorner{position=BottomLeft, radius=15, center=Point(15, 3073)}]}  mRoundedCornerFrame=Rect(0, 0 - 1440, 3088), mPrivacyIndicatorBounds=PrivacyIndicatorBounds {static bounds=Rect(1275, 0 - 1440, 100) rotation=0}, mDisplayShape=DisplayShape{ spec=-311912193 displayWidth=1440 displayHeight=3088 physicalPixelDisplaySizeRatio=1.0 rotation=0 offsetX=0 offsetY=0 scale=1.0}, mSources= { InsetsSource: {b11d0001 mType=navigationBars mFrame=[0,3032][1440,3088] mVisible=true mFlags=SUPPRESS_SCRIM mSideHint=BOTTOM mBoundingRects=null}, InsetsSource: {b11d0004 mType=systemGestures mFrame=[0,0][84,3088] mVisible=true mFlags= mSideHint=LEFT mBoundingRects=null}, InsetsSource: {b11d0005 mType=mandatorySystemGestures mFrame=[0,2968][1440,3088] mVisible=true mFlags= mSideHint=BOTTOM mBoundingRects=null}, InsetsSource: {b11d0006 mType=tappableElement mFrame=[0,0][0,0] mVisible=true mFlags= mSideHint=NONE mBoundingRects=null}, InsetsSource: {b11d0024 mType=systemGestures mFrame=[1356,0][1440,3088] mVisible=true mFlags= mSideHint=RIGHT mBoundingRects=null}, InsetsSource: {ecac0000 mType=statusBars mFrame=[0,0][1440,100] mVisible=true mFlags= mSideHint=TOP mBoundingRects=null}, InsetsSource: {ecac0005 mType=mandatorySystemGestures mFrame=[0,0][1440,145] mVisible=true mFlags= mSideHint=TOP mBoundingRects=null}, InsetsSource: {ecac0006 mType=tappableElement mFrame=[0,0][1440,100] mVisible=true mFlags= mSideHint=TOP mBoundingRects=null}, InsetsSource: {27 mType=displayCutout mFrame=[0,0][1440,100] mVisible=true mFlags= mSideHint=TOP mBoundingRects=null} }
11-23 20:56:49.281  8444  8444 I VRI[PopupWindow:95b81ba]@fcd7861: synced displayState. AttachInfo displayState=2
11-23 20:56:49.286  8444  8444 I VRI[PopupWindow:95b81ba]@fcd7861: setView = android.widget.PopupWindow$PopupDecorView@d59186b IsHRR=false mFlingFrameRateChange=0 TM=true
11-23 20:56:49.287  8444  8506 D HWUI    : HWUI - treat SMPTE_170M as sRGB
11-23 20:56:49.303  8444  8444 W libc    : Access denied finding property "vendor.display.enable_optimal_refresh_rate"
11-23 20:56:49.303  8444  8444 I BufferQueueProducer: [](id:20fc0000000c,api:0,p:498642672,c:8444) setDequeueTimeout:2077252342
11-23 20:56:49.304  8444  8444 I BLASTBufferQueue_Java: new BLASTBufferQueue, mName= VRI[PopupWindow:95b81ba]@fcd7861 mNativeObject= 0xb400007addaa4770 caller= android.view.ViewRootImpl.updateBlastSurfaceIfNeeded:3585 android.view.ViewRootImpl.relayoutWindow:11685 android.view.ViewRootImpl.performTraversals:4804 android.view.ViewRootImpl.doTraversal:3924 android.view.ViewRootImpl$TraversalRunnable.run:12903 android.view.Choreographer$CallbackRecord.run:1901 android.view.Choreographer$CallbackRecord.run:1910 android.view.Choreographer.doCallbacks:1367 android.view.Choreographer.doFrame:1292 android.view.Choreographer$FrameDisplayEventReceiver.run:1870 
11-23 20:56:49.305  8444  8444 I BLASTBufferQueue_Java: update, w= 1440 h= 94 mName = VRI[PopupWindow:95b81ba]@fcd7861 mNativeObject= 0xb400007addaa4770 sc.mNativeObject= 0xb400007b7daedc50 format= -3 caller= android.view.ViewRootImpl.updateBlastSurfaceIfNeeded:3590 android.view.ViewRootImpl.relayoutWindow:11685 android.view.ViewRootImpl.performTraversals:4804 android.view.ViewRootImpl.doTraversal:3924 android.view.ViewRootImpl$TraversalRunnable.run:12903 android.view.Choreographer$CallbackRecord.run:1901 
11-23 20:56:49.306  8444  8444 W libc    : Access denied finding property "vendor.display.enable_optimal_refresh_rate"
11-23 20:56:49.306  8444  8444 I VRI[PopupWindow:95b81ba]@fcd7861: Relayout returned: old=(0,100,1440,3032) new=(0,100,1440,194) relayoutAsync=false req=(1440,94)0 dur=12 res=0x3 s={true 0xb400007beda77060} ch=true seqId=0
11-23 20:56:49.308  8444  8444 I VRI[PopupWindow:95b81ba]@fcd7861: performConfigurationChange setNightDimText nightDimLevel=0
11-23 20:56:49.309  8444  8444 D VRI[PopupWindow:95b81ba]@fcd7861: mThreadedRenderer.initialize() mSurface={isValid=true 0xb400007beda77060} hwInitialized=true
11-23 20:56:49.310  8444  8444 D VRI[PopupWindow:95b81ba]@fcd7861: reportNextDraw android.view.ViewRootImpl.performTraversals:5443 android.view.ViewRootImpl.doTraversal:3924 android.view.ViewRootImpl$TraversalRunnable.run:12903 android.view.Choreographer$CallbackRecord.run:1901 android.view.Choreographer$CallbackRecord.run:1910 
11-23 20:56:49.310  8444  8444 D VRI[PopupWindow:95b81ba]@fcd7861: Setup new sync=wmsSync-VRI[PopupWindow:95b81ba]@fcd7861#40
11-23 20:56:49.311  8444  8444 I VRI[PopupWindow:95b81ba]@fcd7861: Creating new active sync group VRI[PopupWindow:95b81ba]@fcd7861#41
11-23 20:56:49.311  8444  8444 D VRI[PopupWindow:95b81ba]@fcd7861: registerCallbacksForSync syncBuffer=false
11-23 20:56:49.316  8444  8526 D VRI[PopupWindow:95b81ba]@fcd7861: Received frameDrawingCallback syncResult=0 frameNum=1.
11-23 20:56:49.316  8444  8526 I VRI[PopupWindow:95b81ba]@fcd7861: mWNT: t=0xb400007c8db16fd0 mBlastBufferQueue=0xb400007addaa4770 fn= 1 HdrRenderState mRenderHdrSdrRatio=1.0 caller= android.view.ViewRootImpl$12.onFrameDraw:15441 android.view.ThreadedRenderer$1.onFrameDraw:718 <bottom of call stack> 
11-23 20:56:49.316  8444  8526 I VRI[PopupWindow:95b81ba]@fcd7861: Setting up sync and frameCommitCallback
11-23 20:56:49.317  8444  8506 I BLASTBufferQueue: [VRI[PopupWindow:95b81ba]@fcd7861#12](f:0,a:0,s:0) onFrameAvailable the first frame is available
11-23 20:56:49.318  8444  8506 I SurfaceComposerClient: apply transaction with the first frame. layerId: 57784, bufferData(ID: 36266703847475, frameNumber: 1)
11-23 20:56:49.319  8444  8506 I VRI[PopupWindow:95b81ba]@fcd7861: Received frameCommittedCallback lastAttemptedDrawFrameNum=1 didProduceBuffer=true
11-23 20:56:49.320  8444  8506 D HWUI    : CFMS:: SetUp Pid : 8444    Tid : 8506
11-23 20:56:49.321  8444  8444 D VRI[PopupWindow:95b81ba]@fcd7861: reportDrawFinished seqId=0
11-23 20:56:49.328  8444  8444 I VRI[PopupWindow:95b81ba]@fcd7861: handleResized, frames=ClientWindowFrames{frame=[0,100][1440,194] display=[0,100][1440,3032] parentFrame=[0,0][0,0] attachedFrame=[0,0][1440,3088]} displayId=0 dragResizing=false compatScale=1.0 frameChanged=false attachedFrameChanged=false configChanged=false displayChanged=false compatScaleChanged=false dragResizingChanged=false
11-23 20:56:49.328  8444  8444 I VRI[PopupWindow:95b81ba]@fcd7861: handleResized mSyncSeqId = 0
11-23 20:56:49.329  8444  8444 D VRI[PopupWindow:95b81ba]@fcd7861: reportNextDraw android.view.ViewRootImpl.handleResized:2983 android.view.ViewRootImpl.-$$Nest$mhandleResized:0 android.view.ViewRootImpl$W.resized:14082 android.app.servertransaction.WindowStateResizeItem.execute:93 android.app.servertransaction.WindowStateTransactionItem.execute:62 
11-23 20:56:49.333  8444  8444 D VRI[PopupWindow:95b81ba]@fcd7861: Setup new sync=wmsSync-VRI[PopupWindow:95b81ba]@fcd7861#42
11-23 20:56:49.333  8444  8444 I VRI[PopupWindow:95b81ba]@fcd7861: Creating new active sync group VRI[PopupWindow:95b81ba]@fcd7861#43
11-23 20:56:49.334  8444  8444 D VRI[PopupWindow:95b81ba]@fcd7861: registerCallbacksForSync syncBuffer=false
11-23 20:56:49.337  8444  8524 D VRI[PopupWindow:95b81ba]@fcd7861: Received frameDrawingCallback syncResult=0 frameNum=2.
11-23 20:56:49.337  8444  8524 I VRI[PopupWindow:95b81ba]@fcd7861: Setting up sync and frameCommitCallback
11-23 20:56:49.337  8444  8506 I VRI[PopupWindow:95b81ba]@fcd7861: Received frameCommittedCallback lastAttemptedDrawFrameNum=2 didProduceBuffer=false
11-23 20:56:49.337  8444  8506 I BLASTBufferQueue_Java: gatherPendingTransactions, mName= VRI[PopupWindow:95b81ba]@fcd7861 mNativeObject= 0xb400007addaa4770 frameNumber= 2 caller= android.view.ViewRootImpl$12.lambda$onFrameDraw$3:15525 android.view.ViewRootImpl$12.$r8$lambda$CTo3ExVBk8akdVTGlqHPAoYLRVI:0 android.view.ViewRootImpl$12$$ExternalSyntheticLambda1.onFrameCommit:0 android.view.ThreadedRenderer$1.lambda$onFrameDraw$0:730 android.view.ThreadedRenderer$1$$ExternalSyntheticLambda0.onFrameCommit:0 <bottom of call stack> 
11-23 20:56:49.338  8444  8444 D VRI[PopupWindow:95b81ba]@fcd7861: reportDrawFinished seqId=0
11-23 20:56:49.350  8444  8444 I ViewInteraction: Checking 'MatchesViewAssertion(Detox){viewMatcher=(view has effective visibility <VISIBLE> and view.getGlobalVisibleRect() covers at least <75> percent of the view's area)}' assertion on view (view.getTag() is "post-login-biometric-prompt" and view has effective visibility <VISIBLE>)
11-23 20:56:49.383  8444  8444 I ViewInteraction: Checking 'MatchesViewAssertion(Detox){viewMatcher=(view has effective visibility <VISIBLE> and view.getGlobalVisibleRect() covers at least <75> percent of the view's area)}' assertion on view (view.getTag() is "post-login-biometric-prompt" and view has effective visibility <VISIBLE>)
11-23 20:56:49.410  8444  8444 I ViewInteraction: Checking 'MatchesViewAssertion(Detox){viewMatcher=(view has effective visibility <VISIBLE> and view.getGlobalVisibleRect() covers at least <75> percent of the view's area)}' assertion on view (view.getTag() is "post-login-biometric-prompt" and view has effective visibility <VISIBLE>)
11-23 20:56:49.437  8444  8444 I ViewInteraction: Checking 'MatchesViewAssertion(Detox){viewMatcher=(view has effective visibility <VISIBLE> and view.getGlobalVisibleRect() covers at least <75> percent of the view's area)}' assertion on view (view.getTag() is "post-login-biometric-prompt" and view has effective visibility <VISIBLE>)
11-23 20:56:49.464  8444  8444 I ViewInteraction: Checking 'MatchesViewAssertion(Detox){viewMatcher=(view has effective visibility <VISIBLE> and view.getGlobalVisibleRect() covers at least <75> percent of the view's area)}' assertion on view (view.getTag() is "post-login-biometric-prompt" and view has effective visibility <VISIBLE>)
11-23 20:56:49.493  8444  8444 I ViewInteraction: Checking 'MatchesViewAssertion(Detox){viewMatcher=(view has effective visibility <VISIBLE> and view.getGlobalVisibleRect() covers at least <75> percent of the view's area)}' assertion on view (view.getTag() is "post-login-biometric-prompt" and view has effective visibility <VISIBLE>)
11-23 20:56:49.520  8444  8444 I ViewInteraction: Checking 'MatchesViewAssertion(Detox){viewMatcher=(view has effective visibility <VISIBLE> and view.getGlobalVisibleRect() covers at least <75> percent of the view's area)}' assertion on view (view.getTag() is "post-login-biometric-prompt" and view has effective visibility <VISIBLE>)
11-23 20:56:49.548  8444  8444 I ViewInteraction: Checking 'MatchesViewAssertion(Detox){viewMatcher=(view has effective visibility <VISIBLE> and view.getGlobalVisibleRect() covers at least <75> percent of the view's area)}' assertion on view (view.getTag() is "post-login-biometric-prompt" and view has effective visibility <VISIBLE>)
11-23 20:56:49.576  8444  8444 I ViewInteraction: Checking 'MatchesViewAssertion(Detox){viewMatcher=(view has effective visibility <VISIBLE> and view.getGlobalVisibleRect() covers at least <75> percent of the view's area)}' assertion on view (view.getTag() is "post-login-biometric-prompt" and view has effective visibility <VISIBLE>)
11-23 20:56:49.605  8444  8444 I ViewInteraction: Checking 'MatchesViewAssertion(Detox){viewMatcher=(view has effective visibility <VISIBLE> and view.getGlobalVisibleRect() covers at least <75> percent of the view's area)}' assertion on view (view.getTag() is "post-login-biometric-prompt" and view has effective visibility <VISIBLE>)
11-23 20:56:49.640  8444  8444 I ViewInteraction: Checking 'MatchesViewAssertion(Detox){viewMatcher=(view has effective visibility <VISIBLE> and view.getGlobalVisibleRect() covers at least <75> percent of the view's area)}' assertion on view (view.getTag() is "post-login-biometric-prompt" and view has effective visibility <VISIBLE>)
11-23 20:56:49.679  8444  9631 I ReactNativeJS: 📦 Cache: Loaded 27 entities from storage
11-23 20:56:49.680  8444  8444 I ViewInteraction: Checking 'MatchesViewAssertion(Detox){viewMatcher=(view has effective visibility <VISIBLE> and view.getGlobalVisibleRect() covers at least <75> percent of the view's area)}' assertion on view (view.getTag() is "post-login-biometric-prompt" and view has effective visibility <VISIBLE>)
11-23 20:56:49.697  8444  8449 I ev.souschef.app: Background concurrent mark compact GC freed 23MB AllocSpace bytes, 436(10188KB) LOS objects, 66% free, 19MB/58MB, paused 1.889ms,6.385ms total 120.742ms
11-23 20:56:49.707  8444  8489 I DetoxActionHandlers: Test exception
11-23 20:56:49.707  8444  8489 I DetoxActionHandlers: java.lang.reflect.InvocationTargetException
11-23 20:56:49.707  8444  8489 I DetoxActionHandlers: 	at java.lang.reflect.Method.invoke(Native Method)
11-23 20:56:49.707  8444  8489 I DetoxActionHandlers: 	at org.apache.commons.lang3.reflect.MethodUtils.invokeStaticMethod(MethodUtils.java:443)
11-23 20:56:49.707  8444  8489 I DetoxActionHandlers: 	at org.apache.commons.lang3.reflect.MethodUtils.invokeStaticMethod(MethodUtils.java:405)
11-23 20:56:49.707  8444  8489 I DetoxActionHandlers: 	at com.wix.invoke.types.ClassTarget.execute(ClassTarget.java:23)
11-23 20:56:49.707  8444  8489 I DetoxActionHandlers: 	at com.wix.invoke.types.Target.invoke(Target.java:59)
11-23 20:56:49.707  8444  8489 I DetoxActionHandlers: 	at com.wix.invoke.MethodInvocation.invoke(MethodInvocation.java:35)
11-23 20:56:49.707  8444  8489 I DetoxActionHandlers: 	at com.wix.invoke.MethodInvocation.invoke(MethodInvocation.java:26)
11-23 20:56:49.707  8444  8489 I DetoxActionHandlers: 	at com.wix.invoke.MethodInvocation.invoke(MethodInvocation.java:20)
11-23 20:56:49.707  8444  8489 I DetoxActionHandlers: 	at com.wix.detox.adapters.server.InvokeActionHandler.handle(DetoxActionHandlers.kt:54)
11-23 20:56:49.707  8444  8489 I DetoxActionHandlers: 	at com.wix.detox.adapters.server.ActionsExecutor.executeAction$lambda$2$lambda$1(DetoxActionsDispatcher.kt:76)
11-23 20:56:49.707  8444  8489 I DetoxActionHandlers: 	at com.wix.detox.adapters.server.ActionsExecutor.$r8$lambda$GVbB7LHtBHxNHGbgYnHJ6YrwCqs(Unknown Source:0)
11-23 20:56:49.707  8444  8489 I DetoxActionHandlers: 	at com.wix.detox.adapters.server.ActionsExecutor$$ExternalSyntheticLambda0.run(D8$$SyntheticClass:0)
11-23 20:56:49.707  8444  8489 I DetoxActionHandlers: 	at android.os.Handler.handleCallback(Handler.java:995)
11-23 20:56:49.707  8444  8489 I DetoxActionHandlers: 	at android.os.Handler.dispatchMessage(Handler.java:103)
11-23 20:56:49.707  8444  8489 I DetoxActionHandlers: 	at android.os.Looper.loopOnce(Looper.java:273)
11-23 20:56:49.707  8444  8489 I DetoxActionHandlers: 	at android.os.Looper.loop(Looper.java:363)
11-23 20:56:49.707  8444  8489 I DetoxActionHandlers: 	at com.wix.detox.adapters.server.ActionsExecutor._init_$lambda$0(DetoxActionsDispatcher.kt:62)
11-23 20:56:49.707  8444  8489 I DetoxActionHandlers: 	at com.wix.detox.adapters.server.ActionsExecutor.$r8$lambda$xlgL0CQim6vNM0wWEqM8JIDgZUE(Unknown Source:0)
11-23 20:56:49.707  8444  8489 I DetoxActionHandlers: 	at com.wix.detox.adapters.server.ActionsExecutor$$ExternalSyntheticLambda1.run(D8$$SyntheticClass:0)
11-23 20:56:49.707  8444  8489 I DetoxActionHandlers: 	at java.lang.Thread.run(Thread.java:1119)
11-23 20:56:49.707  8444  8489 I DetoxActionHandlers: Caused by: com.wix.detox.common.DetoxErrors$DetoxRuntimeException: 2.0sec timeout expired without matching of given matcher: (view has effective visibility <VISIBLE> and view.getGlobalVisibleRect() covers at least <75> percent of the view's area)
11-23 20:56:49.707  8444  8489 I DetoxActionHandlers: 	at com.wix.detox.espresso.DetoxAssertion.waitForAssertMatcher(DetoxAssertion.java:72)
11-23 20:56:49.707  8444  8489 I DetoxActionHandlers: 	... 20 more
11-23 20:56:49.707  8444  8489 I DetoxWSClient: Sending out action 'testFailed' (ID #67)
11-23 20:56:49.707  8444  8489 I DetoxDispatcher: Done with action 'invoke'
11-23 20:56:49.709  8444  8451 W System  : A resource failed to call close. 
11-23 20:56:49.711  8444  8495 D DetoxWSClient: Received action 'invoke' (ID #68, params={"target":{"type":"Class","value":"com.wix.detox.espresso.DetoxAssertion"},"method":"waitForAssertMatcher","args":[{"type":"Invocation","value":{"target":{"type":"Class","value":"androidx.test.espresso.Espresso"},"method":"onView","args":[{"type":"Invocation","value":{"target":{"type":"Class","value":"com.wix.detox.espresso.DetoxMatcher"},"method":"matcherForTestId","args":["biometric-setup-screen",{"type":"boolean","value":false}]}}]}},{"type":"Invocation","value":{"target":{"type":"Class","value":"com.wix.detox.espresso.DetoxMatcher"},"method":"matcherForSufficientlyVisible","args":[{"type":"Integer","value":75}]}},{"type":"Double","value":2}]})
11-23 20:56:49.712  8444  8489 I DetoxDispatcher: Handling action 'invoke' (ID #68)...
11-23 20:56:49.712  8444  8489 D Detox   : class com.wix.detox.espresso.DetoxMatcher, matcherForTestId, [biometric-setup-screen, false]
11-23 20:56:49.713  8444  8489 D Detox   : class androidx.test.espresso.Espresso, onView, [(view.getTag() is "biometric-setup-screen" and view has effective visibility <VISIBLE>)]
11-23 20:56:49.714  8444  8489 D Detox   : class com.wix.detox.espresso.DetoxMatcher, matcherForSufficientlyVisible, [75]
11-23 20:56:49.715  8444  8489 D Detox   : class com.wix.detox.espresso.DetoxAssertion, waitForAssertMatcher, [androidx.test.espresso.ViewInteraction@e009fc2, (view has effective visibility <VISIBLE> and view.getGlobalVisibleRect() covers at least <75> percent of the view's area), 2.0]
11-23 20:56:49.720  8444  8444 I ViewInteraction: Checking 'MatchesViewAssertion(Detox){viewMatcher=(view has effective visibility <VISIBLE> and view.getGlobalVisibleRect() covers at least <75> percent of the view's area)}' assertion on view (view.getTag() is "biometric-setup-screen" and view has effective visibility <VISIBLE>)
11-23 20:56:49.746  8444  8444 I ViewInteraction: Checking 'MatchesViewAssertion(Detox){viewMatcher=(view has effective visibility <VISIBLE> and view.getGlobalVisibleRect() covers at least <75> percent of the view's area)}' assertion on view (view.getTag() is "biometric-setup-screen" and view has effective visibility <VISIBLE>)
11-23 20:56:49.773  8444  8444 I ViewInteraction: Checking 'MatchesViewAssertion(Detox){viewMatcher=(view has effective visibility <VISIBLE> and view.getGlobalVisibleRect() covers at least <75> percent of the view's area)}' assertion on view (view.getTag() is "biometric-setup-screen" and view has effective visibility <VISIBLE>)
11-23 20:56:49.801  8444  8444 I ViewInteraction: Checking 'MatchesViewAssertion(Detox){viewMatcher=(view has effective visibility <VISIBLE> and view.getGlobalVisibleRect() covers at least <75> percent of the view's area)}' assertion on view (view.getTag() is "biometric-setup-screen" and view has effective visibility <VISIBLE>)
11-23 20:56:49.829  8444  8444 I ViewInteraction: Checking 'MatchesViewAssertion(Detox){viewMatcher=(view has effective visibility <VISIBLE> and view.getGlobalVisibleRect() covers at least <75> percent of the view's area)}' assertion on view (view.getTag() is "biometric-setup-screen" and view has effective visibility <VISIBLE>)
11-23 20:56:49.856  8444  8444 I ViewInteraction: Checking 'MatchesViewAssertion(Detox){viewMatcher=(view has effective visibility <VISIBLE> and view.getGlobalVisibleRect() covers at least <75> percent of the view's area)}' assertion on view (view.getTag() is "biometric-setup-screen" and view has effective visibility <VISIBLE>)
11-23 20:56:49.885  8444  8444 I ViewInteraction: Checking 'MatchesViewAssertion(Detox){viewMatcher=(view has effective visibility <VISIBLE> and view.getGlobalVisibleRect() covers at least <75> percent of the view's area)}' assertion on view (view.getTag() is "biometric-setup-screen" and view has effective visibility <VISIBLE>)
11-23 20:56:49.913  8444  8444 I ViewInteraction: Checking 'MatchesViewAssertion(Detox){viewMatcher=(view has effective visibility <VISIBLE> and view.getGlobalVisibleRect() covers at least <75> percent of the view's area)}' assertion on view (view.getTag() is "biometric-setup-screen" and view has effective visibility <VISIBLE>)
11-23 20:56:49.940  8444  8444 I ViewInteraction: Checking 'MatchesViewAssertion(Detox){viewMatcher=(view has effective visibility <VISIBLE> and view.getGlobalVisibleRect() covers at least <75> percent of the view's area)}' assertion on view (view.getTag() is "biometric-setup-screen" and view has effective visibility <VISIBLE>)
11-23 20:56:49.970  8444  8444 I ViewInteraction: Checking 'MatchesViewAssertion(Detox){viewMatcher=(view has effective visibility <VISIBLE> and view.getGlobalVisibleRect() covers at least <75> percent of the view's area)}' assertion on view (view.getTag() is "biometric-setup-screen" and view has effective visibility <VISIBLE>)
11-23 20:56:49.999  8444  8444 I ViewInteraction: Checking 'MatchesViewAssertion(Detox){viewMatcher=(view has effective visibility <VISIBLE> and view.getGlobalVisibleRect() covers at least <75> percent of the view's area)}' assertion on view (view.getTag() is "biometric-setup-screen" and view has effective visibility <VISIBLE>)
11-23 20:56:50.026  8444  8444 I ViewInteraction: Checking 'MatchesViewAssertion(Detox){viewMatcher=(view has effective visibility <VISIBLE> and view.getGlobalVisibleRect() covers at least <75> percent of the view's area)}' assertion on view (view.getTag() is "biometric-setup-screen" and view has effective visibility <VISIBLE>)
11-23 20:56:50.055  8444  8444 I ViewInteraction: Checking 'MatchesViewAssertion(Detox){viewMatcher=(view has effective visibility <VISIBLE> and view.getGlobalVisibleRect() covers at least <75> percent of the view's area)}' assertion on view (view.getTag() is "biometric-setup-screen" and view has effective visibility <VISIBLE>)
11-23 20:56:50.084  8444  8444 I ViewInteraction: Checking 'MatchesViewAssertion(Detox){viewMatcher=(view has effective visibility <VISIBLE> and view.getGlobalVisibleRect() covers at least <75> percent of the view's area)}' assertion on view (view.getTag() is "biometric-setup-screen" and view has effective visibility <VISIBLE>)
11-23 20:56:50.111  8444  8444 I ViewInteraction: Checking 'MatchesViewAssertion(Detox){viewMatcher=(view has effective visibility <VISIBLE> and view.getGlobalVisibleRect() covers at least <75> percent of the view's area)}' assertion on view (view.getTag() is "biometric-setup-screen" and view has effective visibility <VISIBLE>)
11-23 20:56:50.139  8444  8444 I ViewInteraction: Checking 'MatchesViewAssertion(Detox){viewMatcher=(view has effective visibility <VISIBLE> and view.getGlobalVisibleRect() covers at least <75> percent of the view's area)}' assertion on view (view.getTag() is "biometric-setup-screen" and view has effective visibility <VISIBLE>)
11-23 20:56:50.169  8444  8444 I ViewInteraction: Checking 'MatchesViewAssertion(Detox){viewMatcher=(view has effective visibility <VISIBLE> and view.getGlobalVisibleRect() covers at least <75> percent of the view's area)}' assertion on view (view.getTag() is "biometric-setup-screen" and view has effective visibility <VISIBLE>)
11-23 20:56:50.199  8444  8444 I ViewInteraction: Checking 'MatchesViewAssertion(Detox){viewMatcher=(view has effective visibility <VISIBLE> and view.getGlobalVisibleRect() covers at least <75> percent of the view's area)}' assertion on view (view.getTag() is "biometric-setup-screen" and view has effective visibility <VISIBLE>)
11-23 20:56:50.231  8444  8444 I ViewInteraction: Checking 'MatchesViewAssertion(Detox){viewMatcher=(view has effective visibility <VISIBLE> and view.getGlobalVisibleRect() covers at least <75> percent of the view's area)}' assertion on view (view.getTag() is "biometric-setup-screen" and view has effective visibility <VISIBLE>)
11-23 20:56:50.267  8444  8444 I ViewInteraction: Checking 'MatchesViewAssertion(Detox){viewMatcher=(view has effective visibility <VISIBLE> and view.getGlobalVisibleRect() covers at least <75> percent of the view's area)}' assertion on view (view.getTag() is "biometric-setup-screen" and view has effective visibility <VISIBLE>)
11-23 20:56:50.285  8444  8449 I ev.souschef.app: NativeAlloc concurrent mark compact GC freed 25MB AllocSpace bytes, 786(17MB) LOS objects, 66% free, 14MB/44MB, paused 1.936ms,4.554ms total 117.485ms
11-23 20:56:50.295  8444  8444 I ViewInteraction: Checking 'MatchesViewAssertion(Detox){viewMatcher=(view has effective visibility <VISIBLE> and view.getGlobalVisibleRect() covers at least <75> percent of the view's area)}' assertion on view (view.getTag() is "biometric-setup-screen" and view has effective visibility <VISIBLE>)
11-23 20:56:50.324  8444  8444 I ViewInteraction: Checking 'MatchesViewAssertion(Detox){viewMatcher=(view has effective visibility <VISIBLE> and view.getGlobalVisibleRect() covers at least <75> percent of the view's area)}' assertion on view (view.getTag() is "biometric-setup-screen" and view has effective visibility <VISIBLE>)
11-23 20:56:50.353  8444  8444 I ViewInteraction: Checking 'MatchesViewAssertion(Detox){viewMatcher=(view has effective visibility <VISIBLE> and view.getGlobalVisibleRect() covers at least <75> percent of the view's area)}' assertion on view (view.getTag() is "biometric-setup-screen" and view has effective visibility <VISIBLE>)
11-23 20:56:50.384  8444  8444 I ViewInteraction: Checking 'MatchesViewAssertion(Detox){viewMatcher=(view has effective visibility <VISIBLE> and view.getGlobalVisibleRect() covers at least <75> percent of the view's area)}' assertion on view (view.getTag() is "biometric-setup-screen" and view has effective visibility <VISIBLE>)
11-23 20:56:50.413  8444  8444 I ViewInteraction: Checking 'MatchesViewAssertion(Detox){viewMatcher=(view has effective visibility <VISIBLE> and view.getGlobalVisibleRect() covers at least <75> percent of the view's area)}' assertion on view (view.getTag() is "biometric-setup-screen" and view has effective visibility <VISIBLE>)
11-23 20:56:50.442  8444  8444 I ViewInteraction: Checking 'MatchesViewAssertion(Detox){viewMatcher=(view has effective visibility <VISIBLE> and view.getGlobalVisibleRect() covers at least <75> percent of the view's area)}' assertion on view (view.getTag() is "biometric-setup-screen" and view has effective visibility <VISIBLE>)
11-23 20:56:50.472  8444  8444 I ViewInteraction: Checking 'MatchesViewAssertion(Detox){viewMatcher=(view has effective visibility <VISIBLE> and view.getGlobalVisibleRect() covers at least <75> percent of the view's area)}' assertion on view (view.getTag() is "biometric-setup-screen" and view has effective visibility <VISIBLE>)
11-23 20:56:50.501  8444  8444 I ViewInteraction: Checking 'MatchesViewAssertion(Detox){viewMatcher=(view has effective visibility <VISIBLE> and view.getGlobalVisibleRect() covers at least <75> percent of the view's area)}' assertion on view (view.getTag() is "biometric-setup-screen" and view has effective visibility <VISIBLE>)
11-23 20:56:50.531  8444  8444 I ViewInteraction: Checking 'MatchesViewAssertion(Detox){viewMatcher=(view has effective visibility <VISIBLE> and view.getGlobalVisibleRect() covers at least <75> percent of the view's area)}' assertion on view (view.getTag() is "biometric-setup-screen" and view has effective visibility <VISIBLE>)
11-23 20:56:50.559  8444  8444 I ViewInteraction: Checking 'MatchesViewAssertion(Detox){viewMatcher=(view has effective visibility <VISIBLE> and view.getGlobalVisibleRect() covers at least <75> percent of the view's area)}' assertion on view (view.getTag() is "biometric-setup-screen" and view has effective visibility <VISIBLE>)
11-23 20:56:50.590  8444  8444 I ViewInteraction: Checking 'MatchesViewAssertion(Detox){viewMatcher=(view has effective visibility <VISIBLE> and view.getGlobalVisibleRect() covers at least <75> percent of the view's area)}' assertion on view (view.getTag() is "biometric-setup-screen" and view has effective visibility <VISIBLE>)
11-23 20:56:50.621  8444  8444 I ViewInteraction: Checking 'MatchesViewAssertion(Detox){viewMatcher=(view has effective visibility <VISIBLE> and view.getGlobalVisibleRect() covers at least <75> percent of the view's area)}' assertion on view (view.getTag() is "biometric-setup-screen" and view has effective visibility <VISIBLE>)
11-23 20:56:50.651  8444  8444 I ViewInteraction: Checking 'MatchesViewAssertion(Detox){viewMatcher=(view has effective visibility <VISIBLE> and view.getGlobalVisibleRect() covers at least <75> percent of the view's area)}' assertion on view (view.getTag() is "biometric-setup-screen" and view has effective visibility <VISIBLE>)
11-23 20:56:50.679  8444  8444 I ViewInteraction: Checking 'MatchesViewAssertion(Detox){viewMatcher=(view has effective visibility <VISIBLE> and view.getGlobalVisibleRect() covers at least <75> percent of the view's area)}' assertion on view (view.getTag() is "biometric-setup-screen" and view has effective visibility <VISIBLE>)
11-23 20:56:50.709  8444  8444 I ViewInteraction: Checking 'MatchesViewAssertion(Detox){viewMatcher=(view has effective visibility <VISIBLE> and view.getGlobalVisibleRect() covers at least <75> percent of the view's area)}' assertion on view (view.getTag() is "biometric-setup-screen" and view has effective visibility <VISIBLE>)
11-23 20:56:50.738  8444  8444 I ViewInteraction: Checking 'MatchesViewAssertion(Detox){viewMatcher=(view has effective visibility <VISIBLE> and view.getGlobalVisibleRect() covers at least <75> percent of the view's area)}' assertion on view (view.getTag() is "biometric-setup-screen" and view has effective visibility <VISIBLE>)
11-23 20:56:50.767  8444  8444 I ViewInteraction: Checking 'MatchesViewAssertion(Detox){viewMatcher=(view has effective visibility <VISIBLE> and view.getGlobalVisibleRect() covers at least <75> percent of the view's area)}' assertion on view (view.getTag() is "biometric-setup-screen" and view has effective visibility <VISIBLE>)
11-23 20:56:50.797  8444  8444 I ViewInteraction: Checking 'MatchesViewAssertion(Detox){viewMatcher=(view has effective visibility <VISIBLE> and view.getGlobalVisibleRect() covers at least <75> percent of the view's area)}' assertion on view (view.getTag() is "biometric-setup-screen" and view has effective visibility <VISIBLE>)
11-23 20:56:50.825  8444  8444 I ViewInteraction: Checking 'MatchesViewAssertion(Detox){viewMatcher=(view has effective visibility <VISIBLE> and view.getGlobalVisibleRect() covers at least <75> percent of the view's area)}' assertion on view (view.getTag() is "biometric-setup-screen" and view has effective visibility <VISIBLE>)
11-23 20:56:50.855  8444  8444 I ViewInteraction: Checking 'MatchesViewAssertion(Detox){viewMatcher=(view has effective visibility <VISIBLE> and view.getGlobalVisibleRect() covers at least <75> percent of the view's area)}' assertion on view (view.getTag() is "biometric-setup-screen" and view has effective visibility <VISIBLE>)
11-23 20:56:50.883  8444  8444 I ViewInteraction: Checking 'MatchesViewAssertion(Detox){viewMatcher=(view has effective visibility <VISIBLE> and view.getGlobalVisibleRect() covers at least <75> percent of the view's area)}' assertion on view (view.getTag() is "biometric-setup-screen" and view has effective visibility <VISIBLE>)
11-23 20:56:50.912  8444  8444 I ViewInteraction: Checking 'MatchesViewAssertion(Detox){viewMatcher=(view has effective visibility <VISIBLE> and view.getGlobalVisibleRect() covers at least <75> percent of the view's area)}' assertion on view (view.getTag() is "biometric-setup-screen" and view has effective visibility <VISIBLE>)
11-23 20:56:50.941  8444  8444 I ViewInteraction: Checking 'MatchesViewAssertion(Detox){viewMatcher=(view has effective visibility <VISIBLE> and view.getGlobalVisibleRect() covers at least <75> percent of the view's area)}' assertion on view (view.getTag() is "biometric-setup-screen" and view has effective visibility <VISIBLE>)
11-23 20:56:50.971  8444  8444 I ViewInteraction: Checking 'MatchesViewAssertion(Detox){viewMatcher=(view has effective visibility <VISIBLE> and view.getGlobalVisibleRect() covers at least <75> percent of the view's area)}' assertion on view (view.getTag() is "biometric-setup-screen" and view has effective visibility <VISIBLE>)
11-23 20:56:51.002  8444  8444 I ViewInteraction: Checking 'MatchesViewAssertion(Detox){viewMatcher=(view has effective visibility <VISIBLE> and view.getGlobalVisibleRect() covers at least <75> percent of the view's area)}' assertion on view (view.getTag() is "biometric-setup-screen" and view has effective visibility <VISIBLE>)
11-23 20:56:51.031  8444  8444 I ViewInteraction: Checking 'MatchesViewAssertion(Detox){viewMatcher=(view has effective visibility <VISIBLE> and view.getGlobalVisibleRect() covers at least <75> percent of the view's area)}' assertion on view (view.getTag() is "biometric-setup-screen" and view has effective visibility <VISIBLE>)
11-23 20:56:51.046  8444  9631 I ReactNativeJS: [MemoryMonitor] Stopped
11-23 20:56:51.062  8444  8444 I ViewInteraction: Checking 'MatchesViewAssertion(Detox){viewMatcher=(view has effective visibility <VISIBLE> and view.getGlobalVisibleRect() covers at least <75> percent of the view's area)}' assertion on view (view.getTag() is "biometric-setup-screen" and view has effective visibility <VISIBLE>)
11-23 20:56:51.091  8444  8444 I ViewInteraction: Checking 'MatchesViewAssertion(Detox){viewMatcher=(view has effective visibility <VISIBLE> and view.getGlobalVisibleRect() covers at least <75> percent of the view's area)}' assertion on view (view.getTag() is "biometric-setup-screen" and view has effective visibility <VISIBLE>)
11-23 20:56:51.121  8444  8444 I ViewInteraction: Checking 'MatchesViewAssertion(Detox){viewMatcher=(view has effective visibility <VISIBLE> and view.getGlobalVisibleRect() covers at least <75> percent of the view's area)}' assertion on view (view.getTag() is "biometric-setup-screen" and view has effective visibility <VISIBLE>)
11-23 20:56:51.152  8444  8444 I ViewInteraction: Checking 'MatchesViewAssertion(Detox){viewMatcher=(view has effective visibility <VISIBLE> and view.getGlobalVisibleRect() covers at least <75> percent of the view's area)}' assertion on view (view.getTag() is "biometric-setup-screen" and view has effective visibility <VISIBLE>)
11-23 20:56:51.183  8444  8444 I ViewInteraction: Checking 'MatchesViewAssertion(Detox){viewMatcher=(view has effective visibility <VISIBLE> and view.getGlobalVisibleRect() covers at least <75> percent of the view's area)}' assertion on view (view.getTag() is "biometric-setup-screen" and view has effective visibility <VISIBLE>)
11-23 20:56:51.217  8444  8444 I ViewInteraction: Checking 'MatchesViewAssertion(Detox){viewMatcher=(view has effective visibility <VISIBLE> and view.getGlobalVisibleRect() covers at least <75> percent of the view's area)}' assertion on view (view.getTag() is "biometric-setup-screen" and view has effective visibility <VISIBLE>)
11-23 20:56:51.223  8444  9631 I ReactNativeJS: [MemoryMonitor] Started with 10000ms interval
11-23 20:56:51.231  8444  8774 E RNKeychainManager: No entry found for service: dev.souschef.app.credentials.indicator
11-23 20:56:51.247  8444  8444 I ViewInteraction: Checking 'MatchesViewAssertion(Detox){viewMatcher=(view has effective visibility <VISIBLE> and view.getGlobalVisibleRect() covers at least <75> percent of the view's area)}' assertion on view (view.getTag() is "biometric-setup-screen" and view has effective visibility <VISIBLE>)
11-23 20:56:51.277  8444  8444 I ViewInteraction: Checking 'MatchesViewAssertion(Detox){viewMatcher=(view has effective visibility <VISIBLE> and view.getGlobalVisibleRect() covers at least <75> percent of the view's area)}' assertion on view (view.getTag() is "biometric-setup-screen" and view has effective visibility <VISIBLE>)
11-23 20:56:51.303  8444  8444 I ReactNative: [GESTURE HANDLER] Initialize gesture handler for root view com.facebook.react.runtime.ReactSurfaceView{f1dc87c V.E...... ......ID 0,0-1440,3088 #1}
11-23 20:56:51.319  8444  8444 I ViewInteraction: Checking 'MatchesViewAssertion(Detox){viewMatcher=(view has effective visibility <VISIBLE> and view.getGlobalVisibleRect() covers at least <75> percent of the view's area)}' assertion on view (view.getTag() is "biometric-setup-screen" and view has effective visibility <VISIBLE>)
11-23 20:56:51.354  8444  8444 I ViewInteraction: Checking 'MatchesViewAssertion(Detox){viewMatcher=(view has effective visibility <VISIBLE> and view.getGlobalVisibleRect() covers at least <75> percent of the view's area)}' assertion on view (view.getTag() is "biometric-setup-screen" and view has effective visibility <VISIBLE>)
11-23 20:56:51.386  8444  8444 I ViewInteraction: Checking 'MatchesViewAssertion(Detox){viewMatcher=(view has effective visibility <VISIBLE> and view.getGlobalVisibleRect() covers at least <75> percent of the view's area)}' assertion on view (view.getTag() is "biometric-setup-screen" and view has effective visibility <VISIBLE>)
11-23 20:56:51.417  8444  8444 I ViewInteraction: Checking 'MatchesViewAssertion(Detox){viewMatcher=(view has effective visibility <VISIBLE> and view.getGlobalVisibleRect() covers at least <75> percent of the view's area)}' assertion on view (view.getTag() is "biometric-setup-screen" and view has effective visibility <VISIBLE>)
11-23 20:56:51.448  8444  8444 I ViewInteraction: Checking 'MatchesViewAssertion(Detox){viewMatcher=(view has effective visibility <VISIBLE> and view.getGlobalVisibleRect() covers at least <75> percent of the view's area)}' assertion on view (view.getTag() is "biometric-setup-screen" and view has effective visibility <VISIBLE>)
11-23 20:56:51.480  8444  8444 I ViewInteraction: Checking 'MatchesViewAssertion(Detox){viewMatcher=(view has effective visibility <VISIBLE> and view.getGlobalVisibleRect() covers at least <75> percent of the view's area)}' assertion on view (view.getTag() is "biometric-setup-screen" and view has effective visibility <VISIBLE>)
11-23 20:56:51.511  8444  8444 I ViewInteraction: Checking 'MatchesViewAssertion(Detox){viewMatcher=(view has effective visibility <VISIBLE> and view.getGlobalVisibleRect() covers at least <75> percent of the view's area)}' assertion on view (view.getTag() is "biometric-setup-screen" and view has effective visibility <VISIBLE>)
11-23 20:56:51.544  8444  8444 I ViewInteraction: Checking 'MatchesViewAssertion(Detox){viewMatcher=(view has effective visibility <VISIBLE> and view.getGlobalVisibleRect() covers at least <75> percent of the view's area)}' assertion on view (view.getTag() is "biometric-setup-screen" and view has effective visibility <VISIBLE>)
11-23 20:56:51.577  8444  8444 I ViewInteraction: Checking 'MatchesViewAssertion(Detox){viewMatcher=(view has effective visibility <VISIBLE> and view.getGlobalVisibleRect() covers at least <75> percent of the view's area)}' assertion on view (view.getTag() is "biometric-setup-screen" and view has effective visibility <VISIBLE>)
11-23 20:56:51.606  8444  8444 I ViewInteraction: Checking 'MatchesViewAssertion(Detox){viewMatcher=(view has effective visibility <VISIBLE> and view.getGlobalVisibleRect() covers at least <75> percent of the view's area)}' assertion on view (view.getTag() is "biometric-setup-screen" and view has effective visibility <VISIBLE>)
11-23 20:56:51.636  8444  8444 I ViewInteraction: Checking 'MatchesViewAssertion(Detox){viewMatcher=(view has effective visibility <VISIBLE> and view.getGlobalVisibleRect() covers at least <75> percent of the view's area)}' assertion on view (view.getTag() is "biometric-setup-screen" and view has effective visibility <VISIBLE>)
11-23 20:56:51.667  8444  8444 I ViewInteraction: Checking 'MatchesViewAssertion(Detox){viewMatcher=(view has effective visibility <VISIBLE> and view.getGlobalVisibleRect() covers at least <75> percent of the view's area)}' assertion on view (view.getTag() is "biometric-setup-screen" and view has effective visibility <VISIBLE>)
11-23 20:56:51.698  8444  8444 I ViewInteraction: Checking 'MatchesViewAssertion(Detox){viewMatcher=(view has effective visibility <VISIBLE> and view.getGlobalVisibleRect() covers at least <75> percent of the view's area)}' assertion on view (view.getTag() is "biometric-setup-screen" and view has effective visibility <VISIBLE>)
11-23 20:56:51.724  8444  8489 I DetoxActionHandlers: Test exception
11-23 20:56:51.724  8444  8489 I DetoxActionHandlers: java.lang.reflect.InvocationTargetException
11-23 20:56:51.724  8444  8489 I DetoxActionHandlers: 	at java.lang.reflect.Method.invoke(Native Method)
11-23 20:56:51.724  8444  8489 I DetoxActionHandlers: 	at org.apache.commons.lang3.reflect.MethodUtils.invokeStaticMethod(MethodUtils.java:443)
11-23 20:56:51.724  8444  8489 I DetoxActionHandlers: 	at org.apache.commons.lang3.reflect.MethodUtils.invokeStaticMethod(MethodUtils.java:405)
11-23 20:56:51.724  8444  8489 I DetoxActionHandlers: 	at com.wix.invoke.types.ClassTarget.execute(ClassTarget.java:23)
11-23 20:56:51.724  8444  8489 I DetoxActionHandlers: 	at com.wix.invoke.types.Target.invoke(Target.java:59)
11-23 20:56:51.724  8444  8489 I DetoxActionHandlers: 	at com.wix.invoke.MethodInvocation.invoke(MethodInvocation.java:35)
11-23 20:56:51.724  8444  8489 I DetoxActionHandlers: 	at com.wix.invoke.MethodInvocation.invoke(MethodInvocation.java:26)
11-23 20:56:51.724  8444  8489 I DetoxActionHandlers: 	at com.wix.invoke.MethodInvocation.invoke(MethodInvocation.java:20)
11-23 20:56:51.724  8444  8489 I DetoxActionHandlers: 	at com.wix.detox.adapters.server.InvokeActionHandler.handle(DetoxActionHandlers.kt:54)
11-23 20:56:51.724  8444  8489 I DetoxActionHandlers: 	at com.wix.detox.adapters.server.ActionsExecutor.executeAction$lambda$2$lambda$1(DetoxActionsDispatcher.kt:76)
11-23 20:56:51.724  8444  8489 I DetoxActionHandlers: 	at com.wix.detox.adapters.server.ActionsExecutor.$r8$lambda$GVbB7LHtBHxNHGbgYnHJ6YrwCqs(Unknown Source:0)
11-23 20:56:51.724  8444  8489 I DetoxActionHandlers: 	at com.wix.detox.adapters.server.ActionsExecutor$$ExternalSyntheticLambda0.run(D8$$SyntheticClass:0)
11-23 20:56:51.724  8444  8489 I DetoxActionHandlers: 	at android.os.Handler.handleCallback(Handler.java:995)
11-23 20:56:51.724  8444  8489 I DetoxActionHandlers: 	at android.os.Handler.dispatchMessage(Handler.java:103)
11-23 20:56:51.724  8444  8489 I DetoxActionHandlers: 	at android.os.Looper.loopOnce(Looper.java:273)
11-23 20:56:51.724  8444  8489 I DetoxActionHandlers: 	at android.os.Looper.loop(Looper.java:363)
11-23 20:56:51.724  8444  8489 I DetoxActionHandlers: 	at com.wix.detox.adapters.server.ActionsExecutor._init_$lambda$0(DetoxActionsDispatcher.kt:62)
11-23 20:56:51.724  8444  8489 I DetoxActionHandlers: 	at com.wix.detox.adapters.server.ActionsExecutor.$r8$lambda$xlgL0CQim6vNM0wWEqM8JIDgZUE(Unknown Source:0)
11-23 20:56:51.724  8444  8489 I DetoxActionHandlers: 	at com.wix.detox.adapters.server.ActionsExecutor$$ExternalSyntheticLambda1.run(D8$$SyntheticClass:0)
11-23 20:56:51.724  8444  8489 I DetoxActionHandlers: 	at java.lang.Thread.run(Thread.java:1119)
11-23 20:56:51.724  8444  8489 I DetoxActionHandlers: Caused by: com.wix.detox.common.DetoxErrors$DetoxRuntimeException: 2.0sec timeout expired without matching of given matcher: (view has effective visibility <VISIBLE> and view.getGlobalVisibleRect() covers at least <75> percent of the view's area)
11-23 20:56:51.724  8444  8489 I DetoxActionHandlers: 	at com.wix.detox.espresso.DetoxAssertion.waitForAssertMatcher(DetoxAssertion.java:72)
11-23 20:56:51.724  8444  8489 I DetoxActionHandlers: 	... 20 more
11-23 20:56:51.725  8444  8489 I DetoxWSClient: Sending out action 'testFailed' (ID #68)
11-23 20:56:51.725  8444  8489 I DetoxDispatcher: Done with action 'invoke'
11-23 20:56:51.731  8444  8495 D DetoxWSClient: Received action 'invoke' (ID #69, params={"target":{"type":"Class","value":"com.wix.detox.espresso.DetoxAssertion"},"method":"waitForAssertMatcher","args":[{"type":"Invocation","value":{"target":{"type":"Class","value":"androidx.test.espresso.Espresso"},"method":"onView","args":[{"type":"Invocation","value":{"target":{"type":"Class","value":"com.wix.detox.espresso.DetoxMatcher"},"method":"matcherForTestId","args":["feature-hint-overlay-dismiss",{"type":"boolean","value":false}]}}]}},{"type":"Invocation","value":{"target":{"type":"Class","value":"com.wix.detox.espresso.DetoxMatcher"},"method":"matcherForSufficientlyVisible","args":[{"type":"Integer","value":75}]}},{"type":"Double","value":3}]})
11-23 20:56:51.731  8444  8489 I DetoxDispatcher: Handling action 'invoke' (ID #69)...
11-23 20:56:51.732  8444  8489 D Detox   : class com.wix.detox.espresso.DetoxMatcher, matcherForTestId, [feature-hint-overlay-dismiss, false]
11-23 20:56:51.734  8444  8489 D Detox   : class androidx.test.espresso.Espresso, onView, [(view.getTag() is "feature-hint-overlay-dismiss" and view has effective visibility <VISIBLE>)]
11-23 20:56:51.736  8444  8489 D Detox   : class com.wix.detox.espresso.DetoxMatcher, matcherForSufficientlyVisible, [75]
11-23 20:56:51.737  8444  8489 D Detox   : class com.wix.detox.espresso.DetoxAssertion, waitForAssertMatcher, [androidx.test.espresso.ViewInteraction@9f68b1f, (view has effective visibility <VISIBLE> and view.getGlobalVisibleRect() covers at least <75> percent of the view's area), 3.0]
11-23 20:56:51.746  8444  8444 I ViewInteraction: Checking 'MatchesViewAssertion(Detox){viewMatcher=(view has effective visibility <VISIBLE> and view.getGlobalVisibleRect() covers at least <75> percent of the view's area)}' assertion on view (view.getTag() is "feature-hint-overlay-dismiss" and view has effective visibility <VISIBLE>)
11-23 20:56:51.777  8444  8444 I ViewInteraction: Checking 'MatchesViewAssertion(Detox){viewMatcher=(view has effective visibility <VISIBLE> and view.getGlobalVisibleRect() covers at least <75> percent of the view's area)}' assertion on view (view.getTag() is "feature-hint-overlay-dismiss" and view has effective visibility <VISIBLE>)
11-23 20:56:51.806  8444  8444 I ViewInteraction: Checking 'MatchesViewAssertion(Detox){viewMatcher=(view has effective visibility <VISIBLE> and view.getGlobalVisibleRect() covers at least <75> percent of the view's area)}' assertion on view (view.getTag() is "feature-hint-overlay-dismiss" and view has effective visibility <VISIBLE>)
11-23 20:56:51.837  8444  8444 I ViewInteraction: Checking 'MatchesViewAssertion(Detox){viewMatcher=(view has effective visibility <VISIBLE> and view.getGlobalVisibleRect() covers at least <75> percent of the view's area)}' assertion on view (view.getTag() is "feature-hint-overlay-dismiss" and view has effective visibility <VISIBLE>)
11-23 20:56:51.868  8444  8444 I ViewInteraction: Checking 'MatchesViewAssertion(Detox){viewMatcher=(view has effective visibility <VISIBLE> and view.getGlobalVisibleRect() covers at least <75> percent of the view's area)}' assertion on view (view.getTag() is "feature-hint-overlay-dismiss" and view has effective visibility <VISIBLE>)
11-23 20:56:51.900  8444  8444 I ViewInteraction: Checking 'MatchesViewAssertion(Detox){viewMatcher=(view has effective visibility <VISIBLE> and view.getGlobalVisibleRect() covers at least <75> percent of the view's area)}' assertion on view (view.getTag() is "feature-hint-overlay-dismiss" and view has effective visibility <VISIBLE>)
11-23 20:56:51.931  8444  8444 I ViewInteraction: Checking 'MatchesViewAssertion(Detox){viewMatcher=(view has effective visibility <VISIBLE> and view.getGlobalVisibleRect() covers at least <75> percent of the view's area)}' assertion on view (view.getTag() is "feature-hint-overlay-dismiss" and view has effective visibility <VISIBLE>)
11-23 20:56:51.960  8444  8444 I ViewInteraction: Checking 'MatchesViewAssertion(Detox){viewMatcher=(view has effective visibility <VISIBLE> and view.getGlobalVisibleRect() covers at least <75> percent of the view's area)}' assertion on view (view.getTag() is "feature-hint-overlay-dismiss" and view has effective visibility <VISIBLE>)
11-23 20:56:51.991  8444  8444 I ViewInteraction: Checking 'MatchesViewAssertion(Detox){viewMatcher=(view has effective visibility <VISIBLE> and view.getGlobalVisibleRect() covers at least <75> percent of the view's area)}' assertion on view (view.getTag() is "feature-hint-overlay-dismiss" and view has effective visibility <VISIBLE>)
11-23 20:56:52.004  8444  8444 W WindowOnBackDispatcher: sendCancelIfRunning: isInProgress=false callback=android.widget.PopupWindow$PopupDecorView$$ExternalSyntheticLambda1@2cd2fe0
11-23 20:56:52.005  8444  8444 I WindowManager: WindowManagerGlobal#removeView, ty=1000, view=android.widget.PopupWindow$PopupDecorView{d59186b V.E...... R....... 0,0-1440,94}, caller=android.view.WindowManagerGlobal.removeView:654 android.view.WindowManagerImpl.removeViewImmediate:216 android.widget.PopupWindow.dismissImmediate:2415 
11-23 20:56:52.006  8444  9631 I ReactNativeJS: 🛠️ Queue Debug Tools Available:
11-23 20:56:52.006  8444  9631 I ReactNativeJS:    Access via: __QUEUE_DEBUG__
11-23 20:56:52.006  8444  9631 I ReactNativeJS:    Commands:
11-23 20:56:52.007  8444  9631 I ReactNativeJS:      __QUEUE_DEBUG__.viewQueue()
11-23 20:56:52.007  8444  9631 I ReactNativeJS:      __QUEUE_DEBUG__.getQueueStats()
11-23 20:56:52.008  8444  9631 I ReactNativeJS:      __QUEUE_DEBUG__.processQueue()
11-23 20:56:52.008  8444  9631 I ReactNativeJS:      __QUEUE_DEBUG__.clearQueue()
11-23 20:56:52.009  8444  9631 I ReactNativeJS:      __QUEUE_DEBUG__.retryFailedMutations(userId)
11-23 20:56:52.009  8444  9631 I ReactNativeJS:      __QUEUE_DEBUG__.exportQueue()
11-23 20:56:52.009  8444  9631 I ReactNativeJS:      __QUEUE_DEBUG__.simulateOffline()
11-23 20:56:52.010  8444  9631 I ReactNativeJS:      __QUEUE_DEBUG__.simulateOnline()
11-23 20:56:52.011  8444  8444 I VRI[PopupWindow:95b81ba]@fcd7861: dispatchDetachedFromWindow
11-23 20:56:52.020  8444  8444 D InputTransport: Input channel destroyed: '337cbca', fd=300
11-23 20:56:52.034  8444  8444 I ViewInteraction: Checking 'MatchesViewAssertion(Detox){viewMatcher=(view has effective visibility <VISIBLE> and view.getGlobalVisibleRect() covers at least <75> percent of the view's area)}' assertion on view (view.getTag() is "feature-hint-overlay-dismiss" and view has effective visibility <VISIBLE>)
11-23 20:56:52.063  8444  8444 I ViewInteraction: Checking 'MatchesViewAssertion(Detox){viewMatcher=(view has effective visibility <VISIBLE> and view.getGlobalVisibleRect() covers at least <75> percent of the view's area)}' assertion on view (view.getTag() is "feature-hint-overlay-dismiss" and view has effective visibility <VISIBLE>)
11-23 20:56:52.096  8444  8444 I ViewInteraction: Checking 'MatchesViewAssertion(Detox){viewMatcher=(view has effective visibility <VISIBLE> and view.getGlobalVisibleRect() covers at least <75> percent of the view's area)}' assertion on view (view.getTag() is "feature-hint-overlay-dismiss" and view has effective visibility <VISIBLE>)
11-23 20:56:52.110  8444  9631 I ReactNativeJS: '%c🚀 ✅ QUERY MyShoppingListInvites 816ms', 'color: #22c55e; font-weight: bold'
11-23 20:56:52.126  8444  8444 I ViewInteraction: Checking 'MatchesViewAssertion(Detox){viewMatcher=(view has effective visibility <VISIBLE> and view.getGlobalVisibleRect() covers at least <75> percent of the view's area)}' assertion on view (view.getTag() is "feature-hint-overlay-dismiss" and view has effective visibility <VISIBLE>)
11-23 20:56:52.159  8444  8444 I ViewInteraction: Checking 'MatchesViewAssertion(Detox){viewMatcher=(view has effective visibility <VISIBLE> and view.getGlobalVisibleRect() covers at least <75> percent of the view's area)}' assertion on view (view.getTag() is "feature-hint-overlay-dismiss" and view has effective visibility <VISIBLE>)
11-23 20:56:52.189  8444  8444 I ViewInteraction: Checking 'MatchesViewAssertion(Detox){viewMatcher=(view has effective visibility <VISIBLE> and view.getGlobalVisibleRect() covers at least <75> percent of the view's area)}' assertion on view (view.getTag() is "feature-hint-overlay-dismiss" and view has effective visibility <VISIBLE>)
11-23 20:56:52.218  8444  8444 I ViewInteraction: Checking 'MatchesViewAssertion(Detox){viewMatcher=(view has effective visibility <VISIBLE> and view.getGlobalVisibleRect() covers at least <75> percent of the view's area)}' assertion on view (view.getTag() is "feature-hint-overlay-dismiss" and view has effective visibility <VISIBLE>)
11-23 20:56:52.248  8444  8444 I ViewInteraction: Checking 'MatchesViewAssertion(Detox){viewMatcher=(view has effective visibility <VISIBLE> and view.getGlobalVisibleRect() covers at least <75> percent of the view's area)}' assertion on view (view.getTag() is "feature-hint-overlay-dismiss" and view has effective visibility <VISIBLE>)
11-23 20:56:52.278  8444  8444 I ViewInteraction: Checking 'MatchesViewAssertion(Detox){viewMatcher=(view has effective visibility <VISIBLE> and view.getGlobalVisibleRect() covers at least <75> percent of the view's area)}' assertion on view (view.getTag() is "feature-hint-overlay-dismiss" and view has effective visibility <VISIBLE>)
11-23 20:56:52.312  8444  8444 I ViewInteraction: Checking 'MatchesViewAssertion(Detox){viewMatcher=(view has effective visibility <VISIBLE> and view.getGlobalVisibleRect() covers at least <75> percent of the view's area)}' assertion on view (view.getTag() is "feature-hint-overlay-dismiss" and view has effective visibility <VISIBLE>)
11-23 20:56:52.318  8444  9631 I ReactNativeJS: '✅ [NotificationReceived] Subscription ACTIVE for user:', '68f41739878fd075b87c1dd1'
11-23 20:56:52.332  8444  9631 I ReactNativeJS: '%c🚀 ⚠️ QUERY GetMyPendingInvites 1040ms', 'color: #f59e0b; font-weight: bold'
11-23 20:56:52.337  8444  8444 I BLASTBufferQueue_Java: update, w= 1440 h= 3088 mName = VRI[MainActivity]@8e53a52 mNativeObject= 0xb400007adda683b0 sc.mNativeObject= 0xb400007b7da3c350 format= -1 caller= android.view.ViewRootImpl.updateBlastSurfaceIfNeeded:3574 android.view.ViewRootImpl.relayoutWindow:11685 android.view.ViewRootImpl.performTraversals:4804 android.view.ViewRootImpl.doTraversal:3924 android.view.ViewRootImpl$TraversalRunnable.run:12903 android.view.Choreographer$CallbackRecord.run:1901 
11-23 20:56:52.337  8444  8444 I VRI[MainActivity]@8e53a52: Relayout returned: old=(0,0,1440,3088) new=(0,0,1440,3088) relayoutAsync=true req=(1440,3088)0 dur=0 res=0x0 s={true 0xb400007beda57a40} ch=false seqId=0
11-23 20:56:52.341  8444  8444 I VRI[MainActivity]@8e53a52: registerCallbackForPendingTransactions
11-23 20:56:52.342  8444  8526 I VRI[MainActivity]@8e53a52: mWNT: t=0xb400007c8da83c50 mBlastBufferQueue=0xb400007adda683b0 fn= 1264 HdrRenderState mRenderHdrSdrRatio=1.0 caller= android.view.ViewRootImpl$10.onFrameDraw:6536 android.view.ViewRootImpl$4.onFrameDraw:2489 android.view.ThreadedRenderer$1.onFrameDraw:718 
11-23 20:56:52.350  8444  9631 I ReactNativeJS: '%c🚀 ⚠️ QUERY GetCommonUnits 1091ms', 'color: #f59e0b; font-weight: bold'
11-23 20:56:52.352  8444  8444 I ViewInteraction: Checking 'MatchesViewAssertion(Detox){viewMatcher=(view has effective visibility <VISIBLE> and view.getGlobalVisibleRect() covers at least <75> percent of the view's area)}' assertion on view (view.getTag() is "feature-hint-overlay-dismiss" and view has effective visibility <VISIBLE>)
11-23 20:56:52.384  8444  8444 I ViewInteraction: Checking 'MatchesViewAssertion(Detox){viewMatcher=(view has effective visibility <VISIBLE> and view.getGlobalVisibleRect() covers at least <75> percent of the view's area)}' assertion on view (view.getTag() is "feature-hint-overlay-dismiss" and view has effective visibility <VISIBLE>)
11-23 20:56:52.415  8444  8444 I ViewInteraction: Checking 'MatchesViewAssertion(Detox){viewMatcher=(view has effective visibility <VISIBLE> and view.getGlobalVisibleRect() covers at least <75> percent of the view's area)}' assertion on view (view.getTag() is "feature-hint-overlay-dismiss" and view has effective visibility <VISIBLE>)
11-23 20:56:52.449  8444  8444 I ViewInteraction: Checking 'MatchesViewAssertion(Detox){viewMatcher=(view has effective visibility <VISIBLE> and view.getGlobalVisibleRect() covers at least <75> percent of the view's area)}' assertion on view (view.getTag() is "feature-hint-overlay-dismiss" and view has effective visibility <VISIBLE>)
11-23 20:56:52.483  8444  8444 I ViewInteraction: Checking 'MatchesViewAssertion(Detox){viewMatcher=(view has effective visibility <VISIBLE> and view.getGlobalVisibleRect() covers at least <75> percent of the view's area)}' assertion on view (view.getTag() is "feature-hint-overlay-dismiss" and view has effective visibility <VISIBLE>)
11-23 20:56:52.514  8444  8444 I ViewInteraction: Checking 'MatchesViewAssertion(Detox){viewMatcher=(view has effective visibility <VISIBLE> and view.getGlobalVisibleRect() covers at least <75> percent of the view's area)}' assertion on view (view.getTag() is "feature-hint-overlay-dismiss" and view has effective visibility <VISIBLE>)
11-23 20:56:52.545  8444  8444 I ViewInteraction: Checking 'MatchesViewAssertion(Detox){viewMatcher=(view has effective visibility <VISIBLE> and view.getGlobalVisibleRect() covers at least <75> percent of the view's area)}' assertion on view (view.getTag() is "feature-hint-overlay-dismiss" and view has effective visibility <VISIBLE>)
11-23 20:56:52.584  8444  8444 I ViewInteraction: Checking 'MatchesViewAssertion(Detox){viewMatcher=(view has effective visibility <VISIBLE> and view.getGlobalVisibleRect() covers at least <75> percent of the view's area)}' assertion on view (view.getTag() is "feature-hint-overlay-dismiss" and view has effective visibility <VISIBLE>)
11-23 20:56:52.615  8444  8444 I ViewInteraction: Checking 'MatchesViewAssertion(Detox){viewMatcher=(view has effective visibility <VISIBLE> and view.getGlobalVisibleRect() covers at least <75> percent of the view's area)}' assertion on view (view.getTag() is "feature-hint-overlay-dismiss" and view has effective visibility <VISIBLE>)
11-23 20:56:52.646  8444  8444 I ViewInteraction: Checking 'MatchesViewAssertion(Detox){viewMatcher=(view has effective visibility <VISIBLE> and view.getGlobalVisibleRect() covers at least <75> percent of the view's area)}' assertion on view (view.getTag() is "feature-hint-overlay-dismiss" and view has effective visibility <VISIBLE>)
11-23 20:56:52.677  8444  8444 I ViewInteraction: Checking 'MatchesViewAssertion(Detox){viewMatcher=(view has effective visibility <VISIBLE> and view.getGlobalVisibleRect() covers at least <75> percent of the view's area)}' assertion on view (view.getTag() is "feature-hint-overlay-dismiss" and view has effective visibility <VISIBLE>)
11-23 20:56:52.707  8444  8444 I ViewInteraction: Checking 'MatchesViewAssertion(Detox){viewMatcher=(view has effective visibility <VISIBLE> and view.getGlobalVisibleRect() covers at least <75> percent of the view's area)}' assertion on view (view.getTag() is "feature-hint-overlay-dismiss" and view has effective visibility <VISIBLE>)
11-23 20:56:52.739  8444  8444 I ViewInteraction: Checking 'MatchesViewAssertion(Detox){viewMatcher=(view has effective visibility <VISIBLE> and view.getGlobalVisibleRect() covers at least <75> percent of the view's area)}' assertion on view (view.getTag() is "feature-hint-overlay-dismiss" and view has effective visibility <VISIBLE>)
11-23 20:56:52.769  8444  8444 I ViewInteraction: Checking 'MatchesViewAssertion(Detox){viewMatcher=(view has effective visibility <VISIBLE> and view.getGlobalVisibleRect() covers at least <75> percent of the view's area)}' assertion on view (view.getTag() is "feature-hint-overlay-dismiss" and view has effective visibility <VISIBLE>)
11-23 20:56:52.801  8444  8444 I ViewInteraction: Checking 'MatchesViewAssertion(Detox){viewMatcher=(view has effective visibility <VISIBLE> and view.getGlobalVisibleRect() covers at least <75> percent of the view's area)}' assertion on view (view.getTag() is "feature-hint-overlay-dismiss" and view has effective visibility <VISIBLE>)
11-23 20:56:52.832  8444  8444 I ViewInteraction: Checking 'MatchesViewAssertion(Detox){viewMatcher=(view has effective visibility <VISIBLE> and view.getGlobalVisibleRect() covers at least <75> percent of the view's area)}' assertion on view (view.getTag() is "feature-hint-overlay-dismiss" and view has effective visibility <VISIBLE>)
11-23 20:56:52.864  8444  8444 I ViewInteraction: Checking 'MatchesViewAssertion(Detox){viewMatcher=(view has effective visibility <VISIBLE> and view.getGlobalVisibleRect() covers at least <75> percent of the view's area)}' assertion on view (view.getTag() is "feature-hint-overlay-dismiss" and view has effective visibility <VISIBLE>)
11-23 20:56:52.895  8444  8444 I ViewInteraction: Checking 'MatchesViewAssertion(Detox){viewMatcher=(view has effective visibility <VISIBLE> and view.getGlobalVisibleRect() covers at least <75> percent of the view's area)}' assertion on view (view.getTag() is "feature-hint-overlay-dismiss" and view has effective visibility <VISIBLE>)
11-23 20:56:52.926  8444  8444 I ViewInteraction: Checking 'MatchesViewAssertion(Detox){viewMatcher=(view has effective visibility <VISIBLE> and view.getGlobalVisibleRect() covers at least <75> percent of the view's area)}' assertion on view (view.getTag() is "feature-hint-overlay-dismiss" and view has effective visibility <VISIBLE>)
11-23 20:56:52.956  8444  8444 I ViewInteraction: Checking 'MatchesViewAssertion(Detox){viewMatcher=(view has effective visibility <VISIBLE> and view.getGlobalVisibleRect() covers at least <75> percent of the view's area)}' assertion on view (view.getTag() is "feature-hint-overlay-dismiss" and view has effective visibility <VISIBLE>)
11-23 20:56:52.987  8444  8444 I ViewInteraction: Checking 'MatchesViewAssertion(Detox){viewMatcher=(view has effective visibility <VISIBLE> and view.getGlobalVisibleRect() covers at least <75> percent of the view's area)}' assertion on view (view.getTag() is "feature-hint-overlay-dismiss" and view has effective visibility <VISIBLE>)
11-23 20:56:53.019  8444  8444 I ViewInteraction: Checking 'MatchesViewAssertion(Detox){viewMatcher=(view has effective visibility <VISIBLE> and view.getGlobalVisibleRect() covers at least <75> percent of the view's area)}' assertion on view (view.getTag() is "feature-hint-overlay-dismiss" and view has effective visibility <VISIBLE>)
11-23 20:56:53.048  8444  8444 I ViewInteraction: Checking 'MatchesViewAssertion(Detox){viewMatcher=(view has effective visibility <VISIBLE> and view.getGlobalVisibleRect() covers at least <75> percent of the view's area)}' assertion on view (view.getTag() is "feature-hint-overlay-dismiss" and view has effective visibility <VISIBLE>)
11-23 20:56:53.079  8444  8444 I ViewInteraction: Checking 'MatchesViewAssertion(Detox){viewMatcher=(view has effective visibility <VISIBLE> and view.getGlobalVisibleRect() covers at least <75> percent of the view's area)}' assertion on view (view.getTag() is "feature-hint-overlay-dismiss" and view has effective visibility <VISIBLE>)
11-23 20:56:53.109  8444  8444 I ViewInteraction: Checking 'MatchesViewAssertion(Detox){viewMatcher=(view has effective visibility <VISIBLE> and view.getGlobalVisibleRect() covers at least <75> percent of the view's area)}' assertion on view (view.getTag() is "feature-hint-overlay-dismiss" and view has effective visibility <VISIBLE>)
11-23 20:56:53.141  8444  8444 I ViewInteraction: Checking 'MatchesViewAssertion(Detox){viewMatcher=(view has effective visibility <VISIBLE> and view.getGlobalVisibleRect() covers at least <75> percent of the view's area)}' assertion on view (view.getTag() is "feature-hint-overlay-dismiss" and view has effective visibility <VISIBLE>)
11-23 20:56:53.171  8444  8444 I ViewInteraction: Checking 'MatchesViewAssertion(Detox){viewMatcher=(view has effective visibility <VISIBLE> and view.getGlobalVisibleRect() covers at least <75> percent of the view's area)}' assertion on view (view.getTag() is "feature-hint-overlay-dismiss" and view has effective visibility <VISIBLE>)
11-23 20:56:53.202  8444  8444 I ViewInteraction: Checking 'MatchesViewAssertion(Detox){viewMatcher=(view has effective visibility <VISIBLE> and view.getGlobalVisibleRect() covers at least <75> percent of the view's area)}' assertion on view (view.getTag() is "feature-hint-overlay-dismiss" and view has effective visibility <VISIBLE>)
11-23 20:56:53.232  8444  8444 I ViewInteraction: Checking 'MatchesViewAssertion(Detox){viewMatcher=(view has effective visibility <VISIBLE> and view.getGlobalVisibleRect() covers at least <75> percent of the view's area)}' assertion on view (view.getTag() is "feature-hint-overlay-dismiss" and view has effective visibility <VISIBLE>)
11-23 20:56:53.261  8444  8444 I ViewInteraction: Checking 'MatchesViewAssertion(Detox){viewMatcher=(view has effective visibility <VISIBLE> and view.getGlobalVisibleRect() covers at least <75> percent of the view's area)}' assertion on view (view.getTag() is "feature-hint-overlay-dismiss" and view has effective visibility <VISIBLE>)
11-23 20:56:53.292  8444  8444 I ViewInteraction: Checking 'MatchesViewAssertion(Detox){viewMatcher=(view has effective visibility <VISIBLE> and view.getGlobalVisibleRect() covers at least <75> percent of the view's area)}' assertion on view (view.getTag() is "feature-hint-overlay-dismiss" and view has effective visibility <VISIBLE>)
11-23 20:56:53.322  8444  8444 I ViewInteraction: Checking 'MatchesViewAssertion(Detox){viewMatcher=(view has effective visibility <VISIBLE> and view.getGlobalVisibleRect() covers at least <75> percent of the view's area)}' assertion on view (view.getTag() is "feature-hint-overlay-dismiss" and view has effective visibility <VISIBLE>)
11-23 20:56:53.353  8444  8444 I ViewInteraction: Checking 'MatchesViewAssertion(Detox){viewMatcher=(view has effective visibility <VISIBLE> and view.getGlobalVisibleRect() covers at least <75> percent of the view's area)}' assertion on view (view.getTag() is "feature-hint-overlay-dismiss" and view has effective visibility <VISIBLE>)
11-23 20:56:53.385  8444  8444 I ViewInteraction: Checking 'MatchesViewAssertion(Detox){viewMatcher=(view has effective visibility <VISIBLE> and view.getGlobalVisibleRect() covers at least <75> percent of the view's area)}' assertion on view (view.getTag() is "feature-hint-overlay-dismiss" and view has effective visibility <VISIBLE>)
11-23 20:56:53.415  8444  8444 I ViewInteraction: Checking 'MatchesViewAssertion(Detox){viewMatcher=(view has effective visibility <VISIBLE> and view.getGlobalVisibleRect() covers at least <75> percent of the view's area)}' assertion on view (view.getTag() is "feature-hint-overlay-dismiss" and view has effective visibility <VISIBLE>)
11-23 20:56:53.446  8444  8444 I ViewInteraction: Checking 'MatchesViewAssertion(Detox){viewMatcher=(view has effective visibility <VISIBLE> and view.getGlobalVisibleRect() covers at least <75> percent of the view's area)}' assertion on view (view.getTag() is "feature-hint-overlay-dismiss" and view has effective visibility <VISIBLE>)
11-23 20:56:53.477  8444  8444 I ViewInteraction: Checking 'MatchesViewAssertion(Detox){viewMatcher=(view has effective visibility <VISIBLE> and view.getGlobalVisibleRect() covers at least <75> percent of the view's area)}' assertion on view (view.getTag() is "feature-hint-overlay-dismiss" and view has effective visibility <VISIBLE>)
11-23 20:56:53.507  8444  8444 I ViewInteraction: Checking 'MatchesViewAssertion(Detox){viewMatcher=(view has effective visibility <VISIBLE> and view.getGlobalVisibleRect() covers at least <75> percent of the view's area)}' assertion on view (view.getTag() is "feature-hint-overlay-dismiss" and view has effective visibility <VISIBLE>)
11-23 20:56:53.537  8444  8444 I ViewInteraction: Checking 'MatchesViewAssertion(Detox){viewMatcher=(view has effective visibility <VISIBLE> and view.getGlobalVisibleRect() covers at least <75> percent of the view's area)}' assertion on view (view.getTag() is "feature-hint-overlay-dismiss" and view has effective visibility <VISIBLE>)
11-23 20:56:53.567  8444  8444 I ViewInteraction: Checking 'MatchesViewAssertion(Detox){viewMatcher=(view has effective visibility <VISIBLE> and view.getGlobalVisibleRect() covers at least <75> percent of the view's area)}' assertion on view (view.getTag() is "feature-hint-overlay-dismiss" and view has effective visibility <VISIBLE>)
11-23 20:56:53.598  8444  8444 I ViewInteraction: Checking 'MatchesViewAssertion(Detox){viewMatcher=(view has effective visibility <VISIBLE> and view.getGlobalVisibleRect() covers at least <75> percent of the view's area)}' assertion on view (view.getTag() is "feature-hint-overlay-dismiss" and view has effective visibility <VISIBLE>)
11-23 20:56:53.627  8444  8444 I ViewInteraction: Checking 'MatchesViewAssertion(Detox){viewMatcher=(view has effective visibility <VISIBLE> and view.getGlobalVisibleRect() covers at least <75> percent of the view's area)}' assertion on view (view.getTag() is "feature-hint-overlay-dismiss" and view has effective visibility <VISIBLE>)
11-23 20:56:53.657  8444  8444 I ViewInteraction: Checking 'MatchesViewAssertion(Detox){viewMatcher=(view has effective visibility <VISIBLE> and view.getGlobalVisibleRect() covers at least <75> percent of the view's area)}' assertion on view (view.getTag() is "feature-hint-overlay-dismiss" and view has effective visibility <VISIBLE>)
11-23 20:56:53.687  8444  8444 I ViewInteraction: Checking 'MatchesViewAssertion(Detox){viewMatcher=(view has effective visibility <VISIBLE> and view.getGlobalVisibleRect() covers at least <75> percent of the view's area)}' assertion on view (view.getTag() is "feature-hint-overlay-dismiss" and view has effective visibility <VISIBLE>)
11-23 20:56:53.715  8444  8444 I ViewInteraction: Checking 'MatchesViewAssertion(Detox){viewMatcher=(view has effective visibility <VISIBLE> and view.getGlobalVisibleRect() covers at least <75> percent of the view's area)}' assertion on view (view.getTag() is "feature-hint-overlay-dismiss" and view has effective visibility <VISIBLE>)
11-23 20:56:53.750  8444  8444 I ViewInteraction: Checking 'MatchesViewAssertion(Detox){viewMatcher=(view has effective visibility <VISIBLE> and view.getGlobalVisibleRect() covers at least <75> percent of the view's area)}' assertion on view (view.getTag() is "feature-hint-overlay-dismiss" and view has effective visibility <VISIBLE>)
11-23 20:56:53.766  8444  8449 I ev.souschef.app: NativeAlloc concurrent mark compact GC freed 25MB AllocSpace bytes, 0(0B) LOS objects, 66% free, 14MB/43MB, paused 1.328ms,5.310ms total 108.599ms
11-23 20:56:53.780  8444  8444 I ViewInteraction: Checking 'MatchesViewAssertion(Detox){viewMatcher=(view has effective visibility <VISIBLE> and view.getGlobalVisibleRect() covers at least <75> percent of the view's area)}' assertion on view (view.getTag() is "feature-hint-overlay-dismiss" and view has effective visibility <VISIBLE>)
11-23 20:56:53.810  8444  8444 I ViewInteraction: Checking 'MatchesViewAssertion(Detox){viewMatcher=(view has effective visibility <VISIBLE> and view.getGlobalVisibleRect() covers at least <75> percent of the view's area)}' assertion on view (view.getTag() is "feature-hint-overlay-dismiss" and view has effective visibility <VISIBLE>)
11-23 20:56:53.841  8444  8444 I ViewInteraction: Checking 'MatchesViewAssertion(Detox){viewMatcher=(view has effective visibility <VISIBLE> and view.getGlobalVisibleRect() covers at least <75> percent of the view's area)}' assertion on view (view.getTag() is "feature-hint-overlay-dismiss" and view has effective visibility <VISIBLE>)
11-23 20:56:53.871  8444  8444 I ViewInteraction: Checking 'MatchesViewAssertion(Detox){viewMatcher=(view has effective visibility <VISIBLE> and view.getGlobalVisibleRect() covers at least <75> percent of the view's area)}' assertion on view (view.getTag() is "feature-hint-overlay-dismiss" and view has effective visibility <VISIBLE>)
11-23 20:56:53.902  8444  8444 I ViewInteraction: Checking 'MatchesViewAssertion(Detox){viewMatcher=(view has effective visibility <VISIBLE> and view.getGlobalVisibleRect() covers at least <75> percent of the view's area)}' assertion on view (view.getTag() is "feature-hint-overlay-dismiss" and view has effective visibility <VISIBLE>)
11-23 20:56:53.933  8444  8444 I ViewInteraction: Checking 'MatchesViewAssertion(Detox){viewMatcher=(view has effective visibility <VISIBLE> and view.getGlobalVisibleRect() covers at least <75> percent of the view's area)}' assertion on view (view.getTag() is "feature-hint-overlay-dismiss" and view has effective visibility <VISIBLE>)
11-23 20:56:53.963  8444  8444 I ViewInteraction: Checking 'MatchesViewAssertion(Detox){viewMatcher=(view has effective visibility <VISIBLE> and view.getGlobalVisibleRect() covers at least <75> percent of the view's area)}' assertion on view (view.getTag() is "feature-hint-overlay-dismiss" and view has effective visibility <VISIBLE>)
11-23 20:56:53.993  8444  8444 I ViewInteraction: Checking 'MatchesViewAssertion(Detox){viewMatcher=(view has effective visibility <VISIBLE> and view.getGlobalVisibleRect() covers at least <75> percent of the view's area)}' assertion on view (view.getTag() is "feature-hint-overlay-dismiss" and view has effective visibility <VISIBLE>)
11-23 20:56:54.024  8444  8444 I ViewInteraction: Checking 'MatchesViewAssertion(Detox){viewMatcher=(view has effective visibility <VISIBLE> and view.getGlobalVisibleRect() covers at least <75> percent of the view's area)}' assertion on view (view.getTag() is "feature-hint-overlay-dismiss" and view has effective visibility <VISIBLE>)
11-23 20:56:54.057  8444  8444 I ViewInteraction: Checking 'MatchesViewAssertion(Detox){viewMatcher=(view has effective visibility <VISIBLE> and view.getGlobalVisibleRect() covers at least <75> percent of the view's area)}' assertion on view (view.getTag() is "feature-hint-overlay-dismiss" and view has effective visibility <VISIBLE>)
11-23 20:56:54.087  8444  8444 I ViewInteraction: Checking 'MatchesViewAssertion(Detox){viewMatcher=(view has effective visibility <VISIBLE> and view.getGlobalVisibleRect() covers at least <75> percent of the view's area)}' assertion on view (view.getTag() is "feature-hint-overlay-dismiss" and view has effective visibility <VISIBLE>)
11-23 20:56:54.116  8444  8444 I ViewInteraction: Checking 'MatchesViewAssertion(Detox){viewMatcher=(view has effective visibility <VISIBLE> and view.getGlobalVisibleRect() covers at least <75> percent of the view's area)}' assertion on view (view.getTag() is "feature-hint-overlay-dismiss" and view has effective visibility <VISIBLE>)
11-23 20:56:54.149  8444  8444 I ViewInteraction: Checking 'MatchesViewAssertion(Detox){viewMatcher=(view has effective visibility <VISIBLE> and view.getGlobalVisibleRect() covers at least <75> percent of the view's area)}' assertion on view (view.getTag() is "feature-hint-overlay-dismiss" and view has effective visibility <VISIBLE>)
11-23 20:56:54.180  8444  8444 I ViewInteraction: Checking 'MatchesViewAssertion(Detox){viewMatcher=(view has effective visibility <VISIBLE> and view.getGlobalVisibleRect() covers at least <75> percent of the view's area)}' assertion on view (view.getTag() is "feature-hint-overlay-dismiss" and view has effective visibility <VISIBLE>)
11-23 20:56:54.210  8444  8444 I ViewInteraction: Checking 'MatchesViewAssertion(Detox){viewMatcher=(view has effective visibility <VISIBLE> and view.getGlobalVisibleRect() covers at least <75> percent of the view's area)}' assertion on view (view.getTag() is "feature-hint-overlay-dismiss" and view has effective visibility <VISIBLE>)
11-23 20:56:54.241  8444  8444 I ViewInteraction: Checking 'MatchesViewAssertion(Detox){viewMatcher=(view has effective visibility <VISIBLE> and view.getGlobalVisibleRect() covers at least <75> percent of the view's area)}' assertion on view (view.getTag() is "feature-hint-overlay-dismiss" and view has effective visibility <VISIBLE>)
11-23 20:56:54.270  8444  8444 I ViewInteraction: Checking 'MatchesViewAssertion(Detox){viewMatcher=(view has effective visibility <VISIBLE> and view.getGlobalVisibleRect() covers at least <75> percent of the view's area)}' assertion on view (view.getTag() is "feature-hint-overlay-dismiss" and view has effective visibility <VISIBLE>)
11-23 20:56:54.303  8444  8444 I ViewInteraction: Checking 'MatchesViewAssertion(Detox){viewMatcher=(view has effective visibility <VISIBLE> and view.getGlobalVisibleRect() covers at least <75> percent of the view's area)}' assertion on view (view.getTag() is "feature-hint-overlay-dismiss" and view has effective visibility <VISIBLE>)
11-23 20:56:54.331  8444  8444 I ViewInteraction: Checking 'MatchesViewAssertion(Detox){viewMatcher=(view has effective visibility <VISIBLE> and view.getGlobalVisibleRect() covers at least <75> percent of the view's area)}' assertion on view (view.getTag() is "feature-hint-overlay-dismiss" and view has effective visibility <VISIBLE>)
11-23 20:56:54.366  8444  8444 I ViewInteraction: Checking 'MatchesViewAssertion(Detox){viewMatcher=(view has effective visibility <VISIBLE> and view.getGlobalVisibleRect() covers at least <75> percent of the view's area)}' assertion on view (view.getTag() is "feature-hint-overlay-dismiss" and view has effective visibility <VISIBLE>)
11-23 20:56:54.396  8444  8444 I ViewInteraction: Checking 'MatchesViewAssertion(Detox){viewMatcher=(view has effective visibility <VISIBLE> and view.getGlobalVisibleRect() covers at least <75> percent of the view's area)}' assertion on view (view.getTag() is "feature-hint-overlay-dismiss" and view has effective visibility <VISIBLE>)
11-23 20:56:54.424  8444  8444 I ViewInteraction: Checking 'MatchesViewAssertion(Detox){viewMatcher=(view has effective visibility <VISIBLE> and view.getGlobalVisibleRect() covers at least <75> percent of the view's area)}' assertion on view (view.getTag() is "feature-hint-overlay-dismiss" and view has effective visibility <VISIBLE>)
11-23 20:56:54.454  8444  8444 I ViewInteraction: Checking 'MatchesViewAssertion(Detox){viewMatcher=(view has effective visibility <VISIBLE> and view.getGlobalVisibleRect() covers at least <75> percent of the view's area)}' assertion on view (view.getTag() is "feature-hint-overlay-dismiss" and view has effective visibility <VISIBLE>)
11-23 20:56:54.484  8444  8444 I ViewInteraction: Checking 'MatchesViewAssertion(Detox){viewMatcher=(view has effective visibility <VISIBLE> and view.getGlobalVisibleRect() covers at least <75> percent of the view's area)}' assertion on view (view.getTag() is "feature-hint-overlay-dismiss" and view has effective visibility <VISIBLE>)
11-23 20:56:54.513  8444  8444 I ViewInteraction: Checking 'MatchesViewAssertion(Detox){viewMatcher=(view has effective visibility <VISIBLE> and view.getGlobalVisibleRect() covers at least <75> percent of the view's area)}' assertion on view (view.getTag() is "feature-hint-overlay-dismiss" and view has effective visibility <VISIBLE>)
11-23 20:56:54.541  8444  8444 I ViewInteraction: Checking 'MatchesViewAssertion(Detox){viewMatcher=(view has effective visibility <VISIBLE> and view.getGlobalVisibleRect() covers at least <75> percent of the view's area)}' assertion on view (view.getTag() is "feature-hint-overlay-dismiss" and view has effective visibility <VISIBLE>)
11-23 20:56:54.582  8444  8444 I ViewInteraction: Checking 'MatchesViewAssertion(Detox){viewMatcher=(view has effective visibility <VISIBLE> and view.getGlobalVisibleRect() covers at least <75> percent of the view's area)}' assertion on view (view.getTag() is "feature-hint-overlay-dismiss" and view has effective visibility <VISIBLE>)
11-23 20:56:54.616  8444  8444 I ViewInteraction: Checking 'MatchesViewAssertion(Detox){viewMatcher=(view has effective visibility <VISIBLE> and view.getGlobalVisibleRect() covers at least <75> percent of the view's area)}' assertion on view (view.getTag() is "feature-hint-overlay-dismiss" and view has effective visibility <VISIBLE>)
11-23 20:56:54.644  8444  8444 I ViewInteraction: Checking 'MatchesViewAssertion(Detox){viewMatcher=(view has effective visibility <VISIBLE> and view.getGlobalVisibleRect() covers at least <75> percent of the view's area)}' assertion on view (view.getTag() is "feature-hint-overlay-dismiss" and view has effective visibility <VISIBLE>)
11-23 20:56:54.675  8444  8444 I ViewInteraction: Checking 'MatchesViewAssertion(Detox){viewMatcher=(view has effective visibility <VISIBLE> and view.getGlobalVisibleRect() covers at least <75> percent of the view's area)}' assertion on view (view.getTag() is "feature-hint-overlay-dismiss" and view has effective visibility <VISIBLE>)
11-23 20:56:54.708  8444  8444 I ViewInteraction: Checking 'MatchesViewAssertion(Detox){viewMatcher=(view has effective visibility <VISIBLE> and view.getGlobalVisibleRect() covers at least <75> percent of the view's area)}' assertion on view (view.getTag() is "feature-hint-overlay-dismiss" and view has effective visibility <VISIBLE>)
11-23 20:56:54.742  8444  8444 I ViewInteraction: Checking 'MatchesViewAssertion(Detox){viewMatcher=(view has effective visibility <VISIBLE> and view.getGlobalVisibleRect() covers at least <75> percent of the view's area)}' assertion on view (view.getTag() is "feature-hint-overlay-dismiss" and view has effective visibility <VISIBLE>)
11-23 20:56:54.772  8444  8444 D ScrollView: initGoToTop
11-23 20:56:54.776  8444  8489 I DetoxActionHandlers: Test exception
11-23 20:56:54.776  8444  8489 I DetoxActionHandlers: java.lang.reflect.InvocationTargetException
11-23 20:56:54.776  8444  8489 I DetoxActionHandlers: 	at java.lang.reflect.Method.invoke(Native Method)
11-23 20:56:54.776  8444  8489 I DetoxActionHandlers: 	at org.apache.commons.lang3.reflect.MethodUtils.invokeStaticMethod(MethodUtils.java:443)
11-23 20:56:54.776  8444  8489 I DetoxActionHandlers: 	at org.apache.commons.lang3.reflect.MethodUtils.invokeStaticMethod(MethodUtils.java:405)
11-23 20:56:54.776  8444  8489 I DetoxActionHandlers: 	at com.wix.invoke.types.ClassTarget.execute(ClassTarget.java:23)
11-23 20:56:54.776  8444  8489 I DetoxActionHandlers: 	at com.wix.invoke.types.Target.invoke(Target.java:59)
11-23 20:56:54.776  8444  8489 I DetoxActionHandlers: 	at com.wix.invoke.MethodInvocation.invoke(MethodInvocation.java:35)
11-23 20:56:54.776  8444  8489 I DetoxActionHandlers: 	at com.wix.invoke.MethodInvocation.invoke(MethodInvocation.java:26)
11-23 20:56:54.776  8444  8489 I DetoxActionHandlers: 	at com.wix.invoke.MethodInvocation.invoke(MethodInvocation.java:20)
11-23 20:56:54.776  8444  8489 I DetoxActionHandlers: 	at com.wix.detox.adapters.server.InvokeActionHandler.handle(DetoxActionHandlers.kt:54)
11-23 20:56:54.776  8444  8489 I DetoxActionHandlers: 	at com.wix.detox.adapters.server.ActionsExecutor.executeAction$lambda$2$lambda$1(DetoxActionsDispatcher.kt:76)
11-23 20:56:54.776  8444  8489 I DetoxActionHandlers: 	at com.wix.detox.adapters.server.ActionsExecutor.$r8$lambda$GVbB7LHtBHxNHGbgYnHJ6YrwCqs(Unknown Source:0)
11-23 20:56:54.776  8444  8489 I DetoxActionHandlers: 	at com.wix.detox.adapters.server.ActionsExecutor$$ExternalSyntheticLambda0.run(D8$$SyntheticClass:0)
11-23 20:56:54.776  8444  8489 I DetoxActionHandlers: 	at android.os.Handler.handleCallback(Handler.java:995)
11-23 20:56:54.776  8444  8489 I DetoxActionHandlers: 	at android.os.Handler.dispatchMessage(Handler.java:103)
11-23 20:56:54.776  8444  8489 I DetoxActionHandlers: 	at android.os.Looper.loopOnce(Looper.java:273)
11-23 20:56:54.776  8444  8489 I DetoxActionHandlers: 	at android.os.Looper.loop(Looper.java:363)
11-23 20:56:54.776  8444  8489 I DetoxActionHandlers: 	at com.wix.detox.adapters.server.ActionsExecutor._init_$lambda$0(DetoxActionsDispatcher.kt:62)
11-23 20:56:54.776  8444  8489 I DetoxActionHandlers: 	at com.wix.detox.adapters.server.ActionsExecutor.$r8$lambda$xlgL0CQim6vNM0wWEqM8JIDgZUE(Unknown Source:0)
11-23 20:56:54.776  8444  8489 I DetoxActionHandlers: 	at com.wix.detox.adapters.server.ActionsExecutor$$ExternalSyntheticLambda1.run(D8$$SyntheticClass:0)
11-23 20:56:54.776  8444  8489 I DetoxActionHandlers: 	at java.lang.Thread.run(Thread.java:1119)
11-23 20:56:54.776  8444  8489 I DetoxActionHandlers: Caused by: com.wix.detox.common.DetoxErrors$DetoxRuntimeException: 3.0sec timeout expired without matching of given matcher: (view has effective visibility <VISIBLE> and view.getGlobalVisibleRect() covers at least <75> percent of the view's area)
11-23 20:56:54.776  8444  8489 I DetoxActionHandlers: 	at com.wix.detox.espresso.DetoxAssertion.waitForAssertMatcher(DetoxAssertion.java:72)
11-23 20:56:54.776  8444  8489 I DetoxActionHandlers: 	... 20 more
11-23 20:56:54.776  8444  8489 I DetoxWSClient: Sending out action 'testFailed' (ID #69)
11-23 20:56:54.777  8444  8489 I DetoxDispatcher: Done with action 'invoke'
11-23 20:56:54.782  8444  8495 D DetoxWSClient: Received action 'invoke' (ID #70, params={"target":{"type":"Class","value":"com.wix.detox.espresso.EspressoDetox"},"method":"perform","args":[{"type":"Invocation","value":{"target":{"type":"Class","value":"com.wix.detox.espresso.DetoxMatcher"},"method":"matcherForTestId","args":["tab-pantry",{"type":"boolean","value":false}]}},{"type":"Invocation","value":{"target":{"type":"Class","value":"com.wix.detox.espresso.DetoxViewActions"},"method":"click","args":[]}}]})
11-23 20:56:54.782  8444  8489 I DetoxDispatcher: Handling action 'invoke' (ID #70)...
11-23 20:56:54.783  8444  8489 D Detox   : class com.wix.detox.espresso.DetoxMatcher, matcherForTestId, [tab-pantry, false]
11-23 20:56:54.784  8444  8489 D Detox   : class com.wix.detox.espresso.DetoxViewActions, click, []
11-23 20:56:54.784  8444  8489 D Detox   : class com.wix.detox.espresso.EspressoDetox, perform, [(view.getTag() is "tab-pantry" and view has effective visibility <VISIBLE>), com.wix.detox.espresso.action.RNClickAction@6ef980b]
11-23 20:56:54.797  8444  8489 I DetoxActionHandlers: Test exception
11-23 20:56:54.797  8444  8489 I DetoxActionHandlers: java.lang.reflect.InvocationTargetException
11-23 20:56:54.797  8444  8489 I DetoxActionHandlers: 	at java.lang.reflect.Method.invoke(Native Method)
11-23 20:56:54.797  8444  8489 I DetoxActionHandlers: 	at org.apache.commons.lang3.reflect.MethodUtils.invokeStaticMethod(MethodUtils.java:443)
11-23 20:56:54.797  8444  8489 I DetoxActionHandlers: 	at org.apache.commons.lang3.reflect.MethodUtils.invokeStaticMethod(MethodUtils.java:405)
11-23 20:56:54.797  8444  8489 I DetoxActionHandlers: 	at com.wix.invoke.types.ClassTarget.execute(ClassTarget.java:23)
11-23 20:56:54.797  8444  8489 I DetoxActionHandlers: 	at com.wix.invoke.types.Target.invoke(Target.java:59)
11-23 20:56:54.797  8444  8489 I DetoxActionHandlers: 	at com.wix.invoke.MethodInvocation.invoke(MethodInvocation.java:35)
11-23 20:56:54.797  8444  8489 I DetoxActionHandlers: 	at com.wix.invoke.MethodInvocation.invoke(MethodInvocation.java:26)
11-23 20:56:54.797  8444  8489 I DetoxActionHandlers: 	at com.wix.invoke.MethodInvocation.invoke(MethodInvocation.java:20)
11-23 20:56:54.797  8444  8489 I DetoxActionHandlers: 	at com.wix.detox.adapters.server.InvokeActionHandler.handle(DetoxActionHandlers.kt:54)
11-23 20:56:54.797  8444  8489 I DetoxActionHandlers: 	at com.wix.detox.adapters.server.ActionsExecutor.executeAction$lambda$2$lambda$1(DetoxActionsDispatcher.kt:76)
11-23 20:56:54.797  8444  8489 I DetoxActionHandlers: 	at com.wix.detox.adapters.server.ActionsExecutor.$r8$lambda$GVbB7LHtBHxNHGbgYnHJ6YrwCqs(Unknown Source:0)
11-23 20:56:54.797  8444  8489 I DetoxActionHandlers: 	at com.wix.detox.adapters.server.ActionsExecutor$$ExternalSyntheticLambda0.run(D8$$SyntheticClass:0)
11-23 20:56:54.797  8444  8489 I DetoxActionHandlers: 	at android.os.Handler.handleCallback(Handler.java:995)
11-23 20:56:54.797  8444  8489 I DetoxActionHandlers: 	at android.os.Handler.dispatchMessage(Handler.java:103)
11-23 20:56:54.797  8444  8489 I DetoxActionHandlers: 	at android.os.Looper.loopOnce(Looper.java:273)
11-23 20:56:54.797  8444  8489 I DetoxActionHandlers: 	at android.os.Looper.loop(Looper.java:363)
11-23 20:56:54.797  8444  8489 I DetoxActionHandlers: 	at com.wix.detox.adapters.server.ActionsExecutor._init_$lambda$0(DetoxActionsDispatcher.kt:62)
11-23 20:56:54.797  8444  8489 I DetoxActionHandlers: 	at com.wix.detox.adapters.server.ActionsExecutor.$r8$lambda$xlgL0CQim6vNM0wWEqM8JIDgZUE(Unknown Source:0)
11-23 20:56:54.797  8444  8489 I DetoxActionHandlers: 	at com.wix.detox.adapters.server.ActionsExecutor$$ExternalSyntheticLambda1.run(D8$$SyntheticClass:0)
11-23 20:56:54.797  8444  8489 I DetoxActionHandlers: 	at java.lang.Thread.run(Thread.java:1119)
11-23 20:56:54.797  8444  8489 I DetoxActionHandlers: Caused by: com.wix.detox.espresso.errors.DetoxNoMatchingViewException: No views in hierarchy found matching: (view.getTag() is "tab-pantry" and view has effective visibility <VISIBLE>)
11-23 20:56:54.797  8444  8489 I DetoxActionHandlers: 	at com.wix.detox.espresso.DetoxFailureHandler.handle(DetoxFailureHandler.kt:26)
11-23 20:56:54.797  8444  8489 I DetoxActionHandlers: 	at androidx.test.espresso.ViewInteraction.waitForAndHandleInteractionResults(ViewInteraction.java:385)
11-23 20:56:54.797  8444  8489 I DetoxActionHandlers: 	at androidx.test.espresso.ViewInteraction.desugaredPerform(ViewInteraction.java:212)
11-23 20:56:54.797  8444  8489 I DetoxActionHandlers: 	at androidx.test.espresso.ViewInteraction.perform(ViewInteraction.java:140)
11-23 20:56:54.797  8444  8489 I DetoxActionHandlers: 	at com.wix.detox.espresso.performer.SingleViewActionPerformer.performOn(SingleViewActionPerformer.kt:15)
11-23 20:56:54.797  8444  8489 I DetoxActionHandlers: 	at com.wix.detox.espresso.EspressoDetox.perform(EspressoDetox.java:42)
11-23 20:56:54.797  8444  8489 I DetoxActionHandlers: 	... 20 more
11-23 20:56:54.798  8444  8489 I DetoxWSClient: Sending out action 'testFailed' (ID #70)
11-23 20:56:54.800  8444  8489 I DetoxDispatcher: Done with action 'invoke'
11-23 20:56:54.803  8444  8495 D DetoxWSClient: Received action 'invoke' (ID #71, params={"target":{"type":"Class","value":"com.wix.detox.espresso.DetoxAssertion"},"method":"waitForAssertMatcher","args":[{"type":"Invocation","value":{"target":{"type":"Class","value":"androidx.test.espresso.Espresso"},"method":"onView","args":[{"type":"Invocation","value":{"target":{"type":"Class","value":"com.wix.detox.espresso.DetoxMatcher"},"method":"matcherForTestId","args":["pantry-screen",{"type":"boolean","value":false}]}}]}},{"type":"Invocation","value":{"target":{"type":"Class","value":"com.wix.detox.espresso.DetoxMatcher"},"method":"matcherForSufficientlyVisible","args":[{"type":"Integer","value":75}]}},{"type":"Double","value":10}]})
11-23 20:56:54.803  8444  8489 I DetoxDispatcher: Handling action 'invoke' (ID #71)...
11-23 20:56:54.804  8444  8489 D Detox   : class com.wix.detox.espresso.DetoxMatcher, matcherForTestId, [pantry-screen, false]
11-23 20:56:54.804  8444  8489 D Detox   : class androidx.test.espresso.Espresso, onView, [(view.getTag() is "pantry-screen" and view has effective visibility <VISIBLE>)]
11-23 20:56:54.805  8444  8489 D Detox   : class com.wix.detox.espresso.DetoxMatcher, matcherForSufficientlyVisible, [75]
11-23 20:56:54.806  8444  8489 D Detox   : class com.wix.detox.espresso.DetoxAssertion, waitForAssertMatcher, [androidx.test.espresso.ViewInteraction@2fda9e7, (view has effective visibility <VISIBLE> and view.getGlobalVisibleRect() covers at least <75> percent of the view's area), 10.0]
11-23 20:56:54.815  8444  8444 I ViewInteraction: Checking 'MatchesViewAssertion(Detox){viewMatcher=(view has effective visibility <VISIBLE> and view.getGlobalVisibleRect() covers at least <75> percent of the view's area)}' assertion on view (view.getTag() is "pantry-screen" and view has effective visibility <VISIBLE>)
11-23 20:56:54.884  8444  8444 I ViewInteraction: Checking 'MatchesViewAssertion(Detox){viewMatcher=(view has effective visibility <VISIBLE> and view.getGlobalVisibleRect() covers at least <75> percent of the view's area)}' assertion on view (view.getTag() is "pantry-screen" and view has effective visibility <VISIBLE>)
11-23 20:56:54.899  8444  8444 W [RNScreens]: backTitleVisible prop is not available on Android
11-23 20:56:54.900  8444  8444 W [RNScreens]: backTitleFontFamily prop is not available on Android
11-23 20:56:54.900  8444  8444 W [RNScreens]: disableBackButtonMenu prop is not available on Android
11-23 20:56:54.900  8444  8444 W [RNScreens]: largeTitleFontFamily prop is not available on Android
11-23 20:56:54.900  8444  8444 W [RNScreens]: topInsetEnabled prop is not available on Android
11-23 20:56:54.900  8444  8444 W [RNScreens]: largeTitleFontWeight prop is not available on Android
11-23 20:56:54.900  8444  8444 W [RNScreens]: largeTitleHideShadow prop is not available on Android
11-23 20:56:54.918  8444  8444 I ViewInteraction: Checking 'MatchesViewAssertion(Detox){viewMatcher=(view has effective visibility <VISIBLE> and view.getGlobalVisibleRect() covers at least <75> percent of the view's area)}' assertion on view (view.getTag() is "pantry-screen" and view has effective visibility <VISIBLE>)
11-23 20:56:54.970  8444  8444 W [RNScreens]: backTitleVisible prop is not available on Android
11-23 20:56:54.970  8444  8444 W [RNScreens]: backTitleFontFamily prop is not available on Android
11-23 20:56:54.970  8444  8444 W [RNScreens]: disableBackButtonMenu prop is not available on Android
11-23 20:56:54.970  8444  8444 W [RNScreens]: largeTitleFontFamily prop is not available on Android
11-23 20:56:54.970  8444  8444 W [RNScreens]: topInsetEnabled prop is not available on Android
11-23 20:56:54.970  8444  8444 W [RNScreens]: largeTitleFontWeight prop is not available on Android
11-23 20:56:54.970  8444  8444 W [RNScreens]: largeTitleHideShadow prop is not available on Android
11-23 20:56:55.169  8444  8444 I ViewInteraction: Checking 'MatchesViewAssertion(Detox){viewMatcher=(view has effective visibility <VISIBLE> and view.getGlobalVisibleRect() covers at least <75> percent of the view's area)}' assertion on view (view.getTag() is "pantry-screen" and view has effective visibility <VISIBLE>)
11-23 20:56:55.175  8444  8489 I DetoxWSClient: Sending out action 'invokeResult' (ID #71)
11-23 20:56:55.177  8444  8489 I DetoxDispatcher: Done with action 'invoke'
11-23 20:56:55.183  8444  8495 D DetoxWSClient: Received action 'invoke' (ID #72, params={"target":{"type":"Class","value":"com.wix.detox.espresso.EspressoDetox"},"method":"perform","args":[{"type":"Invocation","value":{"target":{"type":"Class","value":"com.wix.detox.espresso.DetoxMatcher"},"method":"matcherForTestId","args":["tab-recipe",{"type":"boolean","value":false}]}},{"type":"Invocation","value":{"target":{"type":"Class","value":"com.wix.detox.espresso.DetoxViewActions"},"method":"click","args":[]}}]})
11-23 20:56:55.185  8444  8489 I DetoxDispatcher: Handling action 'invoke' (ID #72)...
11-23 20:56:55.185  8444  8489 D Detox   : class com.wix.detox.espresso.DetoxMatcher, matcherForTestId, [tab-recipe, false]
11-23 20:56:55.186  8444  8489 D Detox   : class com.wix.detox.espresso.DetoxViewActions, click, []
11-23 20:56:55.186  8444  8489 D Detox   : class com.wix.detox.espresso.EspressoDetox, perform, [(view.getTag() is "tab-recipe" and view has effective visibility <VISIBLE>), com.wix.detox.espresso.action.RNClickAction@333b105]
11-23 20:56:55.276  8444  8444 I ViewInteraction: Performing 'com.wix.detox.espresso.action.detoxsingletap@bd0155a click' action on view (view.getTag() is "tab-recipe" and view has effective visibility <VISIBLE>)
11-23 20:56:55.283  8444  8444 I VRI[MainActivity]@8e53a52: ViewPostIme pointer 0
11-23 20:56:55.287  8444  8444 I VRI[MainActivity]@8e53a52: call setFrameRateCategory for touch hint category=high hint, reason=touch, vri=VRI[MainActivity]@8e53a52
11-23 20:56:55.316  8444  8444 I VRI[MainActivity]@8e53a52: ViewPostIme pointer 1
11-23 20:56:55.646  8444  9631 I ReactNativeJS: [ScreenTransition] PantryMain focused
11-23 20:56:55.713  8444  8489 I DetoxWSClient: Sending out action 'invokeResult' (ID #72)
11-23 20:56:55.714  8444  8489 I DetoxDispatcher: Done with action 'invoke'
11-23 20:56:55.718  8444  8495 D DetoxWSClient: Received action 'invoke' (ID #73, params={"target":{"type":"Class","value":"com.wix.detox.espresso.DetoxAssertion"},"method":"waitForAssertMatcher","args":[{"type":"Invocation","value":{"target":{"type":"Class","value":"androidx.test.espresso.Espresso"},"method":"onView","args":[{"type":"Invocation","value":{"target":{"type":"Class","value":"com.wix.detox.espresso.DetoxMatcher"},"method":"matcherForTestId","args":["recipes-screen",{"type":"boolean","value":false}]}}]}},{"type":"Invocation","value":{"target":{"type":"Class","value":"com.wix.detox.espresso.DetoxMatcher"},"method":"matcherForSufficientlyVisible","args":[{"type":"Integer","value":75}]}},{"type":"Double","value":10}]})
11-23 20:56:55.719  8444  8489 I DetoxDispatcher: Handling action 'invoke' (ID #73)...
11-23 20:56:55.719  8444  8489 D Detox   : class com.wix.detox.espresso.DetoxMatcher, matcherForTestId, [recipes-screen, false]
11-23 20:56:55.721  8444  8489 D Detox   : class androidx.test.espresso.Espresso, onView, [(view.getTag() is "recipes-screen" and view has effective visibility <VISIBLE>)]
11-23 20:56:55.722  8444  8489 D Detox   : class com.wix.detox.espresso.DetoxMatcher, matcherForSufficientlyVisible, [75]
11-23 20:56:55.723  8444  8489 D Detox   : class com.wix.detox.espresso.DetoxAssertion, waitForAssertMatcher, [androidx.test.espresso.ViewInteraction@fc68, (view has effective visibility <VISIBLE> and view.getGlobalVisibleRect() covers at least <75> percent of the view's area), 10.0]
11-23 20:56:55.760  8444  8444 I ViewInteraction: Checking 'MatchesViewAssertion(Detox){viewMatcher=(view has effective visibility <VISIBLE> and view.getGlobalVisibleRect() covers at least <75> percent of the view's area)}' assertion on view (view.getTag() is "recipes-screen" and view has effective visibility <VISIBLE>)
11-23 20:56:55.822  8444  8444 I ViewInteraction: Checking 'MatchesViewAssertion(Detox){viewMatcher=(view has effective visibility <VISIBLE> and view.getGlobalVisibleRect() covers at least <75> percent of the view's area)}' assertion on view (view.getTag() is "recipes-screen" and view has effective visibility <VISIBLE>)
11-23 20:56:55.884  8444  8444 I ViewInteraction: Checking 'MatchesViewAssertion(Detox){viewMatcher=(view has effective visibility <VISIBLE> and view.getGlobalVisibleRect() covers at least <75> percent of the view's area)}' assertion on view (view.getTag() is "recipes-screen" and view has effective visibility <VISIBLE>)
11-23 20:56:55.944  8444  8444 I ViewInteraction: Checking 'MatchesViewAssertion(Detox){viewMatcher=(view has effective visibility <VISIBLE> and view.getGlobalVisibleRect() covers at least <75> percent of the view's area)}' assertion on view (view.getTag() is "recipes-screen" and view has effective visibility <VISIBLE>)
11-23 20:56:56.009  8444  8444 I ViewInteraction: Checking 'MatchesViewAssertion(Detox){viewMatcher=(view has effective visibility <VISIBLE> and view.getGlobalVisibleRect() covers at least <75> percent of the view's area)}' assertion on view (view.getTag() is "recipes-screen" and view has effective visibility <VISIBLE>)
11-23 20:56:56.035  8444  8444 W [RNScreens]: backTitleVisible prop is not available on Android
11-23 20:56:56.035  8444  8444 W [RNScreens]: backTitleFontFamily prop is not available on Android
11-23 20:56:56.036  8444  8444 W [RNScreens]: disableBackButtonMenu prop is not available on Android
11-23 20:56:56.036  8444  8444 W [RNScreens]: largeTitleFontFamily prop is not available on Android
11-23 20:56:56.036  8444  8444 W [RNScreens]: topInsetEnabled prop is not available on Android
11-23 20:56:56.036  8444  8444 W [RNScreens]: largeTitleFontWeight prop is not available on Android
11-23 20:56:56.036  8444  8444 W [RNScreens]: largeTitleHideShadow prop is not available on Android
11-23 20:56:56.077  8444  8444 I ViewInteraction: Checking 'MatchesViewAssertion(Detox){viewMatcher=(view has effective visibility <VISIBLE> and view.getGlobalVisibleRect() covers at least <75> percent of the view's area)}' assertion on view (view.getTag() is "recipes-screen" and view has effective visibility <VISIBLE>)
11-23 20:56:56.163  8444  8444 I ViewInteraction: Checking 'MatchesViewAssertion(Detox){viewMatcher=(view has effective visibility <VISIBLE> and view.getGlobalVisibleRect() covers at least <75> percent of the view's area)}' assertion on view (view.getTag() is "recipes-screen" and view has effective visibility <VISIBLE>)
11-23 20:56:56.227  8444  8444 I ViewInteraction: Checking 'MatchesViewAssertion(Detox){viewMatcher=(view has effective visibility <VISIBLE> and view.getGlobalVisibleRect() covers at least <75> percent of the view's area)}' assertion on view (view.getTag() is "recipes-screen" and view has effective visibility <VISIBLE>)
11-23 20:56:56.289  8444  8444 I ViewInteraction: Checking 'MatchesViewAssertion(Detox){viewMatcher=(view has effective visibility <VISIBLE> and view.getGlobalVisibleRect() covers at least <75> percent of the view's area)}' assertion on view (view.getTag() is "recipes-screen" and view has effective visibility <VISIBLE>)
11-23 20:56:56.351  8444  8444 I ViewInteraction: Checking 'MatchesViewAssertion(Detox){viewMatcher=(view has effective visibility <VISIBLE> and view.getGlobalVisibleRect() covers at least <75> percent of the view's area)}' assertion on view (view.getTag() is "recipes-screen" and view has effective visibility <VISIBLE>)
11-23 20:56:56.408  8444  8444 I ViewInteraction: Checking 'MatchesViewAssertion(Detox){viewMatcher=(view has effective visibility <VISIBLE> and view.getGlobalVisibleRect() covers at least <75> percent of the view's area)}' assertion on view (view.getTag() is "recipes-screen" and view has effective visibility <VISIBLE>)
11-23 20:56:56.510  8444  8444 I ViewInteraction: Checking 'MatchesViewAssertion(Detox){viewMatcher=(view has effective visibility <VISIBLE> and view.getGlobalVisibleRect() covers at least <75> percent of the view's area)}' assertion on view (view.getTag() is "recipes-screen" and view has effective visibility <VISIBLE>)
11-23 20:56:56.633  8444  9631 I ReactNativeJS: 💾 Cache: Persisted cache (14 KB)
11-23 20:56:56.674  8444  9631 I ReactNativeJS: '%c🚀 ✅ QUERY GetDefaultHome 187ms', 'color: #22c55e; font-weight: bold'
11-23 20:56:56.741  8444  8444 I ViewInteraction: Checking 'MatchesViewAssertion(Detox){viewMatcher=(view has effective visibility <VISIBLE> and view.getGlobalVisibleRect() covers at least <75> percent of the view's area)}' assertion on view (view.getTag() is "recipes-screen" and view has effective visibility <VISIBLE>)
11-23 20:56:56.745  8444  8489 I DetoxWSClient: Sending out action 'invokeResult' (ID #73)
11-23 20:56:56.746  8444  8489 I DetoxDispatcher: Done with action 'invoke'
11-23 20:56:56.746  8444  9631 I ReactNativeJS: '%c🚀 ✅ QUERY GetHomes 269ms', 'color: #22c55e; font-weight: bold'
11-23 20:56:56.753  8444  8495 D DetoxWSClient: Received action 'invoke' (ID #74, params={"target":{"type":"Class","value":"com.wix.detox.espresso.DetoxAssertion"},"method":"waitForAssertMatcher","args":[{"type":"Invocation","value":{"target":{"type":"Class","value":"androidx.test.espresso.Espresso"},"method":"onView","args":[{"type":"Invocation","value":{"target":{"type":"Class","value":"com.wix.detox.espresso.DetoxMatcher"},"method":"matcherForTestId","args":["recipes-screen",{"type":"boolean","value":false}]}}]}},{"type":"Invocation","value":{"target":{"type":"Class","value":"com.wix.detox.espresso.DetoxMatcher"},"method":"matcherForSufficientlyVisible","args":[{"type":"Integer","value":75}]}},{"type":"Double","value":10}]})
11-23 20:56:56.754  8444  8489 I DetoxDispatcher: Handling action 'invoke' (ID #74)...
11-23 20:56:56.755  8444  8489 D Detox   : class com.wix.detox.espresso.DetoxMatcher, matcherForTestId, [recipes-screen, false]
11-23 20:56:56.757  8444  8489 D Detox   : class androidx.test.espresso.Espresso, onView, [(view.getTag() is "recipes-screen" and view has effective visibility <VISIBLE>)]
11-23 20:56:56.759  8444  8489 D Detox   : class com.wix.detox.espresso.DetoxMatcher, matcherForSufficientlyVisible, [75]
11-23 20:56:56.761  8444  8489 D Detox   : class com.wix.detox.espresso.DetoxAssertion, waitForAssertMatcher, [androidx.test.espresso.ViewInteraction@d3c14e0, (view has effective visibility <VISIBLE> and view.getGlobalVisibleRect() covers at least <75> percent of the view's area), 10.0]
11-23 20:56:56.803  8444  8444 I ViewInteraction: Checking 'MatchesViewAssertion(Detox){viewMatcher=(view has effective visibility <VISIBLE> and view.getGlobalVisibleRect() covers at least <75> percent of the view's area)}' assertion on view (view.getTag() is "recipes-screen" and view has effective visibility <VISIBLE>)
11-23 20:56:56.805  8444  9631 I ReactNativeJS: '%c🚀 ✅ QUERY MyRecipes 291ms', 'color: #22c55e; font-weight: bold'
11-23 20:56:56.807  8444  8489 I DetoxWSClient: Sending out action 'invokeResult' (ID #74)
11-23 20:56:56.808  8444  8489 I DetoxDispatcher: Done with action 'invoke'
11-23 20:56:56.812  8444  8495 D DetoxWSClient: Received action 'invoke' (ID #75, params={"target":{"type":"Class","value":"com.wix.detox.espresso.DetoxAssertion"},"method":"assertMatcher","args":[{"type":"Invocation","value":{"target":{"type":"Class","value":"androidx.test.espresso.Espresso"},"method":"onView","args":[{"type":"Invocation","value":{"target":{"type":"Class","value":"com.wix.detox.espresso.DetoxMatcher"},"method":"matcherForTestId","args":["recipes-search-input",{"type":"boolean","value":false}]}}]}},{"type":"Invocation","value":{"target":{"type":"Class","value":"com.wix.detox.espresso.DetoxMatcher"},"method":"matcherForSufficientlyVisible","args":[{"type":"Integer","value":75}]}}]})
11-23 20:56:56.813  8444  8489 I DetoxDispatcher: Handling action 'invoke' (ID #75)...
11-23 20:56:56.813  8444  8489 D Detox   : class com.wix.detox.espresso.DetoxMatcher, matcherForTestId, [recipes-search-input, false]
11-23 20:56:56.814  8444  8489 D Detox   : class androidx.test.espresso.Espresso, onView, [(view.getTag() is "recipes-search-input" and view has effective visibility <VISIBLE>)]
11-23 20:56:56.815  8444  8489 D Detox   : class com.wix.detox.espresso.DetoxMatcher, matcherForSufficientlyVisible, [75]
11-23 20:56:56.815  8444  8489 D Detox   : class com.wix.detox.espresso.DetoxAssertion, assertMatcher, [androidx.test.espresso.ViewInteraction@6315399, (view has effective visibility <VISIBLE> and view.getGlobalVisibleRect() covers at least <75> percent of the view's area)]
11-23 20:56:56.831  8444  9631 I ReactNativeJS: '   📤 Variables:', { first: 25 }
11-23 20:56:56.905  8444  9631 I ReactNativeJS: '%c🚀 ✅ QUERY GetPantry 406ms', 'color: #22c55e; font-weight: bold'
11-23 20:56:56.906  8444  9631 I ReactNativeJS: '   📤 Variables:', { itemsFirst: 25,
11-23 20:56:56.906  8444  9631 I ReactNativeJS:   storageLocationsFirst: 50,
11-23 20:56:56.906  8444  9631 I ReactNativeJS:   id: '691f7d5e3c9c067fb556260b' }
11-23 20:56:56.916  8444  8444 I ViewInteraction: Checking 'MatchesViewAssertion(Detox){viewMatcher=(view has effective visibility <VISIBLE> and view.getGlobalVisibleRect() covers at least <75> percent of the view's area)}' assertion on view (view.getTag() is "recipes-search-input" and view has effective visibility <VISIBLE>)
11-23 20:56:56.919  8444  8489 I DetoxActionHandlers: Test exception
11-23 20:56:56.919  8444  8489 I DetoxActionHandlers: java.lang.reflect.InvocationTargetException
11-23 20:56:56.919  8444  8489 I DetoxActionHandlers: 	at java.lang.reflect.Method.invoke(Native Method)
11-23 20:56:56.919  8444  8489 I DetoxActionHandlers: 	at org.apache.commons.lang3.reflect.MethodUtils.invokeStaticMethod(MethodUtils.java:443)
11-23 20:56:56.919  8444  8489 I DetoxActionHandlers: 	at org.apache.commons.lang3.reflect.MethodUtils.invokeStaticMethod(MethodUtils.java:405)
11-23 20:56:56.919  8444  8489 I DetoxActionHandlers: 	at com.wix.invoke.types.ClassTarget.execute(ClassTarget.java:23)
11-23 20:56:56.919  8444  8489 I DetoxActionHandlers: 	at com.wix.invoke.types.Target.invoke(Target.java:59)
11-23 20:56:56.919  8444  8489 I DetoxActionHandlers: 	at com.wix.invoke.MethodInvocation.invoke(MethodInvocation.java:35)
11-23 20:56:56.919  8444  8489 I DetoxActionHandlers: 	at com.wix.invoke.MethodInvocation.invoke(MethodInvocation.java:26)
11-23 20:56:56.919  8444  8489 I DetoxActionHandlers: 	at com.wix.invoke.MethodInvocation.invoke(MethodInvocation.java:20)
11-23 20:56:56.919  8444  8489 I DetoxActionHandlers: 	at com.wix.detox.adapters.server.InvokeActionHandler.handle(DetoxActionHandlers.kt:54)
11-23 20:56:56.919  8444  8489 I DetoxActionHandlers: 	at com.wix.detox.adapters.server.ActionsExecutor.executeAction$lambda$2$lambda$1(DetoxActionsDispatcher.kt:76)
11-23 20:56:56.919  8444  8489 I DetoxActionHandlers: 	at com.wix.detox.adapters.server.ActionsExecutor.$r8$lambda$GVbB7LHtBHxNHGbgYnHJ6YrwCqs(Unknown Source:0)
11-23 20:56:56.919  8444  8489 I DetoxActionHandlers: 	at com.wix.detox.adapters.server.ActionsExecutor$$ExternalSyntheticLambda0.run(D8$$SyntheticClass:0)
11-23 20:56:56.919  8444  8489 I DetoxActionHandlers: 	at android.os.Handler.handleCallback(Handler.java:995)
11-23 20:56:56.919  8444  8489 I DetoxActionHandlers: 	at android.os.Handler.dispatchMessage(Handler.java:103)
11-23 20:56:56.919  8444  8489 I DetoxActionHandlers: 	at android.os.Looper.loopOnce(Looper.java:273)
11-23 20:56:56.919  8444  8489 I DetoxActionHandlers: 	at android.os.Looper.loop(Looper.java:363)
11-23 20:56:56.919  8444  8489 I DetoxActionHandlers: 	at com.wix.detox.adapters.server.ActionsExecutor._init_$lambda$0(DetoxActionsDispatcher.kt:62)
11-23 20:56:56.919  8444  8489 I DetoxActionHandlers: 	at com.wix.detox.adapters.server.ActionsExecutor.$r8$lambda$xlgL0CQim6vNM0wWEqM8JIDgZUE(Unknown Source:0)
11-23 20:56:56.919  8444  8489 I DetoxActionHandlers: 	at com.wix.detox.adapters.server.Act