--------- beginning of main
11-23 21:24:54.384 24620 24664 D DetoxWSClient: Received action 'reactNativeReload' (ID #-1000, params={})
11-23 21:24:54.385 24620 24659 I DetoxDispatcher: Handling action 'reactNativeReload' (ID #-1000)...
11-23 21:24:54.388 24620 24659 I DetoxRNExt: Reloading React Native
11-23 21:24:54.389 24620 24686 W unknown:BridgelessReact: ReactHost{0}.getOrCreateReloadTask()
11-23 21:24:54.389 24620 24686 W unknown:BridgelessReact: ReactHost{0}.raiseSoftException(getOrCreateReloadTask()): Detox
11-23 21:24:54.390 24620 24686 E unknown:ReactHost: Unhandled SoftException
11-23 21:24:54.390 24620 24686 E unknown:ReactHost: com.facebook.react.bridge.ReactNoCrashSoftException: raiseSoftException(getOrCreateReloadTask()): Detox
11-23 21:24:54.390 24620 24686 E unknown:ReactHost: 	at com.facebook.react.runtime.ReactHostImpl.raiseSoftException(ReactHostImpl.kt:826)
11-23 21:24:54.390 24620 24686 E unknown:ReactHost: 	at com.facebook.react.runtime.ReactHostImpl.raiseSoftException$default(ReactHostImpl.kt:817)
11-23 21:24:54.390 24620 24686 E unknown:ReactHost: 	at com.facebook.react.runtime.ReactHostImpl.getOrCreateReloadTask(ReactHostImpl.kt:1232)
11-23 21:24:54.390 24620 24686 E unknown:ReactHost: 	at com.facebook.react.runtime.ReactHostImpl.reload$lambda$8(ReactHostImpl.kt:391)
11-23 21:24:54.390 24620 24686 E unknown:ReactHost: 	at com.facebook.react.runtime.ReactHostImpl.$r8$lambda$ZKc-OxDGoIs_vTfeqAPiROVzaQc(Unknown Source:0)
11-23 21:24:54.390 24620 24686 E unknown:ReactHost: 	at com.facebook.react.runtime.ReactHostImpl$$ExternalSyntheticLambda22.call(D8$$SyntheticClass:0)
11-23 21:24:54.390 24620 24686 E unknown:ReactHost: 	at com.facebook.react.runtime.internal.bolts.Task$Companion.call$lambda$2(Task.kt:319)
11-23 21:24:54.390 24620 24686 E unknown:ReactHost: 	at com.facebook.react.runtime.internal.bolts.Task$Companion.$r8$lambda$MFqd_-X5KhHmu0hvNE2Bec_4mJM(Unknown Source:0)
11-23 21:24:54.390 24620 24686 E unknown:ReactHost: 	at com.facebook.react.runtime.internal.bolts.Task$Companion$$ExternalSyntheticLambda1.run(D8$$SyntheticClass:0)
11-23 21:24:54.390 24620 24686 E unknown:ReactHost: 	at java.util.concurrent.ThreadPoolExecutor.runWorker(ThreadPoolExecutor.java:1156)
11-23 21:24:54.390 24620 24686 E unknown:ReactHost: 	at java.util.concurrent.ThreadPoolExecutor$Worker.run(ThreadPoolExecutor.java:651)
11-23 21:24:54.390 24620 24686 E unknown:ReactHost: 	at java.lang.Thread.run(Thread.java:1119)
11-23 21:24:54.390 24620 24686 W unknown:BridgelessReact: ReactHost{0}.getOrCreateReloadTask(): Resetting createReactInstance task ref
11-23 21:24:54.390 24620 24620 W unknown:BridgelessReact: ReactHost{0}.getOrCreateReloadTask(): Starting React Native reload
11-23 21:24:54.390 24620 24620 W unknown:BridgelessReact: ReactHost{0}.getOrCreateReloadTask(): Calling ReactContext.onHostPause()
11-23 21:24:54.391 24620 24620 W unknown:BridgelessReact: ReactHost{0}.raiseSoftException(callWithExistingReactInstance(callFunctionOnModule("RCTDeviceEventEmitter", "emit"))): Execute: reactInstance is null. Dropping work.
11-23 21:24:54.392 24620 24620 E unknown:ReactHost: Unhandled SoftException
11-23 21:24:54.392 24620 24620 E unknown:ReactHost: com.facebook.react.bridge.ReactNoCrashSoftException: raiseSoftException(callWithExistingReactInstance(callFunctionOnModule("RCTDeviceEventEmitter", "emit"))): Execute: reactInstance is null. Dropping work.
11-23 21:24:54.392 24620 24620 E unknown:ReactHost: 	at com.facebook.react.runtime.ReactHostImpl.raiseSoftException(ReactHostImpl.kt:826)
11-23 21:24:54.392 24620 24620 E unknown:ReactHost: 	at com.facebook.react.runtime.ReactHostImpl.raiseSoftException$default(ReactHostImpl.kt:817)
11-23 21:24:54.392 24620 24620 E unknown:ReactHost: 	at com.facebook.react.runtime.ReactHostImpl.callWithExistingReactInstance$lambda$29(ReactHostImpl.kt:842)
11-23 21:24:54.392 24620 24620 E unknown:ReactHost: 	at com.facebook.react.runtime.ReactHostImpl.$r8$lambda$FwZmOnLtIB7dK7-W4XUd-0shzQ0(Unknown Source:0)
11-23 21:24:54.392 24620 24620 E unknown:ReactHost: 	at com.facebook.react.runtime.ReactHostImpl$$ExternalSyntheticLambda32.then(D8$$SyntheticClass:0)
11-23 21:24:54.392 24620 24620 E unknown:ReactHost: 	at com.facebook.react.runtime.internal.bolts.Task$Companion.completeImmediately$lambda$3(Task.kt:360)
11-23 21:24:54.392 24620 24620 E unknown:ReactHost: 	at com.facebook.react.runtime.internal.bolts.Task$Companion.$r8$lambda$b7MTC0ufkn_2TjF4BGcNqGR9qK0(Unknown Source:0)
11-23 21:24:54.392 24620 24620 E unknown:ReactHost: 	at com.facebook.react.runtime.internal.bolts.Task$Companion$$ExternalSyntheticLambda3.run(D8$$SyntheticClass:0)
11-23 21:24:54.392 24620 24620 E unknown:ReactHost: 	at com.facebook.react.runtime.internal.bolts.Executors$ImmediateExecutor.execute(Executors.kt:41)
11-23 21:24:54.392 24620 24620 E unknown:ReactHost: 	at com.facebook.react.runtime.internal.bolts.Task$Companion.completeImmediately(Task.kt:358)
11-23 21:24:54.392 24620 24620 E unknown:ReactHost: 	at com.facebook.react.runtime.internal.bolts.Task$Companion.access$completeImmediately(Task.kt:254)
11-23 21:24:54.392 24620 24620 E unknown:ReactHost: 	at com.facebook.react.runtime.internal.bolts.Task.continueWith(Task.kt:133)
11-23 21:24:54.392 24620 24620 E unknown:ReactHost: 	at com.facebook.react.runtime.internal.bolts.Task.continueWith$default(Task.kt:117)
11-23 21:24:54.392 24620 24620 E unknown:ReactHost: 	at com.facebook.react.runtime.internal.bolts.Task.onSuccess$lambda$12(Task.kt:176)
11-23 21:24:54.392 24620 24620 E unknown:ReactHost: 	at com.facebook.react.runtime.internal.bolts.Task.$r8$lambda$l0wwo5AvbHxlwfI1R7CH_codxoo(Unknown Source:0)
11-23 21:24:54.392 24620 24620 E unknown:ReactHost: 	at com.facebook.react.runtime.internal.bolts.Task$$ExternalSyntheticLambda2.then(D8$$SyntheticClass:0)
11-23 21:24:54.392 24620 24620 E unknown:ReactHost: 	at com.facebook.react.runtime.internal.bolts.Task$Companion.completeAfterTask$lambda$5(Task.kt:394)
11-23 21:24:54.392 24620 24620 E unknown:ReactHost: 	at com.facebook.react.runtime.internal.bolts.Task$Companion.$r8$lambda$IPpysnehFwANEiW061YzapkMdoE(Unknown Source:0)
11-23 21:24:54.392 24620 24620 E unknown:ReactHost: 	at com.facebook.react.runtime.internal.bolts.Task$Companion$$ExternalSyntheticLambda4.run(D8$$SyntheticClass:0)
11-23 21:24:54.392 24620 24620 E unknown:ReactHost: 	at com.facebook.react.runtime.internal.bolts.Executors$ImmediateExecutor.execute(Executors.kt:41)
11-23 21:24:54.392 24620 24620 E unknown:ReactHost: 	at com.facebook.react.runtime.internal.bolts.Task$Companion.completeAfterTask(Task.kt:392)
11-23 21:24:54.392 24620 24620 E unknown:ReactHost: 	at com.facebook.react.runtime.internal.bolts.Task$Companion.access$completeAfterTask(Task.kt:254)
11-23 21:24:54.392 24620 24620 E unknown:ReactHost: 	at com.facebook.react.runtime.internal.bolts.Task.continueWithTask(Task.kt:158)
11-23 21:24:54.392 24620 24620 E unknown:ReactHost: 	at com.facebook.react.runtime.internal.bolts.Task.onSuccess(Task.kt:171)
11-23 21:24:54.392 24620 24620 E unknown:ReactHost: 	at com.facebook.react.runtime.ReactHostImpl.callWithExistingReactInstance(ReactHostImpl.kt:838)
11-23 21:24:54.392 24620 24620 E unknown:ReactHost: 	at com.facebook.react.runtime.ReactHostImpl.callWithExistingReactInstance$default(ReactHostImpl.kt:831)
11-23 21:24:54.392 24620 24620 E unknown:ReactHost: 	at com.facebook.react.runtime.ReactHostImpl.callFunctionOnModule$ReactAndroid_debug(ReactHostImpl.kt:719)
11-23 21:24:54.392 24620 24620 E unknown:ReactHost: 	at com.facebook.react.runtime.BridgelessReactContext.emitDeviceEvent(BridgelessReactContext.kt:143)
11-23 21:24:54.392 24620 24620 E unknown:ReactHost: 	at com.facebook.react.modules.appstate.AppStateModule.sendEvent(AppStateModule.kt:71)
11-23 21:24:54.392 24620 24620 E unknown:ReactHost: 	at com.facebook.react.modules.appstate.AppStateModule.sendAppStateChangeEvent(AppStateModule.kt:75)
11-23 21:24:54.392 24620 24620 E unknown:ReactHost: 	at com.facebook.react.modules.appstate.AppStateModule.onHostPause(AppStateModule.kt:48)
11-23 21:24:54.392 24620 24620 E unknown:ReactHost: 	at com.facebook.react.bridge.ReactContext.onHostPause(ReactContext.java:296)
11-23 21:24:54.392 24620 24620 E unknown:ReactHost: 	at com.facebook.react.runtime.ReactHostImpl.getOrCreateReloadTask$lambda$49(ReactHostImpl.kt:1261)
11-23 21:24:54.392 24620 24620 E unknown:ReactHost: 	at com.facebook.react.runtime.ReactHostImpl.$r8$lambda$5qPaSKaMWJBaRcQgKMWsr2cuXrE(Unknown Source:0)
11-23 21:24:54.392 24620 24620 E unknown:ReactHost: 	at com.facebook.react.runtime.ReactHostImpl$$ExternalSyntheticLambda7.then(D8$$SyntheticClass:0)
11-23 21:24:54.392 24620 24620 E unknown:ReactHost: 	at com.facebook.react.runtime.internal.bolts.Task$Companion.completeAfterTask$lambda$5(Task.kt:394)
11-23 21:24:54.392 24620 24620 E unknown:ReactHost: 	at com.facebook.react.runtime.internal.bolts.Task$Companion.$r8$lambda$IPpysnehFwANEiW061YzapkMdoE(Unknown Source:0)
11-23 21:24:54.392 24620 24620 E unknown:ReactHost: 	at com.facebook.react.runtime.internal.bolts.Task$Companion$$ExternalSyntheticLambda4.run(D8$$SyntheticClass:0)
11-23 21:24:54.392 24620 24620 E unknown:ReactHost: 	at android.os.Handler.handleCallback(Handler.java:995)
11-23 21:24:54.392 24620 24620 E unknown:ReactHost: 	at android.os.Handler.dispatchMessage(Handler.java:103)
11-23 21:24:54.392 24620 24620 E unknown:ReactHost: 	at android.os.Looper.loopOnce(Looper.java:273)
11-23 21:24:54.392 24620 24620 E unknown:ReactHost: 	at android.os.Looper.loop(Looper.java:363)
11-23 21:24:54.392 24620 24620 E unknown:ReactHost: 	at android.app.ActivityThread.main(ActivityThread.java:10060)
11-23 21:24:54.392 24620 24620 E unknown:ReactHost: 	at java.lang.reflect.Method.invoke(Native Method)
11-23 21:24:54.392 24620 24620 E unknown:ReactHost: 	at com.android.internal.os.RuntimeInit$MethodAndArgsCaller.run(RuntimeInit.java:632)
11-23 21:24:54.392 24620 24620 E unknown:ReactHost: 	at com.android.internal.os.ZygoteInit.main(ZygoteInit.java:975)
11-23 21:24:54.396 24620 24686 W unknown:BridgelessReact: ReactHost{0}.getOrCreateReloadTask(): Stopping all React Native surfaces
11-23 21:24:54.396 24620 24686 E unknown:SurfaceMountingManager: Stopping surface [1]
11-23 21:24:54.398 24620 24620 I ReactNative: [GESTURE HANDLER] Tearing down gesture handler registered for root view com.facebook.react.runtime.ReactSurfaceView{a0cdc02 V.E...... ........ 0,0-1440,3088 #1}
11-23 21:24:54.402 24620 24620 E unknown:SurfaceMountingManager: Surface [1] was stopped on SurfaceMountingManager.
11-23 21:24:54.426 24620 24620 D AutofillManager: view not autofillable - has multiline input type
11-23 21:24:54.426 24620 24620 D AutofillManager: view not autofillable - has multiline input type
11-23 21:24:54.437 24620 24620 W unknown:BridgelessReact: ReactHost{0}.getOrCreateReloadTask(): Removing memory pressure listener
11-23 21:24:54.437 24620 24620 W unknown:BridgelessReact: ReactHost{0}.getOrCreateReloadTask(): Resetting ReactContext ref
11-23 21:24:54.437 24620 24620 W unknown:BridgelessReact: ReactHost{0}.getOrCreateReloadTask(): Destroying ReactContext
11-23 21:24:54.437 24620 24620 W unknown:BridgelessReact: ReactHost{0}.getOrCreateReloadTask(): Calling DevSupportManager.onReactInstanceDestroyed(reactContext)
11-23 21:24:54.437 24620 24620 W unknown:ReactNative: Packager connection already open, nooping.
11-23 21:24:54.438 24620 24620 I ev.souschef.app: Waiting for a blocking GC Explicit
11-23 21:24:54.477 24620 25137 I ReactNativeJS: [MemoryMonitor] Stopped
11-23 21:24:54.522 24620 24620 I ev.souschef.app: WaitForGcToComplete blocked Explicit on Background for 84.914ms
11-23 21:24:54.628 24620 24620 I ev.souschef.app: Explicit concurrent mark compact GC freed 616KB AllocSpace bytes, 0(0B) LOS objects, 66% free, 14MB/42MB, paused 908us,3.946ms total 104.895ms
11-23 21:24:54.629 24620 24686 W unknown:BridgelessReact: ReactHost{0}.getOrCreateReloadTask(): Resetting ReactInstance ptr
11-23 21:24:54.629 24620 24686 W unknown:BridgelessReact: ReactHost{0}.getOrCreateReloadTask(): Destroying ReactInstance
11-23 21:24:54.634 24620 24686 D ConnectivityManager: StackLog: [android.net.ConnectivityManager.unregisterNetworkCallback(ConnectivityManager.java:5571)] [com.reactnativecommunity.netinfo.NetworkCallbackConnectivityReceiver.unregister(NetworkCallbackConnectivityReceiver.java:71)] [com.reactnativecommunity.netinfo.NetInfoModule.invalidate(NetInfoModule.java:56)] [com.facebook.react.internal.turbomodule.core.TurboModuleManager.invalidate(TurboModuleManager.kt:345)] [com.facebook.react.runtime.ReactInstance.destroy(ReactInstance.kt:420)] [com.facebook.react.runtime.ReactHostImpl.getOrCreateReloadTask$lambda$53(ReactHostImpl.kt:1318)] [com.facebook.react.runtime.ReactHostImpl.$r8$lambda$mFfCh8lHgA6uurPLct5tIl3YwVQ(Unknown Source:0)] [com.facebook.react.runtime.ReactHostImpl$$ExternalSyntheticLambda10.then(D8$$SyntheticClass:0)] [com.facebook.react.runtime.internal.bolts.Task$Companion.completeAfterTask$lambda$5(Task.kt:394)] [com.facebook.react.runtime.internal.bolts.Task$Companion.$r8$lambda$IPpysnehFwANEiW061YzapkMdoE(Unknown Source:0)] [com.facebook.react.runtime.internal.bolts.Task$Companion$$ExternalSyntheticLambda4.run(D8$$SyntheticClass:0)] [java.util.concurrent.ThreadPoolExecutor.runWorker(ThreadPoolExecutor.java:1156)] [java.util.concurrent.ThreadPoolExecutor$Worker.run(ThreadPoolExecutor.java:651)] [java.lang.Thread.run(Thread.java:1119)]
11-23 21:24:54.637 24620 24620 I BLASTBufferQueue_Java: update, w= 1440 h= 3088 mName = VRI[MainActivity]@8e53a52 mNativeObject= 0xb400007adda6c3f0 sc.mNativeObject= 0xb400007b7da35d50 format= -1 caller= android.view.ViewRootImpl.updateBlastSurfaceIfNeeded:3574 android.view.ViewRootImpl.relayoutWindow:11685 android.view.ViewRootImpl.performTraversals:4804 android.view.ViewRootImpl.doTraversal:3924 android.view.ViewRootImpl$TraversalRunnable.run:12903 android.view.Choreographer$CallbackRecord.run:1901 
11-23 21:24:54.637 24620 24620 I VRI[MainActivity]@8e53a52: Relayout returned: old=(0,0,1440,3088) new=(0,0,1440,3088) relayoutAsync=true req=(1440,3088)0 dur=1 res=0x0 s={true 0xb400007beda57a40} ch=false seqId=0
11-23 21:24:54.638 24620 24620 I VRI[MainActivity]@8e53a52: registerCallbackForPendingTransactions
11-23 21:24:54.639 24620 24686 W unknown:ReactNative: Tried to enqueue runnable on already finished thread: 'v_native... dropping Runnable.
11-23 21:24:54.639 24620 24686 E unknown:ReactNative: Tried to remove non-existent frame callback
11-23 21:24:54.642 24620 24692 I VRI[MainActivity]@8e53a52: mWNT: t=0xb400007c8dcd7190 mBlastBufferQueue=0xb400007adda6c3f0 fn= 1033 HdrRenderState mRenderHdrSdrRatio=1.0 caller= android.view.ViewRootImpl$10.onFrameDraw:6536 android.view.ViewRootImpl$4.onFrameDraw:2489 android.view.ThreadedRenderer$1.onFrameDraw:718 
11-23 21:24:54.642 24620 24686 W unknown:ReactNative: Tried to enqueue runnable on already finished thread: 'v_native... dropping Runnable.
11-23 21:24:54.643 24620 24686 W unknown:ReactNative: Tried to enqueue runnable on already finished thread: 'v_native... dropping Runnable.
11-23 21:24:54.643 24620 24686 W unknown:ReactNative: Tried to enqueue runnable on already finished thread: 'v_native... dropping Runnable.
11-23 21:24:54.643 24620 24686 W unknown:ReactNative: Tried to enqueue runnable on already finished thread: 'v_native... dropping Runnable.
11-23 21:24:54.643 24620 24686 W unknown:ReactNative: Tried to enqueue runnable on already finished thread: 'v_native... dropping Runnable.
11-23 21:24:54.643 24620 24686 W unknown:ReactNative: Tried to enqueue runnable on already finished thread: 'v_native... dropping Runnable.
11-23 21:24:54.644 24620 24686 W unknown:ReactNative: Tried to enqueue runnable on already finished thread: 'v_native... dropping Runnable.
11-23 21:24:54.644 24620 24686 W unknown:ReactNative: Tried to enqueue runnable on already finished thread: 'v_native... dropping Runnable.
11-23 21:24:54.645 24620 24686 W unknown:ReactNative: Tried to enqueue runnable on already finished thread: 'v_native... dropping Runnable.
11-23 21:24:54.645 24620 24686 W unknown:ReactNative: Tried to enqueue runnable on already finished thread: 'v_native... dropping Runnable.
11-23 21:24:54.645 24620 24686 W unknown:ReactNative: Tried to enqueue runnable on already finished thread: 'v_native... dropping Runnable.
11-23 21:24:54.645 24620 24686 W unknown:ReactNative: Tried to enqueue runnable on already finished thread: 'v_native... dropping Runnable.
11-23 21:24:54.645 24620 24686 W unknown:ReactNative: Tried to enqueue runnable on already finished thread: 'v_native... dropping Runnable.
11-23 21:24:54.645 24620 24686 W unknown:ReactNative: Tried to enqueue runnable on already finished thread: 'v_native... dropping Runnable.
11-23 21:24:54.645 24620 24686 W unknown:ReactNative: Tried to enqueue runnable on already finished thread: 'v_native... dropping Runnable.
11-23 21:24:54.645 24620 24686 W unknown:ReactNative: Tried to enqueue runnable on already finished thread: 'v_native... dropping Runnable.
11-23 21:24:54.645 24620 24686 W unknown:ReactNative: Tried to enqueue runnable on already finished thread: 'v_native... dropping Runnable.
11-23 21:24:54.646 24620 24686 W unknown:ReactNative: Tried to enqueue runnable on already finished thread: 'v_native... dropping Runnable.
11-23 21:24:54.646 24620 24686 I Nitro.JSICache: Destroying JSICache...
11-23 21:24:54.648 24620 24686 W unknown:ReactNative: Tried to enqueue runnable on already finished thread: 'v_native... dropping Runnable.
11-23 21:24:54.648 24620 24686 W unknown:ReactNative: Tried to enqueue runnable on already finished thread: 'v_native... dropping Runnable.
11-23 21:24:54.649 24620 24686 W unknown:ReactNative: Tried to enqueue runnable on already finished thread: 'v_native... dropping Runnable.
11-23 21:24:54.649 24620 24686 W unknown:ReactNative: Tried to enqueue runnable on already finished thread: 'v_native... dropping Runnable.
11-23 21:24:54.649 24620 24686 W unknown:ReactNative: Tried to enqueue runnable on already finished thread: 'v_native... dropping Runnable.
11-23 21:24:54.649 24620 24686 W unknown:ReactNative: Tried to enqueue runnable on already finished thread: 'v_native... dropping Runnable.
11-23 21:24:54.649 24620 24686 W unknown:ReactNative: Tried to enqueue runnable on already finished thread: 'v_native... dropping Runnable.
11-23 21:24:54.649 24620 24686 W unknown:ReactNative: Tried to enqueue runnable on already finished thread: 'v_native... dropping Runnable.
11-23 21:24:54.649 24620 24686 W unknown:ReactNative: Tried to enqueue runnable on already finished thread: 'v_native... dropping Runnable.
11-23 21:24:54.650 24620 24686 W unknown:ReactNative: Tried to enqueue runnable on already finished thread: 'v_native... dropping Runnable.
11-23 21:24:54.650 24620 24686 W unknown:ReactNative: Tried to enqueue runnable on already finished thread: 'v_native... dropping Runnable.
11-23 21:24:54.651 24620 24686 W unknown:ReactNative: Tried to enqueue runnable on already finished thread: 'v_native... dropping Runnable.
11-23 21:24:54.655 24620 24686 W System.err: java.lang.NoSuchFieldException: No field mIsFinished in class Lcom/facebook/react/bridge/queue/MessageQueueThreadImpl; (declaration of 'com.facebook.react.bridge.queue.MessageQueueThreadImpl' appears in /data/app/~~3fG4_UXF8_0Ir5SKDd87bA==/dev.souschef.app-ZLj_l9yaj99qujoYTJmRsw==/base.apk!classes20.dex)
11-23 21:24:54.655 24620 24686 W System.err: 	at java.lang.Class.getDeclaredField(Native Method)
11-23 21:24:54.655 24620 24686 W System.err: 	at com.swmansion.worklets.WorkletsMessageQueueThreadBase.quitSynchronous(WorkletsMessageQueueThreadBase.java:55)
11-23 21:24:54.655 24620 24686 W System.err: 	at com.facebook.jni.HybridData$Destructor.deleteNative(Native Method)
11-23 21:24:54.655 24620 24686 W System.err: 	at com.facebook.jni.HybridData$Destructor.destruct(HybridData.java:82)
11-23 21:24:54.655 24620 24686 W System.err: 	at com.facebook.jni.HybridData.resetNative(HybridData.java:48)
11-23 21:24:54.655 24620 24686 W System.err: 	at com.facebook.react.runtime.ReactInstance.destroy(ReactInstance.kt:423)
11-23 21:24:54.655 24620 24686 W System.err: 	at com.facebook.react.runtime.ReactHostImpl.getOrCreateReloadTask$lambda$53(ReactHostImpl.kt:1318)
11-23 21:24:54.655 24620 24686 W System.err: 	at com.facebook.react.runtime.ReactHostImpl.$r8$lambda$mFfCh8lHgA6uurPLct5tIl3YwVQ(Unknown Source:0)
11-23 21:24:54.655 24620 24686 W System.err: 	at com.facebook.react.runtime.ReactHostImpl$$ExternalSyntheticLambda10.then(D8$$SyntheticClass:0)
11-23 21:24:54.655 24620 24686 W System.err: 	at com.facebook.react.runtime.internal.bolts.Task$Companion.completeAfterTask$lambda$5(Task.kt:394)
11-23 21:24:54.655 24620 24686 W System.err: 	at com.facebook.react.runtime.internal.bolts.Task$Companion.$r8$lambda$IPpysnehFwANEiW061YzapkMdoE(Unknown Source:0)
11-23 21:24:54.655 24620 24686 W System.err: 	at com.facebook.react.runtime.internal.bolts.Task$Companion$$ExternalSyntheticLambda4.run(D8$$SyntheticClass:0)
11-23 21:24:54.655 24620 24686 W System.err: 	at java.util.concurrent.ThreadPoolExecutor.runWorker(ThreadPoolExecutor.java:1156)
11-23 21:24:54.655 24620 24686 W System.err: 	at java.util.concurrent.ThreadPoolExecutor$Worker.run(ThreadPoolExecutor.java:651)
11-23 21:24:54.655 24620 24686 W System.err: 	at java.lang.Thread.run(Thread.java:1119)
11-23 21:24:54.655 24620 24686 W System.err: java.lang.NoSuchFieldException: No field mIsFinished in class Lcom/facebook/react/bridge/queue/MessageQueueThreadImpl; (declaration of 'com.facebook.react.bridge.queue.MessageQueueThreadImpl' appears in /data/app/~~3fG4_UXF8_0Ir5SKDd87bA==/dev.souschef.app-ZLj_l9yaj99qujoYTJmRsw==/base.apk!classes20.dex)
11-23 21:24:54.655 24620 24686 W System.err: 	at java.lang.Class.getDeclaredField(Native Method)
11-23 21:24:54.655 24620 24686 W System.err: 	at com.swmansion.worklets.WorkletsMessageQueueThreadBase.quitSynchronous(WorkletsMessageQueueThreadBase.java:55)
11-23 21:24:54.656 24620 24686 W System.err: 	at com.facebook.jni.HybridData$Destructor.deleteNative(Native Method)
11-23 21:24:54.656 24620 24686 W System.err: 	at com.facebook.jni.HybridData$Destructor.destruct(HybridData.java:82)
11-23 21:24:54.656 24620 24686 W System.err: 	at com.facebook.jni.HybridData.resetNative(HybridData.java:48)
11-23 21:24:54.656 24620 24686 W System.err: 	at com.facebook.react.runtime.ReactInstance.destroy(ReactInstance.kt:423)
11-23 21:24:54.656 24620 24686 W System.err: 	at com.facebook.react.runtime.ReactHostImpl.getOrCreateReloadTask$lambda$53(ReactHostImpl.kt:1318)
11-23 21:24:54.656 24620 24686 W System.err: 	at com.facebook.react.runtime.ReactHostImpl.$r8$lambda$mFfCh8lHgA6uurPLct5tIl3YwVQ(Unknown Source:0)
11-23 21:24:54.656 24620 24686 W System.err: 	at com.facebook.react.runtime.ReactHostImpl$$ExternalSyntheticLambda10.then(D8$$SyntheticClass:0)
11-23 21:24:54.656 24620 24686 W System.err: 	at com.facebook.react.runtime.internal.bolts.Task$Companion.completeAfterTask$lambda$5(Task.kt:394)
11-23 21:24:54.656 24620 24686 W System.err: 	at com.facebook.react.runtime.internal.bolts.Task$Companion.$r8$lambda$IPpysnehFwANEiW061YzapkMdoE(Unknown Source:0)
11-23 21:24:54.656 24620 24686 W System.err: 	at com.facebook.react.runtime.internal.bolts.Task$Companion$$ExternalSyntheticLambda4.run(D8$$SyntheticClass:0)
11-23 21:24:54.656 24620 24686 W System.err: 	at java.util.concurrent.ThreadPoolExecutor.runWorker(ThreadPoolExecutor.java:1156)
11-23 21:24:54.656 24620 24686 W System.err: 	at java.util.concurrent.ThreadPoolExecutor$Worker.run(ThreadPoolExecutor.java:651)
11-23 21:24:54.656 24620 24686 W System.err: 	at java.lang.Thread.run(Thread.java:1119)
11-23 21:24:54.665 24620 24686 W unknown:ReactNative: Tried to enqueue runnable on already finished thread: 'v_native... dropping Runnable.
11-23 21:24:54.665 24620 24686 W unknown:ReactNative: Tried to enqueue runnable on already finished thread: 'v_native... dropping Runnable.
11-23 21:24:54.665 24620 24686 W unknown:ReactNative: Tried to enqueue runnable on already finished thread: 'v_native... dropping Runnable.
11-23 21:24:54.667 24620 24686 W unknown:ReactNative: Tried to enqueue runnable on already finished thread: 'v_native... dropping Runnable.
11-23 21:24:54.687 24620 24686 W unknown:ReactNative: Tried to enqueue runnable on already finished thread: 'v_native... dropping Runnable.
11-23 21:24:54.687 24620 24686 W unknown:ReactNative: Tried to enqueue runnable on already finished thread: 'v_native... dropping Runnable.
11-23 21:24:54.687 24620 24686 W unknown:ReactNative: Tried to enqueue runnable on already finished thread: 'v_native... dropping Runnable.
11-23 21:24:54.855 24620 24686 W unknown:BridgelessReact: ReactHost{0}.getOrCreateReloadTask(): Resetting start task ref
11-23 21:24:54.855 24620 24686 W unknown:BridgelessReact: ReactHost{0}.getOrCreateReactInstanceTask()
11-23 21:24:54.855 24620 24686 W unknown:BridgelessReact: ReactHost{0}.getOrCreateReactInstanceTask(): Start
11-23 21:24:54.855 24620 24686 D Detox.RNMarker: REACT_BRIDGELESS_LOADING_START (null)
11-23 21:24:54.855 24620 24686 W unknown:BridgelessReact: ReactHost{0}.getJSBundleLoader()
11-23 21:24:54.855 24620 24686 W unknown:BridgelessReact: ReactHost{0}.isMetroRunning()
11-23 21:24:54.870 24620 24689 W unknown:BridgelessReact: ReactHost{0}.isMetroRunning(): Async result = true
11-23 21:24:54.872 24620 24686 W unknown:BridgelessReact: ReactHost{0}.loadJSBundleFromMetro()
11-23 21:24:54.872 24620 24686 D Detox.RNMarker: DOWNLOAD_START (null)
11-23 21:24:54.878 24620 24620 I WindowManager: WindowManagerGlobal#addView, ty=1000, view=android.widget.PopupWindow$PopupDecorView{a2a0031 V.E...... R.....I. 0,0-0,0}, caller=android.view.WindowManagerImpl.addView:158 android.widget.PopupWindow.invokePopup:1692 android.widget.PopupWindow.showAtLocation:1418 
11-23 21:24:54.878 24620 24620 D ViewRootImpl: desktopMode is false
11-23 21:24:54.879 24620 24620 I ViewRootImpl: dVRR is disabled
11-23 21:24:54.880 24620 24676 D NativeCustomFrequencyManager: [NativeCFMS] BpCustomFrequencyManager::BpCustomFrequencyManager()
11-23 21:24:54.889 24620 24620 D InputTransport: Input channel constructed: '2c91694', fd=207
11-23 21:24:54.890 24620 24620 I InsetsController: onStateChanged: host=PopupWindow:e9fb4d8, from=android.view.ViewRootImpl.onInsetsStateChanged:3026, state=InsetsState: {mDisplayFrame=Rect(0, 0 - 1440, 3088), mDisplayCutout=DisplayCutout{insets=Rect(0, 100 - 0, 0) waterfall=Insets{left=0, top=0, right=0, bottom=0} boundingRect={Bounds=[Rect(0, 0 - 0, 0), Rect(683, 0 - 758, 100), Rect(0, 0 - 0, 0), Rect(0, 0 - 0, 0)]} cutoutPathParserInfo={CutoutPathParserInfo{displayWidth=1440 displayHeight=3088 physicalDisplayWidth=1440 physicalDisplayHeight=3088 density={3.75} cutoutSpec={M 0,0 H -10 V 26.66666666666667 H 10 V 0 H 0 Z @dp} rotation={0} scale={1.0} physicalPixelDisplaySizeRatio={1.0}}} sideOverrides={}}, mRoundedCorners=RoundedCorners{[RoundedCorner{position=TopLeft, radius=15, center=Point(15, 15)}, RoundedCorner{position=TopRight, radius=15, center=Point(1425, 15)}, RoundedCorner{position=BottomRight, radius=15, center=Point(1425, 3073)}, RoundedCorner{position=BottomLeft, radius=15, center=Point(15, 3073)}]}  mRoundedCornerFrame=Rect(0, 0 - 1440, 3088), mPrivacyIndicatorBounds=PrivacyIndicatorBounds {static bounds=Rect(1275, 0 - 1440, 100) rotation=0}, mDisplayShape=DisplayShape{ spec=-311912193 displayWidth=1440 displayHeight=3088 physicalPixelDisplaySizeRatio=1.0 rotation=0 offsetX=0 offsetY=0 scale=1.0}, mSources= { InsetsSource: {b11d0001 mType=navigationBars mFrame=[0,3032][1440,3088] mVisible=true mFlags=SUPPRESS_SCRIM mSideHint=BOTTOM mBoundingRects=null}, InsetsSource: {b11d0004 mType=systemGestures mFrame=[0,0][84,3088] mVisible=true mFlags= mSideHint=LEFT mBoundingRects=null}, InsetsSource: {b11d0005 mType=mandatorySystemGestures mFrame=[0,2968][1440,3088] mVisible=true mFlags= mSideHint=BOTTOM mBoundingRects=null}, InsetsSource: {b11d0006 mType=tappableElement mFrame=[0,0][0,0] mVisible=true mFlags= mSideHint=NONE mBoundingRects=null}, InsetsSource: {b11d0024 mType=systemGestures mFrame=[1356,0][1440,3088] mVisible=true mFlags= mSideHint=RIGHT mBoundingRects=null}, InsetsSource: {ecac0000 mType=statusBars mFrame=[0,0][1440,100] mVisible=true mFlags= mSideHint=TOP mBoundingRects=null}, InsetsSource: {ecac0005 mType=mandatorySystemGestures mFrame=[0,0][1440,145] mVisible=true mFlags= mSideHint=TOP mBoundingRects=null}, InsetsSource: {ecac0006 mType=tappableElement mFrame=[0,0][1440,100] mVisible=true mFlags= mSideHint=TOP mBoundingRects=null}, InsetsSource: {27 mType=displayCutout mFrame=[0,0][1440,100] mVisible=true mFlags= mSideHint=TOP mBoundingRects=null} }
11-23 21:24:54.891 24620 24620 I VRI[PopupWindow:e9fb4d8]@6d73316: synced displayState. AttachInfo displayState=2
11-23 21:24:54.894 24620 24620 I VRI[PopupWindow:e9fb4d8]@6d73316: setView = android.widget.PopupWindow$PopupDecorView@a2a0031 IsHRR=false mFlingFrameRateChange=0 TM=true
11-23 21:24:54.896 24620 24676 D HWUI    : HWUI - treat SMPTE_170M as sRGB
11-23 21:24:54.912 24620 24620 W libc    : Access denied finding property "vendor.display.enable_optimal_refresh_rate"
11-23 21:24:54.913 24620 24620 I BufferQueueProducer: [](id:602c00000008,api:0,p:498304752,c:24620) setDequeueTimeout:2077252342
11-23 21:24:54.914 24620 24620 I BLASTBufferQueue_Java: new BLASTBufferQueue, mName= VRI[PopupWindow:e9fb4d8]@6d73316 mNativeObject= 0xb400007addc48190 caller= android.view.ViewRootImpl.updateBlastSurfaceIfNeeded:3585 android.view.ViewRootImpl.relayoutWindow:11685 android.view.ViewRootImpl.performTraversals:4804 android.view.ViewRootImpl.doTraversal:3924 android.view.ViewRootImpl$TraversalRunnable.run:12903 android.view.Choreographer$CallbackRecord.run:1901 android.view.Choreographer$CallbackRecord.run:1910 android.view.Choreographer.doCallbacks:1367 android.view.Choreographer.doFrame:1292 android.view.Choreographer$FrameDisplayEventReceiver.run:1870 
11-23 21:24:54.914 24620 24620 I BLASTBufferQueue_Java: update, w= 1440 h= 94 mName = VRI[PopupWindow:e9fb4d8]@6d73316 mNativeObject= 0xb400007addc48190 sc.mNativeObject= 0xb400007b7dabb610 format= -3 caller= android.view.ViewRootImpl.updateBlastSurfaceIfNeeded:3590 android.view.ViewRootImpl.relayoutWindow:11685 android.view.ViewRootImpl.performTraversals:4804 android.view.ViewRootImpl.doTraversal:3924 android.view.ViewRootImpl$TraversalRunnable.run:12903 android.view.Choreographer$CallbackRecord.run:1901 
11-23 21:24:54.915 24620 24620 W libc    : Access denied finding property "vendor.display.enable_optimal_refresh_rate"
11-23 21:24:54.916 24620 24620 I VRI[PopupWindow:e9fb4d8]@6d73316: Relayout returned: old=(0,100,1440,3032) new=(0,100,1440,194) relayoutAsync=false req=(1440,94)0 dur=11 res=0x3 s={true 0xb400007beddf5080} ch=true seqId=0
11-23 21:24:54.916 24620 24620 I VRI[PopupWindow:e9fb4d8]@6d73316: performConfigurationChange setNightDimText nightDimLevel=0
11-23 21:24:54.919 24620 24620 D VRI[PopupWindow:e9fb4d8]@6d73316: mThreadedRenderer.initialize() mSurface={isValid=true 0xb400007beddf5080} hwInitialized=true
11-23 21:24:54.921 24620 24620 D VRI[PopupWindow:e9fb4d8]@6d73316: reportNextDraw android.view.ViewRootImpl.performTraversals:5443 android.view.ViewRootImpl.doTraversal:3924 android.view.ViewRootImpl$TraversalRunnable.run:12903 android.view.Choreographer$CallbackRecord.run:1901 android.view.Choreographer$CallbackRecord.run:1910 
11-23 21:24:54.921 24620 24620 D VRI[PopupWindow:e9fb4d8]@6d73316: Setup new sync=wmsSync-VRI[PopupWindow:e9fb4d8]@6d73316#30
11-23 21:24:54.921 24620 24620 I VRI[PopupWindow:e9fb4d8]@6d73316: Creating new active sync group VRI[PopupWindow:e9fb4d8]@6d73316#31
11-23 21:24:54.922 24620 24620 D VRI[PopupWindow:e9fb4d8]@6d73316: registerCallbacksForSync syncBuffer=false
11-23 21:24:54.925 24620 24691 D VRI[PopupWindow:e9fb4d8]@6d73316: Received frameDrawingCallback syncResult=0 frameNum=1.
11-23 21:24:54.929 24620 24691 I VRI[PopupWindow:e9fb4d8]@6d73316: mWNT: t=0xb400007c8dae8650 mBlastBufferQueue=0xb400007addc48190 fn= 1 HdrRenderState mRenderHdrSdrRatio=1.0 caller= android.view.ViewRootImpl$12.onFrameDraw:15441 android.view.ThreadedRenderer$1.onFrameDraw:718 <bottom of call stack> 
11-23 21:24:54.929 24620 24691 I VRI[PopupWindow:e9fb4d8]@6d73316: Setting up sync and frameCommitCallback
11-23 21:24:54.929 24620 24676 I BLASTBufferQueue: [VRI[PopupWindow:e9fb4d8]@6d73316#8](f:0,a:0,s:0) onFrameAvailable the first frame is available
11-23 21:24:54.930 24620 24676 I SurfaceComposerClient: apply transaction with the first frame. layerId: 58486, bufferData(ID: 105742094827555, frameNumber: 1)
11-23 21:24:54.930 24620 24676 I VRI[PopupWindow:e9fb4d8]@6d73316: Received frameCommittedCallback lastAttemptedDrawFrameNum=1 didProduceBuffer=true
11-23 21:24:54.932 24620 24676 D HWUI    : CFMS:: SetUp Pid : 24620    Tid : 24676
11-23 21:24:54.932 24620 24620 D VRI[PopupWindow:e9fb4d8]@6d73316: reportDrawFinished seqId=0
11-23 21:24:54.933 24620 24620 I VRI[PopupWindow:e9fb4d8]@6d73316: handleResized, frames=ClientWindowFrames{frame=[0,100][1440,194] display=[0,100][1440,3032] parentFrame=[0,0][0,0] attachedFrame=[0,0][1440,3088]} displayId=0 dragResizing=false compatScale=1.0 frameChanged=false attachedFrameChanged=false configChanged=false displayChanged=false compatScaleChanged=false dragResizingChanged=false
11-23 21:24:54.933 24620 24620 I VRI[PopupWindow:e9fb4d8]@6d73316: handleResized mSyncSeqId = 0
11-23 21:24:54.934 24620 24620 D VRI[PopupWindow:e9fb4d8]@6d73316: reportNextDraw android.view.ViewRootImpl.handleResized:2983 android.view.ViewRootImpl.-$$Nest$mhandleResized:0 android.view.ViewRootImpl$W.resized:14082 android.app.servertransaction.WindowStateResizeItem.execute:93 android.app.servertransaction.WindowStateTransactionItem.execute:62 
11-23 21:24:54.934 24620 24620 D VRI[PopupWindow:e9fb4d8]@6d73316: Setup new sync=wmsSync-VRI[PopupWindow:e9fb4d8]@6d73316#32
11-23 21:24:54.934 24620 24620 I VRI[PopupWindow:e9fb4d8]@6d73316: Creating new active sync group VRI[PopupWindow:e9fb4d8]@6d73316#33
11-23 21:24:54.935 24620 24620 D VRI[PopupWindow:e9fb4d8]@6d73316: registerCallbacksForSync syncBuffer=false
11-23 21:24:54.936 24620 24692 D VRI[PopupWindow:e9fb4d8]@6d73316: Received frameDrawingCallback syncResult=0 frameNum=2.
11-23 21:24:54.936 24620 24692 I VRI[PopupWindow:e9fb4d8]@6d73316: Setting up sync and frameCommitCallback
11-23 21:24:54.936 24620 24676 I VRI[PopupWindow:e9fb4d8]@6d73316: Received frameCommittedCallback lastAttemptedDrawFrameNum=2 didProduceBuffer=false
11-23 21:24:54.936 24620 24676 I BLASTBufferQueue_Java: gatherPendingTransactions, mName= VRI[PopupWindow:e9fb4d8]@6d73316 mNativeObject= 0xb400007addc48190 frameNumber= 2 caller= android.view.ViewRootImpl$12.lambda$onFrameDraw$3:15525 android.view.ViewRootImpl$12.$r8$lambda$CTo3ExVBk8akdVTGlqHPAoYLRVI:0 android.view.ViewRootImpl$12$$ExternalSyntheticLambda1.onFrameCommit:0 android.view.ThreadedRenderer$1.lambda$onFrameDraw$0:730 android.view.ThreadedRenderer$1$$ExternalSyntheticLambda0.onFrameCommit:0 <bottom of call stack> 
11-23 21:24:54.937 24620 24620 D VRI[PopupWindow:e9fb4d8]@6d73316: reportDrawFinished seqId=0
11-23 21:24:55.742 24620 24689 D Detox.RNMarker: DOWNLOAD_END ({"url":"http:\/\/localhost:8081\/index.bundle?platform=android&dev=true&lazy=true&minify=false&app=dev.souschef.app&modulesOnly=false&runModule=true&excludeSource=true&sourcePaths=url-server","filesChangedCount":0})
11-23 21:24:55.742 24620 24620 W WindowOnBackDispatcher: sendCancelIfRunning: isInProgress=false callback=android.widget.PopupWindow$PopupDecorView$$ExternalSyntheticLambda1@86d6e6d
11-23 21:24:55.742 24620 24689 W unknown:BridgelessReact: ReactHost{0}.loadJSBundleFromMetro(): Creating BundleLoader
11-23 21:24:55.742 24620 24686 W unknown:BridgelessReact: ReactHost{0}.getOrCreateReactContext(): Creating BridgelessReactContext
11-23 21:24:55.743 24620 24686 W unknown:BridgelessReact: ReactHost{0}.getOrCreateReactInstanceTask(): Creating ReactInstance
11-23 21:24:55.743 24620 24620 I WindowManager: WindowManagerGlobal#removeView, ty=1000, view=android.widget.PopupWindow$PopupDecorView{a2a0031 V.E...... R....... 0,0-1440,94}, caller=android.view.WindowManagerGlobal.removeView:654 android.view.WindowManagerImpl.removeViewImmediate:216 android.widget.PopupWindow.dismissImmediate:2415 
11-23 21:24:55.745 24620 24686 W unknown:ReactNative: Inspector connection already open, nooping.
11-23 21:24:55.752 24620 24620 I VRI[PopupWindow:e9fb4d8]@6d73316: dispatchDetachedFromWindow
11-23 21:24:55.760 24620 24620 D InputTransport: Input channel destroyed: '2c91694', fd=207
11-23 21:24:55.760 24620 24724 I CameraDevices: Initializing ProcessCameraProvider...
11-23 21:24:55.761 24620 24724 I CameraDevices: Initializing ExtensionsManager...
11-23 21:24:55.761 24620 24724 I CameraDevices: Successfully initialized!
11-23 21:24:55.764 24620 24724 D CapabilitiesByQuality: profiles = ImmutableEncoderProfilesProxy{defaultDurationSeconds=30, recommendedFileFormat=2, audioProfiles=[AudioProfileProxy{codec=3, mediaType=audio/mp4a-latm, bitrate=256000, sampleRate=48000, channels=2, profile=1}], videoProfiles=[VideoProfileProxy{codec=2, mediaType=video/avc, bitrate=48000000, frameRate=30, width=3840, height=2160, profile=-1, bitDepth=8, chromaSubsampling=0, hdrFormat=0}]}
11-23 21:24:55.764 24620 24724 D CapabilitiesByQuality: profiles = ImmutableEncoderProfilesProxy{defaultDurationSeconds=30, recommendedFileFormat=2, audioProfiles=[AudioProfileProxy{codec=3, mediaType=audio/mp4a-latm, bitrate=256000, sampleRate=48000, channels=2, profile=1}], videoProfiles=[VideoProfileProxy{codec=2, mediaType=video/avc, bitrate=17000000, frameRate=30, width=1920, height=1080, profile=-1, bitDepth=8, chromaSubsampling=0, hdrFormat=0}]}
11-23 21:24:55.765 24620 24724 D CapabilitiesByQuality: profiles = ImmutableEncoderProfilesProxy{defaultDurationSeconds=30, recommendedFileFormat=2, audioProfiles=[AudioProfileProxy{codec=3, mediaType=audio/mp4a-latm, bitrate=256000, sampleRate=48000, channels=2, profile=1}], videoProfiles=[VideoProfileProxy{codec=2, mediaType=video/avc, bitrate=12000000, frameRate=30, width=1280, height=720, profile=-1, bitDepth=8, chromaSubsampling=0, hdrFormat=0}]}
11-23 21:24:55.765 24620 24724 D CapabilitiesByQuality: profiles = ImmutableEncoderProfilesProxy{defaultDurationSeconds=30, recommendedFileFormat=2, audioProfiles=[AudioProfileProxy{codec=3, mediaType=audio/mp4a-latm, bitrate=256000, sampleRate=48000, channels=2, profile=1}], videoProfiles=[VideoProfileProxy{codec=2, mediaType=video/avc, bitrate=3449000, frameRate=30, width=720, height=480, profile=-1, bitDepth=8, chromaSubsampling=0, hdrFormat=0}]}
11-23 21:24:55.768 24620 24724 D CameraCharacteristicsUtil: isAvailableFeature(mode 202) : true
11-23 21:24:55.768 24620 24724 D CameraCharacteristicsUtil: isAvailableDynamicShotInfo : true
11-23 21:24:55.768 24620 24724 D CameraCharacteristicsUtil: isAvailableFeature(mode 101) : true
11-23 21:24:55.768 24620 24724 I cx/HdrExt#36: isExtensionAvailable: cameraId = 0, false
11-23 21:24:55.770 24620 24724 D CameraCharacteristicsUtil: isAvailableFeature(mode 201) : true
11-23 21:24:55.770 24620 24724 D CameraCharacteristicsUtil: isAvailableDynamicShotInfo : true
11-23 21:24:55.770 24620 24724 D CameraCharacteristicsUtil: isAvailableFeature(mode 101) : true
11-23 21:24:55.770 24620 24724 I cx/NightExt#37: isExtensionAvailable: cameraId = 0, false
11-23 21:24:55.770 24620 24724 D CameraCharacteristicsUtil: isAvailableFeature(mode 203) : false
11-23 21:24:55.770 24620 24724 I cx/SuperNightExt#38: isExtensionAvailable: cameraId = 0, false
11-23 21:24:55.782 24620 25356 D InstallReferrerState: OK
11-23 21:24:55.844 24620 24724 D CapabilitiesByQuality: profiles = ImmutableEncoderProfilesProxy{defaultDurationSeconds=30, recommendedFileFormat=2, audioProfiles=[AudioProfileProxy{codec=3, mediaType=audio/mp4a-latm, bitrate=256000, sampleRate=48000, channels=2, profile=1}], videoProfiles=[VideoProfileProxy{codec=2, mediaType=video/avc, bitrate=17000000, frameRate=30, width=1920, height=1080, profile=-1, bitDepth=8, chromaSubsampling=0, hdrFormat=0}]}
11-23 21:24:55.844 24620 24724 D CapabilitiesByQuality: profiles = ImmutableEncoderProfilesProxy{defaultDurationSeconds=30, recommendedFileFormat=2, audioProfiles=[AudioProfileProxy{codec=3, mediaType=audio/mp4a-latm, bitrate=256000, sampleRate=48000, channels=2, profile=1}], videoProfiles=[VideoProfileProxy{codec=2, mediaType=video/avc, bitrate=12000000, frameRate=30, width=1280, height=720, profile=-1, bitDepth=8, chromaSubsampling=0, hdrFormat=0}]}
11-23 21:24:55.845 24620 24724 D CapabilitiesByQuality: profiles = ImmutableEncoderProfilesProxy{defaultDurationSeconds=30, recommendedFileFormat=2, audioProfiles=[AudioProfileProxy{codec=3, mediaType=audio/mp4a-latm, bitrate=256000, sampleRate=48000, channels=2, profile=1}], videoProfiles=[VideoProfileProxy{codec=2, mediaType=video/avc, bitrate=3449000, frameRate=30, width=720, height=480, profile=-1, bitDepth=8, chromaSubsampling=0, hdrFormat=0}]}
11-23 21:24:55.845 24620 24686 W unknown:BridgelessReact: ReactHost{0}.getOrCreateReactInstanceTask(): Loading JS Bundle
11-23 21:24:55.846 24620 24686 W unknown:BridgelessReact: ReactHost{0}.getOrCreateReactInstanceTask(): Calling DevSupportManagerBase.onNewReactContextCreated(reactContext)
11-23 21:24:55.846 24620 25353 D Detox.RNMarker: RUN_JS_BUNDLE_START (/index.bundle?platform=android&dev=true&lazy=true&minify=false&app=dev.souschef.app&modulesOnly=false&runModule=true&excludeSource=true&sourcePaths=url-server)
11-23 21:24:55.846 24620 24724 D CameraCharacteristicsUtil: isAvailableFeature(mode 202) : true
11-23 21:24:55.846 24620 24724 D CameraCharacteristicsUtil: isAvailableDynamicShotInfo : true
11-23 21:24:55.846 24620 24724 D CameraCharacteristicsUtil: isAvailableFeature(mode 101) : true
11-23 21:24:55.846 24620 24724 I cx/HdrExt#39: isExtensionAvailable: cameraId = 1, false
11-23 21:24:55.847 24620 24724 D CameraCharacteristicsUtil: isAvailableFeature(mode 201) : true
11-23 21:24:55.847 24620 24620 W unknown:ReactNative: Packager connection already open, nooping.
11-23 21:24:55.847 24620 24724 D CameraCharacteristicsUtil: isAvailableDynamicShotInfo : true
11-23 21:24:55.847 24620 24724 D CameraCharacteristicsUtil: isAvailableFeature(mode 101) : true
11-23 21:24:55.847 24620 24724 I cx/NightExt#40: isExtensionAvailable: cameraId = 1, false
11-23 21:24:55.847 24620 24620 W unknown:BridgelessReact: ReactContext.onHostResume()
11-23 21:24:55.847 24620 24724 D CameraCharacteristicsUtil: isAvailableFeature(mode 203) : false
11-23 21:24:55.847 24620 24724 I cx/SuperNightExt#41: isExtensionAvailable: cameraId = 1, false
11-23 21:24:55.848 24620 24620 W unknown:BridgelessReact: ReactHost{0}.getOrCreateReactInstanceTask(): Executing ReactInstanceEventListeners
11-23 21:24:55.848 24620 24620 I DetoxRNLoading: Got new RN-context through listener
11-23 21:24:55.851 24620 24659 I DetoxWSClient: Sending out action 'ready' (ID #-1000)
11-23 21:24:55.852 24620 24659 I DetoxDispatcher: Done with action 'reactNativeReload'
11-23 21:24:55.853 24620 25354 W BridgelessReactContext: [WARNING] Bridgeless doesn't support CatalystInstance. Accessing an API that's not part of the new architecture is not encouraged usage.
11-23 21:24:55.855 24620 24686 W unknown:BridgelessReact: ReactHost{0}.getOrCreateReloadTask(): Restarting previously running React Native Surfaces
11-23 21:24:55.857 24620 24686 W unknown:BridgelessReact: ReactHost{0}.getOrCreateReloadTask(): Resetting reload task ref
11-23 21:24:55.880 24620 24724 D CapabilitiesByQuality: profiles = ImmutableEncoderProfilesProxy{defaultDurationSeconds=30, recommendedFileFormat=2, audioProfiles=[AudioProfileProxy{codec=3, mediaType=audio/mp4a-latm, bitrate=256000, sampleRate=48000, channels=2, profile=1}], videoProfiles=[VideoProfileProxy{codec=2, mediaType=video/avc, bitrate=17000000, frameRate=30, width=1920, height=1080, profile=-1, bitDepth=8, chromaSubsampling=0, hdrFormat=0}]}
11-23 21:24:55.880 24620 24724 D CapabilitiesByQuality: profiles = ImmutableEncoderProfilesProxy{defaultDurationSeconds=30, recommendedFileFormat=2, audioProfiles=[AudioProfileProxy{codec=3, mediaType=audio/mp4a-latm, bitrate=256000, sampleRate=48000, channels=2, profile=1}], videoProfiles=[VideoProfileProxy{codec=2, mediaType=video/avc, bitrate=12000000, frameRate=30, width=1280, height=720, profile=-1, bitDepth=8, chromaSubsampling=0, hdrFormat=0}]}
11-23 21:24:55.881 24620 24724 D CapabilitiesByQuality: profiles = ImmutableEncoderProfilesProxy{defaultDurationSeconds=30, recommendedFileFormat=2, audioProfiles=[AudioProfileProxy{codec=3, mediaType=audio/mp4a-latm, bitrate=256000, sampleRate=48000, channels=2, profile=1}], videoProfiles=[VideoProfileProxy{codec=2, mediaType=video/avc, bitrate=3449000, frameRate=30, width=720, height=480, profile=-1, bitDepth=8, chromaSubsampling=0, hdrFormat=0}]}
11-23 21:24:55.882 24620 24724 D CameraCharacteristicsUtil: isAvailableFeature(mode 202) : true
11-23 21:24:55.882 24620 24724 D CameraCharacteristicsUtil: isAvailableDynamicShotInfo : true
11-23 21:24:55.882 24620 24724 D CameraCharacteristicsUtil: isAvailableFeature(mode 101) : true
11-23 21:24:55.882 24620 24724 I cx/HdrExt#42: isExtensionAvailable: cameraId = 2, false
11-23 21:24:55.883 24620 24724 D CameraCharacteristicsUtil: isAvailableFeature(mode 201) : true
11-23 21:24:55.883 24620 24724 D CameraCharacteristicsUtil: isAvailableDynamicShotInfo : true
11-23 21:24:55.883 24620 24724 D CameraCharacteristicsUtil: isAvailableFeature(mode 101) : true
11-23 21:24:55.883 24620 24724 I cx/NightExt#43: isExtensionAvailable: cameraId = 2, false
11-23 21:24:55.883 24620 24724 D CameraCharacteristicsUtil: isAvailableFeature(mode 203) : false
11-23 21:24:55.883 24620 24724 I cx/SuperNightExt#44: isExtensionAvailable: cameraId = 2, false
11-23 21:24:55.918 24620 24724 D CapabilitiesByQuality: profiles = ImmutableEncoderProfilesProxy{defaultDurationSeconds=30, recommendedFileFormat=2, audioProfiles=[AudioProfileProxy{codec=3, mediaType=audio/mp4a-latm, bitrate=256000, sampleRate=48000, channels=2, profile=1}], videoProfiles=[VideoProfileProxy{codec=2, mediaType=video/avc, bitrate=17000000, frameRate=30, width=1920, height=1080, profile=-1, bitDepth=8, chromaSubsampling=0, hdrFormat=0}]}
11-23 21:24:55.919 24620 24724 D CapabilitiesByQuality: profiles = ImmutableEncoderProfilesProxy{defaultDurationSeconds=30, recommendedFileFormat=2, audioProfiles=[AudioProfileProxy{codec=3, mediaType=audio/mp4a-latm, bitrate=256000, sampleRate=48000, channels=2, profile=1}], videoProfiles=[VideoProfileProxy{codec=2, mediaType=video/avc, bitrate=12000000, frameRate=30, width=1280, height=720, profile=-1, bitDepth=8, chromaSubsampling=0, hdrFormat=0}]}
11-23 21:24:55.919 24620 24724 D CapabilitiesByQuality: profiles = ImmutableEncoderProfilesProxy{defaultDurationSeconds=30, recommendedFileFormat=2, audioProfiles=[AudioProfileProxy{codec=3, mediaType=audio/mp4a-latm, bitrate=256000, sampleRate=48000, channels=2, profile=1}], videoProfiles=[VideoProfileProxy{codec=2, mediaType=video/avc, bitrate=3449000, frameRate=30, width=720, height=480, profile=-1, bitDepth=8, chromaSubsampling=0, hdrFormat=0}]}
11-23 21:24:55.920 24620 24724 D CameraCharacteristicsUtil: isAvailableFeature(mode 202) : true
11-23 21:24:55.920 24620 24724 D CameraCharacteristicsUtil: isAvailableDynamicShotInfo : true
11-23 21:24:55.920 24620 24724 D CameraCharacteristicsUtil: isAvailableFeature(mode 101) : true
11-23 21:24:55.920 24620 24724 I cx/HdrExt#45: isExtensionAvailable: cameraId = 3, false
11-23 21:24:55.921 24620 24724 D CameraCharacteristicsUtil: isAvailableFeature(mode 201) : true
11-23 21:24:55.921 24620 24724 D CameraCharacteristicsUtil: isAvailableDynamicShotInfo : true
11-23 21:24:55.921 24620 24724 D CameraCharacteristicsUtil: isAvailableFeature(mode 101) : true
11-23 21:24:55.921 24620 24724 I cx/NightExt#46: isExtensionAvailable: cameraId = 3, false
11-23 21:24:55.921 24620 24724 D CameraCharacteristicsUtil: isAvailableFeature(mode 203) : false
11-23 21:24:55.921 24620 24724 I cx/SuperNightExt#47: isExtensionAvailable: cameraId = 3, false
11-23 21:24:57.027 24620 25353 I ReactNativeJS: 🔧 Apollo: Memory management configured for mobile
11-23 21:24:57.043 24620 25353 I Nitro.HybridObjectRegistry: Unregistering HybridObject "UnistylesRuntime"...
11-23 21:24:57.043 24620 25353 I Nitro.HybridObjectRegistry: Unregistering HybridObject "UnistylesStyleSheet"...
11-23 21:24:57.043 24620 25353 I Nitro.HybridObjectRegistry: Unregistering HybridObject "UnistylesShadowRegistry"...
11-23 21:24:57.044 24620 25353 I Nitro.HybridObjectRegistry: Registering HybridObject "UnistylesRuntime"...
11-23 21:24:57.044 24620 25353 I Nitro.HybridObjectRegistry: Successfully registered HybridObject "UnistylesRuntime"!
11-23 21:24:57.044 24620 25353 I Nitro.HybridObjectRegistry: Registering HybridObject "UnistylesStyleSheet"...
11-23 21:24:57.044 24620 25353 I Nitro.HybridObjectRegistry: Successfully registered HybridObject "UnistylesStyleSheet"!
11-23 21:24:57.044 24620 25353 I Nitro.HybridObjectRegistry: Registering HybridObject "UnistylesShadowRegistry"...
11-23 21:24:57.044 24620 25353 I Nitro.HybridObjectRegistry: Successfully registered HybridObject "UnistylesShadowRegistry"!
11-23 21:24:57.047 24620 25353 I Nitro.Dispatcher: Installing global Dispatcher Holder into Runtime "HermesRuntime[RNBridgeless] (Thread #521560011712)"...
11-23 21:24:57.047 24620 25353 I Nitro.HybridObjectPrototype: Creating new JS prototype for C++ instance type "HybridNitroModulesProxy"...
11-23 21:24:57.048 24620 25353 I Nitro.HybridObjectPrototype: Creating new JS prototype for C++ instance type "HybridObject"...
11-23 21:24:57.048 24620 25353 W Nitro.JSICache: JSICache was created, but it is no longer strong!
11-23 21:24:57.048 24620 25353 I Nitro.JSICache: Creating new JSICache<T> for runtime HermesRuntime[RNBridgeless] (Thread #521560011712)..
11-23 21:24:57.064 24620 25353 W [RNScreens]: InsetObserverProxy registers on new context while it has not been invalidated on the old one. Please report this as issue at https://github.com/software-mansion/react-native-screens/issues
11-23 21:24:57.065 24620 25353 W unknown:ViewManagerPropertyUpdater: Could not find generated setter for class com.th3rdwave.safeareacontext.SafeAreaProviderManager
11-23 21:24:57.069 24620 25353 W unknown:ViewManagerPropertyUpdater: Could not find generated setter for class com.facebook.react.uimanager.LayoutShadowNode
11-23 21:24:57.073 24620 25353 W unknown:ViewManagerPropertyUpdater: Could not find generated setter for class com.swmansion.rnscreens.SearchBarManager
11-23 21:24:57.074 24620 25353 W unknown:ViewManagerPropertyUpdater: Could not find generated setter for class com.swmansion.rnscreens.ScreenFooterManager
11-23 21:24:57.075 24620 25353 W unknown:ViewManagerPropertyUpdater: Could not find generated setter for class com.swmansion.rnscreens.gamma.tabs.TabScreenViewManager
11-23 21:24:57.077 24620 25353 W unknown:ViewManagerPropertyUpdater: Could not find generated setter for class com.swmansion.rnscreens.ScreenContainerViewManager
11-23 21:24:57.078 24620 25353 W unknown:ViewManagerPropertyUpdater: Could not find generated setter for class com.swmansion.rnscreens.gamma.tabs.TabsHostViewManager
11-23 21:24:57.079 24620 25353 W unknown:ViewManagerPropertyUpdater: Could not find generated setter for class com.swmansion.rnscreens.ModalScreenViewManager
11-23 21:24:57.082 24620 25353 W unknown:ViewManagerPropertyUpdater: Could not find generated setter for class com.swmansion.rnscreens.ScreenStackHeaderConfigViewManager
11-23 21:24:57.083 24620 25353 E unknown:UIManagerModuleConstantsHelper: Direct event name for 'CameraView' doesn't correspond to the naming convention, expected 'topEventName'->'onEventName', got 'topCameraStarted'->'onStarted'
11-23 21:24:57.083 24620 25353 E unknown:UIManagerModuleConstantsHelper: Direct event name for 'CameraView' doesn't correspond to the naming convention, expected 'topEventName'->'onEventName', got 'topCameraError'->'onError'
11-23 21:24:57.083 24620 25353 E unknown:UIManagerModuleConstantsHelper: Direct event name for 'CameraView' doesn't correspond to the naming convention, expected 'topEventName'->'onEventName', got 'topCameraViewReady'->'onViewReady'
11-23 21:24:57.083 24620 25353 E unknown:UIManagerModuleConstantsHelper: Direct event name for 'CameraView' doesn't correspond to the naming convention, expected 'topEventName'->'onEventName', got 'topCameraAverageFpsChanged'->'onAverageFpsChanged'
11-23 21:24:57.083 24620 25353 E unknown:UIManagerModuleConstantsHelper: Direct event name for 'CameraView' doesn't correspond to the naming convention, expected 'topEventName'->'onEventName', got 'topCameraShutter'->'onShutter'
11-23 21:24:57.083 24620 25353 E unknown:UIManagerModuleConstantsHelper: Direct event name for 'CameraView' doesn't correspond to the naming convention, expected 'topEventName'->'onEventName', got 'topCameraOutputOrientationChanged'->'onOutputOrientationChanged'
11-23 21:24:57.083 24620 25353 E unknown:UIManagerModuleConstantsHelper: Direct event name for 'CameraView' doesn't correspond to the naming convention, expected 'topEventName'->'onEventName', got 'topCameraInitialized'->'onInitialized'
11-23 21:24:57.083 24620 25353 E unknown:UIManagerModuleConstantsHelper: Direct event name for 'CameraView' doesn't correspond to the naming convention, expected 'topEventName'->'onEventName', got 'topCameraCodeScanned'->'onCodeScanned'
11-23 21:24:57.083 24620 25353 E unknown:UIManagerModuleConstantsHelper: Direct event name for 'CameraView' doesn't correspond to the naming convention, expected 'topEventName'->'onEventName', got 'topCameraPreviewOrientationChanged'->'onPreviewOrientationChanged'
11-23 21:24:57.084 24620 25353 E unknown:UIManagerModuleConstantsHelper: Direct event name for 'CameraView' doesn't correspond to the naming convention, expected 'topEventName'->'onEventName', got 'topCameraStopped'->'onStopped'
11-23 21:24:57.084 24620 25353 E unknown:UIManagerModuleConstantsHelper: Direct event name for 'CameraView' doesn't correspond to the naming convention, expected 'topEventName'->'onEventName', got 'topCameraPreviewStarted'->'onPreviewStarted'
11-23 21:24:57.084 24620 25353 E unknown:UIManagerModuleConstantsHelper: Direct event name for 'CameraView' doesn't correspond to the naming convention, expected 'topEventName'->'onEventName', got 'topCameraPreviewStopped'->'onPreviewStopped'
11-23 21:24:57.084 24620 25353 W unknown:ViewManagerPropertyUpdater: Could not find generated setter for class com.mrousavy.camera.react.CameraViewManager
11-23 21:24:57.086 24620 25353 W unknown:ViewManagerPropertyUpdater: Could not find generated setter for class com.swmansion.rnscreens.ScreenContentWrapperManager
11-23 21:24:57.087 24620 25353 W unknown:ViewManagerPropertyUpdater: Could not find generated setter for class com.th3rdwave.safeareacontext.SafeAreaViewManager
11-23 21:24:57.090 24620 25353 W unknown:ViewManagerPropertyUpdater: Could not find generated setter for class com.th3rdwave.safeareacontext.SafeAreaViewShadowNode
11-23 21:24:57.091 24620 25353 W unknown:ViewManagerPropertyUpdater: Could not find generated setter for class com.swmansion.rnscreens.safearea.SafeAreaViewManager
11-23 21:24:57.092 24620 25353 W unknown:ViewManagerPropertyUpdater: Could not find generated setter for class com.swmansion.rnscreens.safearea.paper.SafeAreaViewShadowNode
11-23 21:24:57.094 24620 25353 W unknown:ViewManagerPropertyUpdater: Could not find generated setter for class com.swmansion.rnscreens.ScreenViewManager
11-23 21:24:57.094 24620 25353 W unknown:ViewManagerPropertyUpdater: Could not find generated setter for class com.reactnativepagerview.PagerViewViewManager
11-23 21:24:57.096 24620 25353 W unknown:ViewManagerPropertyUpdater: Could not find generated setter for class com.swmansion.rnscreens.ScreenStackHeaderSubviewManager
11-23 21:24:57.097 24620 25353 W unknown:ViewManagerPropertyUpdater: Could not find generated setter for class com.reactnativecommunity.picker.ReactDialogPickerManager
11-23 21:24:57.098 24620 25353 W unknown:ViewManagerPropertyUpdater: Could not find generated setter for class com.reactnativecommunity.picker.ReactPickerShadowNode
11-23 21:24:57.099 24620 25353 W unknown:ViewManagerPropertyUpdater: Could not find generated setter for class com.swmansion.rnscreens.ScreenStackViewManager
11-23 21:24:57.100 24620 25353 W unknown:ViewManagerPropertyUpdater: Could not find generated setter for class com.reactnativecommunity.picker.ReactDropdownPickerManager
11-23 21:24:57.232 24620 25353 W unknown:ViewManagerPropertyUpdater: Could not find generated setter for class com.horcrux.svg.RenderableViewManager$FeMergeManager
11-23 21:24:57.234 24620 25353 W unknown:ViewManagerPropertyUpdater: Could not find generated setter for class com.horcrux.svg.VirtualViewManager$RenderableShadowNode
11-23 21:24:57.243 24620 25353 W unknown:ViewManagerPropertyUpdater: Could not find generated setter for class com.facebook.react.views.safeareaview.ReactSafeAreaViewManager
11-23 21:24:57.251 24620 25353 W unknown:ViewManagerPropertyUpdater: Could not find generated setter for class com.horcrux.svg.RenderableViewManager$LinearGradientManager
11-23 21:24:57.260 24620 25353 W unknown:ViewManagerPropertyUpdater: Could not find generated setter for class com.facebook.react.views.progressbar.ReactProgressBarViewManager
11-23 21:24:57.261 24620 25353 W unknown:ViewManagerPropertyUpdater: Could not find generated setter for class com.facebook.react.views.progressbar.ProgressBarShadowNode
11-23 21:24:57.269 24620 25353 W unknown:ViewManagerPropertyUpdater: Could not find generated setter for class com.horcrux.svg.RenderableViewManager$FeColorMatrixManager
11-23 21:24:57.278 24620 25353 W unknown:ViewManagerPropertyUpdater: Could not find generated setter for class com.horcrux.svg.RenderableViewManager$SymbolManager
11-23 21:24:57.290 24620 25353 W unknown:ViewManagerPropertyUpdater: Could not find generated setter for class com.horcrux.svg.RenderableViewManager$PatternManager
11-23 21:24:57.301 24620 25353 W unknown:ViewManagerPropertyUpdater: Could not find generated setter for class com.horcrux.svg.SvgViewManager
11-23 21:24:57.311 24620 25353 W unknown:ViewManagerPropertyUpdater: Could not find generated setter for class com.facebook.react.views.switchview.ReactSwitchManager
11-23 21:24:57.313 24620 25353 W unknown:ViewManagerPropertyUpdater: Could not find generated setter for class com.facebook.react.views.switchview.ReactSwitchShadowNode
11-23 21:24:57.321 24620 25353 W unknown:ViewManagerPropertyUpdater: Could not find generated setter for class com.horcrux.svg.RenderableViewManager$UseViewManager
11-23 21:24:57.331 24620 25353 W unknown:ViewManagerPropertyUpdater: Could not find generated setter for class com.horcrux.svg.RenderableViewManager$TSpanViewManager
11-23 21:24:57.342 24620 25353 W unknown:ViewManagerPropertyUpdater: Could not find generated setter for class com.horcrux.svg.RenderableViewManager$FilterManager
11-23 21:24:57.349 24620 25353 W unknown:ViewManagerPropertyUpdater: Could not find generated setter for class com.horcrux.svg.RenderableViewManager$MarkerManager
11-23 21:24:57.368 24620 25353 W unknown:ViewManagerPropertyUpdater: Could not find generated setter for class com.swmansion.gesturehandler.react.RNGestureHandlerButtonViewManager
11-23 21:24:57.379 24620 25353 W unknown:ViewManagerPropertyUpdater: Could not find generated setter for class com.horcrux.svg.RenderableViewManager$ForeignObjectManager
11-23 21:24:57.391 24620 25353 W unknown:ViewManagerPropertyUpdater: Could not find generated setter for class com.horcrux.svg.RenderableViewManager$GroupViewManager
11-23 21:24:57.400 24620 25353 W unknown:ViewManagerPropertyUpdater: Could not find generated setter for class com.horcrux.svg.RenderableViewManager$TextViewManager
11-23 21:24:57.411 24620 25353 W unknown:ViewManagerPropertyUpdater: Could not find generated setter for class com.horcrux.svg.RenderableViewManager$ImageViewManager
11-23 21:24:57.422 24620 25353 W unknown:ViewManagerPropertyUpdater: Could not find generated setter for class com.horcrux.svg.RenderableViewManager$FeCompositeManager
11-23 21:24:57.431 24620 25353 W unknown:ViewManagerPropertyUpdater: Could not find generated setter for class com.horcrux.svg.RenderableViewManager$RadialGradientManager
11-23 21:24:57.441 24620 25353 W unknown:ViewManagerPropertyUpdater: Could not find generated setter for class com.facebook.react.views.unimplementedview.ReactUnimplementedViewManager
11-23 21:24:57.448 24620 25353 W unknown:ViewManagerPropertyUpdater: Could not find generated setter for class com.horcrux.svg.RenderableViewManager$FeOffsetManager
11-23 21:24:57.457 24620 25353 W unknown:ViewManagerPropertyUpdater: Could not find generated setter for class com.horcrux.svg.RenderableViewManager$PathViewManager
11-23 21:24:57.467 24620 25353 W unknown:ViewManagerPropertyUpdater: Could not find generated setter for class com.facebook.react.views.drawer.ReactDrawerLayoutManager
11-23 21:24:57.476 24620 25353 W unknown:ViewManagerPropertyUpdater: Could not find generated setter for class com.facebook.react.views.textinput.ReactTextInputManager
11-23 21:24:57.479 24620 25353 W unknown:ViewManagerPropertyUpdater: Could not find generated setter for class com.facebook.react.views.textinput.ReactTextInputShadowNode
11-23 21:24:57.493 24620 25353 W unknown:ViewManagerPropertyUpdater: Could not find generated setter for class com.horcrux.svg.RenderableViewManager$DefsViewManager
11-23 21:24:57.503 24620 25353 W unknown:ViewManagerPropertyUpdater: Could not find generated setter for class com.facebook.react.views.debuggingoverlay.DebuggingOverlayManager
11-23 21:24:57.511 24620 25353 W unknown:ViewManagerPropertyUpdater: Could not find generated setter for class com.horcrux.svg.RenderableViewManager$FeGaussianBlurManager
11-23 21:24:57.520 24620 25353 W unknown:ViewManagerPropertyUpdater: Could not find generated setter for class com.facebook.react.views.scroll.ReactHorizontalScrollViewManager
11-23 21:24:57.531 24620 25353 W unknown:ViewManagerPropertyUpdater: Could not find generated setter for class com.facebook.react.views.text.ReactTextViewManager
11-23 21:24:57.533 24620 25353 W unknown:ViewManagerPropertyUpdater: Could not find generated setter for class com.facebook.react.views.text.ReactTextShadowNode
11-23 21:24:57.542 24620 25353 W unknown:ViewManagerPropertyUpdater: Could not find generated setter for class com.facebook.react.views.scroll.ReactHorizontalScrollContainerViewManager
11-23 21:24:57.551 24620 25353 W unknown:ViewManagerPropertyUpdater: Could not find generated setter for class com.horcrux.svg.RenderableViewManager$ClipPathViewManager
11-23 21:24:57.562 24620 25353 W unknown:ViewManagerPropertyUpdater: Could not find generated setter for class com.horcrux.svg.RenderableViewManager$FeBlendManager
11-23 21:24:57.570 24620 25353 W unknown:ViewManagerPropertyUpdater: Could not find generated setter for class com.facebook.react.views.view.ReactViewManager
11-23 21:24:57.580 24620 25353 W unknown:ViewManagerPropertyUpdater: Could not find generated setter for class com.horcrux.svg.RenderableViewManager$CircleViewManager
11-23 21:24:57.590 24620 25353 W unknown:ViewManagerPropertyUpdater: Could not find generated setter for class com.facebook.react.views.modal.ReactModalHostManager
11-23 21:24:57.599 24620 25353 W unknown:ViewManagerPropertyUpdater: Could not find generated setter for class com.horcrux.svg.RenderableViewManager$EllipseViewManager
11-23 21:24:57.609 24620 25353 W unknown:ViewManagerPropertyUpdater: Could not find generated setter for class com.horcrux.svg.RenderableViewManager$LineViewManager
11-23 21:24:57.619 24620 25353 W unknown:ViewManagerPropertyUpdater: Could not find generated setter for class com.facebook.react.views.text.frescosupport.FrescoBasedReactTextInlineImageViewManager
11-23 21:24:57.619 24620 25353 W unknown:ViewManagerPropertyUpdater: Could not find generated setter for class com.facebook.react.views.text.frescosupport.FrescoBasedReactTextInlineImageShadowNode
11-23 21:24:57.627 24620 25353 W unknown:ViewManagerPropertyUpdater: Could not find generated setter for class com.horcrux.svg.RenderableViewManager$FeFloodManager
11-23 21:24:57.637 24620 25353 W unknown:ViewManagerPropertyUpdater: Could not find generated setter for class com.facebook.react.views.image.ReactImageManager
11-23 21:24:57.660 24620 25353 W unknown:ViewManagerPropertyUpdater: Could not find generated setter for class com.horcrux.svg.RenderableViewManager$MaskManager
11-23 21:24:57.670 24620 25353 W unknown:ViewManagerPropertyUpdater: Could not find generated setter for class com.horcrux.svg.RenderableViewManager$RectViewManager
11-23 21:24:57.680 24620 25353 W unknown:ViewManagerPropertyUpdater: Could not find generated setter for class com.horcrux.svg.RenderableViewManager$TextPathViewManager
11-23 21:24:57.692 24620 25353 W unknown:ViewManagerPropertyUpdater: Could not find generated setter for class com.facebook.react.views.scroll.ReactScrollViewManager
11-23 21:24:57.703 24620 25353 W unknown:ViewManagerPropertyUpdater: Could not find generated setter for class com.facebook.react.views.text.ReactVirtualTextViewManager
11-23 21:24:57.704 24620 25353 W unknown:ViewManagerPropertyUpdater: Could not find generated setter for class com.facebook.react.views.text.ReactVirtualTextShadowNode
11-23 21:24:57.712 24620 25353 W unknown:ViewManagerPropertyUpdater: Could not find generated setter for class com.facebook.react.views.swiperefresh.SwipeRefreshLayoutManager
11-23 21:24:57.720 24620 25353 W unknown:ViewManagerPropertyUpdater: Could not find generated setter for class com.facebook.react.views.text.ReactRawTextManager
11-23 21:24:57.721 24620 25353 W unknown:ViewManagerPropertyUpdater: Could not find generated setter for class com.facebook.react.views.text.ReactRawTextShadowNode
11-23 21:24:57.722 24620 25353 W unknown:ViewManagerPropertyUpdater: Could not find generated setter for class com.swmansion.gesturehandler.react.RNGestureHandlerRootViewManager
11-23 21:24:57.739 24620 25353 I Nitro.HybridObjectPrototype: Creating new JS prototype for C++ instance type "HybridStyleSheet"...
11-23 21:24:57.739 24620 25353 I Nitro.HybridObjectPrototype: Creating new JS prototype for C++ instance type "HybridUnistylesStyleSheetSpec"...
11-23 21:24:57.752 24620 25353 I Nitro.HybridObjectPrototype: Creating new JS prototype for C++ instance type "HybridUnistylesRuntime"...
11-23 21:24:57.753 24620 25353 I Nitro.HybridObjectPrototype: Creating new JS prototype for C++ instance type "HybridUnistylesRuntimeSpec"...
11-23 21:24:57.753 24620 25353 I Nitro.HybridObjectPrototype: Creating new JS prototype for C++ instance type "HybridUnistylesStatusBarSpec"...
11-23 21:24:57.754 24620 25353 I Nitro.HybridObjectPrototype: Creating new JS prototype for C++ instance type "HybridUnistylesNavigationBarSpec"...
11-23 21:24:57.756 24620 25353 I Nitro.HybridObjectPrototype: Creating new JS prototype for C++ instance type "HybridShadowRegistry"...
11-23 21:24:57.756 24620 25353 I Nitro.HybridObjectPrototype: Creating new JS prototype for C++ instance type "HybridUnistylesShadowRegistrySpec"...
11-23 21:24:57.858 24620 24664 D DetoxWSClient: Received action 'invoke' (ID #64, params={"target":{"type":"Class","value":"com.wix.detox.espresso.DetoxAssertion"},"method":"waitForAssertMatcher","args":[{"type":"Invocation","value":{"target":{"type":"Class","value":"androidx.test.espresso.Espresso"},"method":"onView","args":[{"type":"Invocation","value":{"target":{"type":"Class","value":"com.wix.detox.espresso.DetoxMatcher"},"method":"matcherForTestId","args":["post-login-biometric-prompt",{"type":"boolean","value":false}]}}]}},{"type":"Invocation","value":{"target":{"type":"Class","value":"com.wix.detox.espresso.DetoxMatcher"},"method":"matcherForSufficientlyVisible","args":[{"type":"Integer","value":75}]}},{"type":"Double","value":2}]})
11-23 21:24:57.859 24620 24659 I DetoxDispatcher: Handling action 'invoke' (ID #64)...
11-23 21:24:57.859 24620 24659 D Detox   : class com.wix.detox.espresso.DetoxMatcher, matcherForTestId, [post-login-biometric-prompt, false]
11-23 21:24:57.861 24620 24659 D Detox   : class androidx.test.espresso.Espresso, onView, [(view.getTag() is "post-login-biometric-prompt" and view has effective visibility <VISIBLE>)]
11-23 21:24:57.862 24620 24659 D Detox   : class com.wix.detox.espresso.DetoxMatcher, matcherForSufficientlyVisible, [75]
11-23 21:24:57.863 24620 24659 D Detox   : class com.wix.detox.espresso.DetoxAssertion, waitForAssertMatcher, [androidx.test.espresso.ViewInteraction@32f8c8, (view has effective visibility <VISIBLE> and view.getGlobalVisibleRect() covers at least <75> percent of the view's area), 2.0]
11-23 21:24:57.871 24620 24620 I ViewInteraction: Checking 'MatchesViewAssertion(Detox){viewMatcher=(view has effective visibility <VISIBLE> and view.getGlobalVisibleRect() covers at least <75> percent of the view's area)}' assertion on view (view.getTag() is "post-login-biometric-prompt" and view has effective visibility <VISIBLE>)
11-23 21:24:57.900 24620 24620 I ViewInteraction: Checking 'MatchesViewAssertion(Detox){viewMatcher=(view has effective visibility <VISIBLE> and view.getGlobalVisibleRect() covers at least <75> percent of the view's area)}' assertion on view (view.getTag() is "post-login-biometric-prompt" and view has effective visibility <VISIBLE>)
11-23 21:24:57.929 24620 24620 I ViewInteraction: Checking 'MatchesViewAssertion(Detox){viewMatcher=(view has effective visibility <VISIBLE> and view.getGlobalVisibleRect() covers at least <75> percent of the view's area)}' assertion on view (view.getTag() is "post-login-biometric-prompt" and view has effective visibility <VISIBLE>)
11-23 21:24:57.958 24620 24620 I ViewInteraction: Checking 'MatchesViewAssertion(Detox){viewMatcher=(view has effective visibility <VISIBLE> and view.getGlobalVisibleRect() covers at least <75> percent of the view's area)}' assertion on view (view.getTag() is "post-login-biometric-prompt" and view has effective visibility <VISIBLE>)
11-23 21:24:57.987 24620 24620 I ViewInteraction: Checking 'MatchesViewAssertion(Detox){viewMatcher=(view has effective visibility <VISIBLE> and view.getGlobalVisibleRect() covers at least <75> percent of the view's area)}' assertion on view (view.getTag() is "post-login-biometric-prompt" and view has effective visibility <VISIBLE>)
11-23 21:24:58.015 24620 24620 I ViewInteraction: Checking 'MatchesViewAssertion(Detox){viewMatcher=(view has effective visibility <VISIBLE> and view.getGlobalVisibleRect() covers at least <75> percent of the view's area)}' assertion on view (view.getTag() is "post-login-biometric-prompt" and view has effective visibility <VISIBLE>)
11-23 21:24:58.043 24620 24620 I ViewInteraction: Checking 'MatchesViewAssertion(Detox){viewMatcher=(view has effective visibility <VISIBLE> and view.getGlobalVisibleRect() covers at least <75> percent of the view's area)}' assertion on view (view.getTag() is "post-login-biometric-prompt" and view has effective visibility <VISIBLE>)
11-23 21:24:58.072 24620 24620 I ViewInteraction: Checking 'MatchesViewAssertion(Detox){viewMatcher=(view has effective visibility <VISIBLE> and view.getGlobalVisibleRect() covers at least <75> percent of the view's area)}' assertion on view (view.getTag() is "post-login-biometric-prompt" and view has effective visibility <VISIBLE>)
11-23 21:24:58.102 24620 24620 I ViewInteraction: Checking 'MatchesViewAssertion(Detox){viewMatcher=(view has effective visibility <VISIBLE> and view.getGlobalVisibleRect() covers at least <75> percent of the view's area)}' assertion on view (view.getTag() is "post-login-biometric-prompt" and view has effective visibility <VISIBLE>)
11-23 21:24:58.130 24620 24620 I ViewInteraction: Checking 'MatchesViewAssertion(Detox){viewMatcher=(view has effective visibility <VISIBLE> and view.getGlobalVisibleRect() covers at least <75> percent of the view's area)}' assertion on view (view.getTag() is "post-login-biometric-prompt" and view has effective visibility <VISIBLE>)
11-23 21:24:58.159 24620 24620 I ViewInteraction: Checking 'MatchesViewAssertion(Detox){viewMatcher=(view has effective visibility <VISIBLE> and view.getGlobalVisibleRect() covers at least <75> percent of the view's area)}' assertion on view (view.getTag() is "post-login-biometric-prompt" and view has effective visibility <VISIBLE>)
11-23 21:24:58.187 24620 24620 I ViewInteraction: Checking 'MatchesViewAssertion(Detox){viewMatcher=(view has effective visibility <VISIBLE> and view.getGlobalVisibleRect() covers at least <75> percent of the view's area)}' assertion on view (view.getTag() is "post-login-biometric-prompt" and view has effective visibility <VISIBLE>)
11-23 21:24:58.214 24620 24620 I ViewInteraction: Checking 'MatchesViewAssertion(Detox){viewMatcher=(view has effective visibility <VISIBLE> and view.getGlobalVisibleRect() covers at least <75> percent of the view's area)}' assertion on view (view.getTag() is "post-login-biometric-prompt" and view has effective visibility <VISIBLE>)
11-23 21:24:58.242 24620 24620 I ViewInteraction: Checking 'MatchesViewAssertion(Detox){viewMatcher=(view has effective visibility <VISIBLE> and view.getGlobalVisibleRect() covers at least <75> percent of the view's area)}' assertion on view (view.getTag() is "post-login-biometric-prompt" and view has effective visibility <VISIBLE>)
11-23 21:24:58.270 24620 24620 I ViewInteraction: Checking 'MatchesViewAssertion(Detox){viewMatcher=(view has effective visibility <VISIBLE> and view.getGlobalVisibleRect() covers at least <75> percent of the view's area)}' assertion on view (view.getTag() is "post-login-biometric-prompt" and view has effective visibility <VISIBLE>)
11-23 21:24:58.298 24620 24620 I ViewInteraction: Checking 'MatchesViewAssertion(Detox){viewMatcher=(view has effective visibility <VISIBLE> and view.getGlobalVisibleRect() covers at least <75> percent of the view's area)}' assertion on view (view.getTag() is "post-login-biometric-prompt" and view has effective visibility <VISIBLE>)
11-23 21:24:58.327 24620 24620 I ViewInteraction: Checking 'MatchesViewAssertion(Detox){viewMatcher=(view has effective visibility <VISIBLE> and view.getGlobalVisibleRect() covers at least <75> percent of the view's area)}' assertion on view (view.getTag() is "post-login-biometric-prompt" and view has effective visibility <VISIBLE>)
11-23 21:24:58.355 24620 24620 I ViewInteraction: Checking 'MatchesViewAssertion(Detox){viewMatcher=(view has effective visibility <VISIBLE> and view.getGlobalVisibleRect() covers at least <75> percent of the view's area)}' assertion on view (view.getTag() is "post-login-biometric-prompt" and view has effective visibility <VISIBLE>)
11-23 21:24:58.384 24620 24620 I ViewInteraction: Checking 'MatchesViewAssertion(Detox){viewMatcher=(view has effective visibility <VISIBLE> and view.getGlobalVisibleRect() covers at least <75> percent of the view's area)}' assertion on view (view.getTag() is "post-login-biometric-prompt" and view has effective visibility <VISIBLE>)
11-23 21:24:58.414 24620 24620 I ViewInteraction: Checking 'MatchesViewAssertion(Detox){viewMatcher=(view has effective visibility <VISIBLE> and view.getGlobalVisibleRect() covers at least <75> percent of the view's area)}' assertion on view (view.getTag() is "post-login-biometric-prompt" and view has effective visibility <VISIBLE>)
11-23 21:24:58.442 24620 24620 I ViewInteraction: Checking 'MatchesViewAssertion(Detox){viewMatcher=(view has effective visibility <VISIBLE> and view.getGlobalVisibleRect() covers at least <75> percent of the view's area)}' assertion on view (view.getTag() is "post-login-biometric-prompt" and view has effective visibility <VISIBLE>)
11-23 21:24:58.471 24620 24620 I ViewInteraction: Checking 'MatchesViewAssertion(Detox){viewMatcher=(view has effective visibility <VISIBLE> and view.getGlobalVisibleRect() covers at least <75> percent of the view's area)}' assertion on view (view.getTag() is "post-login-biometric-prompt" and view has effective visibility <VISIBLE>)
11-23 21:24:58.501 24620 24620 I ViewInteraction: Checking 'MatchesViewAssertion(Detox){viewMatcher=(view has effective visibility <VISIBLE> and view.getGlobalVisibleRect() covers at least <75> percent of the view's area)}' assertion on view (view.getTag() is "post-login-biometric-prompt" and view has effective visibility <VISIBLE>)
11-23 21:24:58.530 24620 24620 I ViewInteraction: Checking 'MatchesViewAssertion(Detox){viewMatcher=(view has effective visibility <VISIBLE> and view.getGlobalVisibleRect() covers at least <75> percent of the view's area)}' assertion on view (view.getTag() is "post-login-biometric-prompt" and view has effective visibility <VISIBLE>)
11-23 21:24:58.559 24620 24620 I ViewInteraction: Checking 'MatchesViewAssertion(Detox){viewMatcher=(view has effective visibility <VISIBLE> and view.getGlobalVisibleRect() covers at least <75> percent of the view's area)}' assertion on view (view.getTag() is "post-login-biometric-prompt" and view has effective visibility <VISIBLE>)
11-23 21:24:58.588 24620 24620 I ViewInteraction: Checking 'MatchesViewAssertion(Detox){viewMatcher=(view has effective visibility <VISIBLE> and view.getGlobalVisibleRect() covers at least <75> percent of the view's area)}' assertion on view (view.getTag() is "post-login-biometric-prompt" and view has effective visibility <VISIBLE>)
11-23 21:24:58.614 24620 25353 D Detox.RNMarker: RUN_JS_BUNDLE_END (/index.bundle?platform=android&dev=true&lazy=true&minify=false&app=dev.souschef.app&modulesOnly=false&runModule=true&excludeSource=true&sourcePaths=url-server)
11-23 21:24:58.617 24620 24620 I ViewInteraction: Checking 'MatchesViewAssertion(Detox){viewMatcher=(view has effective visibility <VISIBLE> and view.getGlobalVisibleRect() covers at least <75> percent of the view's area)}' assertion on view (view.getTag() is "post-login-biometric-prompt" and view has effective visibility <VISIBLE>)
11-23 21:24:58.635 24620 25353 I ReactNativeJS: Running "SousChef" with {"rootTag":1,"initialProps":{},"fabric":true}
11-23 21:24:58.649 24620 24620 I ViewInteraction: Checking 'MatchesViewAssertion(Detox){viewMatcher=(view has effective visibility <VISIBLE> and view.getGlobalVisibleRect() covers at least <75> percent of the view's area)}' assertion on view (view.getTag() is "post-login-biometric-prompt" and view has effective visibility <VISIBLE>)
11-23 21:24:58.676 24620 24620 I ViewInteraction: Checking 'MatchesViewAssertion(Detox){viewMatcher=(view has effective visibility <VISIBLE> and view.getGlobalVisibleRect() covers at least <75> percent of the view's area)}' assertion on view (view.getTag() is "post-login-biometric-prompt" and view has effective visibility <VISIBLE>)
11-23 21:24:58.704 24620 24620 I ViewInteraction: Checking 'MatchesViewAssertion(Detox){viewMatcher=(view has effective visibility <VISIBLE> and view.getGlobalVisibleRect() covers at least <75> percent of the view's area)}' assertion on view (view.getTag() is "post-login-biometric-prompt" and view has effective visibility <VISIBLE>)
11-23 21:24:58.734 24620 24620 I ViewInteraction: Checking 'MatchesViewAssertion(Detox){viewMatcher=(view has effective visibility <VISIBLE> and view.getGlobalVisibleRect() covers at least <75> percent of the view's area)}' assertion on view (view.getTag() is "post-login-biometric-prompt" and view has effective visibility <VISIBLE>)
11-23 21:24:58.762 24620 24620 I ViewInteraction: Checking 'MatchesViewAssertion(Detox){viewMatcher=(view has effective visibility <VISIBLE> and view.getGlobalVisibleRect() covers at least <75> percent of the view's area)}' assertion on view (view.getTag() is "post-login-biometric-prompt" and view has effective visibility <VISIBLE>)
11-23 21:24:58.792 24620 24620 I ViewInteraction: Checking 'MatchesViewAssertion(Detox){viewMatcher=(view has effective visibility <VISIBLE> and view.getGlobalVisibleRect() covers at least <75> percent of the view's area)}' assertion on view (view.getTag() is "post-login-biometric-prompt" and view has effective visibility <VISIBLE>)
11-23 21:24:58.821 24620 24620 I ViewInteraction: Checking 'MatchesViewAssertion(Detox){viewMatcher=(view has effective visibility <VISIBLE> and view.getGlobalVisibleRect() covers at least <75> percent of the view's area)}' assertion on view (view.getTag() is "post-login-biometric-prompt" and view has effective visibility <VISIBLE>)
11-23 21:24:58.850 24620 24620 I ViewInteraction: Checking 'MatchesViewAssertion(Detox){viewMatcher=(view has effective visibility <VISIBLE> and view.getGlobalVisibleRect() covers at least <75> percent of the view's area)}' assertion on view (view.getTag() is "post-login-biometric-prompt" and view has effective visibility <VISIBLE>)
11-23 21:24:58.878 24620 24620 I ViewInteraction: Checking 'MatchesViewAssertion(Detox){viewMatcher=(view has effective visibility <VISIBLE> and view.getGlobalVisibleRect() covers at least <75> percent of the view's area)}' assertion on view (view.getTag() is "post-login-biometric-prompt" and view has effective visibility <VISIBLE>)
11-23 21:24:58.908 24620 24620 I ViewInteraction: Checking 'MatchesViewAssertion(Detox){viewMatcher=(view has effective visibility <VISIBLE> and view.getGlobalVisibleRect() covers at least <75> percent of the view's area)}' assertion on view (view.getTag() is "post-login-biometric-prompt" and view has effective visibility <VISIBLE>)
11-23 21:24:58.938 24620 24620 I ViewInteraction: Checking 'MatchesViewAssertion(Detox){viewMatcher=(view has effective visibility <VISIBLE> and view.getGlobalVisibleRect() covers at least <75> percent of the view's area)}' assertion on view (view.getTag() is "post-login-biometric-prompt" and view has effective visibility <VISIBLE>)
11-23 21:24:58.969 24620 24620 I ViewInteraction: Checking 'MatchesViewAssertion(Detox){viewMatcher=(view has effective visibility <VISIBLE> and view.getGlobalVisibleRect() covers at least <75> percent of the view's area)}' assertion on view (view.getTag() is "post-login-biometric-prompt" and view has effective visibility <VISIBLE>)
11-23 21:24:58.997 24620 24620 I ViewInteraction: Checking 'MatchesViewAssertion(Detox){viewMatcher=(view has effective visibility <VISIBLE> and view.getGlobalVisibleRect() covers at least <75> percent of the view's area)}' assertion on view (view.getTag() is "post-login-biometric-prompt" and view has effective visibility <VISIBLE>)
11-23 21:24:59.025 24620 25353 I Nitro.HybridObjectPrototype: Creating new JS prototype for C++ instance type "HybridMMKVPlatformContextSpec"...
11-23 21:24:59.025 24620 25353 I Nitro.HybridObjectPrototype: Creating new JS prototype for C++ instance type "HybridMMKVFactorySpec"...
11-23 21:24:59.026 24620 25353 I Nitro.MMKVFactory: Initializing MMKV with rootPath=/data/user/0/dev.souschef.app/files/mmkv
11-23 21:24:59.026 24620 25353 I MMKV    : <MMKV.cpp:223::initializeMMKV> root dir: /data/data/dev.souschef.app/files/mmkv
11-23 21:24:59.026 24620 25353 I Nitro.MMKV: Creating MMKV instance "sous-chef-storage_temp"... (Path: , Encrypted: false)
11-23 21:24:59.026 24620 25353 I Nitro.HybridObjectPrototype: Creating new JS prototype for C++ instance type "HybridMMKVSpec"...
11-23 21:24:59.027 24620 24620 I ViewInteraction: Checking 'MatchesViewAssertion(Detox){viewMatcher=(view has effective visibility <VISIBLE> and view.getGlobalVisibleRect() covers at least <75> percent of the view's area)}' assertion on view (view.getTag() is "post-login-biometric-prompt" and view has effective visibility <VISIBLE>)
11-23 21:24:59.056 24620 24620 I ViewInteraction: Checking 'MatchesViewAssertion(Detox){viewMatcher=(view has effective visibility <VISIBLE> and view.getGlobalVisibleRect() covers at least <75> percent of the view's area)}' assertion on view (view.getTag() is "post-login-biometric-prompt" and view has effective visibility <VISIBLE>)
11-23 21:24:59.086 24620 24620 I ViewInteraction: Checking 'MatchesViewAssertion(Detox){viewMatcher=(view has effective visibility <VISIBLE> and view.getGlobalVisibleRect() covers at least <75> percent of the view's area)}' assertion on view (view.getTag() is "post-login-biometric-prompt" and view has effective visibility <VISIBLE>)
11-23 21:24:59.087 24620 25353 D ConnectivityManager: StackLog: [android.net.ConnectivityManager.sendRequestForNetwork(ConnectivityManager.java:4736)] [android.net.ConnectivityManager.registerDefaultNetworkCallbackForUid(ConnectivityManager.java:5461)] [android.net.ConnectivityManager.registerDefaultNetworkCallback(ConnectivityManager.java:5428)] [android.net.ConnectivityManager.registerDefaultNetworkCallback(ConnectivityManager.java:5402)] [com.reactnativecommunity.netinfo.NetworkCallbackConnectivityReceiver.register(NetworkCallbackConnectivityReceiver.java:62)] [com.reactnativecommunity.netinfo.NetInfoModule.initialize(NetInfoModule.java:40)] [com.facebook.react.internal.turbomodule.core.TurboModuleManager.getOrCreateModule(TurboModuleManager.kt:261)] [com.facebook.react.internal.turbomodule.core.TurboModuleManager.getModule(TurboModuleManager.kt:203)] [com.facebook.react.internal.turbomodule.core.TurboModuleManager.getLegacyCxxModule(TurboModuleManager.kt:128)] [com.facebook.jni.NativeRunnable.run(Native Method)]
11-23 21:24:59.118 24620 24620 I ViewInteraction: Checking 'MatchesViewAssertion(Detox){viewMatcher=(view has effective visibility <VISIBLE> and view.getGlobalVisibleRect() covers at least <75> percent of the view's area)}' assertion on view (view.getTag() is "post-login-biometric-prompt" and view has effective visibility <VISIBLE>)
11-23 21:24:59.149 24620 24620 I ViewInteraction: Checking 'MatchesViewAssertion(Detox){viewMatcher=(view has effective visibility <VISIBLE> and view.getGlobalVisibleRect() covers at least <75> percent of the view's area)}' assertion on view (view.getTag() is "post-login-biometric-prompt" and view has effective visibility <VISIBLE>)
11-23 21:24:59.218 24620 24620 I ViewInteraction: Checking 'MatchesViewAssertion(Detox){viewMatcher=(view has effective visibility <VISIBLE> and view.getGlobalVisibleRect() covers at least <75> percent of the view's area)}' assertion on view (view.getTag() is "post-login-biometric-prompt" and view has effective visibility <VISIBLE>)
11-23 21:24:59.253 24620 24620 I ViewInteraction: Checking 'MatchesViewAssertion(Detox){viewMatcher=(view has effective visibility <VISIBLE> and view.getGlobalVisibleRect() covers at least <75> percent of the view's area)}' assertion on view (view.getTag() is "post-login-biometric-prompt" and view has effective visibility <VISIBLE>)
11-23 21:24:59.281 24620 24620 I ViewInteraction: Checking 'MatchesViewAssertion(Detox){viewMatcher=(view has effective visibility <VISIBLE> and view.getGlobalVisibleRect() covers at least <75> percent of the view's area)}' assertion on view (view.getTag() is "post-login-biometric-prompt" and view has effective visibility <VISIBLE>)
11-23 21:24:59.311 24620 24620 I ViewInteraction: Checking 'MatchesViewAssertion(Detox){viewMatcher=(view has effective visibility <VISIBLE> and view.getGlobalVisibleRect() covers at least <75> percent of the view's area)}' assertion on view (view.getTag() is "post-login-biometric-prompt" and view has effective visibility <VISIBLE>)
11-23 21:24:59.354 24620 24620 I ViewInteraction: Checking 'MatchesViewAssertion(Detox){viewMatcher=(view has effective visibility <VISIBLE> and view.getGlobalVisibleRect() covers at least <75> percent of the view's area)}' assertion on view (view.getTag() is "post-login-biometric-prompt" and view has effective visibility <VISIBLE>)
11-23 21:24:59.377 24620 24620 I WindowManager: WindowManagerGlobal#addView, ty=1000, view=android.widget.PopupWindow$PopupDecorView{8c80ff9 V.E...... R.....I. 0,0-0,0}, caller=android.view.WindowManagerImpl.addView:158 android.widget.PopupWindow.invokePopup:1692 android.widget.PopupWindow.showAtLocation:1418 
11-23 21:24:59.378 24620 24620 D ViewRootImpl: desktopMode is false
11-23 21:24:59.378 24620 24620 I ViewRootImpl: dVRR is disabled
11-23 21:24:59.379 24620 24676 D NativeCustomFrequencyManager: [NativeCFMS] BpCustomFrequencyManager::BpCustomFrequencyManager()
11-23 21:24:59.386 24620 25353 I Nitro.MMKV: Creating MMKV instance "sous-chef-storage"... (Path: , Encrypted: true)
11-23 21:24:59.386 24620 24620 D InputTransport: Input channel constructed: '23e6649', fd=227
11-23 21:24:59.387 24620 24620 I InsetsController: onStateChanged: host=PopupWindow:30086c0, from=android.view.ViewRootImpl.onInsetsStateChanged:3026, state=InsetsState: {mDisplayFrame=Rect(0, 0 - 1440, 3088), mDisplayCutout=DisplayCutout{insets=Rect(0, 100 - 0, 0) waterfall=Insets{left=0, top=0, right=0, bottom=0} boundingRect={Bounds=[Rect(0, 0 - 0, 0), Rect(683, 0 - 758, 100), Rect(0, 0 - 0, 0), Rect(0, 0 - 0, 0)]} cutoutPathParserInfo={CutoutPathParserInfo{displayWidth=1440 displayHeight=3088 physicalDisplayWidth=1440 physicalDisplayHeight=3088 density={3.75} cutoutSpec={M 0,0 H -10 V 26.66666666666667 H 10 V 0 H 0 Z @dp} rotation={0} scale={1.0} physicalPixelDisplaySizeRatio={1.0}}} sideOverrides={}}, mRoundedCorners=RoundedCorners{[RoundedCorner{position=TopLeft, radius=15, center=Point(15, 15)}, RoundedCorner{position=TopRight, radius=15, center=Point(1425, 15)}, RoundedCorner{position=BottomRight, radius=15, center=Point(1425, 3073)}, RoundedCorner{position=BottomLeft, radius=15, center=Point(15, 3073)}]}  mRoundedCornerFrame=Rect(0, 0 - 1440, 3088), mPrivacyIndicatorBounds=PrivacyIndicatorBounds {static bounds=Rect(1275, 0 - 1440, 100) rotation=0}, mDisplayShape=DisplayShape{ spec=-311912193 displayWidth=1440 displayHeight=3088 physicalPixelDisplaySizeRatio=1.0 rotation=0 offsetX=0 offsetY=0 scale=1.0}, mSources= { InsetsSource: {b11d0001 mType=navigationBars mFrame=[0,3032][1440,3088] mVisible=true mFlags=SUPPRESS_SCRIM mSideHint=BOTTOM mBoundingRects=null}, InsetsSource: {b11d0004 mType=systemGestures mFrame=[0,0][84,3088] mVisible=true mFlags= mSideHint=LEFT mBoundingRects=null}, InsetsSource: {b11d0005 mType=mandatorySystemGestures mFrame=[0,2968][1440,3088] mVisible=true mFlags= mSideHint=BOTTOM mBoundingRects=null}, InsetsSource: {b11d0006 mType=tappableElement mFrame=[0,0][0,0] mVisible=true mFlags= mSideHint=NONE mBoundingRects=null}, InsetsSource: {b11d0024 mType=systemGestures mFrame=[1356,0][1440,3088] mVisible=true mFlags= mSideHint=RIGHT mBoundingRects=null}, InsetsSource: {ecac0000 mType=statusBars mFrame=[0,0][1440,100] mVisible=true mFlags= mSideHint=TOP mBoundingRects=null}, InsetsSource: {ecac0005 mType=mandatorySystemGestures mFrame=[0,0][1440,145] mVisible=true mFlags= mSideHint=TOP mBoundingRects=null}, InsetsSource: {ecac0006 mType=tappableElement mFrame=[0,0][1440,100] mVisible=true mFlags= mSideHint=TOP mBoundingRects=null}, InsetsSource: {27 mType=displayCutout mFrame=[0,0][1440,100] mVisible=true mFlags= mSideHint=TOP mBoundingRects=null} }
11-23 21:24:59.388 24620 24620 I VRI[PopupWindow:30086c0]@5a2db3e: synced displayState. AttachInfo displayState=2
11-23 21:24:59.393 24620 24620 I VRI[PopupWindow:30086c0]@5a2db3e: setView = android.widget.PopupWindow$PopupDecorView@8c80ff9 IsHRR=false mFlingFrameRateChange=0 TM=true
11-23 21:24:59.408 24620 24620 W libc    : Access denied finding property "vendor.display.enable_optimal_refresh_rate"
11-23 21:24:59.408 24620 24620 I BufferQueueProducer: [](id:602c00000009,api:0,p:498038544,c:24620) setDequeueTimeout:2077252342
11-23 21:24:59.409 24620 24620 I BLASTBufferQueue_Java: new BLASTBufferQueue, mName= VRI[PopupWindow:30086c0]@5a2db3e mNativeObject= 0xb400007addb24f70 caller= android.view.ViewRootImpl.updateBlastSurfaceIfNeeded:3585 android.view.ViewRootImpl.relayoutWindow:11685 android.view.ViewRootImpl.performTraversals:4804 android.view.ViewRootImpl.doTraversal:3924 android.view.ViewRootImpl$TraversalRunnable.run:12903 android.view.Choreographer$CallbackRecord.run:1901 android.view.Choreographer$CallbackRecord.run:1910 android.view.Choreographer.doCallbacks:1367 android.view.Choreographer.doFrame:1292 android.view.Choreographer$FrameDisplayEventReceiver.run:1870 
11-23 21:24:59.409 24620 24620 I BLASTBufferQueue_Java: update, w= 1440 h= 94 mName = VRI[PopupWindow:30086c0]@5a2db3e mNativeObject= 0xb400007addb24f70 sc.mNativeObject= 0xb400007b7db0a2d0 format= -3 caller= android.view.ViewRootImpl.updateBlastSurfaceIfNeeded:3590 android.view.ViewRootImpl.relayoutWindow:11685 android.view.ViewRootImpl.performTraversals:4804 android.view.ViewRootImpl.doTraversal:3924 android.view.ViewRootImpl$TraversalRunnable.run:12903 android.view.Choreographer$CallbackRecord.run:1901 
11-23 21:24:59.410 24620 24620 W libc    : Access denied finding property "vendor.display.enable_optimal_refresh_rate"
11-23 21:24:59.410 24620 24620 I VRI[PopupWindow:30086c0]@5a2db3e: Relayout returned: old=(0,100,1440,3032) new=(0,100,1440,194) relayoutAsync=false req=(1440,94)0 dur=9 res=0x3 s={true 0xb400007beda6d5e0} ch=true seqId=0
11-23 21:24:59.411 24620 24620 I VRI[PopupWindow:30086c0]@5a2db3e: performConfigurationChange setNightDimText nightDimLevel=0
11-23 21:24:59.413 24620 24620 D VRI[PopupWindow:30086c0]@5a2db3e: mThreadedRenderer.initialize() mSurface={isValid=true 0xb400007beda6d5e0} hwInitialized=true
11-23 21:24:59.417 24620 24620 D VRI[PopupWindow:30086c0]@5a2db3e: reportNextDraw android.view.ViewRootImpl.performTraversals:5443 android.view.ViewRootImpl.doTraversal:3924 android.view.ViewRootImpl$TraversalRunnable.run:12903 android.view.Choreographer$CallbackRecord.run:1901 android.view.Choreographer$CallbackRecord.run:1910 
11-23 21:24:59.418 24620 24620 D VRI[PopupWindow:30086c0]@5a2db3e: Setup new sync=wmsSync-VRI[PopupWindow:30086c0]@5a2db3e#34
11-23 21:24:59.418 24620 24620 I VRI[PopupWindow:30086c0]@5a2db3e: Creating new active sync group VRI[PopupWindow:30086c0]@5a2db3e#35
11-23 21:24:59.418 24620 24620 D VRI[PopupWindow:30086c0]@5a2db3e: registerCallbacksForSync syncBuffer=false
11-23 21:24:59.421 24620 24691 D VRI[PopupWindow:30086c0]@5a2db3e: Received frameDrawingCallback syncResult=0 frameNum=1.
11-23 21:24:59.422 24620 24691 I VRI[PopupWindow:30086c0]@5a2db3e: mWNT: t=0xb400007c8dad1a50 mBlastBufferQueue=0xb400007addb24f70 fn= 1 HdrRenderState mRenderHdrSdrRatio=1.0 caller= android.view.ViewRootImpl$12.onFrameDraw:15441 android.view.ThreadedRenderer$1.onFrameDraw:718 <bottom of call stack> 
11-23 21:24:59.422 24620 24691 I VRI[PopupWindow:30086c0]@5a2db3e: Setting up sync and frameCommitCallback
11-23 21:24:59.424 24620 24676 I BLASTBufferQueue: [VRI[PopupWindow:30086c0]@5a2db3e#9](f:0,a:0,s:0) onFrameAvailable the first frame is available
11-23 21:24:59.424 24620 24676 I SurfaceComposerClient: apply transaction with the first frame. layerId: 58488, bufferData(ID: 105742094827559, frameNumber: 1)
11-23 21:24:59.425 24620 24676 I VRI[PopupWindow:30086c0]@5a2db3e: Received frameCommittedCallback lastAttemptedDrawFrameNum=1 didProduceBuffer=true
11-23 21:24:59.426 24620 24676 D HWUI    : CFMS:: SetUp Pid : 24620    Tid : 24676
11-23 21:24:59.427 24620 24620 D VRI[PopupWindow:30086c0]@5a2db3e: reportDrawFinished seqId=0
11-23 21:24:59.428 24620 24676 D HWUI    : HWUI - treat SMPTE_170M as sRGB
11-23 21:24:59.430 24620 24620 I VRI[PopupWindow:30086c0]@5a2db3e: handleResized, frames=ClientWindowFrames{frame=[0,100][1440,194] display=[0,100][1440,3032] parentFrame=[0,0][0,0] attachedFrame=[0,0][1440,3088]} displayId=0 dragResizing=false compatScale=1.0 frameChanged=false attachedFrameChanged=false configChanged=false displayChanged=false compatScaleChanged=false dragResizingChanged=false
11-23 21:24:59.430 24620 24620 I VRI[PopupWindow:30086c0]@5a2db3e: handleResized mSyncSeqId = 0
11-23 21:24:59.430 24620 24620 D VRI[PopupWindow:30086c0]@5a2db3e: reportNextDraw android.view.ViewRootImpl.handleResized:2983 android.view.ViewRootImpl.-$$Nest$mhandleResized:0 android.view.ViewRootImpl$W.resized:14082 android.app.servertransaction.WindowStateResizeItem.execute:93 android.app.servertransaction.WindowStateTransactionItem.execute:62 
11-23 21:24:59.432 24620 24620 D VRI[PopupWindow:30086c0]@5a2db3e: Setup new sync=wmsSync-VRI[PopupWindow:30086c0]@5a2db3e#36
11-23 21:24:59.432 24620 24620 I VRI[PopupWindow:30086c0]@5a2db3e: Creating new active sync group VRI[PopupWindow:30086c0]@5a2db3e#37
11-23 21:24:59.433 24620 24620 D VRI[PopupWindow:30086c0]@5a2db3e: registerCallbacksForSync syncBuffer=false
11-23 21:24:59.437 24620 24692 D VRI[PopupWindow:30086c0]@5a2db3e: Received frameDrawingCallback syncResult=0 frameNum=2.
11-23 21:24:59.437 24620 24692 I VRI[PopupWindow:30086c0]@5a2db3e: Setting up sync and frameCommitCallback
11-23 21:24:59.437 24620 24676 I VRI[PopupWindow:30086c0]@5a2db3e: Received frameCommittedCallback lastAttemptedDrawFrameNum=2 didProduceBuffer=false
11-23 21:24:59.438 24620 24676 I BLASTBufferQueue_Java: gatherPendingTransactions, mName= VRI[PopupWindow:30086c0]@5a2db3e mNativeObject= 0xb400007addb24f70 frameNumber= 2 caller= android.view.ViewRootImpl$12.lambda$onFrameDraw$3:15525 android.view.ViewRootImpl$12.$r8$lambda$CTo3ExVBk8akdVTGlqHPAoYLRVI:0 android.view.ViewRootImpl$12$$ExternalSyntheticLambda1.onFrameCommit:0 android.view.ThreadedRenderer$1.lambda$onFrameDraw$0:730 android.view.ThreadedRenderer$1$$ExternalSyntheticLambda0.onFrameCommit:0 <bottom of call stack> 
11-23 21:24:59.440 24620 24620 D VRI[PopupWindow:30086c0]@5a2db3e: reportDrawFinished seqId=0
11-23 21:24:59.451 24620 24620 I ViewInteraction: Checking 'MatchesViewAssertion(Detox){viewMatcher=(view has effective visibility <VISIBLE> and view.getGlobalVisibleRect() covers at least <75> percent of the view's area)}' assertion on view (view.getTag() is "post-login-biometric-prompt" and view has effective visibility <VISIBLE>)
11-23 21:24:59.486 24620 24620 I ViewInteraction: Checking 'MatchesViewAssertion(Detox){viewMatcher=(view has effective visibility <VISIBLE> and view.getGlobalVisibleRect() covers at least <75> percent of the view's area)}' assertion on view (view.getTag() is "post-login-biometric-prompt" and view has effective visibility <VISIBLE>)
11-23 21:24:59.514 24620 24620 I ViewInteraction: Checking 'MatchesViewAssertion(Detox){viewMatcher=(view has effective visibility <VISIBLE> and view.getGlobalVisibleRect() covers at least <75> percent of the view's area)}' assertion on view (view.getTag() is "post-login-biometric-prompt" and view has effective visibility <VISIBLE>)
11-23 21:24:59.541 24620 24620 I ViewInteraction: Checking 'MatchesViewAssertion(Detox){viewMatcher=(view has effective visibility <VISIBLE> and view.getGlobalVisibleRect() covers at least <75> percent of the view's area)}' assertion on view (view.getTag() is "post-login-biometric-prompt" and view has effective visibility <VISIBLE>)
11-23 21:24:59.568 24620 24620 I ViewInteraction: Checking 'MatchesViewAssertion(Detox){viewMatcher=(view has effective visibility <VISIBLE> and view.getGlobalVisibleRect() covers at least <75> percent of the view's area)}' assertion on view (view.getTag() is "post-login-biometric-prompt" and view has effective visibility <VISIBLE>)
11-23 21:24:59.595 24620 24620 I ViewInteraction: Checking 'MatchesViewAssertion(Detox){viewMatcher=(view has effective visibility <VISIBLE> and view.getGlobalVisibleRect() covers at least <75> percent of the view's area)}' assertion on view (view.getTag() is "post-login-biometric-prompt" and view has effective visibility <VISIBLE>)
11-23 21:24:59.623 24620 24620 I ViewInteraction: Checking 'MatchesViewAssertion(Detox){viewMatcher=(view has effective visibility <VISIBLE> and view.getGlobalVisibleRect() covers at least <75> percent of the view's area)}' assertion on view (view.getTag() is "post-login-biometric-prompt" and view has effective visibility <VISIBLE>)
11-23 21:24:59.653 24620 24620 I ViewInteraction: Checking 'MatchesViewAssertion(Detox){viewMatcher=(view has effective visibility <VISIBLE> and view.getGlobalVisibleRect() covers at least <75> percent of the view's area)}' assertion on view (view.getTag() is "post-login-biometric-prompt" and view has effective visibility <VISIBLE>)
11-23 21:24:59.689 24620 24620 I ViewInteraction: Checking 'MatchesViewAssertion(Detox){viewMatcher=(view has effective visibility <VISIBLE> and view.getGlobalVisibleRect() covers at least <75> percent of the view's area)}' assertion on view (view.getTag() is "post-login-biometric-prompt" and view has effective visibility <VISIBLE>)
11-23 21:24:59.710 24620 24631 I ev.souschef.app: Background young concurrent mark compact GC freed 21MB AllocSpace bytes, 323(7536KB) LOS objects, 57% free, 17MB/42MB, paused 879us,5.827ms total 59.686ms
11-23 21:24:59.718 24620 24620 I ViewInteraction: Checking 'MatchesViewAssertion(Detox){viewMatcher=(view has effective visibility <VISIBLE> and view.getGlobalVisibleRect() covers at least <75> percent of the view's area)}' assertion on view (view.getTag() is "post-login-biometric-prompt" and view has effective visibility <VISIBLE>)
11-23 21:24:59.746 24620 24620 I ViewInteraction: Checking 'MatchesViewAssertion(Detox){viewMatcher=(view has effective visibility <VISIBLE> and view.getGlobalVisibleRect() covers at least <75> percent of the view's area)}' assertion on view (view.getTag() is "post-login-biometric-prompt" and view has effective visibility <VISIBLE>)
11-23 21:24:59.773 24620 24620 I ViewInteraction: Checking 'MatchesViewAssertion(Detox){viewMatcher=(view has effective visibility <VISIBLE> and view.getGlobalVisibleRect() covers at least <75> percent of the view's area)}' assertion on view (view.getTag() is "post-login-biometric-prompt" and view has effective visibility <VISIBLE>)
11-23 21:24:59.783 24620 25353 I ReactNativeJS: 📦 Cache: Loaded 31 entities from storage
11-23 21:24:59.800 24620 24620 I ViewInteraction: Checking 'MatchesViewAssertion(Detox){viewMatcher=(view has effective visibility <VISIBLE> and view.getGlobalVisibleRect() covers at least <75> percent of the view's area)}' assertion on view (view.getTag() is "post-login-biometric-prompt" and view has effective visibility <VISIBLE>)
11-23 21:24:59.828 24620 24620 I ViewInteraction: Checking 'MatchesViewAssertion(Detox){viewMatcher=(view has effective visibility <VISIBLE> and view.getGlobalVisibleRect() covers at least <75> percent of the view's area)}' assertion on view (view.getTag() is "post-login-biometric-prompt" and view has effective visibility <VISIBLE>)
11-23 21:24:59.855 24620 24620 I ViewInteraction: Checking 'MatchesViewAssertion(Detox){viewMatcher=(view has effective visibility <VISIBLE> and view.getGlobalVisibleRect() covers at least <75> percent of the view's area)}' assertion on view (view.getTag() is "post-login-biometric-prompt" and view has effective visibility <VISIBLE>)
11-23 21:24:59.879 24620 24659 I DetoxActionHandlers: Test exception
11-23 21:24:59.879 24620 24659 I DetoxActionHandlers: java.lang.reflect.InvocationTargetException
11-23 21:24:59.879 24620 24659 I DetoxActionHandlers: 	at java.lang.reflect.Method.invoke(Native Method)
11-23 21:24:59.879 24620 24659 I DetoxActionHandlers: 	at org.apache.commons.lang3.reflect.MethodUtils.invokeStaticMethod(MethodUtils.java:443)
11-23 21:24:59.879 24620 24659 I DetoxActionHandlers: 	at org.apache.commons.lang3.reflect.MethodUtils.invokeStaticMethod(MethodUtils.java:405)
11-23 21:24:59.879 24620 24659 I DetoxActionHandlers: 	at com.wix.invoke.types.ClassTarget.execute(ClassTarget.java:23)
11-23 21:24:59.879 24620 24659 I DetoxActionHandlers: 	at com.wix.invoke.types.Target.invoke(Target.java:59)
11-23 21:24:59.879 24620 24659 I DetoxActionHandlers: 	at com.wix.invoke.MethodInvocation.invoke(MethodInvocation.java:35)
11-23 21:24:59.879 24620 24659 I DetoxActionHandlers: 	at com.wix.invoke.MethodInvocation.invoke(MethodInvocation.java:26)
11-23 21:24:59.879 24620 24659 I DetoxActionHandlers: 	at com.wix.invoke.MethodInvocation.invoke(MethodInvocation.java:20)
11-23 21:24:59.879 24620 24659 I DetoxActionHandlers: 	at com.wix.detox.adapters.server.InvokeActionHandler.handle(DetoxActionHandlers.kt:54)
11-23 21:24:59.879 24620 24659 I DetoxActionHandlers: 	at com.wix.detox.adapters.server.ActionsExecutor.executeAction$lambda$2$lambda$1(DetoxActionsDispatcher.kt:76)
11-23 21:24:59.879 24620 24659 I DetoxActionHandlers: 	at com.wix.detox.adapters.server.ActionsExecutor.$r8$lambda$GVbB7LHtBHxNHGbgYnHJ6YrwCqs(Unknown Source:0)
11-23 21:24:59.879 24620 24659 I DetoxActionHandlers: 	at com.wix.detox.adapters.server.ActionsExecutor$$ExternalSyntheticLambda0.run(D8$$SyntheticClass:0)
11-23 21:24:59.879 24620 24659 I DetoxActionHandlers: 	at android.os.Handler.handleCallback(Handler.java:995)
11-23 21:24:59.879 24620 24659 I DetoxActionHandlers: 	at android.os.Handler.dispatchMessage(Handler.java:103)
11-23 21:24:59.879 24620 24659 I DetoxActionHandlers: 	at android.os.Looper.loopOnce(Looper.java:273)
11-23 21:24:59.879 24620 24659 I DetoxActionHandlers: 	at android.os.Looper.loop(Looper.java:363)
11-23 21:24:59.879 24620 24659 I DetoxActionHandlers: 	at com.wix.detox.adapters.server.ActionsExecutor._init_$lambda$0(DetoxActionsDispatcher.kt:62)
11-23 21:24:59.879 24620 24659 I DetoxActionHandlers: 	at com.wix.detox.adapters.server.ActionsExecutor.$r8$lambda$xlgL0CQim6vNM0wWEqM8JIDgZUE(Unknown Source:0)
11-23 21:24:59.879 24620 24659 I DetoxActionHandlers: 	at com.wix.detox.adapters.server.ActionsExecutor$$ExternalSyntheticLambda1.run(D8$$SyntheticClass:0)
11-23 21:24:59.879 24620 24659 I DetoxActionHandlers: 	at java.lang.Thread.run(Thread.java:1119)
11-23 21:24:59.879 24620 24659 I DetoxActionHandlers: Caused by: com.wix.detox.common.DetoxErrors$DetoxRuntimeException: 2.0sec timeout expired without matching of given matcher: (view has effective visibility <VISIBLE> and view.getGlobalVisibleRect() covers at least <75> percent of the view's area)
11-23 21:24:59.879 24620 24659 I DetoxActionHandlers: 	at com.wix.detox.espresso.DetoxAssertion.waitForAssertMatcher(DetoxAssertion.java:72)
11-23 21:24:59.879 24620 24659 I DetoxActionHandlers: 	... 20 more
11-23 21:24:59.880 24620 24659 I DetoxWSClient: Sending out action 'testFailed' (ID #64)
11-23 21:24:59.880 24620 24659 I DetoxDispatcher: Done with action 'invoke'
11-23 21:24:59.884 24620 24664 D DetoxWSClient: Received action 'invoke' (ID #65, params={"target":{"type":"Class","value":"com.wix.detox.espresso.DetoxAssertion"},"method":"waitForAssertMatcher","args":[{"type":"Invocation","value":{"target":{"type":"Class","value":"androidx.test.espresso.Espresso"},"method":"onView","args":[{"type":"Invocation","value":{"target":{"type":"Class","value":"com.wix.detox.espresso.DetoxMatcher"},"method":"matcherForTestId","args":["biometric-setup-screen",{"type":"boolean","value":false}]}}]}},{"type":"Invocation","value":{"target":{"type":"Class","value":"com.wix.detox.espresso.DetoxMatcher"},"method":"matcherForSufficientlyVisible","args":[{"type":"Integer","value":75}]}},{"type":"Double","value":2}]})
11-23 21:24:59.885 24620 24659 I DetoxDispatcher: Handling action 'invoke' (ID #65)...
11-23 21:24:59.885 24620 24659 D Detox   : class com.wix.detox.espresso.DetoxMatcher, matcherForTestId, [biometric-setup-screen, false]
11-23 21:24:59.886 24620 24659 D Detox   : class androidx.test.espresso.Espresso, onView, [(view.getTag() is "biometric-setup-screen" and view has effective visibility <VISIBLE>)]
11-23 21:24:59.887 24620 24659 D Detox   : class com.wix.detox.espresso.DetoxMatcher, matcherForSufficientlyVisible, [75]
11-23 21:24:59.888 24620 24659 D Detox   : class com.wix.detox.espresso.DetoxAssertion, waitForAssertMatcher, [androidx.test.espresso.ViewInteraction@8e7d2ab, (view has effective visibility <VISIBLE> and view.getGlobalVisibleRect() covers at least <75> percent of the view's area), 2.0]
11-23 21:24:59.893 24620 24620 I ViewInteraction: Checking 'MatchesViewAssertion(Detox){viewMatcher=(view has effective visibility <VISIBLE> and view.getGlobalVisibleRect() covers at least <75> percent of the view's area)}' assertion on view (view.getTag() is "biometric-setup-screen" and view has effective visibility <VISIBLE>)
11-23 21:24:59.921 24620 24620 I ViewInteraction: Checking 'MatchesViewAssertion(Detox){viewMatcher=(view has effective visibility <VISIBLE> and view.getGlobalVisibleRect() covers at least <75> percent of the view's area)}' assertion on view (view.getTag() is "biometric-setup-screen" and view has effective visibility <VISIBLE>)
11-23 21:24:59.948 24620 24620 I ViewInteraction: Checking 'MatchesViewAssertion(Detox){viewMatcher=(view has effective visibility <VISIBLE> and view.getGlobalVisibleRect() covers at least <75> percent of the view's area)}' assertion on view (view.getTag() is "biometric-setup-screen" and view has effective visibility <VISIBLE>)
11-23 21:24:59.977 24620 24620 I ViewInteraction: Checking 'MatchesViewAssertion(Detox){viewMatcher=(view has effective visibility <VISIBLE> and view.getGlobalVisibleRect() covers at least <75> percent of the view's area)}' assertion on view (view.getTag() is "biometric-setup-screen" and view has effective visibility <VISIBLE>)
11-23 21:25:00.008 24620 24620 I ViewInteraction: Checking 'MatchesViewAssertion(Detox){viewMatcher=(view has effective visibility <VISIBLE> and view.getGlobalVisibleRect() covers at least <75> percent of the view's area)}' assertion on view (view.getTag() is "biometric-setup-screen" and view has effective visibility <VISIBLE>)
11-23 21:25:00.037 24620 24620 I ViewInteraction: Checking 'MatchesViewAssertion(Detox){viewMatcher=(view has effective visibility <VISIBLE> and view.getGlobalVisibleRect() covers at least <75> percent of the view's area)}' assertion on view (view.getTag() is "biometric-setup-screen" and view has effective visibility <VISIBLE>)
11-23 21:25:00.067 24620 24620 I ViewInteraction: Checking 'MatchesViewAssertion(Detox){viewMatcher=(view has effective visibility <VISIBLE> and view.getGlobalVisibleRect() covers at least <75> percent of the view's area)}' assertion on view (view.getTag() is "biometric-setup-screen" and view has effective visibility <VISIBLE>)
11-23 21:25:00.103 24620 24620 I ViewInteraction: Checking 'MatchesViewAssertion(Detox){viewMatcher=(view has effective visibility <VISIBLE> and view.getGlobalVisibleRect() covers at least <75> percent of the view's area)}' assertion on view (view.getTag() is "biometric-setup-screen" and view has effective visibility <VISIBLE>)
11-23 21:25:00.125 24620 24631 I ev.souschef.app: Background concurrent mark compact GC freed 18MB AllocSpace bytes, 566(12MB) LOS objects, 66% free, 19MB/58MB, paused 1.131ms,6.750ms total 126.430ms
11-23 21:25:00.128 24620 24633 W System  : A resource failed to call close. 
11-23 21:25:00.134 24620 24620 I ViewInteraction: Checking 'MatchesViewAssertion(Detox){viewMatcher=(view has effective visibility <VISIBLE> and view.getGlobalVisibleRect() covers at least <75> percent of the view's area)}' assertion on view (view.getTag() is "biometric-setup-screen" and view has effective visibility <VISIBLE>)
11-23 21:25:00.163 24620 24620 I ViewInteraction: Checking 'MatchesViewAssertion(Detox){viewMatcher=(view has effective visibility <VISIBLE> and view.getGlobalVisibleRect() covers at least <75> percent of the view's area)}' assertion on view (view.getTag() is "biometric-setup-screen" and view has effective visibility <VISIBLE>)
11-23 21:25:00.190 24620 24620 I ViewInteraction: Checking 'MatchesViewAssertion(Detox){viewMatcher=(view has effective visibility <VISIBLE> and view.getGlobalVisibleRect() covers at least <75> percent of the view's area)}' assertion on view (view.getTag() is "biometric-setup-screen" and view has effective visibility <VISIBLE>)
11-23 21:25:00.218 24620 24620 I ViewInteraction: Checking 'MatchesViewAssertion(Detox){viewMatcher=(view has effective visibility <VISIBLE> and view.getGlobalVisibleRect() covers at least <75> percent of the view's area)}' assertion on view (view.getTag() is "biometric-setup-screen" and view has effective visibility <VISIBLE>)
11-23 21:25:00.246 24620 24620 I ViewInteraction: Checking 'MatchesViewAssertion(Detox){viewMatcher=(view has effective visibility <VISIBLE> and view.getGlobalVisibleRect() covers at least <75> percent of the view's area)}' assertion on view (view.getTag() is "biometric-setup-screen" and view has effective visibility <VISIBLE>)
11-23 21:25:00.274 24620 24620 I ViewInteraction: Checking 'MatchesViewAssertion(Detox){viewMatcher=(view has effective visibility <VISIBLE> and view.getGlobalVisibleRect() covers at least <75> percent of the view's area)}' assertion on view (view.getTag() is "biometric-setup-screen" and view has effective visibility <VISIBLE>)
11-23 21:25:00.304 24620 24620 I ViewInteraction: Checking 'MatchesViewAssertion(Detox){viewMatcher=(view has effective visibility <VISIBLE> and view.getGlobalVisibleRect() covers at least <75> percent of the view's area)}' assertion on view (view.getTag() is "biometric-setup-screen" and view has effective visibility <VISIBLE>)
11-23 21:25:00.333 24620 24620 I ViewInteraction: Checking 'MatchesViewAssertion(Detox){viewMatcher=(view has effective visibility <VISIBLE> and view.getGlobalVisibleRect() covers at least <75> percent of the view's area)}' assertion on view (view.getTag() is "biometric-setup-screen" and view has effective visibility <VISIBLE>)
11-23 21:25:00.364 24620 24620 I ViewInteraction: Checking 'MatchesViewAssertion(Detox){viewMatcher=(view has effective visibility <VISIBLE> and view.getGlobalVisibleRect() covers at least <75> percent of the view's area)}' assertion on view (view.getTag() is "biometric-setup-screen" and view has effective visibility <VISIBLE>)
11-23 21:25:00.394 24620 24620 I ViewInteraction: Checking 'MatchesViewAssertion(Detox){viewMatcher=(view has effective visibility <VISIBLE> and view.getGlobalVisibleRect() covers at least <75> percent of the view's area)}' assertion on view (view.getTag() is "biometric-setup-screen" and view has effective visibility <VISIBLE>)
11-23 21:25:00.426 24620 24620 I ViewInteraction: Checking 'MatchesViewAssertion(Detox){viewMatcher=(view has effective visibility <VISIBLE> and view.getGlobalVisibleRect() covers at least <75> percent of the view's area)}' assertion on view (view.getTag() is "biometric-setup-screen" and view has effective visibility <VISIBLE>)
11-23 21:25:00.459 24620 24620 I ViewInteraction: Checking 'MatchesViewAssertion(Detox){viewMatcher=(view has effective visibility <VISIBLE> and view.getGlobalVisibleRect() covers at least <75> percent of the view's area)}' assertion on view (view.getTag() is "biometric-setup-screen" and view has effective visibility <VISIBLE>)
11-23 21:25:00.489 24620 24620 I ViewInteraction: Checking 'MatchesViewAssertion(Detox){viewMatcher=(view has effective visibility <VISIBLE> and view.getGlobalVisibleRect() covers at least <75> percent of the view's area)}' assertion on view (view.getTag() is "biometric-setup-screen" and view has effective visibility <VISIBLE>)
11-23 21:25:00.519 24620 24620 I ViewInteraction: Checking 'MatchesViewAssertion(Detox){viewMatcher=(view has effective visibility <VISIBLE> and view.getGlobalVisibleRect() covers at least <75> percent of the view's area)}' assertion on view (view.getTag() is "biometric-setup-screen" and view has effective visibility <VISIBLE>)
11-23 21:25:00.549 24620 24620 I ViewInteraction: Checking 'MatchesViewAssertion(Detox){viewMatcher=(view has effective visibility <VISIBLE> and view.getGlobalVisibleRect() covers at least <75> percent of the view's area)}' assertion on view (view.getTag() is "biometric-setup-screen" and view has effective visibility <VISIBLE>)
11-23 21:25:00.580 24620 24620 I ViewInteraction: Checking 'MatchesViewAssertion(Detox){viewMatcher=(view has effective visibility <VISIBLE> and view.getGlobalVisibleRect() covers at least <75> percent of the view's area)}' assertion on view (view.getTag() is "biometric-setup-screen" and view has effective visibility <VISIBLE>)
11-23 21:25:00.609 24620 24620 I ViewInteraction: Checking 'MatchesViewAssertion(Detox){viewMatcher=(view has effective visibility <VISIBLE> and view.getGlobalVisibleRect() covers at least <75> percent of the view's area)}' assertion on view (view.getTag() is "biometric-setup-screen" and view has effective visibility <VISIBLE>)
11-23 21:25:00.640 24620 24620 I ViewInteraction: Checking 'MatchesViewAssertion(Detox){viewMatcher=(view has effective visibility <VISIBLE> and view.getGlobalVisibleRect() covers at least <75> percent of the view's area)}' assertion on view (view.getTag() is "biometric-setup-screen" and view has effective visibility <VISIBLE>)
11-23 21:25:00.670 24620 24620 I ViewInteraction: Checking 'MatchesViewAssertion(Detox){viewMatcher=(view has effective visibility <VISIBLE> and view.getGlobalVisibleRect() covers at least <75> percent of the view's area)}' assertion on view (view.getTag() is "biometric-setup-screen" and view has effective visibility <VISIBLE>)
11-23 21:25:00.698 24620 24620 I ViewInteraction: Checking 'MatchesViewAssertion(Detox){viewMatcher=(view has effective visibility <VISIBLE> and view.getGlobalVisibleRect() covers at least <75> percent of the view's area)}' assertion on view (view.getTag() is "biometric-setup-screen" and view has effective visibility <VISIBLE>)
11-23 21:25:00.728 24620 24620 I ViewInteraction: Checking 'MatchesViewAssertion(Detox){viewMatcher=(view has effective visibility <VISIBLE> and view.getGlobalVisibleRect() covers at least <75> percent of the view's area)}' assertion on view (view.getTag() is "biometric-setup-screen" and view has effective visibility <VISIBLE>)
11-23 21:25:00.759 24620 24620 I ViewInteraction: Checking 'MatchesViewAssertion(Detox){viewMatcher=(view has effective visibility <VISIBLE> and view.getGlobalVisibleRect() covers at least <75> percent of the view's area)}' assertion on view (view.getTag() is "biometric-setup-screen" and view has effective visibility <VISIBLE>)
11-23 21:25:00.788 24620 24620 I ViewInteraction: Checking 'MatchesViewAssertion(Detox){viewMatcher=(view has effective visibility <VISIBLE> and view.getGlobalVisibleRect() covers at least <75> percent of the view's area)}' assertion on view (view.getTag() is "biometric-setup-screen" and view has effective visibility <VISIBLE>)
11-23 21:25:00.818 24620 24620 I ViewInteraction: Checking 'MatchesViewAssertion(Detox){viewMatcher=(view has effective visibility <VISIBLE> and view.getGlobalVisibleRect() covers at least <75> percent of the view's area)}' assertion on view (view.getTag() is "biometric-setup-screen" and view has effective visibility <VISIBLE>)
11-23 21:25:00.847 24620 24620 I ViewInteraction: Checking 'MatchesViewAssertion(Detox){viewMatcher=(view has effective visibility <VISIBLE> and view.getGlobalVisibleRect() covers at least <75> percent of the view's area)}' assertion on view (view.getTag() is "biometric-setup-screen" and view has effective visibility <VISIBLE>)
11-23 21:25:00.877 24620 24620 I ViewInteraction: Checking 'MatchesViewAssertion(Detox){viewMatcher=(view has effective visibility <VISIBLE> and view.getGlobalVisibleRect() covers at least <75> percent of the view's area)}' assertion on view (view.getTag() is "biometric-setup-screen" and view has effective visibility <VISIBLE>)
11-23 21:25:00.907 24620 24620 I ViewInteraction: Checking 'MatchesViewAssertion(Detox){viewMatcher=(view has effective visibility <VISIBLE> and view.getGlobalVisibleRect() covers at least <75> percent of the view's area)}' assertion on view (view.getTag() is "biometric-setup-screen" and view has effective visibility <VISIBLE>)
11-23 21:25:00.936 24620 24620 I ViewInteraction: Checking 'MatchesViewAssertion(Detox){viewMatcher=(view has effective visibility <VISIBLE> and view.getGlobalVisibleRect() covers at least <75> percent of the view's area)}' assertion on view (view.getTag() is "biometric-setup-screen" and view has effective visibility <VISIBLE>)
11-23 21:25:00.965 24620 24620 I ViewInteraction: Checking 'MatchesViewAssertion(Detox){viewMatcher=(view has effective visibility <VISIBLE> and view.getGlobalVisibleRect() covers at least <75> percent of the view's area)}' assertion on view (view.getTag() is "biometric-setup-screen" and view has effective visibility <VISIBLE>)
11-23 21:25:00.996 24620 24620 I ViewInteraction: Checking 'MatchesViewAssertion(Detox){viewMatcher=(view has effective visibility <VISIBLE> and view.getGlobalVisibleRect() covers at least <75> percent of the view's area)}' assertion on view (view.getTag() is "biometric-setup-screen" and view has effective visibility <VISIBLE>)
11-23 21:25:01.026 24620 24620 I ViewInteraction: Checking 'MatchesViewAssertion(Detox){viewMatcher=(view has effective visibility <VISIBLE> and view.getGlobalVisibleRect() covers at least <75> percent of the view's area)}' assertion on view (view.getTag() is "biometric-setup-screen" and view has effective visibility <VISIBLE>)
11-23 21:25:01.055 24620 24620 I ViewInteraction: Checking 'MatchesViewAssertion(Detox){viewMatcher=(view has effective visibility <VISIBLE> and view.getGlobalVisibleRect() covers at least <75> percent of the view's area)}' assertion on view (view.getTag() is "biometric-setup-screen" and view has effective visibility <VISIBLE>)
11-23 21:25:01.079 24620 25353 I ReactNativeJS: [MemoryMonitor] Stopped
11-23 21:25:01.088 24620 24620 I ViewInteraction: Checking 'MatchesViewAssertion(Detox){viewMatcher=(view has effective visibility <VISIBLE> and view.getGlobalVisibleRect() covers at least <75> percent of the view's area)}' assertion on view (view.getTag() is "biometric-setup-screen" and view has effective visibility <VISIBLE>)
11-23 21:25:01.118 24620 24620 I ViewInteraction: Checking 'MatchesViewAssertion(Detox){viewMatcher=(view has effective visibility <VISIBLE> and view.getGlobalVisibleRect() covers at least <75> percent of the view's area)}' assertion on view (view.getTag() is "biometric-setup-screen" and view has effective visibility <VISIBLE>)
11-23 21:25:01.148 24620 24620 I ViewInteraction: Checking 'MatchesViewAssertion(Detox){viewMatcher=(view has effective visibility <VISIBLE> and view.getGlobalVisibleRect() covers at least <75> percent of the view's area)}' assertion on view (view.getTag() is "biometric-setup-screen" and view has effective visibility <VISIBLE>)
11-23 21:25:01.178 24620 24620 I ViewInteraction: Checking 'MatchesViewAssertion(Detox){viewMatcher=(view has effective visibility <VISIBLE> and view.getGlobalVisibleRect() covers at least <75> percent of the view's area)}' assertion on view (view.getTag() is "biometric-setup-screen" and view has effective visibility <VISIBLE>)
11-23 21:25:01.209 24620 24620 I ViewInteraction: Checking 'MatchesViewAssertion(Detox){viewMatcher=(view has effective visibility <VISIBLE> and view.getGlobalVisibleRect() covers at least <75> percent of the view's area)}' assertion on view (view.getTag() is "biometric-setup-screen" and view has effective visibility <VISIBLE>)
11-23 21:25:01.233 24620 25353 I ReactNativeJS: [MemoryMonitor] Started with 10000ms interval
11-23 21:25:01.242 24620 24714 E RNKeychainManager: No entry found for service: dev.souschef.app.credentials.indicator
11-23 21:25:01.242 24620 24620 I ViewInteraction: Checking 'MatchesViewAssertion(Detox){viewMatcher=(view has effective visibility <VISIBLE> and view.getGlobalVisibleRect() covers at least <75> percent of the view's area)}' assertion on view (view.getTag() is "biometric-setup-screen" and view has effective visibility <VISIBLE>)
11-23 21:25:01.272 24620 24620 I ViewInteraction: Checking 'MatchesViewAssertion(Detox){viewMatcher=(view has effective visibility <VISIBLE> and view.getGlobalVisibleRect() covers at least <75> percent of the view's area)}' assertion on view (view.getTag() is "biometric-setup-screen" and view has effective visibility <VISIBLE>)
11-23 21:25:01.301 24620 24620 I ViewInteraction: Checking 'MatchesViewAssertion(Detox){viewMatcher=(view has effective visibility <VISIBLE> and view.getGlobalVisibleRect() covers at least <75> percent of the view's area)}' assertion on view (view.getTag() is "biometric-setup-screen" and view has effective visibility <VISIBLE>)
11-23 21:25:01.305 24620 24620 W WindowOnBackDispatcher: sendCancelIfRunning: isInProgress=false callback=android.widget.PopupWindow$PopupDecorView$$ExternalSyntheticLambda1@5c6c531
11-23 21:25:01.306 24620 24620 I WindowManager: WindowManagerGlobal#removeView, ty=1000, view=android.widget.PopupWindow$PopupDecorView{8c80ff9 V.E...... R....... 0,0-1440,94}, caller=android.view.WindowManagerGlobal.removeView:654 android.view.WindowManagerImpl.removeViewImmediate:216 android.widget.PopupWindow.dismissImmediate:2415 
11-23 21:25:01.310 24620 24620 I VRI[PopupWindow:30086c0]@5a2db3e: dispatchDetachedFromWindow
11-23 21:25:01.315 24620 24620 D InputTransport: Input channel destroyed: '23e6649', fd=227
11-23 21:25:01.320 24620 24620 I ReactNative: [GESTURE HANDLER] Initialize gesture handler for root view com.facebook.react.runtime.ReactSurfaceView{a0cdc02 V.E...... ......ID 0,0-1440,3088 #1}
11-23 21:25:01.340 24620 24620 I ViewInteraction: Checking 'MatchesViewAssertion(Detox){viewMatcher=(view has effective visibility <VISIBLE> and view.getGlobalVisibleRect() covers at least <75> percent of the view's area)}' assertion on view (view.getTag() is "biometric-setup-screen" and view has effective visibility <VISIBLE>)
11-23 21:25:01.372 24620 24620 I ViewInteraction: Checking 'MatchesViewAssertion(Detox){viewMatcher=(view has effective visibility <VISIBLE> and view.getGlobalVisibleRect() covers at least <75> percent of the view's area)}' assertion on view (view.getTag() is "biometric-setup-screen" and view has effective visibility <VISIBLE>)
11-23 21:25:01.405 24620 24620 I ViewInteraction: Checking 'MatchesViewAssertion(Detox){viewMatcher=(view has effective visibility <VISIBLE> and view.getGlobalVisibleRect() covers at least <75> percent of the view's area)}' assertion on view (view.getTag() is "biometric-setup-screen" and view has effective visibility <VISIBLE>)
11-23 21:25:01.436 24620 24620 I ViewInteraction: Checking 'MatchesViewAssertion(Detox){viewMatcher=(view has effective visibility <VISIBLE> and view.getGlobalVisibleRect() covers at least <75> percent of the view's area)}' assertion on view (view.getTag() is "biometric-setup-screen" and view has effective visibility <VISIBLE>)
11-23 21:25:01.467 24620 24620 I ViewInteraction: Checking 'MatchesViewAssertion(Detox){viewMatcher=(view has effective visibility <VISIBLE> and view.getGlobalVisibleRect() covers at least <75> percent of the view's area)}' assertion on view (view.getTag() is "biometric-setup-screen" and view has effective visibility <VISIBLE>)
11-23 21:25:01.499 24620 24620 I ViewInteraction: Checking 'MatchesViewAssertion(Detox){viewMatcher=(view has effective visibility <VISIBLE> and view.getGlobalVisibleRect() covers at least <75> percent of the view's area)}' assertion on view (view.getTag() is "biometric-setup-screen" and view has effective visibility <VISIBLE>)
11-23 21:25:01.529 24620 24620 I ViewInteraction: Checking 'MatchesViewAssertion(Detox){viewMatcher=(view has effective visibility <VISIBLE> and view.getGlobalVisibleRect() covers at least <75> percent of the view's area)}' assertion on view (view.getTag() is "biometric-setup-screen" and view has effective visibility <VISIBLE>)
11-23 21:25:01.560 24620 24620 I ViewInteraction: Checking 'MatchesViewAssertion(Detox){viewMatcher=(view has effective visibility <VISIBLE> and view.getGlobalVisibleRect() covers at least <75> percent of the view's area)}' assertion on view (view.getTag() is "biometric-setup-screen" and view has effective visibility <VISIBLE>)
11-23 21:25:01.591 24620 24620 I ViewInteraction: Checking 'MatchesViewAssertion(Detox){viewMatcher=(view has effective visibility <VISIBLE> and view.getGlobalVisibleRect() covers at least <75> percent of the view's area)}' assertion on view (view.getTag() is "biometric-setup-screen" and view has effective visibility <VISIBLE>)
11-23 21:25:01.622 24620 24620 I ViewInteraction: Checking 'MatchesViewAssertion(Detox){viewMatcher=(view has effective visibility <VISIBLE> and view.getGlobalVisibleRect() covers at least <75> percent of the view's area)}' assertion on view (view.getTag() is "biometric-setup-screen" and view has effective visibility <VISIBLE>)
11-23 21:25:01.652 24620 24620 I ViewInteraction: Checking 'MatchesViewAssertion(Detox){viewMatcher=(view has effective visibility <VISIBLE> and view.getGlobalVisibleRect() covers at least <75> percent of the view's area)}' assertion on view (view.getTag() is "biometric-setup-screen" and view has effective visibility <VISIBLE>)
11-23 21:25:01.682 24620 24620 I ViewInteraction: Checking 'MatchesViewAssertion(Detox){viewMatcher=(view has effective visibility <VISIBLE> and view.getGlobalVisibleRect() covers at least <75> percent of the view's area)}' assertion on view (view.getTag() is "biometric-setup-screen" and view has effective visibility <VISIBLE>)
11-23 21:25:01.712 24620 24620 I ViewInteraction: Checking 'MatchesViewAssertion(Detox){viewMatcher=(view has effective visibility <VISIBLE> and view.getGlobalVisibleRect() covers at least <75> percent of the view's area)}' assertion on view (view.getTag() is "biometric-setup-screen" and view has effective visibility <VISIBLE>)
11-23 21:25:01.743 24620 24620 I ViewInteraction: Checking 'MatchesViewAssertion(Detox){viewMatcher=(view has effective visibility <VISIBLE> and view.getGlobalVisibleRect() covers at least <75> percent of the view's area)}' assertion on view (view.getTag() is "biometric-setup-screen" and view has effective visibility <VISIBLE>)
11-23 21:25:01.773 24620 24620 I ViewInteraction: Checking 'MatchesViewAssertion(Detox){viewMatcher=(view has effective visibility <VISIBLE> and view.getGlobalVisibleRect() covers at least <75> percent of the view's area)}' assertion on view (view.getTag() is "biometric-setup-screen" and view has effective visibility <VISIBLE>)
11-23 21:25:01.803 24620 24620 I ViewInteraction: Checking 'MatchesViewAssertion(Detox){viewMatcher=(view has effective visibility <VISIBLE> and view.getGlobalVisibleRect() covers at least <75> percent of the view's area)}' assertion on view (view.getTag() is "biometric-setup-screen" and view has effective visibility <VISIBLE>)
11-23 21:25:01.834 24620 24620 I ViewInteraction: Checking 'MatchesViewAssertion(Detox){viewMatcher=(view has effective visibility <VISIBLE> and view.getGlobalVisibleRect() covers at least <75> percent of the view's area)}' assertion on view (view.getTag() is "biometric-setup-screen" and view has effective visibility <VISIBLE>)
11-23 21:25:01.864 24620 24620 I ViewInteraction: Checking 'MatchesViewAssertion(Detox){viewMatcher=(view has effective visibility <VISIBLE> and view.getGlobalVisibleRect() covers at least <75> percent of the view's area)}' assertion on view (view.getTag() is "biometric-setup-screen" and view has effective visibility <VISIBLE>)
11-23 21:25:01.891 24620 24659 I DetoxActionHandlers: Test exception
11-23 21:25:01.891 24620 24659 I DetoxActionHandlers: java.lang.reflect.InvocationTargetException
11-23 21:25:01.891 24620 24659 I DetoxActionHandlers: 	at java.lang.reflect.Method.invoke(Native Method)
11-23 21:25:01.891 24620 24659 I DetoxActionHandlers: 	at org.apache.commons.lang3.reflect.MethodUtils.invokeStaticMethod(MethodUtils.java:443)
11-23 21:25:01.891 24620 24659 I DetoxActionHandlers: 	at org.apache.commons.lang3.reflect.MethodUtils.invokeStaticMethod(MethodUtils.java:405)
11-23 21:25:01.891 24620 24659 I DetoxActionHandlers: 	at com.wix.invoke.types.ClassTarget.execute(ClassTarget.java:23)
11-23 21:25:01.891 24620 24659 I DetoxActionHandlers: 	at com.wix.invoke.types.Target.invoke(Target.java:59)
11-23 21:25:01.891 24620 24659 I DetoxActionHandlers: 	at com.wix.invoke.MethodInvocation.invoke(MethodInvocation.java:35)
11-23 21:25:01.891 24620 24659 I DetoxActionHandlers: 	at com.wix.invoke.MethodInvocation.invoke(MethodInvocation.java:26)
11-23 21:25:01.891 24620 24659 I DetoxActionHandlers: 	at com.wix.invoke.MethodInvocation.invoke(MethodInvocation.java:20)
11-23 21:25:01.891 24620 24659 I DetoxActionHandlers: 	at com.wix.detox.adapters.server.InvokeActionHandler.handle(DetoxActionHandlers.kt:54)
11-23 21:25:01.891 24620 24659 I DetoxActionHandlers: 	at com.wix.detox.adapters.server.ActionsExecutor.executeAction$lambda$2$lambda$1(DetoxActionsDispatcher.kt:76)
11-23 21:25:01.891 24620 24659 I DetoxActionHandlers: 	at com.wix.detox.adapters.server.ActionsExecutor.$r8$lambda$GVbB7LHtBHxNHGbgYnHJ6YrwCqs(Unknown Source:0)
11-23 21:25:01.891 24620 24659 I DetoxActionHandlers: 	at com.wix.detox.adapters.server.ActionsExecutor$$ExternalSyntheticLambda0.run(D8$$SyntheticClass:0)
11-23 21:25:01.891 24620 24659 I DetoxActionHandlers: 	at android.os.Handler.handleCallback(Handler.java:995)
11-23 21:25:01.891 24620 24659 I DetoxActionHandlers: 	at android.os.Handler.dispatchMessage(Handler.java:103)
11-23 21:25:01.891 24620 24659 I DetoxActionHandlers: 	at android.os.Looper.loopOnce(Looper.java:273)
11-23 21:25:01.891 24620 24659 I DetoxActionHandlers: 	at android.os.Looper.loop(Looper.java:363)
11-23 21:25:01.891 24620 24659 I DetoxActionHandlers: 	at com.wix.detox.adapters.server.ActionsExecutor._init_$lambda$0(DetoxActionsDispatcher.kt:62)
11-23 21:25:01.891 24620 24659 I DetoxActionHandlers: 	at com.wix.detox.adapters.server.ActionsExecutor.$r8$lambda$xlgL0CQim6vNM0wWEqM8JIDgZUE(Unknown Source:0)
11-23 21:25:01.891 24620 24659 I DetoxActionHandlers: 	at com.wix.detox.adapters.server.ActionsExecutor$$ExternalSyntheticLambda1.run(D8$$SyntheticClass:0)
11-23 21:25:01.891 24620 24659 I DetoxActionHandlers: 	at java.lang.Thread.run(Thread.java:1119)
11-23 21:25:01.891 24620 24659 I DetoxActionHandlers: Caused by: com.wix.detox.common.DetoxErrors$DetoxRuntimeException: 2.0sec timeout expired without matching of given matcher: (view has effective visibility <VISIBLE> and view.getGlobalVisibleRect() covers at least <75> percent of the view's area)
11-23 21:25:01.891 24620 24659 I DetoxActionHandlers: 	at com.wix.detox.espresso.DetoxAssertion.waitForAssertMatcher(DetoxAssertion.java:72)
11-23 21:25:01.891 24620 24659 I DetoxActionHandlers: 	... 20 more
11-23 21:25:01.891 24620 24659 I DetoxWSClient: Sending out action 'testFailed' (ID #65)
11-23 21:25:01.892 24620 24659 I DetoxDispatcher: Done with action 'invoke'
11-23 21:25:01.897 24620 24664 D DetoxWSClient: Received action 'invoke' (ID #66, params={"target":{"type":"Class","value":"com.wix.detox.espresso.DetoxAssertion"},"method":"waitForAssertMatcher","args":[{"type":"Invocation","value":{"target":{"type":"Class","value":"androidx.test.espresso.Espresso"},"method":"onView","args":[{"type":"Invocation","value":{"target":{"type":"Class","value":"com.wix.detox.espresso.DetoxMatcher"},"method":"matcherForTestId","args":["feature-hint-overlay-dismiss",{"type":"boolean","value":false}]}}]}},{"type":"Invocation","value":{"target":{"type":"Class","value":"com.wix.detox.espresso.DetoxMatcher"},"method":"matcherForSufficientlyVisible","args":[{"type":"Integer","value":75}]}},{"type":"Double","value":3}]})
11-23 21:25:01.898 24620 24659 I DetoxDispatcher: Handling action 'invoke' (ID #66)...
11-23 21:25:01.898 24620 24659 D Detox   : class com.wix.detox.espresso.DetoxMatcher, matcherForTestId, [feature-hint-overlay-dismiss, false]
11-23 21:25:01.899 24620 24659 D Detox   : class androidx.test.espresso.Espresso, onView, [(view.getTag() is "feature-hint-overlay-dismiss" and view has effective visibility <VISIBLE>)]
11-23 21:25:01.901 24620 24659 D Detox   : class com.wix.detox.espresso.DetoxMatcher, matcherForSufficientlyVisible, [75]
11-23 21:25:01.902 24620 24659 D Detox   : class com.wix.detox.espresso.DetoxAssertion, waitForAssertMatcher, [androidx.test.espresso.ViewInteraction@9593c4d, (view has effective visibility <VISIBLE> and view.getGlobalVisibleRect() covers at least <75> percent of the view's area), 3.0]
11-23 21:25:01.909 24620 24620 I ViewInteraction: Checking 'MatchesViewAssertion(Detox){viewMatcher=(view has effective visibility <VISIBLE> and view.getGlobalVisibleRect() covers at least <75> percent of the view's area)}' assertion on view (view.getTag() is "feature-hint-overlay-dismiss" and view has effective visibility <VISIBLE>)
11-23 21:25:01.941 24620 24620 I ViewInteraction: Checking 'MatchesViewAssertion(Detox){viewMatcher=(view has effective visibility <VISIBLE> and view.getGlobalVisibleRect() covers at least <75> percent of the view's area)}' assertion on view (view.getTag() is "feature-hint-overlay-dismiss" and view has effective visibility <VISIBLE>)
11-23 21:25:01.972 24620 24620 I ViewInteraction: Checking 'MatchesViewAssertion(Detox){viewMatcher=(view has effective visibility <VISIBLE> and view.getGlobalVisibleRect() covers at least <75> percent of the view's area)}' assertion on view (view.getTag() is "feature-hint-overlay-dismiss" and view has effective visibility <VISIBLE>)
11-23 21:25:02.002 24620 24620 I ViewInteraction: Checking 'MatchesViewAssertion(Detox){viewMatcher=(view has effective visibility <VISIBLE> and view.getGlobalVisibleRect() covers at least <75> percent of the view's area)}' assertion on view (view.getTag() is "feature-hint-overlay-dismiss" and view has effective visibility <VISIBLE>)
11-23 21:25:02.007 24620 25353 I ReactNativeJS: 🛠️ Queue Debug Tools Available:
11-23 21:25:02.007 24620 25353 I ReactNativeJS:    Access via: __QUEUE_DEBUG__
11-23 21:25:02.007 24620 25353 I ReactNativeJS:    Commands:
11-23 21:25:02.008 24620 25353 I ReactNativeJS:      __QUEUE_DEBUG__.viewQueue()
11-23 21:25:02.008 24620 25353 I ReactNativeJS:      __QUEUE_DEBUG__.getQueueStats()
11-23 21:25:02.009 24620 25353 I ReactNativeJS:      __QUEUE_DEBUG__.processQueue()
11-23 21:25:02.009 24620 25353 I ReactNativeJS:      __QUEUE_DEBUG__.clearQueue()
11-23 21:25:02.009 24620 25353 I ReactNativeJS:      __QUEUE_DEBUG__.retryFailedMutations(userId)
11-23 21:25:02.010 24620 25353 I ReactNativeJS:      __QUEUE_DEBUG__.exportQueue()
11-23 21:25:02.010 24620 25353 I ReactNativeJS:      __QUEUE_DEBUG__.simulateOffline()
11-23 21:25:02.010 24620 25353 I ReactNativeJS:      __QUEUE_DEBUG__.simulateOnline()
11-23 21:25:02.032 24620 24620 I ViewInteraction: Checking 'MatchesViewAssertion(Detox){viewMatcher=(view has effective visibility <VISIBLE> and view.getGlobalVisibleRect() covers at least <75> percent of the view's area)}' assertion on view (view.getTag() is "feature-hint-overlay-dismiss" and view has effective visibility <VISIBLE>)
11-23 21:25:02.063 24620 24620 I ViewInteraction: Checking 'MatchesViewAssertion(Detox){viewMatcher=(view has effective visibility <VISIBLE> and view.getGlobalVisibleRect() covers at least <75> percent of the view's area)}' assertion on view (view.getTag() is "feature-hint-overlay-dismiss" and view has effective visibility <VISIBLE>)
11-23 21:25:02.095 24620 24620 I ViewInteraction: Checking 'MatchesViewAssertion(Detox){viewMatcher=(view has effective visibility <VISIBLE> and view.getGlobalVisibleRect() covers at least <75> percent of the view's area)}' assertion on view (view.getTag() is "feature-hint-overlay-dismiss" and view has effective visibility <VISIBLE>)
11-23 21:25:02.112 24620 25353 I ReactNativeJS: '%c🚀 ✅ QUERY MyShoppingListInvites 812ms', 'color: #22c55e; font-weight: bold'
11-23 21:25:02.127 24620 24620 I ViewInteraction: Checking 'MatchesViewAssertion(Detox){viewMatcher=(view has effective visibility <VISIBLE> and view.getGlobalVisibleRect() covers at least <75> percent of the view's area)}' assertion on view (view.getTag() is "feature-hint-overlay-dismiss" and view has effective visibility <VISIBLE>)
11-23 21:25:02.158 24620 24620 I ViewInteraction: Checking 'MatchesViewAssertion(Detox){viewMatcher=(view has effective visibility <VISIBLE> and view.getGlobalVisibleRect() covers at least <75> percent of the view's area)}' assertion on view (view.getTag() is "feature-hint-overlay-dismiss" and view has effective visibility <VISIBLE>)
11-23 21:25:02.188 24620 24620 I ViewInteraction: Checking 'MatchesViewAssertion(Detox){viewMatcher=(view has effective visibility <VISIBLE> and view.getGlobalVisibleRect() covers at least <75> percent of the view's area)}' assertion on view (view.getTag() is "feature-hint-overlay-dismiss" and view has effective visibility <VISIBLE>)
11-23 21:25:02.219 24620 24620 I ViewInteraction: Checking 'MatchesViewAssertion(Detox){viewMatcher=(view has effective visibility <VISIBLE> and view.getGlobalVisibleRect() covers at least <75> percent of the view's area)}' assertion on view (view.getTag() is "feature-hint-overlay-dismiss" and view has effective visibility <VISIBLE>)
11-23 21:25:02.249 24620 24620 I ViewInteraction: Checking 'MatchesViewAssertion(Detox){viewMatcher=(view has effective visibility <VISIBLE> and view.getGlobalVisibleRect() covers at least <75> percent of the view's area)}' assertion on view (view.getTag() is "feature-hint-overlay-dismiss" and view has effective visibility <VISIBLE>)
11-23 21:25:02.280 24620 24620 I ViewInteraction: Checking 'MatchesViewAssertion(Detox){viewMatcher=(view has effective visibility <VISIBLE> and view.getGlobalVisibleRect() covers at least <75> percent of the view's area)}' assertion on view (view.getTag() is "feature-hint-overlay-dismiss" and view has effective visibility <VISIBLE>)
11-23 21:25:02.314 24620 24620 I ViewInteraction: Checking 'MatchesViewAssertion(Detox){viewMatcher=(view has effective visibility <VISIBLE> and view.getGlobalVisibleRect() covers at least <75> percent of the view's area)}' assertion on view (view.getTag() is "feature-hint-overlay-dismiss" and view has effective visibility <VISIBLE>)
11-23 21:25:02.318 24620 25353 I ReactNativeJS: '✅ [NotificationReceived] Subscription ACTIVE for user:', '68f41739878fd075b87c1dd1'
11-23 21:25:02.332 24620 25353 I ReactNativeJS: '%c🚀 ⚠️ QUERY GetMyPendingInvites 1034ms', 'color: #f59e0b; font-weight: bold'
11-23 21:25:02.344 24620 24620 I BLASTBufferQueue_Java: update, w= 1440 h= 3088 mName = VRI[MainActivity]@8e53a52 mNativeObject= 0xb400007adda6c3f0 sc.mNativeObject= 0xb400007b7da35d50 format= -1 caller= android.view.ViewRootImpl.updateBlastSurfaceIfNeeded:3574 android.view.ViewRootImpl.relayoutWindow:11685 android.view.ViewRootImpl.performTraversals:4804 android.view.ViewRootImpl.doTraversal:3924 android.view.ViewRootImpl$TraversalRunnable.run:12903 android.view.Choreographer$CallbackRecord.run:1901 
11-23 21:25:02.344 24620 24620 I VRI[MainActivity]@8e53a52: Relayout returned: old=(0,0,1440,3088) new=(0,0,1440,3088) relayoutAsync=true req=(1440,3088)0 dur=1 res=0x0 s={true 0xb400007beda57a40} ch=false seqId=0
11-23 21:25:02.347 24620 24620 I VRI[MainActivity]@8e53a52: registerCallbackForPendingTransactions
11-23 21:25:02.349 24620 24691 I VRI[MainActivity]@8e53a52: mWNT: t=0xb400007c8da505d0 mBlastBufferQueue=0xb400007adda6c3f0 fn= 1035 HdrRenderState mRenderHdrSdrRatio=1.0 caller= android.view.ViewRootImpl$10.onFrameDraw:6536 android.view.ViewRootImpl$4.onFrameDraw:2489 android.view.ThreadedRenderer$1.onFrameDraw:718 
11-23 21:25:02.353 24620 25353 I ReactNativeJS: '%c🚀 ⚠️ QUERY GetCommonUnits 1081ms', 'color: #f59e0b; font-weight: bold'
11-23 21:25:02.357 24620 24620 I ViewInteraction: Checking 'MatchesViewAssertion(Detox){viewMatcher=(view has effective visibility <VISIBLE> and view.getGlobalVisibleRect() covers at least <75> percent of the view's area)}' assertion on view (view.getTag() is "feature-hint-overlay-dismiss" and view has effective visibility <VISIBLE>)
11-23 21:25:02.390 24620 24620 I ViewInteraction: Checking 'MatchesViewAssertion(Detox){viewMatcher=(view has effective visibility <VISIBLE> and view.getGlobalVisibleRect() covers at least <75> percent of the view's area)}' assertion on view (view.getTag() is "feature-hint-overlay-dismiss" and view has effective visibility <VISIBLE>)
11-23 21:25:02.423 24620 24620 I ViewInteraction: Checking 'MatchesViewAssertion(Detox){viewMatcher=(view has effective visibility <VISIBLE> and view.getGlobalVisibleRect() covers at least <75> percent of the view's area)}' assertion on view (view.getTag() is "feature-hint-overlay-dismiss" and view has effective visibility <VISIBLE>)
11-23 21:25:02.454 24620 24620 I ViewInteraction: Checking 'MatchesViewAssertion(Detox){viewMatcher=(view has effective visibility <VISIBLE> and view.getGlobalVisibleRect() covers at least <75> percent of the view's area)}' assertion on view (view.getTag() is "feature-hint-overlay-dismiss" and view has effective visibility <VISIBLE>)
11-23 21:25:02.495 24620 24620 I ViewInteraction: Checking 'MatchesViewAssertion(Detox){viewMatcher=(view has effective visibility <VISIBLE> and view.getGlobalVisibleRect() covers at least <75> percent of the view's area)}' assertion on view (view.getTag() is "feature-hint-overlay-dismiss" and view has effective visibility <VISIBLE>)
11-23 21:25:02.527 24620 24620 I ViewInteraction: Checking 'MatchesViewAssertion(Detox){viewMatcher=(view has effective visibility <VISIBLE> and view.getGlobalVisibleRect() covers at least <75> percent of the view's area)}' assertion on view (view.getTag() is "feature-hint-overlay-dismiss" and view has effective visibility <VISIBLE>)
11-23 21:25:02.568 24620 24620 I ViewInteraction: Checking 'MatchesViewAssertion(Detox){viewMatcher=(view has effective visibility <VISIBLE> and view.getGlobalVisibleRect() covers at least <75> percent of the view's area)}' assertion on view (view.getTag() is "feature-hint-overlay-dismiss" and view has effective visibility <VISIBLE>)
11-23 21:25:02.597 24620 24620 I ViewInteraction: Checking 'MatchesViewAssertion(Detox){viewMatcher=(view has effective visibility <VISIBLE> and view.getGlobalVisibleRect() covers at least <75> percent of the view's area)}' assertion on view (view.getTag() is "feature-hint-overlay-dismiss" and view has effective visibility <VISIBLE>)
11-23 21:25:02.627 24620 24620 I ViewInteraction: Checking 'MatchesViewAssertion(Detox){viewMatcher=(view has effective visibility <VISIBLE> and view.getGlobalVisibleRect() covers at least <75> percent of the view's area)}' assertion on view (view.getTag() is "feature-hint-overlay-dismiss" and view has effective visibility <VISIBLE>)
11-23 21:25:02.656 24620 24620 I ViewInteraction: Checking 'MatchesViewAssertion(Detox){viewMatcher=(view has effective visibility <VISIBLE> and view.getGlobalVisibleRect() covers at least <75> percent of the view's area)}' assertion on view (view.getTag() is "feature-hint-overlay-dismiss" and view has effective visibility <VISIBLE>)
11-23 21:25:02.687 24620 24620 I ViewInteraction: Checking 'MatchesViewAssertion(Detox){viewMatcher=(view has effective visibility <VISIBLE> and view.getGlobalVisibleRect() covers at least <75> percent of the view's area)}' assertion on view (view.getTag() is "feature-hint-overlay-dismiss" and view has effective visibility <VISIBLE>)
11-23 21:25:02.719 24620 24620 I ViewInteraction: Checking 'MatchesViewAssertion(Detox){viewMatcher=(view has effective visibility <VISIBLE> and view.getGlobalVisibleRect() covers at least <75> percent of the view's area)}' assertion on view (view.getTag() is "feature-hint-overlay-dismiss" and view has effective visibility <VISIBLE>)
11-23 21:25:02.749 24620 24620 I ViewInteraction: Checking 'MatchesViewAssertion(Detox){viewMatcher=(view has effective visibility <VISIBLE> and view.getGlobalVisibleRect() covers at least <75> percent of the view's area)}' assertion on view (view.getTag() is "feature-hint-overlay-dismiss" and view has effective visibility <VISIBLE>)
11-23 21:25:02.781 24620 24620 I ViewInteraction: Checking 'MatchesViewAssertion(Detox){viewMatcher=(view has effective visibility <VISIBLE> and view.getGlobalVisibleRect() covers at least <75> percent of the view's area)}' assertion on view (view.getTag() is "feature-hint-overlay-dismiss" and view has effective visibility <VISIBLE>)
11-23 21:25:02.812 24620 24620 I ViewInteraction: Checking 'MatchesViewAssertion(Detox){viewMatcher=(view has effective visibility <VISIBLE> and view.getGlobalVisibleRect() covers at least <75> percent of the view's area)}' assertion on view (view.getTag() is "feature-hint-overlay-dismiss" and view has effective visibility <VISIBLE>)
11-23 21:25:02.844 24620 24620 I ViewInteraction: Checking 'MatchesViewAssertion(Detox){viewMatcher=(view has effective visibility <VISIBLE> and view.getGlobalVisibleRect() covers at least <75> percent of the view's area)}' assertion on view (view.getTag() is "feature-hint-overlay-dismiss" and view has effective visibility <VISIBLE>)
11-23 21:25:02.875 24620 24620 I ViewInteraction: Checking 'MatchesViewAssertion(Detox){viewMatcher=(view has effective visibility <VISIBLE> and view.getGlobalVisibleRect() covers at least <75> percent of the view's area)}' assertion on view (view.getTag() is "feature-hint-overlay-dismiss" and view has effective visibility <VISIBLE>)
11-23 21:25:02.905 24620 24620 I ViewInteraction: Checking 'MatchesViewAssertion(Detox){viewMatcher=(view has effective visibility <VISIBLE> and view.getGlobalVisibleRect() covers at least <75> percent of the view's area)}' assertion on view (view.getTag() is "feature-hint-overlay-dismiss" and view has effective visibility <VISIBLE>)
11-23 21:25:02.936 24620 24620 I ViewInteraction: Checking 'MatchesViewAssertion(Detox){viewMatcher=(view has effective visibility <VISIBLE> and view.getGlobalVisibleRect() covers at least <75> percent of the view's area)}' assertion on view (view.getTag() is "feature-hint-overlay-dismiss" and view has effective visibility <VISIBLE>)
11-23 21:25:02.967 24620 24620 I ViewInteraction: Checking 'MatchesViewAssertion(Detox){viewMatcher=(view has effective visibility <VISIBLE> and view.getGlobalVisibleRect() covers at least <75> percent of the view's area)}' assertion on view (view.getTag() is "feature-hint-overlay-dismiss" and view has effective visibility <VISIBLE>)
11-23 21:25:02.999 24620 24620 I ViewInteraction: Checking 'MatchesViewAssertion(Detox){viewMatcher=(view has effective visibility <VISIBLE> and view.getGlobalVisibleRect() covers at least <75> percent of the view's area)}' assertion on view (view.getTag() is "feature-hint-overlay-dismiss" and view has effective visibility <VISIBLE>)
11-23 21:25:03.029 24620 24620 I ViewInteraction: Checking 'MatchesViewAssertion(Detox){viewMatcher=(view has effective visibility <VISIBLE> and view.getGlobalVisibleRect() covers at least <75> percent of the view's area)}' assertion on view (view.getTag() is "feature-hint-overlay-dismiss" and view has effective visibility <VISIBLE>)
11-23 21:25:03.060 24620 24620 I ViewInteraction: Checking 'MatchesViewAssertion(Detox){viewMatcher=(view has effective visibility <VISIBLE> and view.getGlobalVisibleRect() covers at least <75> percent of the view's area)}' assertion on view (view.getTag() is "feature-hint-overlay-dismiss" and view has effective visibility <VISIBLE>)
11-23 21:25:03.090 24620 24620 I ViewInteraction: Checking 'MatchesViewAssertion(Detox){viewMatcher=(view has effective visibility <VISIBLE> and view.getGlobalVisibleRect() covers at least <75> percent of the view's area)}' assertion on view (view.getTag() is "feature-hint-overlay-dismiss" and view has effective visibility <VISIBLE>)
11-23 21:25:03.121 24620 24620 I ViewInteraction: Checking 'MatchesViewAssertion(Detox){viewMatcher=(view has effective visibility <VISIBLE> and view.getGlobalVisibleRect() covers at least <75> percent of the view's area)}' assertion on view (view.getTag() is "feature-hint-overlay-dismiss" and view has effective visibility <VISIBLE>)
11-23 21:25:03.152 24620 24620 I ViewInteraction: Checking 'MatchesViewAssertion(Detox){viewMatcher=(view has effective visibility <VISIBLE> and view.getGlobalVisibleRect() covers at least <75> percent of the view's area)}' assertion on view (view.getTag() is "feature-hint-overlay-dismiss" and view has effective visibility <VISIBLE>)
11-23 21:25:03.184 24620 24620 I ViewInteraction: Checking 'MatchesViewAssertion(Detox){viewMatcher=(view has effective visibility <VISIBLE> and view.getGlobalVisibleRect() covers at least <75> percent of the view's area)}' assertion on view (view.getTag() is "feature-hint-overlay-dismiss" and view has effective visibility <VISIBLE>)
11-23 21:25:03.215 24620 24620 I ViewInteraction: Checking 'MatchesViewAssertion(Detox){viewMatcher=(view has effective visibility <VISIBLE> and view.getGlobalVisibleRect() covers at least <75> percent of the view's area)}' assertion on view (view.getTag() is "feature-hint-overlay-dismiss" and view has effective visibility <VISIBLE>)
11-23 21:25:03.247 24620 24620 I ViewInteraction: Checking 'MatchesViewAssertion(Detox){viewMatcher=(view has effective visibility <VISIBLE> and view.getGlobalVisibleRect() covers at least <75> percent of the view's area)}' assertion on view (view.getTag() is "feature-hint-overlay-dismiss" and view has effective visibility <VISIBLE>)
11-23 21:25:03.278 24620 24620 I ViewInteraction: Checking 'MatchesViewAssertion(Detox){viewMatcher=(view has effective visibility <VISIBLE> and view.getGlobalVisibleRect() covers at least <75> percent of the view's area)}' assertion on view (view.getTag() is "feature-hint-overlay-dismiss" and view has effective visibility <VISIBLE>)
11-23 21:25:03.308 24620 24620 I ViewInteraction: Checking 'MatchesViewAssertion(Detox){viewMatcher=(view has effective visibility <VISIBLE> and view.getGlobalVisibleRect() covers at least <75> percent of the view's area)}' assertion on view (view.getTag() is "feature-hint-overlay-dismiss" and view has effective visibility <VISIBLE>)
11-23 21:25:03.338 24620 24620 I ViewInteraction: Checking 'MatchesViewAssertion(Detox){viewMatcher=(view has effective visibility <VISIBLE> and view.getGlobalVisibleRect() covers at least <75> percent of the view's area)}' assertion on view (view.getTag() is "feature-hint-overlay-dismiss" and view has effective visibility <VISIBLE>)
11-23 21:25:03.369 24620 24620 I ViewInteraction: Checking 'MatchesViewAssertion(Detox){viewMatcher=(view has effective visibility <VISIBLE> and view.getGlobalVisibleRect() covers at least <75> percent of the view's area)}' assertion on view (view.getTag() is "feature-hint-overlay-dismiss" and view has effective visibility <VISIBLE>)
11-23 21:25:03.399 24620 24620 I ViewInteraction: Checking 'MatchesViewAssertion(Detox){viewMatcher=(view has effective visibility <VISIBLE> and view.getGlobalVisibleRect() covers at least <75> percent of the view's area)}' assertion on view (view.getTag() is "feature-hint-overlay-dismiss" and view has effective visibility <VISIBLE>)
11-23 21:25:03.431 24620 24620 I ViewInteraction: Checking 'MatchesViewAssertion(Detox){viewMatcher=(view has effective visibility <VISIBLE> and view.getGlobalVisibleRect() covers at least <75> percent of the view's area)}' assertion on view (view.getTag() is "feature-hint-overlay-dismiss" and view has effective visibility <VISIBLE>)
11-23 21:25:03.461 24620 24620 I ViewInteraction: Checking 'MatchesViewAssertion(Detox){viewMatcher=(view has effective visibility <VISIBLE> and view.getGlobalVisibleRect() covers at least <75> percent of the view's area)}' assertion on view (view.getTag() is "feature-hint-overlay-dismiss" and view has effective visibility <VISIBLE>)
11-23 21:25:03.491 24620 24620 I ViewInteraction: Checking 'MatchesViewAssertion(Detox){viewMatcher=(view has effective visibility <VISIBLE> and view.getGlobalVisibleRect() covers at least <75> percent of the view's area)}' assertion on view (view.getTag() is "feature-hint-overlay-dismiss" and view has effective visibility <VISIBLE>)
11-23 21:25:03.521 24620 24620 I ViewInteraction: Checking 'MatchesViewAssertion(Detox){viewMatcher=(view has effective visibility <VISIBLE> and view.getGlobalVisibleRect() covers at least <75> percent of the view's area)}' assertion on view (view.getTag() is "feature-hint-overlay-dismiss" and view has effective visibility <VISIBLE>)
11-23 21:25:03.552 24620 24620 I ViewInteraction: Checking 'MatchesViewAssertion(Detox){viewMatcher=(view has effective visibility <VISIBLE> and view.getGlobalVisibleRect() covers at least <75> percent of the view's area)}' assertion on view (view.getTag() is "feature-hint-overlay-dismiss" and view has effective visibility <VISIBLE>)
11-23 21:25:03.582 24620 24620 I ViewInteraction: Checking 'MatchesViewAssertion(Detox){viewMatcher=(view has effective visibility <VISIBLE> and view.getGlobalVisibleRect() covers at least <75> percent of the view's area)}' assertion on view (view.getTag() is "feature-hint-overlay-dismiss" and view has effective visibility <VISIBLE>)
11-23 21:25:03.613 24620 24620 I ViewInteraction: Checking 'MatchesViewAssertion(Detox){viewMatcher=(view has effective visibility <VISIBLE> and view.getGlobalVisibleRect() covers at least <75> percent of the view's area)}' assertion on view (view.getTag() is "feature-hint-overlay-dismiss" and view has effective visibility <VISIBLE>)
11-23 21:25:03.642 24620 24620 I ViewInteraction: Checking 'MatchesViewAssertion(Detox){viewMatcher=(view has effective visibility <VISIBLE> and view.getGlobalVisibleRect() covers at least <75> percent of the view's area)}' assertion on view (view.getTag() is "feature-hint-overlay-dismiss" and view has effective visibility <VISIBLE>)
11-23 21:25:03.672 24620 24620 I ViewInteraction: Checking 'MatchesViewAssertion(Detox){viewMatcher=(view has effective visibility <VISIBLE> and view.getGlobalVisibleRect() covers at least <75> percent of the view's area)}' assertion on view (view.getTag() is "feature-hint-overlay-dismiss" and view has effective visibility <VISIBLE>)
11-23 21:25:03.701 24620 24620 I ViewInteraction: Checking 'MatchesViewAssertion(Detox){viewMatcher=(view has effective visibility <VISIBLE> and view.getGlobalVisibleRect() covers at least <75> percent of the view's area)}' assertion on view (view.getTag() is "feature-hint-overlay-dismiss" and view has effective visibility <VISIBLE>)
11-23 21:25:03.739 24620 24620 I ViewInteraction: Checking 'MatchesViewAssertion(Detox){viewMatcher=(view has effective visibility <VISIBLE> and view.getGlobalVisibleRect() covers at least <75> percent of the view's area)}' assertion on view (view.getTag() is "feature-hint-overlay-dismiss" and view has effective visibility <VISIBLE>)
11-23 21:25:03.757 24620 24631 I ev.souschef.app: NativeAlloc concurrent mark compact GC freed 35MB AllocSpace bytes, 333(7840KB) LOS objects, 66% free, 14MB/42MB, paused 1.337ms,4.998ms total 114.166ms
11-23 21:25:03.770 24620 24620 I ViewInteraction: Checking 'MatchesViewAssertion(Detox){viewMatcher=(view has effective visibility <VISIBLE> and view.getGlobalVisibleRect() covers at least <75> percent of the view's area)}' assertion on view (view.getTag() is "feature-hint-overlay-dismiss" and view has effective visibility <VISIBLE>)
11-23 21:25:03.800 24620 24620 I ViewInteraction: Checking 'MatchesViewAssertion(Detox){viewMatcher=(view has effective visibility <VISIBLE> and view.getGlobalVisibleRect() covers at least <75> percent of the view's area)}' assertion on view (view.getTag() is "feature-hint-overlay-dismiss" and view has effective visibility <VISIBLE>)
11-23 21:25:03.831 24620 24620 I ViewInteraction: Checking 'MatchesViewAssertion(Detox){viewMatcher=(view has effective visibility <VISIBLE> and view.getGlobalVisibleRect() covers at least <75> percent of the view's area)}' assertion on view (view.getTag() is "feature-hint-overlay-dismiss" and view has effective visibility <VISIBLE>)
11-23 21:25:03.861 24620 24620 I ViewInteraction: Checking 'MatchesViewAssertion(Detox){viewMatcher=(view has effective visibility <VISIBLE> and view.getGlobalVisibleRect() covers at least <75> percent of the view's area)}' assertion on view (view.getTag() is "feature-hint-overlay-dismiss" and view has effective visibility <VISIBLE>)
11-23 21:25:03.891 24620 24620 I ViewInteraction: Checking 'MatchesViewAssertion(Detox){viewMatcher=(view has effective visibility <VISIBLE> and view.getGlobalVisibleRect() covers at least <75> percent of the view's area)}' assertion on view (view.getTag() is "feature-hint-overlay-dismiss" and view has effective visibility <VISIBLE>)
11-23 21:25:03.920 24620 24620 I ViewInteraction: Checking 'MatchesViewAssertion(Detox){viewMatcher=(view has effective visibility <VISIBLE> and view.getGlobalVisibleRect() covers at least <75> percent of the view's area)}' assertion on view (view.getTag() is "feature-hint-overlay-dismiss" and view has effective visibility <VISIBLE>)
11-23 21:25:03.950 24620 24620 I ViewInteraction: Checking 'MatchesViewAssertion(Detox){viewMatcher=(view has effective visibility <VISIBLE> and view.getGlobalVisibleRect() covers at least <75> percent of the view's area)}' assertion on view (view.getTag() is "feature-hint-overlay-dismiss" and view has effective visibility <VISIBLE>)
11-23 21:25:03.981 24620 24620 I ViewInteraction: Checking 'MatchesViewAssertion(Detox){viewMatcher=(view has effective visibility <VISIBLE> and view.getGlobalVisibleRect() covers at least <75> percent of the view's area)}' assertion on view (view.getTag() is "feature-hint-overlay-dismiss" and view has effective visibility <VISIBLE>)
11-23 21:25:04.011 24620 24620 I ViewInteraction: Checking 'MatchesViewAssertion(Detox){viewMatcher=(view has effective visibility <VISIBLE> and view.getGlobalVisibleRect() covers at least <75> percent of the view's area)}' assertion on view (view.getTag() is "feature-hint-overlay-dismiss" and view has effective visibility <VISIBLE>)
11-23 21:25:04.042 24620 24620 I ViewInteraction: Checking 'MatchesViewAssertion(Detox){viewMatcher=(view has effective visibility <VISIBLE> and view.getGlobalVisibleRect() covers at least <75> percent of the view's area)}' assertion on view (view.getTag() is "feature-hint-overlay-dismiss" and view has effective visibility <VISIBLE>)
11-23 21:25:04.072 24620 24620 I ViewInteraction: Checking 'MatchesViewAssertion(Detox){viewMatcher=(view has effective visibility <VISIBLE> and view.getGlobalVisibleRect() covers at least <75> percent of the view's area)}' assertion on view (view.getTag() is "feature-hint-overlay-dismiss" and view has effective visibility <VISIBLE>)
11-23 21:25:04.103 24620 24620 I ViewInteraction: Checking 'MatchesViewAssertion(Detox){viewMatcher=(view has effective visibility <VISIBLE> and view.getGlobalVisibleRect() covers at least <75> percent of the view's area)}' assertion on view (view.getTag() is "feature-hint-overlay-dismiss" and view has effective visibility <VISIBLE>)
11-23 21:25:04.134 24620 24620 I ViewInteraction: Checking 'MatchesViewAssertion(Detox){viewMatcher=(view has effective visibility <VISIBLE> and view.getGlobalVisibleRect() covers at least <75> percent of the view's area)}' assertion on view (view.getTag() is "feature-hint-overlay-dismiss" and view has effective visibility <VISIBLE>)
11-23 21:25:04.169 24620 24620 I ViewInteraction: Checking 'MatchesViewAssertion(Detox){viewMatcher=(view has effective visibility <VISIBLE> and view.getGlobalVisibleRect() covers at least <75> percent of the view's area)}' assertion on view (view.getTag() is "feature-hint-overlay-dismiss" and view has effective visibility <VISIBLE>)
11-23 21:25:04.201 24620 24620 I ViewInteraction: Checking 'MatchesViewAssertion(Detox){viewMatcher=(view has effective visibility <VISIBLE> and view.getGlobalVisibleRect() covers at least <75> percent of the view's area)}' assertion on view (view.getTag() is "feature-hint-overlay-dismiss" and view has effective visibility <VISIBLE>)
11-23 21:25:04.234 24620 24620 I ViewInteraction: Checking 'MatchesViewAssertion(Detox){viewMatcher=(view has effective visibility <VISIBLE> and view.getGlobalVisibleRect() covers at least <75> percent of the view's area)}' assertion on view (view.getTag() is "feature-hint-overlay-dismiss" and view has effective visibility <VISIBLE>)
11-23 21:25:04.265 24620 24620 I ViewInteraction: Checking 'MatchesViewAssertion(Detox){viewMatcher=(view has effective visibility <VISIBLE> and view.getGlobalVisibleRect() covers at least <75> percent of the view's area)}' assertion on view (view.getTag() is "feature-hint-overlay-dismiss" and view has effective visibility <VISIBLE>)
11-23 21:25:04.297 24620 24620 I ViewInteraction: Checking 'MatchesViewAssertion(Detox){viewMatcher=(view has effective visibility <VISIBLE> and view.getGlobalVisibleRect() covers at least <75> percent of the view's area)}' assertion on view (view.getTag() is "feature-hint-overlay-dismiss" and view has effective visibility <VISIBLE>)
11-23 21:25:04.325 24620 24620 I ViewInteraction: Checking 'MatchesViewAssertion(Detox){viewMatcher=(view has effective visibility <VISIBLE> and view.getGlobalVisibleRect() covers at least <75> percent of the view's area)}' assertion on view (view.getTag() is "feature-hint-overlay-dismiss" and view has effective visibility <VISIBLE>)
11-23 21:25:04.359 24620 24620 I ViewInteraction: Checking 'MatchesViewAssertion(Detox){viewMatcher=(view has effective visibility <VISIBLE> and view.getGlobalVisibleRect() covers at least <75> percent of the view's area)}' assertion on view (view.getTag() is "feature-hint-overlay-dismiss" and view has effective visibility <VISIBLE>)
11-23 21:25:04.389 24620 24620 I ViewInteraction: Checking 'MatchesViewAssertion(Detox){viewMatcher=(view has effective visibility <VISIBLE> and view.getGlobalVisibleRect() covers at least <75> percent of the view's area)}' assertion on view (view.getTag() is "feature-hint-overlay-dismiss" and view has effective visibility <VISIBLE>)
11-23 21:25:04.420 24620 24620 I ViewInteraction: Checking 'MatchesViewAssertion(Detox){viewMatcher=(view has effective visibility <VISIBLE> and view.getGlobalVisibleRect() covers at least <75> percent of the view's area)}' assertion on view (view.getTag() is "feature-hint-overlay-dismiss" and view has effective visibility <VISIBLE>)
11-23 21:25:04.450 24620 24620 I ViewInteraction: Checking 'MatchesViewAssertion(Detox){viewMatcher=(view has effective visibility <VISIBLE> and view.getGlobalVisibleRect() covers at least <75> percent of the view's area)}' assertion on view (view.getTag() is "feature-hint-overlay-dismiss" and view has effective visibility <VISIBLE>)
11-23 21:25:04.480 24620 24620 I ViewInteraction: Checking 'MatchesViewAssertion(Detox){viewMatcher=(view has effective visibility <VISIBLE> and view.getGlobalVisibleRect() covers at least <75> percent of the view's area)}' assertion on view (view.getTag() is "feature-hint-overlay-dismiss" and view has effective visibility <VISIBLE>)
11-23 21:25:04.509 24620 24620 I ViewInteraction: Checking 'MatchesViewAssertion(Detox){viewMatcher=(view has effective visibility <VISIBLE> and view.getGlobalVisibleRect() covers at least <75> percent of the view's area)}' assertion on view (view.getTag() is "feature-hint-overlay-dismiss" and view has effective visibility <VISIBLE>)
11-23 21:25:04.539 24620 24620 I ViewInteraction: Checking 'MatchesViewAssertion(Detox){viewMatcher=(view has effective visibility <VISIBLE> and view.getGlobalVisibleRect() covers at least <75> percent of the view's area)}' assertion on view (view.getTag() is "feature-hint-overlay-dismiss" and view has effective visibility <VISIBLE>)
11-23 21:25:04.574 24620 24620 I ViewInteraction: Checking 'MatchesViewAssertion(Detox){viewMatcher=(view has effective visibility <VISIBLE> and view.getGlobalVisibleRect() covers at least <75> percent of the view's area)}' assertion on view (view.getTag() is "feature-hint-overlay-dismiss" and view has effective visibility <VISIBLE>)
11-23 21:25:04.610 24620 24620 I ViewInteraction: Checking 'MatchesViewAssertion(Detox){viewMatcher=(view has effective visibility <VISIBLE> and view.getGlobalVisibleRect() covers at least <75> percent of the view's area)}' assertion on view (view.getTag() is "feature-hint-overlay-dismiss" and view has effective visibility <VISIBLE>)
11-23 21:25:04.642 24620 24620 I ViewInteraction: Checking 'MatchesViewAssertion(Detox){viewMatcher=(view has effective visibility <VISIBLE> and view.getGlobalVisibleRect() covers at least <75> percent of the view's area)}' assertion on view (view.getTag() is "feature-hint-overlay-dismiss" and view has effective visibility <VISIBLE>)
11-23 21:25:04.677 24620 24620 I ViewInteraction: Checking 'MatchesViewAssertion(Detox){viewMatcher=(view has effective visibility <VISIBLE> and view.getGlobalVisibleRect() covers at least <75> percent of the view's area)}' assertion on view (view.getTag() is "feature-hint-overlay-dismiss" and view has effective visibility <VISIBLE>)
11-23 21:25:04.708 24620 24620 I ViewInteraction: Checking 'MatchesViewAssertion(Detox){viewMatcher=(view has effective visibility <VISIBLE> and view.getGlobalVisibleRect() covers at least <75> percent of the view's area)}' assertion on view (view.getTag() is "feature-hint-overlay-dismiss" and view has effective visibility <VISIBLE>)
11-23 21:25:04.743 24620 24620 I ViewInteraction: Checking 'MatchesViewAssertion(Detox){viewMatcher=(view has effective visibility <VISIBLE> and view.getGlobalVisibleRect() covers at least <75> percent of the view's area)}' assertion on view (view.getTag() is "feature-hint-overlay-dismiss" and view has effective visibility <VISIBLE>)
11-23 21:25:04.777 24620 24620 I ViewInteraction: Checking 'MatchesViewAssertion(Detox){viewMatcher=(view has effective visibility <VISIBLE> and view.getGlobalVisibleRect() covers at least <75> percent of the view's area)}' assertion on view (view.getTag() is "feature-hint-overlay-dismiss" and view has effective visibility <VISIBLE>)
11-23 21:25:04.821 24620 24620 I ViewInteraction: Checking 'MatchesViewAssertion(Detox){viewMatcher=(view has effective visibility <VISIBLE> and view.getGlobalVisibleRect() covers at least <75> percent of the view's area)}' assertion on view (view.getTag() is "feature-hint-overlay-dismiss" and view has effective visibility <VISIBLE>)
11-23 21:25:04.831 24620 24620 D ScrollView: initGoToTop
11-23 21:25:04.857 24620 24620 I ViewInteraction: Checking 'MatchesViewAssertion(Detox){viewMatcher=(view has effective visibility <VISIBLE> and view.getGlobalVisibleRect() covers at least <75> percent of the view's area)}' assertion on view (view.getTag() is "feature-hint-overlay-dismiss" and view has effective visibility <VISIBLE>)
11-23 21:25:04.920 24620 24659 I DetoxActionHandlers: Test exception
11-23 21:25:04.920 24620 24659 I DetoxActionHandlers: java.lang.reflect.InvocationTargetException
11-23 21:25:04.920 24620 24659 I DetoxActionHandlers: 	at java.lang.reflect.Method.invoke(Native Method)
11-23 21:25:04.920 24620 24659 I DetoxActionHandlers: 	at org.apache.commons.lang3.reflect.MethodUtils.invokeStaticMethod(MethodUtils.java:443)
11-23 21:25:04.920 24620 24659 I DetoxActionHandlers: 	at org.apache.commons.lang3.reflect.MethodUtils.invokeStaticMethod(MethodUtils.java:405)
11-23 21:25:04.920 24620 24659 I DetoxActionHandlers: 	at com.wix.invoke.types.ClassTarget.execute(ClassTarget.java:23)
11-23 21:25:04.920 24620 24659 I DetoxActionHandlers: 	at com.wix.invoke.types.Target.invoke(Target.java:59)
11-23 21:25:04.920 24620 24659 I DetoxActionHandlers: 	at com.wix.invoke.MethodInvocation.invoke(MethodInvocation.java:35)
11-23 21:25:04.920 24620 24659 I DetoxActionHandlers: 	at com.wix.invoke.MethodInvocation.invoke(MethodInvocation.java:26)
11-23 21:25:04.920 24620 24659 I DetoxActionHandlers: 	at com.wix.invoke.MethodInvocation.invoke(MethodInvocation.java:20)
11-23 21:25:04.920 24620 24659 I DetoxActionHandlers: 	at com.wix.detox.adapters.server.InvokeActionHandler.handle(DetoxActionHandlers.kt:54)
11-23 21:25:04.920 24620 24659 I DetoxActionHandlers: 	at com.wix.detox.adapters.server.ActionsExecutor.executeAction$lambda$2$lambda$1(DetoxActionsDispatcher.kt:76)
11-23 21:25:04.920 24620 24659 I DetoxActionHandlers: 	at com.wix.detox.adapters.server.ActionsExecutor.$r8$lambda$GVbB7LHtBHxNHGbgYnHJ6YrwCqs(Unknown Source:0)
11-23 21:25:04.920 24620 24659 I DetoxActionHandlers: 	at com.wix.detox.adapters.server.ActionsExecutor$$ExternalSyntheticLambda0.run(D8$$SyntheticClass:0)
11-23 21:25:04.920 24620 24659 I DetoxActionHandlers: 	at android.os.Handler.handleCallback(Handler.java:995)
11-23 21:25:04.920 24620 24659 I DetoxActionHandlers: 	at android.os.Handler.dispatchMessage(Handler.java:103)
11-23 21:25:04.920 24620 24659 I DetoxActionHandlers: 	at android.os.Looper.loopOnce(Looper.java:273)
11-23 21:25:04.920 24620 24659 I DetoxActionHandlers: 	at android.os.Looper.loop(Looper.java:363)
11-23 21:25:04.920 24620 24659 I DetoxActionHandlers: 	at com.wix.detox.adapters.server.ActionsExecutor._init_$lambda$0(DetoxActionsDispatcher.kt:62)
11-23 21:25:04.920 24620 24659 I DetoxActionHandlers: 	at com.wix.detox.adapters.server.ActionsExecutor.$r8$lambda$xlgL0CQim6vNM0wWEqM8JIDgZUE(Unknown Source:0)
11-23 21:25:04.920 24620 24659 I DetoxActionHandlers: 	at com.wix.detox.adapters.server.ActionsExecutor$$ExternalSyntheticLambda1.run(D8$$SyntheticClass:0)
11-23 21:25:04.920 24620 24659 I DetoxActionHandlers: 	at java.lang.Thread.run(Thread.java:1119)
11-23 21:25:04.920 24620 24659 I DetoxActionHandlers: Caused by: com.wix.detox.common.DetoxErrors$DetoxRuntimeException: 3.0sec timeout expired without matching of given matcher: (view has effective visibility <VISIBLE> and view.getGlobalVisibleRect() covers at least <75> percent of the view's area)
11-23 21:25:04.920 24620 24659 I DetoxActionHandlers: 	at com.wix.detox.espresso.DetoxAssertion.waitForAssertMatcher(DetoxAssertion.java:72)
11-23 21:25:04.920 24620 24659 I DetoxActionHandlers: 	... 20 more
11-23 21:25:04.920 24620 24659 I DetoxWSClient: Sending out action 'testFailed' (ID #66)
11-23 21:25:04.920 24620 24659 I DetoxDispatcher: Done with action 'invoke'
11-23 21:25:04.925 24620 24664 D DetoxWSClient: Received action 'invoke' (ID #67, params={"target":{"type":"Class","value":"com.wix.detox.espresso.EspressoDetox"},"method":"perform","args":[{"type":"Invocation","value":{"target":{"type":"Class","value":"com.wix.detox.espresso.DetoxMatcher"},"method":"matcherForTestId","args":["tab-pantry",{"type":"boolean","value":false}]}},{"type":"Invocation","value":{"target":{"type":"Class","value":"com.wix.detox.espresso.DetoxViewActions"},"method":"click","args":[]}}]})
11-23 21:25:04.925 24620 24659 I DetoxDispatcher: Handling action 'invoke' (ID #67)...
11-23 21:25:04.926 24620 24659 D Detox   : class com.wix.detox.espresso.DetoxMatcher, matcherForTestId, [tab-pantry, false]
11-23 21:25:04.927 24620 24659 D Detox   : class com.wix.detox.espresso.DetoxViewActions, click, []
11-23 21:25:04.927 24620 24659 D Detox   : class com.wix.detox.espresso.EspressoDetox, perform, [(view.getTag() is "tab-pantry" and view has effective visibility <VISIBLE>), com.wix.detox.espresso.action.RNClickAction@8fa5037]
11-23 21:25:04.928 24620 24620 W [RNScreens]: backTitleVisible prop is not available on Android
11-23 21:25:04.928 24620 24620 W [RNScreens]: backTitleFontFamily prop is not available on Android
11-23 21:25:04.928 24620 24620 W [RNScreens]: disableBackButtonMenu prop is not available on Android
11-23 21:25:04.928 24620 24620 W [RNScreens]: largeTitleFontFamily prop is not available on Android
11-23 21:25:04.928 24620 24620 W [RNScreens]: topInsetEnabled prop is not available on Android
11-23 21:25:04.928 24620 24620 W [RNScreens]: largeTitleFontWeight prop is not available on Android
11-23 21:25:04.928 24620 24620 W [RNScreens]: largeTitleHideShadow prop is not available on Android
11-23 21:25:04.947 24620 24659 I DetoxActionHandlers: Test exception
11-23 21:25:04.947 24620 24659 I DetoxActionHandlers: java.lang.reflect.InvocationTargetException
11-23 21:25:04.947 24620 24659 I DetoxActionHandlers: 	at java.lang.reflect.Method.invoke(Native Method)
11-23 21:25:04.947 24620 24659 I DetoxActionHandlers: 	at org.apache.commons.lang3.reflect.MethodUtils.invokeStaticMethod(MethodUtils.java:443)
11-23 21:25:04.947 24620 24659 I DetoxActionHandlers: 	at org.apache.commons.lang3.reflect.MethodUtils.invokeStaticMethod(MethodUtils.java:405)
11-23 21:25:04.947 24620 24659 I DetoxActionHandlers: 	at com.wix.invoke.types.ClassTarget.execute(ClassTarget.java:23)
11-23 21:25:04.947 24620 24659 I DetoxActionHandlers: 	at com.wix.invoke.types.Target.invoke(Target.java:59)
11-23 21:25:04.947 24620 24659 I DetoxActionHandlers: 	at com.wix.invoke.MethodInvocation.invoke(MethodInvocation.java:35)
11-23 21:25:04.947 24620 24659 I DetoxActionHandlers: 	at com.wix.invoke.MethodInvocation.invoke(MethodInvocation.java:26)
11-23 21:25:04.947 24620 24659 I DetoxActionHandlers: 	at com.wix.invoke.MethodInvocation.invoke(MethodInvocation.java:20)
11-23 21:25:04.947 24620 24659 I DetoxActionHandlers: 	at com.wix.detox.adapters.server.InvokeActionHandler.handle(DetoxActionHandlers.kt:54)
11-23 21:25:04.947 24620 24659 I DetoxActionHandlers: 	at com.wix.detox.adapters.server.ActionsExecutor.executeAction$lambda$2$lambda$1(DetoxActionsDispatcher.kt:76)
11-23 21:25:04.947 24620 24659 I DetoxActionHandlers: 	at com.wix.detox.adapters.server.ActionsExecutor.$r8$lambda$GVbB7LHtBHxNHGbgYnHJ6YrwCqs(Unknown Source:0)
11-23 21:25:04.947 24620 24659 I DetoxActionHandlers: 	at com.wix.detox.adapters.server.ActionsExecutor$$ExternalSyntheticLambda0.run(D8$$SyntheticClass:0)
11-23 21:25:04.947 24620 24659 I DetoxActionHandlers: 	at android.os.Handler.handleCallback(Handler.java:995)
11-23 21:25:04.947 24620 24659 I DetoxActionHandlers: 	at android.os.Handler.dispatchMessage(Handler.java:103)
11-23 21:25:04.947 24620 24659 I DetoxActionHandlers: 	at android.os.Looper.loopOnce(Looper.java:273)
11-23 21:25:04.947 24620 24659 I DetoxActionHandlers: 	at android.os.Looper.loop(Looper.java:363)
11-23 21:25:04.947 24620 24659 I DetoxActionHandlers: 	at com.wix.detox.adapters.server.ActionsExecutor._init_$lambda$0(DetoxActionsDispatcher.kt:62)
11-23 21:25:04.947 24620 24659 I DetoxActionHandlers: 	at com.wix.detox.adapters.server.ActionsExecutor.$r8$lambda$xlgL0CQim6vNM0wWEqM8JIDgZUE(Unknown Source:0)
11-23 21:25:04.947 24620 24659 I DetoxActionHandlers: 	at com.wix.detox.adapters.server.ActionsExecutor$$ExternalSyntheticLambda1.run(D8$$SyntheticClass:0)
11-23 21:25:04.947 24620 24659 I DetoxActionHandlers: 	at java.lang.Thread.run(Thread.java:1119)
11-23 21:25:04.947 24620 24659 I DetoxActionHandlers: Caused by: com.wix.detox.espresso.errors.DetoxNoMatchingViewException: No views in hierarchy found matching: (view.getTag() is "tab-pantry" and view has effective visibility <VISIBLE>)
11-23 21:25:04.947 24620 24659 I DetoxActionHandlers: 	at com.wix.detox.espresso.DetoxFailureHandler.handle(DetoxFailureHandler.kt:26)
11-23 21:25:04.947 24620 24659 I DetoxActionHandlers: 	at androidx.test.espresso.ViewInteraction.waitForAndHandleInteractionResults(ViewInteraction.java:385)
11-23 21:25:04.947 24620 24659 I DetoxActionHandlers: 	at androidx.test.espresso.ViewInteraction.desugaredPerform(ViewInteraction.java:212)
11-23 21:25:04.947 24620 24659 I DetoxActionHandlers: 	at androidx.test.espresso.ViewInteraction.perform(ViewInteraction.java:140)
11-23 21:25:04.947 24620 24659 I DetoxActionHandlers: 	at com.wix.detox.espresso.performer.SingleViewActionPerformer.performOn(SingleViewActionPerformer.kt:15)
11-23 21:25:04.947 24620 24659 I DetoxActionHandlers: 	at com.wix.detox.espresso.EspressoDetox.perform(EspressoDetox.java:42)
11-23 21:25:04.947 24620 24659 I DetoxActionHandlers: 	... 20 more
11-23 21:25:04.947 24620 24659 I DetoxWSClient: Sending out action 'testFailed' (ID #67)
11-23 21:25:04.948 24620 24659 I DetoxDispatcher: Done with action 'invoke'
11-23 21:25:04.956 24620 24664 D DetoxWSClient: Received action 'invoke' (ID #68, params={"target":{"type":"Class","value":"com.wix.detox.espresso.DetoxAssertion"},"method":"waitForAssertMatcher","args":[{"type":"Invocation","value":{"target":{"type":"Class","value":"androidx.test.espresso.Espresso"},"method":"onView","args":[{"type":"Invocation","value":{"target":{"type":"Class","value":"com.wix.detox.espresso.DetoxMatcher"},"method":"matcherForTestId","args":["pantry-screen",{"type":"boolean","value":false}]}}]}},{"type":"Invocation","value":{"target":{"type":"Class","value":"com.wix.detox.espresso.DetoxMatcher"},"method":"matcherForSufficientlyVisible","args":[{"type":"Integer","value":75}]}},{"type":"Double","value":5}]})
11-23 21:25:04.957 24620 24659 I DetoxDispatcher: Handling action 'invoke' (ID #68)...
11-23 21:25:04.958 24620 24659 D Detox   : class com.wix.detox.espresso.DetoxMatcher, matcherForTestId, [pantry-screen, false]
11-23 21:25:04.958 24620 24659 D Detox   : class androidx.test.espresso.Espresso, onView, [(view.getTag() is "pantry-screen" and view has effective visibility <VISIBLE>)]
11-23 21:25:04.959 24620 24659 D Detox   : class com.wix.detox.espresso.DetoxMatcher, matcherForSufficientlyVisible, [75]
11-23 21:25:04.960 24620 24659 D Detox   : class com.wix.detox.espresso.DetoxAssertion, waitForAssertMatcher, [androidx.test.espresso.ViewInteraction@19b8d3, (view has effective visibility <VISIBLE> and view.getGlobalVisibleRect() covers at least <75> percent of the view's area), 5.0]
11-23 21:25:04.974 24620 24620 W [RNScreens]: backTitleVisible prop is not available on Android
11-23 21:25:04.974 24620 24620 W [RNScreens]: backTitleFontFamily prop is not available on Android
11-23 21:25:04.974 24620 24620 W [RNScreens]: disableBackButtonMenu prop is not available on Android
11-23 21:25:04.974 24620 24620 W [RNScreens]: largeTitleFontFamily prop is not available on Android
11-23 21:25:04.974 24620 24620 W [RNScreens]: topInsetEnabled prop is not available on Android
11-23 21:25:04.974 24620 24620 W [RNScreens]: largeTitleFontWeight prop is not available on Android
11-23 21:25:04.974 24620 24620 W [RNScreens]: largeTitleHideShadow prop is not available on Android
11-23 21:25:05.149 24620 24620 I ViewInteraction: Checking 'MatchesViewAssertion(Detox){viewMatcher=(view has effective visibility <VISIBLE> and view.getGlobalVisibleRect() covers at least <75> percent of the view's area)}' assertion on view (view.getTag() is "pantry-screen" and view has effective visibility <VISIBLE>)
11-23 21:25:05.153 24620 24659 I DetoxWSClient: Sending out action 'invokeResult' (ID #68)
11-23 21:25:05.154 24620 24659 I DetoxDispatcher: Done with action 'invoke'
11-23 21:25:05.160 24620 24664 D DetoxWSClient: Received action 'invoke' (ID #69, params={"target":{"type":"Class","value":"com.wix.detox.espresso.DetoxAssertion"},"method":"waitForAssertMatcher","args":[{"type":"Invocation","value":{"target":{"type":"Class","value":"androidx.test.espresso.Espresso"},"method":"onView","args":[{"type":"Invocation","value":{"target":{"type":"Class","value":"com.wix.detox.espresso.DetoxMatcher"},"method":"matcherForTestId","args":["tab-shoppinglist",{"type":"boolean","value":false}]}}]}},{"type":"Invocation","value":{"target":{"type":"Class","value":"com.wix.detox.espresso.DetoxMatcher"},"method":"matcherForSufficientlyVisible","args":[{"type":"Integer","value":75}]}},{"type":"Double","value":5}]})
11-23 21:25:05.162 24620 24659 I DetoxDispatcher: Handling action 'invoke' (ID #69)...
11-23 21:25:05.162 24620 24659 D Detox   : class com.wix.detox.espresso.DetoxMatcher, matcherForTestId, [tab-shoppinglist, false]
11-23 21:25:05.165 24620 24659 D Detox   : class androidx.test.espresso.Espresso, onView, [(view.getTag() is "tab-shoppinglist" and view has effective visibility <VISIBLE>)]
11-23 21:25:05.167 24620 24659 D Detox   : class com.wix.detox.espresso.DetoxMatcher, matcherForSufficientlyVisible, [75]
11-23 21:25:05.168 24620 24659 D Detox   : class com.wix.detox.espresso.DetoxAssertion, waitForAssertMatcher, [androidx.test.espresso.ViewInteraction@2830992, (view has effective visibility <VISIBLE> and view.getGlobalVisibleRect() covers at least <75> percent of the view's area), 5.0]
11-23 21:25:05.176 24620 24620 I ViewInteraction: Checking 'MatchesViewAssertion(Detox){viewMatcher=(view has effective visibility <VISIBLE> and view.getGlobalVisibleRect() covers at least <75> percent of the view's area)}' assertion on view (view.getTag() is "tab-shoppinglist" and view has effective visibility <VISIBLE>)
11-23 21:25:05.180 24620 24659 I DetoxWSClient: Sending out action 'invokeResult' (ID #69)
11-23 21:25:05.180 24620 24659 I DetoxDispatcher: Done with action 'invoke'
11-23 21:25:05.187 24620 24664 D DetoxWSClient: Received action 'invoke' (ID #70, params={"target":{"type":"Class","value":"com.wix.detox.espresso.EspressoDetox"},"method":"perform","args":[{"type":"Invocation","value":{"target":{"type":"Class","value":"com.wix.detox.espresso.DetoxMatcher"},"method":"matcherForTestId","args":["tab-shoppinglist",{"type":"boolean","value":false}]}},{"type":"Invocation","value":{"target":{"type":"Class","value":"com.wix.detox.espresso.DetoxViewActions"},"method":"click","args":[]}}]})
11-23 21:25:05.188 24620 24659 I DetoxDispatcher: Handling action 'invoke' (ID #70)...
11-23 21:25:05.189 24620 24659 D Detox   : class com.wix.detox.espresso.DetoxMatcher, matcherForTestId, [tab-shoppinglist, false]
11-23 21:25:05.189 24620 24659 D Detox   : class com.wix.detox.espresso.DetoxViewActions, click, []
11-23 21:25:05.191 24620 24659 D Detox   : class com.wix.detox.espresso.EspressoDetox, perform, [(view.getTag() is "tab-shoppinglist" and view has effective visibility <VISIBLE>), com.wix.detox.espresso.action.RNClickAction@1c0d760]
11-23 21:25:05.266 24620 24620 I ViewInteraction: Performing 'com.wix.detox.espresso.action.detoxsingletap@4fb2419 click' action on view (view.getTag() is "tab-shoppinglist" and view has effective visibility <VISIBLE>)
11-23 21:25:05.278 24620 24620 I VRI[MainActivity]@8e53a52: ViewPostIme pointer 0
11-23 21:25:05.286 24620 24620 I VRI[MainActivity]@8e53a52: call setFrameRateCategory for touch hint category=high hint, reason=touch, vri=VRI[MainActivity]@8e53a52
11-23 21:25:05.303 24620 24620 I VRI[MainActivity]@8e53a52: ViewPostIme pointer 1
11-23 21:25:05.610 24620 25353 I ReactNativeJS: [ScreenTransition] PantryMain focused
11-23 21:25:05.790 24620 24659 I DetoxWSClient: Sending out action 'invokeResult' (ID #70)
11-23 21:25:05.790 24620 24659 I DetoxDispatcher: Done with action 'invoke'
11-23 21:25:05.794 24620 24664 D DetoxWSClient: Received action 'invoke' (ID #71, params={"target":{"type":"Class","value":"com.wix.detox.espresso.DetoxAssertion"},"method":"waitForAssertMatcher","args":[{"type":"Invocation","value":{"target":{"type":"Class","value":"androidx.test.espresso.Espresso"},"method":"onView","args":[{"type":"Invocation","value":{"target":{"type":"Class","value":"com.wix.detox.espresso.DetoxMatcher"},"method":"matcherForTestId","args":["shopping-list-screen",{"type":"boolean","value":false}]}}]}},{"type":"Invocation","value":{"target":{"type":"Class","value":"com.wix.detox.espresso.DetoxMatcher"},"method":"matcherForSufficientlyVisible","args":[{"type":"Integer","value":75}]}},{"type":"Double","value":5}]})
11-23 21:25:05.795 24620 24659 I DetoxDispatcher: Handling action 'invoke' (ID #71)...
11-23 21:25:05.795 24620 24659 D Detox   : class com.wix.detox.espresso.DetoxMatcher, matcherForTestId, [shopping-list-screen, false]
11-23 21:25:05.796 24620 24659 D Detox   : class androidx.test.espresso.Espresso, onView, [(view.getTag() is "shopping-list-screen" and view has effective visibility <VISIBLE>)]
11-23 21:25:05.797 24620 24659 D Detox   : class com.wix.detox.espresso.DetoxMatcher, matcherForSufficientlyVisible, [75]
11-23 21:25:05.798 24620 24659 D Detox   : class com.wix.detox.espresso.DetoxAssertion, waitForAssertMatcher, [androidx.test.espresso.ViewInteraction@8442cde, (view has effective visibility <VISIBLE> and view.getGlobalVisibleRect() covers at least <75> percent of the view's area), 5.0]
11-23 21:25:05.834 24620 24620 I ViewInteraction: Checking 'MatchesViewAssertion(Detox){viewMatcher=(view has effective visibility <VISIBLE> and view.getGlobalVisibleRect() covers at least <75> percent of the view's area)}' assertion on view (view.getTag() is "shopping-list-screen" and view has effective visibility <VISIBLE>)
11-23 21:25:05.898 24620 24620 I ViewInteraction: Checking 'MatchesViewAssertion(Detox){viewMatcher=(view has effective visibility <VISIBLE> and view.getGlobalVisibleRect() covers at least <75> percent of the view's area)}' assertion on view (view.getTag() is "shopping-list-screen" and view has effective visibility <VISIBLE>)
11-23 21:25:05.961 24620 24620 I ViewInteraction: Checking 'MatchesViewAssertion(Detox){viewMatcher=(view has effective visibility <VISIBLE> and view.getGlobalVisibleRect() covers at least <75> percent of the view's area)}' assertion on view (view.getTag() is "shopping-list-screen" and view has effective visibility <VISIBLE>)
11-23 21:25:06.022 24620 24620 I ViewInteraction: Checking 'MatchesViewAssertion(Detox){viewMatcher=(view has effective visibility <VISIBLE> and view.getGlobalVisibleRect() covers at least <75> percent of the view's area)}' assertion on view (view.getTag() is "shopping-list-screen" and view has effective visibility <VISIBLE>)
11-23 21:25:06.042 24620 24620 W [RNScreens]: backTitleVisible prop is not available on Android
11-23 21:25:06.043 24620 24620 W [RNScreens]: backTitleFontFamily prop is not available on Android
11-23 21:25:06.043 24620 24620 W [RNScreens]: disableBackButtonMenu prop is not available on Android
11-23 21:25:06.043 24620 24620 W [RNScreens]: largeTitleFontFamily prop is not available on Android
11-23 21:25:06.043 24620 24620 W [RNScreens]: topInsetEnabled prop is not available on Android
11-23 21:25:06.043 24620 24620 W [RNScreens]: largeTitleFontWeight prop is not available on Android
11-23 21:25:06.043 24620 24620 W [RNScreens]: largeTitleHideShadow prop is not available on Android
11-23 21:25:06.083 24620 24620 I ViewInteraction: Checking 'MatchesViewAssertion(Detox){viewMatcher=(view has effective visibility <VISIBLE> and view.getGlobalVisibleRect() covers at least <75> percent of the view's area)}' assertion on view (view.getTag() is "shopping-list-screen" and view has effective visibility <VISIBLE>)
11-23 21:25:06.133 24620 25353 I ReactNativeJS: [ScreenTransition] ShoppingListMain focused
11-23 21:25:06.136 24620 25353 I ReactNativeJS: [ScreenTransition] ShoppingListMain mounted in 3.27ms
11-23 21:25:06.151 24620 24620 I ViewInteraction: Checking 'MatchesViewAssertion(Detox){viewMatcher=(view has effective visibility <VISIBLE> and view.getGlobalVisibleRect() covers at least <75> percent of the view's area)}' assertion on view (view.getTag() is "shopping-list-screen" and view has effective visibility <VISIBLE>)
11-23 21:25:06.226 24620 24620 I ViewInteraction: Checking 'MatchesViewAssertion(Detox){viewMatcher=(view has effective visibility <VISIBLE> and view.getGlobalVisibleRect() covers at least <75> percent of the view's area)}' assertion on view (view.getTag() is "shopping-list-screen" and view has effective visibility <VISIBLE>)
11-23 21:25:06.287 24620 24620 I ViewInteraction: Checking 'MatchesViewAssertion(Detox){viewMatcher=(view has effective visibility <VISIBLE> and view.getGlobalVisibleRect() covers at least <75> percent of the view's area)}' assertion on view (view.getTag() is "shopping-list-screen" and view has effective visibility <VISIBLE>)
11-23 21:25:06.344 24620 24620 I ViewInteraction: Checking 'MatchesViewAssertion(Detox){viewMatcher=(view has effective visibility <VISIBLE> and view.getGlobalVisibleRect() covers at least <75> percent of the view's area)}' assertion on view (view.getTag() is "shopping-list-screen" and view has effective visibility <VISIBLE>)
11-23 21:25:06.404 24620 24620 I ViewInteraction: Checking 'MatchesViewAssertion(Detox){viewMatcher=(view has effective visibility <VISIBLE> and view.getGlobalVisibleRect() covers at least <75> percent of the view's area)}' assertion on view (view.getTag() is "shopping-list-screen" and view has effective visibility <VISIBLE>)
11-23 21:25:06.464 24620 24620 I ViewInteraction: Checking 'MatchesViewAssertion(Detox){viewMatcher=(view has effective visibility <VISIBLE> and view.getGlobalVisibleRect() covers at least <75> percent of the view's area)}' assertion on view (view.getTag() is "shopping-list-screen" and view has effective visibility <VISIBLE>)
11-23 21:25:06.550 24620 25353 I ReactNativeJS: [ScreenTransition] ShoppingListMain interactive in 416.23ms
11-23 21:25:06.683 24620 25353 I MMKV    : <MMKV_IO.cpp:468::expandAndWriteBack> extending [sous-chef-storage_temp] file size from 65536 to 131072, incoming size:15805, future usage:36400
11-23 21:25:06.683 24620 25353 I MMKV    : <MemoryFile.cpp:102::open> open fd[201], flag 0x7, /data/data/dev.souschef.app/files/mmkv/sous-chef-storage_temp
11-23 21:25:06.684 24620 25353 I MMKV    : <MemoryFile.cpp:249::mmapOrCleanup> mmap to address [0x7db5a72000], oldPtr [0x7dbc463000], [/data/data/dev.souschef.app/files/mmkv/sous-chef-storage_temp]
11-23 21:25:06.684 24620 25353 I MMKV    : <MemoryFile.cpp:108::close> closing fd[201], /data/data/dev.souschef.app/files/mmkv/sous-chef-storage_temp
11-23 21:25:06.684 24620 25353 I MMKV    : <MMKV_IO.cpp:545::writeActualSize> [sous-chef-storage_temp] increase sequence to 4, crc 313297682, actualSize 16040
11-23 21:25:06.684 24620 25353 I MMKV    : <MMKV.cpp:1182::sync> MMKV::sync, SyncFlag = 1
11-23 21:25:06.688 24620 25353 I ReactNativeJS: 💾 Cache: Persisted cache (15 KB)
11-23 21:25:06.723 24620 25353 I ReactNativeJS: '%c🚀 ✅ QUERY GetHomes 209ms', 'color: #22c55e; font-weight: bold'
11-23 21:25:06.734 24620 24620 I ViewInteraction: Checking 'MatchesViewAssertion(Detox){viewMatcher=(view has effective visibility <VISIBLE> and view.getGlobalVisibleRect() covers at least <75> percent of the view's area)}' assertion on view (view.getTag() is "shopping-list-screen" and view has effective visibility <VISIBLE>)
11-23 21:25:06.830 24620 25353 I ReactNativeJS: '%c🚀 ✅ QUERY GetShoppingLists 289ms', 'color: #22c55e; font-weight: bold'
11-23 21:25:06.844 24620 24620 I ViewInteraction: Checking 'MatchesViewAssertion(Detox){viewMatcher=(view has effective visibility <VISIBLE> and view.getGlobalVisibleRect() covers at least <75> percent of the view's area)}' assertion on view (view.getTag() is "shopping-list-screen" and view has effective visibility <VISIBLE>)
11-23 21:25:07.107 24620 24620 I ev.souschef.app: hiddenapi: Accessing hidden field Landroid/widget/HorizontalScrollView;->mScroller:Landroid/widget/OverScroller; (runtime_flags=0, domain=platform, api=unsupported) from Lcom/facebook/react/views/scroll/ReactHorizontalScrollView; (domain=app) using reflection: allowed
11-23 21:25:07.178 24620 24620 I ViewInteraction: Checking 'MatchesViewAssertion(Detox){viewMatcher=(view has effective visibility <VISIBLE> and view.getGlobalVisibleRect() covers at least <75> percent of the view's area)}' assertion on view (view.getTag() is "shopping-list-screen" and view has effective visibility <VISIBLE>)
11-23 21:25:07.481 24620 24620 D ScrollView: initGoToTop
11-23 21:25:07.629 24620 24620 D ScrollView: initGoToTop
11-23 21:25:07.685 24620 24620 I ViewInteraction: Checking 'MatchesViewAssertion(Detox){viewMatcher=(view has effective visibility <VISIBLE> and view.getGlobalVisibleRect() covers at least <75> percent of the view's area)}' assertion on view (view.getTag() is "shopping-list-screen" and view has effective visibility <VISIBLE>)
11-23 21:25:08.268 24620 25353 I ReactNativeJS: '%c🚀 ⚠️ QUERY GetDefaultHome 1744ms', 'color: #f59e0b; font-weight: bold'
11-23 21:25:08.389 24620 24620 I VRI[MainActivity]@8e53a52: call setFrameRateCategory for touch hint category=no preference, reason=boost timeout, vri=VRI[MainActivity]@8e53a52
11-23 21:25:08.564 24620 25353 I ReactNativeJS: '%c🚀 ⚠️ QUERY GetPantry 2029ms', 'color: #f59e0b; font-weight: bold'
11-23 21:25:08.587 24620 25353 I ReactNativeJS: '   📤 Variables:', { itemsFirst: 25,
11-23 21:25:08.587 24620 25353 I ReactNativeJS:   storageLocationsFirst: 50,
11-23 21:25:08.587 24620 25353 I ReactNativeJS:   id: '691f7d5e3c9c067fb556260b' }
11-23 21:25:08.665 24620 25353 I ReactNativeJS: '%c🚀 ⚠️ QUERY GetHomeBasic 2133ms', 'color: #f59e0b; font-weight: bold'
11-23 21:25:08.666 24620 25353 I ReactNativeJS: '   📤 Variables:', { homeId: '691f7d5e3c9c067fb5562608' }
11-23 21:25:08.987 24620 24620 I ViewInteraction: Checking 'MatchesViewAssertion(Detox){viewMatcher=(view has effective visibility <VISIBLE> and view.getGlobalVisibleRect() covers at least <75> percent of the view's area)}' assertion on view (view.getTag() is "shopping-list-screen" and view has effective visibility <VISIBLE>)
11-23 21:25:08.991 24620 24659 I DetoxWSClient: Sending out action 'invokeResult' (ID #71)
11-23 21:25:08.992 24620 24659 I DetoxDispatcher: Done with action 'invoke'
11-23 21:25:08.996 24620 24664 D DetoxWSClient: Received action 'invoke' (ID #72, params={"target":{"type":"Class","value":"com.wix.detox.espresso.DetoxAssertion"},"method":"waitForAssertMatcher","args":[{"type":"Invocation","value":{"target":{"type":"Class","value":"androidx.test.espresso.Espresso"},"method":"onView","args":[{"type":"Invocation","value":{"target":{"type":"Class","value":"com.wix.detox.espresso.DetoxMatcher"},"method":"matcherForTestId","args":["shopping-list-screen",{"type":"boolean","value":false}]}}]}},{"type":"Invocation","value":{"target":{"type":"Class","value":"com.wix.detox.espresso.DetoxMatcher"},"method":"matcherForSufficientlyVisible","args":[{"type":"Integer","value":75}]}},{"type":"Double","value":5}]})
11-23 21:25:08.997 24620 24659 I DetoxDispatcher: Handling action 'invoke' (ID #72)...
11-23 21:25:08.998 24620 24659 D Detox   : class com.wix.detox.espresso.DetoxMatcher, matcherForTestId, [shopping-list-screen, false]
11-23 21:25:09.000 24620 24659 D Detox   : class androidx.test.espresso.Espresso, onView, [(view.getTag() is "shopping-list-screen" and view has effective visibility <VISIBLE>)]
11-23 21:25:09.002 24620 24659 D Detox   : class com.wix.detox.espresso.DetoxMatcher, matcherForSufficientlyVisible, [75]
11-23 21:25:09.003 24620 24659 D Detox   : class com.wix.detox.espresso.DetoxAssertion, waitForAssertMatcher, [androidx.test.espresso.ViewInteraction@892bc3b, (view has effective visibility <VISIBLE> and view.getGlobalVisibleRect() covers at least <75> percent of the view's area), 5.0]
11-23 21:25:09.062 24620 24620 I ViewInteraction: Checking 'MatchesViewAssertion(Detox){viewMatcher=(view has effective visibility <VISIBLE> and view.getGlobalVisibleRect() covers at least <75> percent of the view's area)}' assertion on view (view.getTag() is "shopping-list-screen" and view has effective visibility <VISIBLE>)
11-23 21:25:09.062 24620 25353 I ReactNativeJS: '%c🚀 ✅ QUERY GetShoppingListItems 802ms', 'color: #22c55e; font-weight: bold'
11-23 21:25:09.063 24620 25353 I ReactNativeJS: '   📤 Variables:', { shoppingListId: '68f41b75f2f151910a1e5e12' }
11-23 21:25:09.066 24620 24659 I DetoxWSClient: Sending out action 'invokeResult' (ID #72)
11-23 21:25:09.067 24620 24659 I DetoxDispatcher: Done with action 'invoke'
11-23 21:25:09.071 24620 24664 D DetoxWSClient: Received action 'invoke' (ID #73, params={"target":{"type":"Class","value":"com.wix.detox.espresso.DetoxAssertion"},"method":"waitForAssertMatcher","args":[{"type":"Invocation","value":{"target":{"type":"Class","value":"androidx.test.espresso.Espresso"},"method":"onView","args":[{"type":"Invocation","value":{"target":{"type":"Class","value":"com.wix.detox.espresso.DetoxMatcher"},"method":"matcherForTestId","args":["shopping-list-add-button",{"type":"boolean","value":false}]}}]}},{"type":"Invocation","value":{"target":{"type":"Class","value":"com.wix.detox.espresso.DetoxMatcher"},"method":"matcherForSufficientlyVisible","args":[{"type":"Integer","value":75}]}},{"type":"Double","value":5}]})
11-23 21:25:09.071 24620 24659 I DetoxDispatcher: Handling action 'invoke' (ID #73)...
11-23 21:25:09.072 24620 24659 D Detox   : class com.wix.detox.espresso.DetoxMatcher, matcherForTestId, [shopping-list-add-button, false]
11-23 21:25:09.073 24620 24659 D Detox   : class androidx.test.espresso.Espresso, onView, [(view.getTag() is "shopping-list-add-button" and view has effective visibility <VISIBLE>)]
11-23 21:25:09.074 24620 24659 D Detox   : class com.wix.detox.espresso.DetoxMatcher, matcherForSufficientlyVisible, [75]
11-23 21:25:09.074 24620 24659 D Detox   : class com.wix.detox.espresso.DetoxAssertion, waitForAssertMatcher, [androidx.test.espresso.ViewInteraction@c764f58, (view has effective visibility <VISIBLE> and view.getGlobalVisibleRect() covers at least <75> percent of the view's area), 5.0]
11-23 21:25:09.289 24620 24620 I ViewInteraction: Checking 'MatchesViewAssertion(Detox){viewMatcher=(view has effective visibility <VISIBLE> and view.getGlobalVisibleRect() covers at least <75> percent of the view's area)}' assertion on view (view.getTag() is "shopping-list-add-button" and view has effective visibility <VISIBLE>)
11-23 21:25:09.433 24620 24620 D ScrollView: initGoToTop
11-23 21:25:09.504 24620 24631 I ev.souschef.app: Background concurrent mark compact GC freed 19MB AllocSpace bytes, 83(6844KB) LOS objects, 66% free, 16MB/49MB, paused 1.579ms,3.237ms total 117.724ms
11-23 21:25:09.518 24620 24620 I ViewInteraction: Checking 'MatchesViewAssertion(Detox){viewMatcher=(view has effective visibility <VISIBLE> and view.getGlobalVisibleRect() covers at least <75> percent of the view's area)}' assertion on view (view.getTag() is "shopping-list-add-button" and view has effective visibility <VISIBLE>)
11-23 21:25:09.520 24620 24620 E unknown:NativeAnimatedNodesManager: Native animation workaround, frame lost as result of race condition
11-23 21:25:09.520 24620 24620 E unknown:NativeAnimatedNodesManager: com.facebook.react.bridge.JSApplicationCausedNativeException: Illegal node ID set as an input for Animated.multiply node
11-23 21:25:09.520 24620 24620 E unknown:NativeAnimatedNodesManager: 	at com.facebook.react.animated.MultiplicationAnimatedNode.update$ReactAndroid_debug(MultiplicationAnimatedNode.kt:41)
11-23 21:25:09.520 24620 24620 E unknown:NativeAnimatedNodesManager: 	at com.facebook.react.animated.NativeAnimatedNodesManager.updateNodes(NativeAnimatedNodesManager.kt:716)
11-23 21:25:09.520 24620 24620 E unknown:NativeAnimatedNodesManager: 	at com.facebook.react.animated.NativeAnimatedNodesManager.runUpdates(NativeAnimatedNodesManager.kt:596)
11-23 21:25:09.520 24620 24620 E unknown:NativeAnimatedNodesManager: 	at com.facebook.react.animated.NativeAnimatedModule$animatedFrameCallback$1.doFrameGuarded(NativeAnimatedModule.kt:376)
11-23 21:25:09.520 24620 24620 E unknown:NativeAnimatedNodesManager: 	at com.facebook.react.uimanager.GuardedFrameCallback.doFrame(GuardedFrameCallback.kt:25)
11-23 21:25:09.520 24620 24620 E unknown:NativeAnimatedNodesManager: 	at com.facebook.react.modules.core.ReactChoreographer.frameCallback$lambda$1(ReactChoreographer.kt:59)
11-23 21:25:09.520 24620 24620 E unknown:NativeAnimatedNodesManager: 	at com.facebook.react.modules.core.ReactChoreographer.$r8$lambda$nSkFhrr5T7rop_XKwzlLov4NLLw(Unknown Source:0)
11-23 21:25:09.520 24620 24620 E unknown:NativeAnimatedNodesManager: 	at com.facebook.react.modules.core.ReactChoreographer$$ExternalSyntheticLambda0.doFrame(D8$$SyntheticClass:0)
11-23 21:25:09.520 24620 24620 E unknown:NativeAnimatedNodesManager: 	at android.view.Choreographer$CallbackRecord.run(Choreographer.java:1899)
11-23 21:25:09.520 24620 24620 E unknown:NativeAnimatedNodesManager: 	at android.view.Choreographer$CallbackRecord.run(Choreographer.java:1910)
11-23 21:25:09.520 24620 24620 E unknown:NativeAnimatedNodesManager: 	at android.view.Choreographer.doCallbacks(Choreographer.java:1367)
11-23 21:25:09.520 24620 24620 E unknown:NativeAnimatedNodesManager: 	at android.view.Choreographer.doFrame(Choreographer.java:1282)
11-23 21:25:09.520 24620 24620 E unknown:NativeAnimatedNodesManager: 	at android.view.Choreographer$FrameDisplayEventReceiver.run(Choreographer.java:1870)
11-23 21:25:09.520 24620 24620 E unknown:NativeAnimatedNodesManager: 	at android.os.Handler.handleCallback(Handler.java:995)
11-23 21:25:09.520 24620 24620 E unknown:NativeAnimatedNodesManager: 	at android.os.Handler.dispatchMessage(Handler.java:103)
11-23 21:25:09.520 24620 24620 E unknown:NativeAnimatedNodesManager: 	at android.os.Looper.loopOnce(Looper.java:273)
11-23 21:25:09.520 24620 24620 E unknown:NativeAnimatedNodesManager: 	at android.os.Looper.loop(Looper.java:363)
11-23 21:25:09.520 24620 24620 E unknown:NativeAnimatedNodesManager: 	at android.app.ActivityThread.main(ActivityThread.java:10060)
11-23 21:25:09.520 24620 24620 E unknown:NativeAnimatedNodesManager: 	at java.lang.reflect.Method.invoke(Native Method)
11-23 21:25:09.520 24620 24620 E unknown:NativeAnimatedNodesManager: 	at com.android.internal.os.RuntimeInit$MethodAndArgsCaller.run(RuntimeInit.java:632)
11-23 21:25:09.520 24620 24620 E unknown:NativeAnimatedNodesManager: 	at com.android.internal.os.ZygoteInit.main(ZygoteInit.java:975)
11-23 21:25:09.651 24620 24620 I ViewInteraction: Checking 'MatchesViewAssertion(Detox){viewMatcher=(view has effective visibility <VISIBLE> and view.getGlobalVisibleRect() covers at least <75> percent of the view's area)}' assertion on view (view.getTag() is "shopping-list-add-button" and view has effective visibility <VISIBLE>)
11-23 21:25:09.730 24620 24620 I ViewInteraction: Checking 'MatchesViewAssertion(Detox){viewMatcher=(view has effective visibility <VISIBLE> and view.getGlobalVisibleRect() covers at least <75> percent of the view's area)}' assertion on view (view.getTag() is "shopping-list-add-button" and view has effective visibility <VISIBLE>)
11-23 21:25:09.778 24620 25353 D Detox.RNMarker: REACT_BRIDGELESS_LOADING_END (null)
11-23 21:25:09.841 24620 24620 I ViewInteraction: Checking 'MatchesViewAssertion(Detox){viewMatcher=(view has effective visibility <VISIBLE> and view.getGlobalVisibleRect() covers at least <75> percent of the view's area)}' assertion on view (view.getTag() is "shopping-list-add-button" and view has effective visibility <VISIBLE>)
11-23 21:25:09.898 24620 24620 I ViewInteraction: Checking 'MatchesViewAssertion(Detox){viewMatcher=(view has effective visibility <VISIBLE> and view.getGlobalVisibleRect() covers at least <75> percent of the view's area)}' assertion on view (view.getTag() is "shopping-list-add-button" and view has effective visibility <VISIBLE>)
11-23 21:25:09.953 24620 24620 I ViewInteraction: Checking 'MatchesViewAssertion(Detox){viewMatcher=(view has effective visibility <VISIBLE> and view.getGlobalVisibleRect() covers at least <75> percent of the view's area)}' assertion on view (view.getTag() is "shopping-list-add-button" and view has effective visibility <VISIBLE>)
11-23 21:25:10.007 24620 24620 I ViewInteraction: Checking 'MatchesViewAssertion(Detox){viewMatcher=(view has effective visibility <VISIBLE> and view.getGlobalVisibleRect() covers at least <75> percent of the view's area)}' assertion on view (view.getTag() is "shopping-list-add-button" and view has effective visibility <VISIBLE>)
11-23 21:25:10.057 24620 24620 I ViewInteraction: Checking 'MatchesViewAssertion(Detox){viewMatcher=(view has effective visibility <VISIBLE> and view.getGlobalVisibleRect() covers at least <75> percent of the view's area)}' assertion on view (view.getTag() is "shopping-list-add-button" and view has effective visibility <VISIBLE>)
11-23 21:25:10.107 24620 24620 I ViewInteraction: Checking 'MatchesViewAssertion(Detox){viewMatcher=(view has effective visibility <VISIBLE> and view.getGlobalVisibleRect() covers at least <75> percent of the view's area)}' assertion on view (view.getTag() is "shopping-list-add-button" and view has effective visibility <VISIBLE>)
11-23 21:25:10.157 24620 24620 I ViewInteraction: Checking 'MatchesViewAssertion(Detox){viewMatcher=(view has effective visibility <VISIBLE> and view.getGlobalVisibleRect() covers at least <75> percent of the view's area)}' assertion on view (view.getTag() is "shopping-list-add-button" and view has effective visibility <VISIBLE>)
11-23 21:25:10.206 24620 24620 I ViewInteraction: Checking 'MatchesViewAssertion(Detox){viewMatcher=(view has effective visibility <VISIBLE> and view.getGlobalVisibleRect() covers at least <75> percent of the view's area)}' assertion on view (view.getTag() is "shopping-list-add-button" and view has effective visibility <VISIBLE>)
11-23 21:25:10.256 24620 24620 I ViewInteraction: Checking 'MatchesViewAssertion(Detox){viewMatcher=(view has effective visibility <VISIBLE> and view.getGlobalVisibleRect() covers at least <75> percent of the view's area)}' assertion on view (view.getTag() is "shopping-list-add-button" and view has effective visibility <VISIBLE>)
11-23 21:25:10.308 24620 24620 I ViewInteraction: Checking 'MatchesViewAssertion(Detox){viewMatcher=(view has effective visibility <VISIBLE> and view.getGlobalVisibleRect() covers at least <75> percent of the view's area)}' assertion on view (view.getTag() is "shopping-list-add-button" and view has effective visibility <VISIBLE>)
11-23 21:25:10.358 24620 24620 I ViewInteraction: Checking 'MatchesViewAssertion(Detox){viewMatcher=(view has effective visibility <VISIBLE> and view.getGlobalVisibleRect() covers at least <75> percent of the view's area)}' assertion on view (view.getTag() is "shopping-list-add-button" and view has effective visibility <VISIBLE>)
11-23 21:25:10.407 24620 24620 I ViewInteraction: Checking 'MatchesViewAssertion(Detox){viewMatcher=(view has effective visibility <VISIBLE> and view.getGlobalVisibleRect() covers at least <75> percent of the view's area)}' assertion on view (view.getTag() is "shopping-list-add-button" and view has effective visibility <VISIBLE>)
11-23 21:25:10.460 24620 24620 I ViewInteraction: Checking 'MatchesViewAssertion(Detox){viewMatcher=(view has effective visibility <VISIBLE> and view.getGlobalVisibleRect() covers at least <75> percent of the view's area)}' assertion on view (view.getTag() is "shopping-list-add-button" and view has effective visibility <VISIBLE>)
11-23 21:25:10.512 24620 24620 I ViewInteraction: Checking 'MatchesViewAssertion(Detox){viewMatcher=(view has effective visibility <VISIBLE> and view.getGlobalVisibleRect() covers at least <75> percent of the view's area)}' assertion on view (view.getTag() is "shopping-list-add-button" and view has effective visibility <VISIBLE>)
11-23 21:25:10.565 24620 24620 I ViewInteraction: Checking 'MatchesViewAssertion(Detox){viewMatcher=(view has effective visibility <VISIBLE> and view.getGlobalVisibleRect() covers at least <75> percent of the view's area)}' assertion on view (view.getTag() is "shopping-list-add-button" and view has effective visibility <VISIBLE>)
11-23 21:25:10.620 24620 24620 I ViewInteraction: Checking 'MatchesViewAssertion(Detox){viewMatcher=(view has effective visibility <VISIBLE> and view.getGlobalVisibleRect() covers at least <75> percent of the view's area)}' assertion on view (view.getTag() is "shopping-list-add-button" and view has effective visibility <VISIBLE>)
11-23 21:25:10.670 24620 24620 I ViewInteraction: Checking 'MatchesViewAssertion(Detox){viewMatcher=(view has effective visibility <VISIBLE> and view.getGlobalVisibleRect() covers at least <75> percent of the view's area)}' assertion on view (view.getTag() is "shopping-list-add-button" and view has effective visibility <VISIBLE>)
11-23 21:25:10.719 24620 24620 I ViewInteraction: Checking 'MatchesViewAssertion(Detox){viewMatcher=(view has effective visibility <VISIBLE> and view.getGlobalVisibleRect() covers at least <75> percent of the view's area)}' assertion on view (view.getTag() is "shopping-list-add-button" and view has effective visibility <VISIBLE>)
11-23 21:25:10.770 24620 24620 I ViewInteraction: Checking 'MatchesViewAssertion(Detox){viewMatcher=(view has effective visibility <VISIBLE> and view.getGlobalVisibleRect() covers at least <75> percent of the view's area)}' assertion on view (view.getTag() is "shopping-list-add-button" and view has effective visibility <VISIBLE>)
11-23 21:25:10.816 24620 24620 I ViewInteraction: Checking 'MatchesViewAssertion(Detox){viewMatcher=(view has effective visibility <VISIBLE> and view.getGlobalVisibleRect() covers at least <75> percent of the view's area)}' assertion on view (view.getTag() is "shopping-list-add-button" and view has effective visibility <VISIBLE>)
11-23 21:25:10.868 24620 24620 I ViewInteraction: Checking 'MatchesViewAssertion(Detox){viewMatcher=(view has effective visibility <VISIBLE> and view.getGlobalVisibleRect() covers at least <75> percent of the view's area)}' assertion on view (view.getTag() is "shopping-list-add-button" and view has effective visibility <VISIBLE>)
11-23 21:25:10.918 24620 24620 I ViewInteraction: Checking 'MatchesViewAssertion(Detox){viewMatcher=(view has effective visibility <VISIBLE> and view.getGlobalVisibleRect() covers at least <75> percent of the view's area)}' assertion on view (view.getTag() is "shopping-list-add-button" and view has effective visibility <VISIBLE>)
11-23 21:25:10.967 24620 24620 I ViewInteraction: Checking 'MatchesViewAssertion(Detox){viewMatcher=(view has effective visibility <VISIBLE> and view.getGlobalVisibleRect() covers at least <75> percent of the view's area)}' assertion on view (view.getTag() is "shopping-list-add-button" and view has effective visibility <VISIBLE>)
11-23 21:25:11.019 24620 24620 I ViewInteraction: Checking 'MatchesViewAssertion(Detox){viewMatcher=(view has effective visibility <VISIBLE> and view.getGlobalVisibleRect() covers at least <75> percent of the view's area)}' assertion on view (view.getTag() is "shopping-list-add-button" and view has effective visibility <VISIBLE>)
11-23 21:25:11.070 24620 24620 I ViewInteraction: Checking 'MatchesViewAssertion(Detox){viewMatcher=(view has effective visibility <VISIBLE> and view.getGlobalVisibleRect() covers at least <75> percent of the view's area)}' assertion on view (view.getTag() is "shopping-list-add-button" and view has effective visibility <VISIBLE>)
11-23 21:25:11.091 24620 25353 I ReactNativeJS: 💾 Cache: Persisted cache (16 KB)
11-23 21:25:11.119 24620 24620 I ViewInteraction: Checking 'MatchesViewAssertion(Detox){viewMatcher=(view has effective visibility <VISIBLE> and view.getGlobalVisibleRect() covers at least <75> percent of the view's area)}' assertion on view (view.getTag() is "shopping-list-add-button" and view has effective visibility <VISIBLE>)
11-23 21:25:11.170 24620 24620 I ViewInteraction: Checking 'MatchesViewAssertion(Detox){viewMatcher=(view has effective visibility <VISIBLE> and view.getGlobalVisibleRect() covers at least <75> percent of the view's area)}' assertion on view (view.getTag() is "shopping-list-add-button" and view has effective visibility <VISIBLE>)
11-23 21:25:11.220 24620 24620 I ViewInteraction: Checking 'MatchesViewAssertion(Detox){viewMatcher=(view has effective visibility <VISIBLE> and view.getGlobalVisibleRect() covers at least <75> percent of the view's area)}' assertion on view (view.getTag() is "shopping-list-add-button" and view has effective visibility <VISIBLE>)
11-23 21:25:11.266 24620 24620 I ViewInteraction: Checking 'MatchesViewAssertion(Detox){viewMatcher=(view has effective visibility <VISIBLE> and view.getGlobalVisibleRect() covers at least <75> percent of the view's area)}' assertion on view (view.getTag() is "shopping-list-add-button" and view has effective visibility <VISIBLE>)
11-23 21:25:11.316 24620 24620 I ViewInteraction: Checking 'MatchesViewAssertion(Detox){viewMatcher=(view has effective visibility <VISIBLE> and view.getGlobalVisibleRect() covers at least <75> percent of the view's area)}' assertion on view (view.getTag() is "shopping-list-add-button" and view has effective visibility <VISIBLE>)
11-23 21:25:11.366 24620 24620 I ViewInteraction: Checking 'MatchesViewAssertion(Detox){viewMatcher=(view has effective visibility <VISIBLE> and view.getGlobalVisibleRect() covers at least <75> percent of the view's area)}' assertion on view (view.getTag() is "shopping-list-add-button" and view has effective visibility <VISIBLE>)
11-23 21:25:11.415 24620 24620 I ViewInteraction: Checking 'MatchesViewAssertion(Detox){viewMatcher=(view has effective visibility <VISIBLE> and view.getGlobalVisibleRect() covers at least <75> percent of the view's area)}' assertion on view (view.getTag() is "shopping-list-add-button" and view has effective visibility <VISIBLE>)
11-23 21:25:11.463 24620 24620 I ViewInteraction: Checking 'MatchesViewAssertion(Detox){viewMatcher=(view has effective visibility <VISIBLE> and view.getGlobalVisibleRect() covers at least <75> percent of the view's area)}' assertion on view (view.getTag() is "shopping-list-add-button" and view has effective visibility <VISIBLE>)
11-23 21:25:11.517 24620 24620 I ViewInteraction: Checking 'MatchesViewAssertion(Detox){viewMatcher=(view has effective visibility <VISIBLE> and view.getGlobalVisibleRect() covers at least <75> percent of the view's area)}' assertion on view (view.getTag() is "shopping-list-add-button" and view has effective visibility <VISIBLE>)
11-23 21:25:11.569 24620 24620 I ViewInteraction: Checking 'MatchesViewAssertion(Detox){viewMatcher=(view has effective visibility <VISIBLE> and view.getGlobalVisibleRect() covers at least <75> percent of the view's area)}' assertion on view (view.getTag() is "shopping-list-add-button" and view has effective visibility <VISIBLE>)
11-23 21:25:11.615 24620 24631 I ev.souschef.app: Background concurrent mark compact GC freed 24MB AllocSpace bytes, 152(10MB) LOS objects, 66% free, 16MB/50MB, paused 808us,4.368ms total 104.927ms
11-23 21:25:11.624 24620 24620 I ViewInteraction: Checking 'MatchesViewAssertion(Detox){viewMatcher=(view has effective visibility <VISIBLE> and view.getGlobalVisibleRect() covers at least <75> percent of the view's area)}' assertion on view (view.getTag() is "shopping-list-add-button" and view has effective visibility <VISIBLE>)
11-23 21:25:11.669 24620 24620 I ViewInteraction: Checking 'MatchesViewAssertion(Detox){viewMatcher=(view has effective visibility <VISIBLE> and view.getGlobalVisibleRect() covers at least <75> percent of the view's area)}' assertion on view (view.getTag() is "shopping-list-add-button" and view has effective visibility <VISIBLE>)
11-23 21:25:11.719 24620 24620 I ViewInteraction: Checking 'MatchesViewAssertion(Detox){viewMatcher=(view has effective visibility <VISIBLE> and view.getGlobalVisibleRect() covers at least <75> percent of the view's area)}' assertion on view (view.getTag() is "shopping-list-add-button" and view has effective visibility <VISIBLE>)
11-23 21:25:11.770 24620 24620 I ViewInteraction: Checking 'MatchesViewAssertion(Detox){viewMatcher=(view has effective visibility <VISIBLE> and view.getGlobalVisibleRect() covers at least <75> percent of the view's area)}' assertion on view (view.getTag() is "shopping-list-add-button" and view has effective visibility <VISIBLE>)
11-23 21:25:11.820 24620 24620 I ViewInteraction: Checking 'MatchesViewAssertion(Detox){viewMatcher=(view has effective visibility <VISIBLE> and view.getGlobalVisibleRect() covers at least <75> percent of the view's area)}' assertion on view (view.getTag() is "shopping-list-add-button" and view has effective visibility <VISIBLE>)
11-23 21:25:11.869 24620 24620 I ViewInteraction: Checking 'MatchesViewAssertion(Detox){viewMatcher=(view has effective visibility <VISIBLE> and view.getGlobalVisibleRect() covers at least <75> percent of the view's area)}' assertion on view (view.getTag() is "shopping-list-add-button" and view has effective visibility <VISIBLE>)
11-23 21:25:11.917 24620 24620 I ViewInteraction: Checking 'MatchesViewAssertion(Detox){viewMatcher=(view has effective visibility <VISIBLE> and view.getGlobalVisibleRect() covers at least <75> percent of the view's area)}' assertion on view (view.getTag() is "shopping-list-add-button" and view has effective visibility <VISIBLE>)
11-23 21:25:11.967 24620 24620 I ViewInteraction: Checking 'MatchesViewAssertion(Detox){viewMatcher=(view has effective visibility <VISIBLE> and view.getGlobalVisibleRect() covers at least <75> percent of the view's area)}' assertion on view (view.getTag() is "shopping-list-add-button" and view has effective visibility <VISIBLE>)
11-23 21:25:12.017 24620 24620 I ViewInteraction: Checking 'MatchesViewAssertion(Detox){viewMatcher=(view has effective visibility <VISIBLE> and view.getGlobalVisibleRect() covers at least <75> percent of the view's area)}' assertion on view (view.getTag() is "shopping-list-add-button" and view has effective visibility <VISIBLE>)
11-23 21:25:12.068 24620 24620 I ViewInteraction: Checking 'MatchesViewAssertion(Detox){viewMatcher=(view has effective visibility <VISIBLE> and view.getGlobalVisibleRect() covers at least <75> percent of the view's area)}' assertion on view (view.getTag() is "shopping-list-add-button" and view has effective visibility <VISIBLE>)
11-23 21:25:12.118 24620 24620 I ViewInteraction: Checking 'MatchesViewAssertion(Detox){viewMatcher=(view has effective visibility <VISIBLE> and view.getGlobalVisibleRect() covers at least <75> percent of the view's area)}' assertion on view (view.getTag() is "shopping-list-add-button" and view has effective visibility <VISIBLE>)
11-23 21:25:12.170 24620 24620 I ViewInteraction: Checking 'MatchesViewAssertion(Detox){viewMatcher=(view has effective visibility <VISIBLE> and view.getGlobalVisibleRect() covers at least <75> percent of the view's area)}' assertion on view (view.getTag() is "shopping-list-add-button" and view has effective visibility <VISIBLE>)
11-23 21:25:12.220 24620 24620 I ViewInteraction: Checking 'MatchesViewAssertion(Detox){viewMatcher=(view has effective visibility <VISIBLE> and view.getGlobalVisibleRect() covers at least <75> percent of the view's area)}' assertion on view (view.getTag() is "shopping-list-add-button" and view has effective visibility <VISIBLE>)
11-23 21:25:12.270 24620 24620 I ViewInteraction: Checking 'MatchesViewAssertion(Detox){viewMatcher=(view has effective visibility <VISIBLE> and view.getGlobalVisibleRect() covers at least <75> percent of the view's area)}' assertion on view (view.getTag() is "shopping-list-add-button" and view has effective visibility <VISIBLE>)
11-23 21:25:12.319 24620 24620 I ViewInteraction: Checking 'MatchesViewAssertion(Detox){viewMatcher=(view has effective visibility <VISIBLE> and view.getGlobalVisibleRect() covers at least <75> percent of the view's area)}' assertion on view (view.getTag() is "shopping-list-add-button" and view has effective visibility <VISIBLE>)
11-23 21:25:12.372 24620 24620 I ViewInteraction: Checking 'MatchesViewAssertion(Detox){viewMatcher=(view has effective visibility <VISIBLE> and view.getGlobalVisibleRect() covers at least <75> percent of the view's area)}' assertion on view (view.getTag() is "shopping-list-add-button" and view has effective visibility <VISIBLE>)
11-23 21:25:12.422 24620 24620 I ViewInteraction: Checking 'MatchesViewAssertion(Detox){viewMatcher=(view has effective visibility <VISIBLE> and view.getGlobalVisibleRect() covers at least <75> percent of the view's area)}' assertion on view (view.getTag() is "shopping-list-add-button" and view has effective visibility <VISIBLE>)
11-23 21:25:12.470 24620 24620 I ViewInteraction: Checking 'MatchesViewAssertion(Detox){viewMatcher=(view has effective visibility <VISIBLE> and view.getGlobalVisibleRect() covers at least <75> percent of the view's area)}' assertion on view (view.getTag() is "shopping-list-add-button" and view has effective visibility <VISIBLE>)
11-23 21:25:12.524 24620 24620 I ViewInteraction: Checking 'MatchesViewAssertion(Detox){viewMatcher=(view has effective visibility <VISIBLE> and view.getGlobalVisibleRect() covers at least <75> percent of the view's area)}' assertion on view (view.getTag() is "shopping-list-add-button" and view has effective visibility <VISIBLE>)
11-23 21:25:12.578 24620 24620 I ViewInteraction: Checking 'MatchesViewAssertion(Detox){viewMatcher=(view has effective visibility <VISIBLE> and view.getGlobalVisibleRect() covers at least <75> percent of the view's area)}' assertion on view (view.getTag() is "shopping-list-add-button" and view has effective visibility <VISIBLE>)
11-23 21:25:12.628 24620 24620 I ViewInteraction: Checking 'MatchesViewAssertion(Detox){viewMatcher=(view has effective visibility <VISIBLE> and view.getGlobalVisibleRect() covers at least <75> percent of the view's area)}' assertion on view (view.getTag() is "shopping-list-add-button" and view has effective visibility <VISIBLE>)
11-23 21:25:12.677 24620 24620 I ViewInteraction: Checking 'MatchesViewAssertion(Detox){viewMatcher=(view has effective visibility <VISIBLE> and view.getGlobalVisibleRect() covers at least <75> percent of the view's area)}' assertion on view (view.getTag() is "shopping-list-add-button" and view has effective visibility <VISIBLE>)
11-23 21:25:12.726 24620 24620 I ViewInteraction: Checking 'MatchesViewAssertion(Detox){viewMatcher=(view has effective visibility <VISIBLE> and view.getGlobalVisibleRect() covers at least <75> percent of the view's area)}' assertion on view (view.getTag() is "shopping-list-add-button" and view has effective visibility <VISIBLE>)
11-23 21:25:12.779 24620 24620 I ViewInteraction: Checking 'MatchesViewAssertion(Detox){viewMatcher=(view has effective visibility <VISIBLE> and view.getGlobalVisibleRect() covers at least <75> percent of the view's area)}' assertion on view (view.getTag() is "shopping-list-add-button" and view has effective visibility <VISIBLE>)
11-23 21:25:12.828 24620 24620 I ViewInteraction: Checking 'MatchesViewAssertion(Detox){viewMatcher=(view has effective visibility <VISIBLE> and view.getGlobalVisibleRect() covers at least <75> percent of the view's area)}' assertion on view (view.getTag() is "shopping-list-add-button" and view has effective visibility <VISIBLE>)
11-23 21:25:12.878 24620 24620 I ViewInteraction: Checking 'MatchesViewAssertion(Detox){viewMatcher=(view has effective visibility <VISIBLE> and view.getGlobalVisibleRect() covers at least <75> percent of the view's area)}' assertion on view (view.getTag() is "shopping-list-add-button" and view has effective visibility <VISIBLE>)
11-23 21:25:12.928 24620 24620 I ViewInteraction: Checking 'MatchesViewAssertion(Detox){viewMatcher=(view has effective visibility <VISIBLE> and view.getGlobalVisibleRect() covers at least <75> percent of the view's area)}' assertion on view (view.getTag() is "shopping-list-add-button" and view has effective visibility <VISIBLE>)
11-23 21:25:12.979 24620 24620 I ViewInteraction: Checking 'MatchesViewAssertion(Detox){viewMatcher=(view has effective visibility <VISIBLE> and view.getGlobalVisibleRect() covers at least <75> percent of the view's area)}' assertion on view (view.getTag() is "shopping-list-add-button" and view has effective visibility <VISIBLE>)
11-23 21:25:13.030 24620 24620 I ViewInteraction: Checking 'MatchesViewAssertion(Detox){viewMatcher=(view has effective visibility <VISIBLE> and view.getGlobalVisibleRect() covers at least <75> percent of the view's area)}' assertion on view (view.getTag() is "shopping-list-add-button" and view has effective visibility <VISIBLE>)
11-23 21:25:13.079 24620 24620 I ViewInteraction: Checking 'MatchesViewAssertion(Detox){viewMatcher=(view has effective visibility <VISIBLE> and view.getGlobalVisibleRect() covers at least <75> percent of the view's area)}' assertion on view (view.getTag() is "shopping-list-add-button" and view has effective visibility <VISIBLE>)
11-23 21:25:13.131 24620 24620 I ViewInteraction: Checking 'MatchesViewAssertion(Detox){viewMatcher=(view has effective visibility <VISIBLE> and view.getGlobalVisibleRect() covers at least <75> percent of the view's area)}' assertion on view (view.getTag() is "shopping-list-add-button" and view has effective visibility <VISIBLE>)
11-23 21:25:13.179 24620 24620 I ViewInteraction: Checking 'MatchesViewAssertion(Detox){viewMatcher=(view has effective visibility <VISIBLE> and view.getGlobalVisibleRect() covers at least <75> percent of the view's area)}' assertion on view (view.getTag() is "shopping-list-add-button" and view has effective visibility <VISIBLE>)
11-23 21:25:13.229 24620 24620 I ViewInteraction: Checking 'MatchesViewAssertion(Detox){viewMatcher=(view has effective visibility <VISIBLE> and view.getGlobalVisibleRect() covers at least <75> percent of the view's area)}' assertion on view (view.getTag() is "shopping-list-add-button" and view has effective visibility <VISIBLE>)
11-23 21:25:13.279 24620 24620 I ViewInteraction: Checking 'MatchesViewAssertion(Detox){viewMatcher=(view has effective visibility <VISIBLE> and view.getGlobalVisibleRect() covers at least <75> percent of the view's area)}' assertion on view (view.getTag() is "shopping-list-add-button" and view has effective visibility <VISIBLE>)
11-23 21:25:13.329 24620 24620 I ViewInteraction: Checking 'MatchesViewAssertion(Detox){viewMatcher=(view has effective visibility <VISIBLE> and view.getGlobalVisibleRect() covers at least <75> percent of the view's area)}' assertion on view (view.getTag() is "shopping-list-add-button" and view has effective visibility <VISIBLE>)
11-23 21:25:13.381 24620 24620 I ViewInteraction: Checking 'MatchesViewAssertion(Detox){viewMatcher=(view has effective visibility <VISIBLE> and view.getGlobalVisibleRect() covers at least <75> percent of the view's area)}' assertion on view (view.getTag() is "shopping-list-add-button" and view has effective visibility <VISIBLE>)
11-23 21:25:13.430 24620 24620 I ViewInteraction: Checking 'MatchesViewAssertion(Detox){viewMatcher=(view has effective visibility <VISIBLE> and view.getGlobalVisibleRect() covers at least <75> percent of the view's area)}' assertion on view (view.getTag() is "shopping-list-add-button" and view has effective visibility <VISIBLE>)
11-23 21:25:13.479 24620 24620 I ViewInteraction: Checking 'MatchesViewAssertion(Detox){viewMatcher=(view has effective visibility <VISIBLE> and view.getGlobalVisibleRect() covers at least <75> percent of the view's area)}' assertion on view (view.getTag() is "shopping-list-add-button" and view has effective visibility <VISIBLE>)
11-23 21:25:13.530 24620 24620 I ViewInteraction: Checking 'MatchesViewAssertion(Detox){viewMatcher=(view has effective visibility <VISIBLE> and view.getGlobalVisibleRect() covers at least <75> percent of the view's area)}' assertion on view (view.getTag() is "shopping-list-add-button" and view has effective visibility <VISIBLE>)
11-23 21:25:13.583 24620 24631 I ev.souschef.app: Background concurrent mark compact GC freed 24MB AllocSpace bytes, 162(11MB) LOS objects, 66% free, 16MB/49MB, paused 864us,4.018ms total 104.210ms
11-23 21:25:13.589 24620 24620 I ViewInteraction: Checking 'MatchesViewAssertion(Detox){viewMatcher=(view has effective visibility <VISIBLE> and view.getGlobalVisibleRect() covers at least <75> percent of the view's area)}' assertion on view (view.getTag() is "shopping-list-add-button" and view has effective visibility <VISIBLE>)
11-23 21:25:13.639 24620 24620 I ViewInteraction: Checking 'MatchesViewAssertion(Detox){viewMatcher=(view has effective visibility <VISIBLE> and view.getGlobalVisibleRect() covers at least <75> percent of the view's area)}' assertion on view (view.getTag() is "shopping-list-add-button" and view has effective visibility <VISIBLE>)
11-23 21:25:13.692 24620 24620 I ViewInteraction: Checking 'MatchesViewAssertion(Detox){viewMatcher=(view has effective visibility <VISIBLE> and view.getGlobalVisibleRect() covers at least <75> percent of the view's area)}' assertion on view (view.getTag() is "shopping-list-add-button" and view has effective visibility <VISIBLE>)
11-23 21:25:13.743 24620 24620 I ViewInteraction: Checking 'MatchesViewAssertion(Detox){viewMatcher=(view has effective visibility <VISIBLE> and view.getGlobalVisibleRect() covers at least <75> percent of the view's area)}' assertion on view (view.getTag() is "shopping-list-add-button" and view has effective visibility <VISIBLE>)
11-23 21:25:13.796 24620 24620 I ViewInteraction: Checking 'MatchesViewAssertion(Detox){viewMatcher=(view has effective visibility <VISIBLE> and view.getGlobalVisibleRect() covers at least <75> percent of the view's area)}' assertion on view (view.getTag() is "shopping-list-add-button" and view has effective visibility <VISIBLE>)
11-23 21:25:13.844 24620 24620 I ViewInteraction: Checking 'MatchesViewAssertion(Detox){viewMatcher=(view has effective visibility <VISIBLE> and view.getGlobalVisibleRect() covers at least <75> percent of the view's area)}' assertion on view (view.getTag() is "shopping-list-add-button" and view has effective visibility <VISIBLE>)
11-23 21:25:13.893 24620 24620 I ViewInteraction: Checking 'MatchesViewAssertion(Detox){viewMatcher=(view has effective visibility <VISIBLE> and view.getGlobalVisibleRect() covers at least <75> percent of the view's area)}' assertion on view (view.getTag() is "shopping-list-add-button" and view has effective visibility <VISIBLE>)
11-23 21:25:13.942 24620 24620 I ViewInteraction: Checking 'MatchesViewAssertion(Detox){viewMatcher=(view has effective visibility <VISIBLE> and view.getGlobalVisibleRect() covers at least <75> percent of the view's area)}' assertion on view (view.getTag() is "shopping-list-add-button" and view has effective visibility <VISIBLE>)
11-23 21:25:13.990 24620 24620 I ViewInteraction: Checking 'MatchesViewAssertion(Detox){viewMatcher=(view has effective visibility <VISIBLE> and view.getGlobalVisibleRect() covers at least <75> percent of the view's area)}' assertion on view (view.getTag() is "shopping-list-add-button" and view has effective visibility <VISIBLE>)
11-23 21:25:14.039 24620 24620 I ViewInteraction: Checking 'MatchesViewAssertion(Detox){viewMatcher=(view has effective visibility <VISIBLE> and view.getGlobalVisibleRect() covers at least <75> percent of the view's area)}' assertion on view (view.getTag() is "shopping-list-add-button" and view has effective visibility <VISIBLE>)
11-23 21:25:14.087 24620 24620 I ViewInteraction: Checking 'MatchesViewAssertion(Detox){viewMatcher=(view has effective visibility <VISIBLE> and view.getGlobalVisibleRect() covers at least <75> percent of the view's area)}' assertion on view (view.getTag() is "shopping-list-add-button" and view has effective visibility <VISIBLE>)
11-23 21:25:14.112 24620 24659 I DetoxActionHandlers: Test exception
11-23 21:25:14.112 24620 24659 I DetoxActionHandlers: java.lang.reflect.InvocationTargetException
11-23 21:25:14.112 24620 24659 I DetoxActionHandlers: 	at java.lang.reflect.Method.invoke(Native Method)
11-23 21:25:14.112 24620 24659 I DetoxActionHandlers: 	at org.apache.commons.lang3.reflect.MethodUtils.invokeStaticMethod(MethodUtils.java:443)
11-23 21:25:14.112 24620 24659 I DetoxActionHandlers: 	at org.apache.commons.lang3.reflect.MethodUtils.invokeStaticMethod(MethodUtils.java:405)
11-23 21:25:14.112 24620 24659 I DetoxActionHandlers: 	at com.wix.invoke.types.ClassTarget.execute(ClassTarget.java:23)
11-23 21:25:14.112 24620 24659 I DetoxActionHandlers: 	at com.wix.invoke.types.Target.invoke(Target.java:59)
11-23 21:25:14.112 24620 24659 I DetoxActionHandlers: 	at com.wix.invoke.MethodInvocation.invoke(MethodInvocation.java:35)
11-23 21:25:14.112 24620 24659 I DetoxActionHandlers: 	at com.wix.invoke.MethodInvocation.invoke(MethodInvocation.java:26)
11-23 21:25:14.112 24620 24659 I DetoxActionHandlers: 	at com.wix.invoke.MethodInvocation.invoke(MethodInvocation.java:20)
11-23 21:25:14.112 24620 24659 I DetoxActionHandlers: 	at com.wix.detox.adapters.server.InvokeActionHandler.handle(DetoxActionHandlers.kt:54)
11-23 21:25:14.112 24620 24659 I DetoxActionHandlers: 	at com.wix.detox.adapters.server.ActionsExecutor.executeAction$lambda$2$lambda$1(DetoxActionsDispatcher.kt:76)
11-23 21:25:14.112 24620 24659 I DetoxActionHandlers: 	at com.wix.detox.adapters.server.ActionsExecutor.$r8$lambda$GVbB7LHtBHxNHGbgYnHJ6YrwCqs(Unknown Source:0)
11-23 21:25:14.112 24620 24659 I DetoxActionHandlers: 	at com.wix.detox.adapters.server.ActionsExecutor$$ExternalSyntheticLambda0.run(D8$$SyntheticClass:0)
11-23 21:25:14.112 24620 24659 I DetoxActionHandlers: 	at android.os.Handler.handleCallback(Handler.java:995)
11-23 21:25:14.112 24620 24659 I DetoxActionHandlers: 	at android.os.Handler.dispatchMessage(Handler.java:103)
11-23 21:25:14.112 24620 24659 I DetoxActionHandlers: 	at android.os.Looper.loopOnce(Looper.java:273)
11-23 21:25:14.112 24620 24659 I DetoxActionHandlers: 	at android.os.Looper.loop(Looper.java:363)
11-23 21:25:14.112 24620 24659 I DetoxActionHandlers: 	at com.wix.detox.adapters.server.ActionsExecutor._init_$lambda$0(DetoxActionsDispatcher.kt:62)
11-23 21:25:14.112 24620 24659 I DetoxActionHandlers: 	at com.wix.detox.adapters.server.ActionsExecutor.$r8$lambda$xlgL0CQim6vNM0wWEqM8JIDgZUE(Unknown Source:0)
11-23 21:25:14.112 24620 24659 I DetoxActionHandlers: 	at 